{"type":"FeatureCollection","name":"Bengaluru_Master — BBMP_Lakes_Map","crs":{"type":"name","properties":{"name":"urn:ogc:def:crs:OGC:1.3:CRS84"}},"features":[{"type":"Feature","properties":{"fid":1,"OBJECTID":1,"Name":"Placemark","FolderPath":"Document/lakes","SymbolID":0,"AltMode":-1,"Base":0,"Snippet":"⎌","PopupInfo":"큀","HasLabel":-1,"LabelID":0,"ward_source_id":"ward_369_final.267","ward_source_Name":null,"ward_description":null,"ward_timestamp":null,"ward_begin":null,"ward_end":null,"ward_altitudeMode":null,"ward_tessellate":-1,"ward_extrude":0,"ward_visibility":-1,"ward_drawOrder":null,"ward_icon":null,"ward_Corporation":"Central","ward_corporation_kn":"ಕೇಂದ್ರ","ward_corporation_id":"1","ward_ac":"Shivajinagar","ward_ac_kn":"ಶಿವಾಜಿನಗರ","ward_ac_no":"162","ward_Assembly":"162 - Shivajinagar","ward_id":"7","ward_name":"7 - K Kamaraj Ward","ward_name_kn":"ಕೆ ಕಾಮರಾಜ್ ವಾರ್ಡ್","ward_TOT_P":"23193.0","ward_TOT_M":"11561.0","ward_TOT_F":"11632.0","ward_SC_P":"1345.0","ward_SC_M":"652.0","ward_SC_F":"693.0","ward_ST_P":"115.0","ward_ST_M":"60.0","ward_ST_F":"55.0","ward_low_range":"18853","ward_high_range":"28280","ward_RO_Code":"7","ward_RO_Division":"RO- Shivajinagar","ward_ARO_Code":"22","ward_ARO_ Sub Division":"ARO- Halasuru","ward_zone":"Zone2","ward_zone_name":"Gandhinagara","ward_join_status":"matched","ward_spatial_match_count":1},"geometry":{"type":"Point","coordinates":[77.61930560000008,12.982805600000063,0]},"id":1},{"type":"Feature","properties":{"fid":2,"OBJECTID":2,"Name":"Placemark","FolderPath":"Document/lakes","SymbolID":0,"AltMode":-1,"Base":0,"Snippet":"","PopupInfo":"","HasLabel":-1,"LabelID":0,"ward_source_id":"ward_369_final.303","ward_source_Name":null,"ward_description":null,"ward_timestamp":null,"ward_begin":null,"ward_end":null,"ward_altitudeMode":null,"ward_tessellate":-1,"ward_extrude":0,"ward_visibility":-1,"ward_drawOrder":null,"ward_icon":null,"ward_Corporation":"Central","ward_corporation_kn":"ಕೇಂದ್ರ","ward_corporation_id":"1","ward_ac":"C.V. Raman Nagar","ward_ac_kn":"ಸಿ.ವಿ. ರಾಮನ್ ನಗರ","ward_ac_no":"161","ward_Assembly":"161 - C.V. Raman Nagar","ward_id":"16","ward_name":"16 - New Thippasandra","ward_name_kn":"ನ್ಯೂ ತಿಪ್ಪಸಂದ್ರ","ward_TOT_P":"27969.0","ward_TOT_M":"14607.0","ward_TOT_F":"13361.0","ward_SC_P":"3183.0","ward_SC_M":"1633.0","ward_SC_F":"1550.0","ward_ST_P":"560.0","ward_ST_M":"293.0","ward_ST_F":"267.0","ward_low_range":"18853","ward_high_range":"28280","ward_RO_Code":"2","ward_RO_Division":"RO- Jeevan Bhimanagar","ward_ARO_Code":"3","ward_ARO_ Sub Division":"ARO- Jeevan Bhimanagar","ward_zone":"Zone1","ward_zone_name":"C.V. Raman Nagar","ward_join_status":"matched","ward_spatial_match_count":1},"geometry":{"type":"Point","coordinates":[77.66205560000003,12.978444400000058,0]},"id":2},{"type":"Feature","properties":{"fid":3,"OBJECTID":3,"Name":"Placemark","FolderPath":"Document/lakes","SymbolID":0,"AltMode":-1,"Base":0,"Snippet":"","PopupInfo":"","HasLabel":-1,"LabelID":0,"ward_source_id":"ward_369_final.68","ward_source_Name":null,"ward_description":null,"ward_timestamp":null,"ward_begin":null,"ward_end":null,"ward_altitudeMode":null,"ward_tessellate":-1,"ward_extrude":0,"ward_visibility":-1,"ward_drawOrder":null,"ward_icon":null,"ward_Corporation":"Central","ward_corporation_kn":"ಕೇಂದ್ರ","ward_corporation_id":"1","ward_ac":"C.V. Raman Nagar","ward_ac_kn":"ಸಿ.ವಿ. ರಾಮನ್ ನಗರ","ward_ac_no":"161","ward_Assembly":"161 - C.V. Raman Nagar","ward_id":"17","ward_name":"17 - Kaggadasapura","ward_name_kn":"ಕಗ್ಗದಾಸಪುರ","ward_TOT_P":"20794.0","ward_TOT_M":"10675.0","ward_TOT_F":"10119.0","ward_SC_P":"983.0","ward_SC_M":"492.0","ward_SC_F":"491.0","ward_ST_P":"324.0","ward_ST_M":"159.0","ward_ST_F":"165.0","ward_low_range":"18853","ward_high_range":"28280","ward_RO_Code":"2","ward_RO_Division":"RO- Jeevan Bhimanagar","ward_ARO_Code":"4","ward_ARO_ Sub Division":"ARO- Kaggadasapura","ward_zone":"Zone1","ward_zone_name":"C.V. Raman Nagar","ward_join_status":"matched","ward_spatial_match_count":1},"geometry":{"type":"Point","coordinates":[77.67047220000006,12.98150000000004,0]},"id":3},{"type":"Feature","properties":{"fid":4,"OBJECTID":4,"Name":"Placemark","FolderPath":"Document/lakes","SymbolID":0,"AltMode":-1,"Base":0,"Snippet":"","PopupInfo":"","HasLabel":-1,"LabelID":0,"ward_source_id":"ward_369_final.303","ward_source_Name":null,"ward_description":null,"ward_timestamp":null,"ward_begin":null,"ward_end":null,"ward_altitudeMode":null,"ward_tessellate":-1,"ward_extrude":0,"ward_visibility":-1,"ward_drawOrder":null,"ward_icon":null,"ward_Corporation":"Central","ward_corporation_kn":"ಕೇಂದ್ರ","ward_corporation_id":"1","ward_ac":"C.V. Raman Nagar","ward_ac_kn":"ಸಿ.ವಿ. ರಾಮನ್ ನಗರ","ward_ac_no":"161","ward_Assembly":"161 - C.V. Raman Nagar","ward_id":"16","ward_name":"16 - New Thippasandra","ward_name_kn":"ನ್ಯೂ ತಿಪ್ಪಸಂದ್ರ","ward_TOT_P":"27969.0","ward_TOT_M":"14607.0","ward_TOT_F":"13361.0","ward_SC_P":"3183.0","ward_SC_M":"1633.0","ward_SC_F":"1550.0","ward_ST_P":"560.0","ward_ST_M":"293.0","ward_ST_F":"267.0","ward_low_range":"18853","ward_high_range":"28280","ward_RO_Code":"2","ward_RO_Division":"RO- Jeevan Bhimanagar","ward_ARO_Code":"3","ward_ARO_ Sub Division":"ARO- Jeevan Bhimanagar","ward_zone":"Zone1","ward_zone_name":"C.V. Raman Nagar","ward_join_status":"matched","ward_spatial_match_count":1},"geometry":{"type":"Point","coordinates":[77.65538890000005,12.979250000000036,0]},"id":4},{"type":"Feature","properties":{"fid":5,"OBJECTID":5,"Name":"Placemark","FolderPath":"Document/lakes","SymbolID":0,"AltMode":-1,"Base":0,"Snippet":"","PopupInfo":"","HasLabel":-1,"LabelID":0,"ward_source_id":"ward_369_final.81","ward_source_Name":null,"ward_description":null,"ward_timestamp":null,"ward_begin":null,"ward_end":null,"ward_altitudeMode":null,"ward_tessellate":-1,"ward_extrude":0,"ward_visibility":-1,"ward_drawOrder":null,"ward_icon":null,"ward_Corporation":"Central","ward_corporation_kn":"ಕೇಂದ್ರ","ward_corporation_id":"1","ward_ac":"C.V. Raman Nagar","ward_ac_kn":"ಸಿ.ವಿ. ರಾಮನ್ ನಗರ","ward_ac_no":"161","ward_Assembly":"161 - C.V. Raman Nagar","ward_id":"12","ward_name":"12 - Kasturi Nagar","ward_name_kn":"ಕಸ್ತೂರಿ ನಗರ","ward_TOT_P":"19331.0","ward_TOT_M":"10078.0","ward_TOT_F":"9313.0","ward_SC_P":"2175.0","ward_SC_M":"1083.0","ward_SC_F":"1092.0","ward_ST_P":"273.0","ward_ST_M":"149.0","ward_ST_F":"124.0","ward_low_range":"18853","ward_high_range":"28280","ward_RO_Code":"1","ward_RO_Division":"RO- Indiranagar","ward_ARO_Code":"2","ward_ARO_ Sub Division":"ARO- Kasturi Nagar","ward_zone":"Zone1","ward_zone_name":"C.V. Raman Nagar","ward_join_status":"matched","ward_spatial_match_count":1},"geometry":{"type":"Point","coordinates":[77.66172220000004,13.006388900000047,0]},"id":5},{"type":"Feature","properties":{"fid":6,"OBJECTID":6,"Name":"Placemark","FolderPath":"Document/lakes","SymbolID":0,"AltMode":-1,"Base":0,"Snippet":"","PopupInfo":"","HasLabel":-1,"LabelID":0,"ward_source_id":"ward_369_final.133","ward_source_Name":null,"ward_description":null,"ward_timestamp":null,"ward_begin":null,"ward_end":null,"ward_altitudeMode":null,"ward_tessellate":-1,"ward_extrude":0,"ward_visibility":-1,"ward_drawOrder":null,"ward_icon":null,"ward_Corporation":"North","ward_corporation_kn":"ಉತ್ತರ","ward_corporation_id":"2","ward_ac":"Sarvagnanagar","ward_ac_kn":"ಸರ್ವಜ್ಞನಗರ","ward_ac_no":"160","ward_Assembly":"160 - Sarvagnanagar","ward_id":"32","ward_name":"32 - Banaswadi","ward_name_kn":"ಬಾಣಸವಾಡಿ","ward_TOT_P":"25077.0","ward_TOT_M":"12718.0","ward_TOT_F":"12360.0","ward_SC_P":"2870.0","ward_SC_M":"1457.0","ward_SC_F":"1414.0","ward_ST_P":"525.0","ward_ST_M":"276.0","ward_ST_F":"249.0","ward_low_range":"19943","ward_high_range":"29914","ward_RO_Code":"10","ward_RO_Division":"RO- Maruthi Sevanagar","ward_ARO_Code":"25","ward_ARO_ Sub Division":"ARO- Banaswadi","ward_zone":"Zone1","ward_zone_name":"Byatarayanapura","ward_join_status":"matched","ward_spatial_match_count":1},"geometry":{"type":"Point","coordinates":[77.65325000000007,13.012111100000027,0]},"id":6},{"type":"Feature","properties":{"fid":7,"OBJECTID":7,"Name":"Placemark","FolderPath":"Document/lakes","SymbolID":0,"AltMode":-1,"Base":0,"Snippet":"","PopupInfo":"","HasLabel":-1,"LabelID":0,"ward_source_id":"ward_369_final.324","ward_source_Name":null,"ward_description":null,"ward_timestamp":null,"ward_begin":null,"ward_end":null,"ward_altitudeMode":null,"ward_tessellate":-1,"ward_extrude":0,"ward_visibility":-1,"ward_drawOrder":null,"ward_icon":null,"ward_Corporation":"West","ward_corporation_kn":"ಪಶ್ಚಿಮ","ward_corporation_id":"5","ward_ac":"Govindraj Nagar","ward_ac_kn":"ಗೋವಿಂದರಾಜ ನಗರ","ward_ac_no":"166","ward_Assembly":"166 - Govindraj Nagar","ward_id":"74","ward_name":"74 - Pattegar Palya","ward_name_kn":"ಪಟ್ಟೆಗಾರ್ ಪಾಳ್ಯ","ward_TOT_P":"20465.0","ward_TOT_M":"10741.0","ward_TOT_F":"9723.0","ward_SC_P":"970.0","ward_SC_M":"497.0","ward_SC_F":"472.0","ward_ST_P":"531.0","ward_ST_M":"269.0","ward_ST_F":"261.0","ward_low_range":"18949","ward_high_range":"28424","ward_RO_Code":"4","ward_RO_Division":"RO- Govindraj Nagar","ward_ARO_Code":"13","ward_ARO_ Sub Division":"ARO- Kaveripura","ward_zone":"Zone2","ward_zone_name":"Malleshwaram","ward_join_status":"matched","ward_spatial_match_count":1},"geometry":{"type":"Point","coordinates":[77.52791670000005,12.978166700000031,0]},"id":7},{"type":"Feature","properties":{"fid":8,"OBJECTID":8,"Name":"Placemark","FolderPath":"Document/lakes","SymbolID":0,"AltMode":-1,"Base":0,"Snippet":"","PopupInfo":"","HasLabel":-1,"LabelID":0,"ward_source_id":"ward_369_final.221","ward_source_Name":null,"ward_description":null,"ward_timestamp":null,"ward_begin":null,"ward_end":null,"ward_altitudeMode":null,"ward_tessellate":-1,"ward_extrude":0,"ward_visibility":-1,"ward_drawOrder":null,"ward_icon":null,"ward_Corporation":"West","ward_corporation_kn":"ಪಶ್ಚಿಮ","ward_corporation_id":"5","ward_ac":"Govindraj Nagar","ward_ac_kn":"ಗೋವಿಂದರಾಜ ನಗರ","ward_ac_no":"166","ward_Assembly":"166 - Govindraj Nagar","ward_id":"81","ward_name":"81 - Nayanda Halli","ward_name_kn":"ನಾಯಂಡ ಹಳ್ಳಿ","ward_TOT_P":"25982.0","ward_TOT_M":"13376.0","ward_TOT_F":"12606.0","ward_SC_P":"4615.0","ward_SC_M":"2312.0","ward_SC_F":"2303.0","ward_ST_P":"471.0","ward_ST_M":"246.0","ward_ST_F":"225.0","ward_low_range":"18949","ward_high_range":"28424","ward_RO_Code":"3","ward_RO_Division":"RO- Chandra Layout","ward_ARO_Code":"9","ward_ARO_ Sub Division":"ARO- Chandra Layout","ward_zone":"Zone2","ward_zone_name":"Malleshwaram","ward_join_status":"matched","ward_spatial_match_count":1},"geometry":{"type":"Point","coordinates":[77.52108330000004,12.940138900000022,0]},"id":8},{"type":"Feature","properties":{"fid":9,"OBJECTID":9,"Name":"Placemark","FolderPath":"Document/lakes","SymbolID":0,"AltMode":-1,"Base":0,"Snippet":"","PopupInfo":"","HasLabel":-1,"LabelID":0,"ward_source_id":"ward_369_final.363","ward_source_Name":null,"ward_description":null,"ward_timestamp":null,"ward_begin":null,"ward_end":null,"ward_altitudeMode":null,"ward_tessellate":-1,"ward_extrude":0,"ward_visibility":-1,"ward_drawOrder":null,"ward_icon":null,"ward_Corporation":"West","ward_corporation_kn":"ಪಶ್ಚಿಮ","ward_corporation_id":"5","ward_ac":"Malleshwaram","ward_ac_kn":"ಮಲ್ಲೇಶ್ವರಂ","ward_ac_no":"157","ward_Assembly":"157 - Malleshwaram","ward_id":"50","ward_name":"50 - Sadashiva Nagara","ward_name_kn":"ಸದಾಶಿವ ನಗರ","ward_TOT_P":"19596.0","ward_TOT_M":"10143.0","ward_TOT_F":"9453.0","ward_SC_P":"1777.0","ward_SC_M":"925.0","ward_SC_F":"853.0","ward_ST_P":"483.0","ward_ST_M":"249.0","ward_ST_F":"234.0","ward_low_range":"18949","ward_high_range":"28424","ward_RO_Code":"6","ward_RO_Division":"RO- Malleshwaram","ward_ARO_Code":"20","ward_ARO_ Sub Division":"ARO- Mathikere","ward_zone":"Zone2","ward_zone_name":"Malleshwaram","ward_join_status":"matched","ward_spatial_match_count":1},"geometry":{"type":"Point","coordinates":[77.57391670000004,13.010500000000036,0]},"id":9},{"type":"Feature","properties":{"fid":10,"OBJECTID":10,"Name":"Placemark","FolderPath":"Document/lakes","SymbolID":0,"AltMode":-1,"Base":0,"Snippet":"","PopupInfo":"","HasLabel":-1,"LabelID":0,"ward_source_id":"ward_369_final.43","ward_source_Name":null,"ward_description":null,"ward_timestamp":null,"ward_begin":null,"ward_end":null,"ward_altitudeMode":null,"ward_tessellate":-1,"ward_extrude":0,"ward_visibility":-1,"ward_drawOrder":null,"ward_icon":null,"ward_Corporation":"South","ward_corporation_kn":"ದಕ್ಷಿಣ","ward_corporation_id":"4","ward_ac":"Padmanabanagar","ward_ac_kn":"ಪದ್ಮನಾಭನಗರ","ward_ac_no":"171","ward_Assembly":"171 - Padmanabanagar","ward_id":"6","ward_name":"6 - Gowdanapalya","ward_name_kn":"ಗೌಡನಪಾಳ್ಯ","ward_TOT_P":"24691.0","ward_TOT_M":"12907.0","ward_TOT_F":"11784.0","ward_SC_P":"1808.0","ward_SC_M":"955.0","ward_SC_F":"853.0","ward_ST_P":"145.0","ward_ST_M":"81.0","ward_ST_F":"64.0","ward_low_range":"18594","ward_high_range":"27891","ward_RO_Code":"11","ward_RO_Division":"RO- Padmanabhanagara","ward_ARO_Code":"28","ward_ARO_ Sub Division":"ARO- Banashankari","ward_zone":"Zone1","ward_zone_name":"Jayanagar","ward_join_status":"matched","ward_spatial_match_count":1},"geometry":{"type":"Point","coordinates":[77.55627780000003,12.907638900000052,0]},"id":10},{"type":"Feature","properties":{"fid":11,"OBJECTID":11,"Name":"Placemark","FolderPath":"Document/lakes","SymbolID":0,"AltMode":-1,"Base":0,"Snippet":"","PopupInfo":"","HasLabel":-1,"LabelID":0,"ward_source_id":"ward_369_final.330","ward_source_Name":null,"ward_description":null,"ward_timestamp":null,"ward_begin":null,"ward_end":null,"ward_altitudeMode":null,"ward_tessellate":-1,"ward_extrude":0,"ward_visibility":-1,"ward_drawOrder":null,"ward_icon":null,"ward_Corporation":"West","ward_corporation_kn":"ಪಶ್ಚಿಮ","ward_corporation_id":"5","ward_ac":"Padmanabanagar","ward_ac_kn":"ಪದ್ಮನಾಭನಗರ","ward_ac_no":"171","ward_Assembly":"171 - Padmanabanagar","ward_id":"105","ward_name":"105 - Yediyuru","ward_name_kn":"ಯಡಿಯೂರು","ward_TOT_P":"23023.0","ward_TOT_M":"11598.0","ward_TOT_F":"11425.0","ward_SC_P":"574.0","ward_SC_M":"297.0","ward_SC_F":"277.0","ward_ST_P":"411.0","ward_ST_M":"191.0","ward_ST_F":"220.0","ward_low_range":"18949","ward_high_range":"28424","ward_RO_Code":"7","ward_RO_Division":"RO- Yediyuru","ward_ARO_Code":"25","ward_ARO_ Sub Division":"ARO- Yediyuru","ward_zone":"Zone1","ward_zone_name":"Rajarajeshwarinagar","ward_join_status":"matched","ward_spatial_match_count":1},"geometry":{"type":"Point","coordinates":[77.57669440000006,12.93336110000007,0]},"id":11},{"type":"Feature","properties":{"fid":12,"OBJECTID":12,"Name":"Placemark","FolderPath":"Document/lakes","SymbolID":0,"AltMode":-1,"Base":0,"Snippet":"","PopupInfo":"","HasLabel":-1,"LabelID":0,"ward_source_id":"ward_369_final.346","ward_source_Name":null,"ward_description":null,"ward_timestamp":null,"ward_begin":null,"ward_end":null,"ward_altitudeMode":null,"ward_tessellate":-1,"ward_extrude":0,"ward_visibility":-1,"ward_drawOrder":null,"ward_icon":null,"ward_Corporation":"West","ward_corporation_kn":"ಪಶ್ಚಿಮ","ward_corporation_id":"5","ward_ac":"Vijayanagar","ward_ac_kn":"ವಿಜಯನಗರ","ward_ac_no":"167","ward_Assembly":"167 - Vijayanagar","ward_id":"94","ward_name":"94 - Deepanjali Nagara","ward_name_kn":"ದೀಪಾಂಜಲಿ ನಗರ","ward_TOT_P":"27561.0","ward_TOT_M":"14457.0","ward_TOT_F":"13104.0","ward_SC_P":"3449.0","ward_SC_M":"1812.0","ward_SC_F":"1637.0","ward_ST_P":"586.0","ward_ST_M":"316.0","ward_ST_F":"269.0","ward_low_range":"18949","ward_high_range":"28424","ward_RO_Code":"12","ward_RO_Division":"RO- Hampi Nagar","ward_ARO_Code":"37","ward_ARO_ Sub Division":"ARO- Hampi Nagar","ward_zone":"Zone2","ward_zone_name":"Malleshwaram","ward_join_status":"matched","ward_spatial_match_count":1},"geometry":{"type":"Point","coordinates":[77.53129170000005,12.949941700000068,0]},"id":12},{"type":"Feature","properties":{"fid":13,"OBJECTID":13,"Name":"Placemark","FolderPath":"Document/lakes","SymbolID":0,"AltMode":-1,"Base":0,"Snippet":"","PopupInfo":"","HasLabel":-1,"LabelID":0,"ward_source_id":"ward_369_final.332","ward_source_Name":null,"ward_description":null,"ward_timestamp":null,"ward_begin":null,"ward_end":null,"ward_altitudeMode":null,"ward_tessellate":-1,"ward_extrude":0,"ward_visibility":-1,"ward_drawOrder":null,"ward_icon":null,"ward_Corporation":"West","ward_corporation_kn":"ಪಶ್ಚಿಮ","ward_corporation_id":"5","ward_ac":"Basavanagudi","ward_ac_kn":"ಬಸವನಗುಡಿ","ward_ac_no":"170","ward_Assembly":"170 - Basavanagudi","ward_id":"101","ward_name":"101 - Kempambudhi Ward","ward_name_kn":"ಕೆಂಪಾಂಬುಧಿ ವಾರ್ಡ್","ward_TOT_P":"19310.0","ward_TOT_M":"9996.0","ward_TOT_F":"9314.0","ward_SC_P":"986.0","ward_SC_M":"509.0","ward_SC_F":"477.0","ward_ST_P":"401.0","ward_ST_M":"198.0","ward_ST_F":"203.0","ward_low_range":"18949","ward_high_range":"28424","ward_RO_Code":"1","ward_RO_Division":"RO- Basavanagudi","ward_ARO_Code":"3","ward_ARO_ Sub Division":"ARO- Srinagar","ward_zone":"Zone2","ward_zone_name":"Malleshwaram","ward_join_status":"matched","ward_spatial_match_count":1},"geometry":{"type":"Point","coordinates":[77.55988890000003,12.952305600000045,0]},"id":13},{"type":"Feature","properties":{"fid":14,"OBJECTID":14,"Name":"Placemark","FolderPath":"Document/lakes","SymbolID":0,"AltMode":-1,"Base":0,"Snippet":"","PopupInfo":"","HasLabel":-1,"LabelID":0,"ward_source_id":"ward_369_final.135","ward_source_Name":null,"ward_description":null,"ward_timestamp":null,"ward_begin":null,"ward_end":null,"ward_altitudeMode":null,"ward_tessellate":-1,"ward_extrude":0,"ward_visibility":-1,"ward_drawOrder":null,"ward_icon":null,"ward_Corporation":"South","ward_corporation_kn":"ದಕ್ಷಿಣ","ward_corporation_id":"4","ward_ac":"B.T.M Layout","ward_ac_kn":"ಬಿ.ಟಿ.ಎಂ. ಲೇಔಟ್","ward_ac_no":"172","ward_Assembly":"172 - B.T.M Layout","ward_id":"28","ward_name":"28 - Kormangala East","ward_name_kn":"ಕೋರಮಂಗಲ ಪೂರ್ವ","ward_TOT_P":"22885.0","ward_TOT_M":"11897.0","ward_TOT_F":"10989.0","ward_SC_P":"2252.0","ward_SC_M":"1138.0","ward_SC_F":"1114.0","ward_ST_P":"558.0","ward_ST_M":"288.0","ward_ST_F":"270.0","ward_low_range":"18594","ward_high_range":"27891","ward_RO_Code":"3","ward_RO_Division":"RO- Kormangala","ward_ARO_Code":"5","ward_ARO_ Sub Division":"ARO- Kormangala","ward_zone":"Zone2","ward_zone_name":"Bommanahalli","ward_join_status":"matched","ward_spatial_match_count":1},"geometry":{"type":"Point","coordinates":[77.62513890000008,12.931611100000055,0]},"id":14},{"type":"Feature","properties":{"fid":15,"OBJECTID":15,"Name":"Placemark","FolderPath":"Document/lakes","SymbolID":0,"AltMode":-1,"Base":0,"Snippet":"","PopupInfo":"","HasLabel":-1,"LabelID":0,"ward_source_id":"ward_369_final.269","ward_source_Name":null,"ward_description":null,"ward_timestamp":null,"ward_begin":null,"ward_end":null,"ward_altitudeMode":null,"ward_tessellate":-1,"ward_extrude":0,"ward_visibility":-1,"ward_drawOrder":null,"ward_icon":null,"ward_Corporation":"Central","ward_corporation_kn":"ಕೇಂದ್ರ","ward_corporation_id":"1","ward_ac":"Chickpet","ward_ac_kn":"ಚಿಕ್ಕಪೇಟೆ","ward_ac_no":"169","ward_Assembly":"169 - Chickpet","ward_id":"37","ward_name":"37 - BHEL Ward","ward_name_kn":"ಬಿಎಚ್‌ಇಎಲ್ ವಾರ್ಡ್","ward_TOT_P":"19336.0","ward_TOT_M":"9975.0","ward_TOT_F":"9361.0","ward_SC_P":"3201.0","ward_SC_M":"1685.0","ward_SC_F":"1516.0","ward_ST_P":"355.0","ward_ST_M":"185.0","ward_ST_F":"170.0","ward_low_range":"18853","ward_high_range":"28280","ward_RO_Code":"4","ward_RO_Division":"RO - Chickpet","ward_ARO_Code":"12","ward_ARO_ Sub Division":"ARO- Hombegowda Nagar","ward_zone":"Zone2","ward_zone_name":"Gandhinagara","ward_join_status":"matched","ward_spatial_match_count":1},"geometry":{"type":"Point","coordinates":[77.59563890000004,12.930083300000035,0]},"id":15},{"type":"Feature","properties":{"fid":16,"OBJECTID":16,"Name":"Placemark","FolderPath":"Document/lakes","SymbolID":0,"AltMode":-1,"Base":0,"Snippet":"","PopupInfo":"","HasLabel":-1,"LabelID":0,"ward_source_id":"ward_369_final.316","ward_source_Name":null,"ward_description":null,"ward_timestamp":null,"ward_begin":null,"ward_end":null,"ward_altitudeMode":null,"ward_tessellate":-1,"ward_extrude":0,"ward_visibility":-1,"ward_drawOrder":null,"ward_icon":null,"ward_Corporation":"West","ward_corporation_kn":"ಪಶ್ಚಿಮ","ward_corporation_id":"5","ward_ac":"Dasarahalli","ward_ac_kn":"ದಾಸರಹಳ್ಳಿ","ward_ac_no":"155","ward_Assembly":"155 - Dasarahalli","ward_id":"2","ward_name":"2 - Chokkasandra","ward_name_kn":"ಚೊಕ್ಕಸಂದ್ರ","ward_TOT_P":"27117.0","ward_TOT_M":"15167.0","ward_TOT_F":"11949.0","ward_SC_P":"1593.0","ward_SC_M":"837.0","ward_SC_F":"756.0","ward_ST_P":"699.0","ward_ST_M":"390.0","ward_ST_F":"310.0","ward_low_range":"18949","ward_high_range":"28424","ward_RO_Code":"2","ward_RO_Division":"RO- Hegganahalli","ward_ARO_Code":"6","ward_ARO_ Sub Division":"ARO- Nagasandra","ward_zone":"Zone1","ward_zone_name":"Rajarajeshwarinagar","ward_join_status":"matched","ward_spatial_match_count":1},"geometry":{"type":"Point","coordinates":[77.51141670000004,13.040666700000031,0]},"id":16},{"type":"Feature","properties":{"fid":17,"OBJECTID":17,"Name":"Placemark","FolderPath":"Document/lakes","SymbolID":0,"AltMode":-1,"Base":0,"Snippet":"","PopupInfo":"","HasLabel":-1,"LabelID":0,"ward_source_id":"ward_369_final.101","ward_source_Name":null,"ward_description":null,"ward_timestamp":null,"ward_begin":null,"ward_end":null,"ward_altitudeMode":null,"ward_tessellate":-1,"ward_extrude":0,"ward_visibility":-1,"ward_drawOrder":null,"ward_icon":null,"ward_Corporation":"North","ward_corporation_kn":"ಉತ್ತರ","ward_corporation_id":"2","ward_ac":"Dasarahalli","ward_ac_kn":"ದಾಸರಹಳ್ಳಿ","ward_ac_no":"155","ward_Assembly":"155 - Dasarahalli","ward_id":"67","ward_name":"67 - Shettihalli","ward_name_kn":"ಶೆಟ್ಟಿಹಳ್ಳಿ","ward_TOT_P":"23313.0","ward_TOT_M":"12157.0","ward_TOT_F":"11156.0","ward_SC_P":"4650.0","ward_SC_M":"2349.0","ward_SC_F":"2301.0","ward_ST_P":"546.0","ward_ST_M":"278.0","ward_ST_F":"269.0","ward_low_range":"19943","ward_high_range":"29914","ward_RO_Code":"3","ward_RO_Division":"RO- Dasarahalli","ward_ARO_Code":"9","ward_ARO_ Sub Division":"ARO- Shetty Halli","ward_zone":"Zone2","ward_zone_name":"Yelahanka","ward_join_status":"matched","ward_spatial_match_count":1},"geometry":{"type":"Point","coordinates":[77.52477780000004,13.067583300000024,0]},"id":17},{"type":"Feature","properties":{"fid":18,"OBJECTID":18,"Name":"Placemark","FolderPath":"Document/lakes","SymbolID":0,"AltMode":-1,"Base":0,"Snippet":"","PopupInfo":"","HasLabel":-1,"LabelID":0,"ward_source_id":"ward_369_final.10","ward_source_Name":null,"ward_description":null,"ward_timestamp":null,"ward_begin":null,"ward_end":null,"ward_altitudeMode":null,"ward_tessellate":-1,"ward_extrude":0,"ward_visibility":-1,"ward_drawOrder":null,"ward_icon":null,"ward_Corporation":"North","ward_corporation_kn":"ಉತ್ತರ","ward_corporation_id":"2","ward_ac":"Dasarahalli","ward_ac_kn":"ದಾಸರಹಳ್ಳಿ","ward_ac_no":"155","ward_Assembly":"155 - Dasarahalli","ward_id":"69","ward_name":"69 - Bagalagunte","ward_name_kn":"ಬಾಗಲಗುಂಟೆ","ward_TOT_P":"28685.0","ward_TOT_M":"14976.0","ward_TOT_F":"13709.0","ward_SC_P":"1422.0","ward_SC_M":"734.0","ward_SC_F":"688.0","ward_ST_P":"794.0","ward_ST_M":"393.0","ward_ST_F":"400.0","ward_low_range":"19943","ward_high_range":"29914","ward_RO_Code":"3","ward_RO_Division":"RO- Dasarahalli","ward_ARO_Code":"7","ward_ARO_ Sub Division":"ARO- Bagalagunte","ward_zone":"Zone2","ward_zone_name":"Yelahanka","ward_join_status":"matched","ward_spatial_match_count":1},"geometry":{"type":"Point","coordinates":[77.50008330000009,13.058222200000046,0]},"id":18},{"type":"Feature","properties":{"fid":19,"OBJECTID":19,"Name":"Placemark","FolderPath":"Document/lakes","SymbolID":0,"AltMode":-1,"Base":0,"Snippet":"","PopupInfo":"","HasLabel":-1,"LabelID":0,"ward_source_id":"ward_369_final.320","ward_source_Name":null,"ward_description":null,"ward_timestamp":null,"ward_begin":null,"ward_end":null,"ward_altitudeMode":null,"ward_tessellate":-1,"ward_extrude":0,"ward_visibility":-1,"ward_drawOrder":null,"ward_icon":null,"ward_Corporation":"West","ward_corporation_kn":"ಪಶ್ಚಿಮ","ward_corporation_id":"5","ward_ac":"Yeshwanthapura","ward_ac_kn":"ಯಶವಂತಪುರ","ward_ac_no":"153","ward_Assembly":"153 - Yeshwanthapura","ward_id":"11","ward_name":"11 - Dodda Bidarakallu","ward_name_kn":"ದೊಡ್ಡ ಬಿದರಕಲ್ಲು","ward_TOT_P":"25777.0","ward_TOT_M":"13763.0","ward_TOT_F":"12015.0","ward_SC_P":"1543.0","ward_SC_M":"800.0","ward_SC_F":"743.0","ward_ST_P":"1074.0","ward_ST_M":"568.0","ward_ST_F":"507.0","ward_low_range":"18949","ward_high_range":"28424","ward_RO_Code":"14","ward_RO_Division":"RO- Herohalli","ward_ARO_Code":"41","ward_ARO_ Sub Division":"ARO- Dodda Bidarakallu","ward_zone":"Zone1","ward_zone_name":"Rajarajeshwarinagar","ward_join_status":"matched","ward_spatial_match_count":1},"geometry":{"type":"Point","coordinates":[77.49400000000009,13.020777800000076,0]},"id":19},{"type":"Feature","properties":{"fid":20,"OBJECTID":20,"Name":"Placemark","FolderPath":"Document/lakes","SymbolID":0,"AltMode":-1,"Base":0,"Snippet":"","PopupInfo":"","HasLabel":-1,"LabelID":0,"ward_source_id":"ward_369_final.98","ward_source_Name":null,"ward_description":null,"ward_timestamp":null,"ward_begin":null,"ward_end":null,"ward_altitudeMode":null,"ward_tessellate":-1,"ward_extrude":0,"ward_visibility":-1,"ward_drawOrder":null,"ward_icon":null,"ward_Corporation":"North","ward_corporation_kn":"ಉತ್ತರ","ward_corporation_id":"2","ward_ac":"Dasarahalli","ward_ac_kn":"ದಾಸರಹಳ್ಳಿ","ward_ac_no":"155","ward_Assembly":"155 - Dasarahalli","ward_id":"65","ward_name":"65 - Abbigere","ward_name_kn":"ಅಬ್ಬಿಗೆರೆ","ward_TOT_P":"21241.0","ward_TOT_M":"9098.0","ward_TOT_F":"8247.0","ward_SC_P":"2183.0","ward_SC_M":"1118.0","ward_SC_F":"1065.0","ward_ST_P":"577.0","ward_ST_M":"304.0","ward_ST_F":"273.0","ward_low_range":"19943","ward_high_range":"29914","ward_RO_Code":"3","ward_RO_Division":"RO- Dasarahalli","ward_ARO_Code":"9","ward_ARO_ Sub Division":"ARO- Shetty Halli","ward_zone":"Zone2","ward_zone_name":"Yelahanka","ward_join_status":"matched","ward_spatial_match_count":1},"geometry":{"type":"Point","coordinates":[77.52986110000006,13.082138900000075,0]},"id":20},{"type":"Feature","properties":{"fid":21,"OBJECTID":21,"Name":"Placemark","FolderPath":"Document/lakes","SymbolID":0,"AltMode":-1,"Base":0,"Snippet":"","PopupInfo":"","HasLabel":-1,"LabelID":0,"ward_source_id":"ward_369_final.320","ward_source_Name":null,"ward_description":null,"ward_timestamp":null,"ward_begin":null,"ward_end":null,"ward_altitudeMode":null,"ward_tessellate":-1,"ward_extrude":0,"ward_visibility":-1,"ward_drawOrder":null,"ward_icon":null,"ward_Corporation":"West","ward_corporation_kn":"ಪಶ್ಚಿಮ","ward_corporation_id":"5","ward_ac":"Yeshwanthapura","ward_ac_kn":"ಯಶವಂತಪುರ","ward_ac_no":"153","ward_Assembly":"153 - Yeshwanthapura","ward_id":"11","ward_name":"11 - Dodda Bidarakallu","ward_name_kn":"ದೊಡ್ಡ ಬಿದರಕಲ್ಲು","ward_TOT_P":"25777.0","ward_TOT_M":"13763.0","ward_TOT_F":"12015.0","ward_SC_P":"1543.0","ward_SC_M":"800.0","ward_SC_F":"743.0","ward_ST_P":"1074.0","ward_ST_M":"568.0","ward_ST_F":"507.0","ward_low_range":"18949","ward_high_range":"28424","ward_RO_Code":"14","ward_RO_Division":"RO- Herohalli","ward_ARO_Code":"41","ward_ARO_ Sub Division":"ARO- Dodda Bidarakallu","ward_zone":"Zone1","ward_zone_name":"Rajarajeshwarinagar","ward_join_status":"matched","ward_spatial_match_count":1},"geometry":{"type":"Point","coordinates":[77.49577780000004,13.02150000000006,0]},"id":21},{"type":"Feature","properties":{"fid":22,"OBJECTID":22,"Name":"Placemark","FolderPath":"Document/lakes","SymbolID":0,"AltMode":-1,"Base":0,"Snippet":"","PopupInfo":"","HasLabel":-1,"LabelID":0,"ward_source_id":null,"ward_source_Name":null,"ward_description":null,"ward_timestamp":null,"ward_begin":null,"ward_end":null,"ward_altitudeMode":null,"ward_tessellate":null,"ward_extrude":null,"ward_visibility":null,"ward_drawOrder":null,"ward_icon":null,"ward_Corporation":null,"ward_corporation_kn":null,"ward_corporation_id":null,"ward_ac":null,"ward_ac_kn":null,"ward_ac_no":null,"ward_Assembly":null,"ward_id":null,"ward_name":null,"ward_name_kn":null,"ward_TOT_P":null,"ward_TOT_M":null,"ward_TOT_F":null,"ward_SC_P":null,"ward_SC_M":null,"ward_SC_F":null,"ward_ST_P":null,"ward_ST_M":null,"ward_ST_F":null,"ward_low_range":null,"ward_high_range":null,"ward_RO_Code":null,"ward_RO_Division":null,"ward_ARO_Code":null,"ward_ARO_ Sub Division":null,"ward_zone":null,"ward_zone_name":null,"ward_join_status":"unmatched","ward_spatial_match_count":0},"geometry":{"type":"Point","coordinates":[77.78533060000007,13.014786100000038,0]},"id":22},{"type":"Feature","properties":{"fid":23,"OBJECTID":23,"Name":"Placemark","FolderPath":"Document/lakes","SymbolID":0,"AltMode":-1,"Base":0,"Snippet":"","PopupInfo":"","HasLabel":-1,"LabelID":0,"ward_source_id":"ward_369_final.271","ward_source_Name":null,"ward_description":null,"ward_timestamp":null,"ward_begin":null,"ward_end":null,"ward_altitudeMode":null,"ward_tessellate":-1,"ward_extrude":0,"ward_visibility":-1,"ward_drawOrder":null,"ward_icon":null,"ward_Corporation":"West","ward_corporation_kn":"ಪಶ್ಚಿಮ","ward_corporation_id":"5","ward_ac":"Rajarajeshwarinagar","ward_ac_kn":"ರಾಜರಾಜೇಶ್ವರಿನಗರ","ward_ac_no":"154","ward_Assembly":"154 - Rajarajeshwarinagar","ward_id":"23","ward_name":"23 - Rajarajeshwari Nagara","ward_name_kn":"ರಾಜರಾಜೇಶ್ವರಿ ನಗರ","ward_TOT_P":"26050.0","ward_TOT_M":"13348.0","ward_TOT_F":"12601.0","ward_SC_P":"1457.0","ward_SC_M":"758.0","ward_SC_F":"700.0","ward_ST_P":"652.0","ward_ST_M":"342.0","ward_ST_F":"310.0","ward_low_range":"18949","ward_high_range":"28424","ward_RO_Code":"11","ward_RO_Division":"RO- Rajarajeswari Nagara","ward_ARO_Code":"35","ward_ARO_ Sub Division":"ARO- Rajarajeswari Nagara","ward_zone":"Zone1","ward_zone_name":"Rajarajeshwarinagar","ward_join_status":"matched","ward_spatial_match_count":1},"geometry":{"type":"Point","coordinates":[77.51480560000005,12.924166700000058,0]},"id":23},{"type":"Feature","properties":{"fid":24,"OBJECTID":24,"Name":"Placemark","FolderPath":"Document/lakes","SymbolID":0,"AltMode":-1,"Base":0,"Snippet":"","PopupInfo":"","HasLabel":-1,"LabelID":0,"ward_source_id":"ward_369_final.23","ward_source_Name":null,"ward_description":null,"ward_timestamp":null,"ward_begin":null,"ward_end":null,"ward_altitudeMode":null,"ward_tessellate":-1,"ward_extrude":0,"ward_visibility":-1,"ward_drawOrder":null,"ward_icon":null,"ward_Corporation":"North","ward_corporation_kn":"ಉತ್ತರ","ward_corporation_id":"2","ward_ac":"Rajarajeshwarinagar","ward_ac_kn":"ರಾಜರಾಜೇಶ್ವರಿನಗರ","ward_ac_no":"154","ward_Assembly":"154 - Rajarajeshwarinagar","ward_id":"63","ward_name":"63 - J.P PARK","ward_name_kn":"ಜೆಪಿ ಪಾರ್ಕ್","ward_TOT_P":"22172.0","ward_TOT_M":"11393.0","ward_TOT_F":"10779.0","ward_SC_P":"3139.0","ward_SC_M":"1591.0","ward_SC_F":"1547.0","ward_ST_P":"390.0","ward_ST_M":"208.0","ward_ST_F":"183.0","ward_low_range":"19943","ward_high_range":"29914","ward_RO_Code":"8","ward_RO_Division":"RO- Jalahalli","ward_ARO_Code":"21","ward_ARO_ Sub Division":"ARO- Yeshwanthpura","ward_zone":"Zone2","ward_zone_name":"Yelahanka","ward_join_status":"matched","ward_spatial_match_count":1},"geometry":{"type":"Point","coordinates":[77.55030560000006,13.035083300000053,0]},"id":24},{"type":"Feature","properties":{"fid":25,"OBJECTID":25,"Name":"Placemark","FolderPath":"Document/lakes","SymbolID":0,"AltMode":-1,"Base":0,"Snippet":"","PopupInfo":"","HasLabel":-1,"LabelID":0,"ward_source_id":"ward_369_final.308","ward_source_Name":null,"ward_description":null,"ward_timestamp":null,"ward_begin":null,"ward_end":null,"ward_altitudeMode":null,"ward_tessellate":-1,"ward_extrude":0,"ward_visibility":-1,"ward_drawOrder":null,"ward_icon":null,"ward_Corporation":"West","ward_corporation_kn":"ಪಶ್ಚಿಮ","ward_corporation_id":"5","ward_ac":"Yeshwanthapura","ward_ac_kn":"ಯಶವಂತಪುರ","ward_ac_no":"153","ward_Assembly":"153 - Yeshwanthapura","ward_id":"16","ward_name":"16 - Ullal","ward_name_kn":"ಉಳ್ಳಾಲ","ward_TOT_P":"22549.0","ward_TOT_M":"11535.0","ward_TOT_F":"11014.0","ward_SC_P":"3331.0","ward_SC_M":"1662.0","ward_SC_F":"1670.0","ward_ST_P":"439.0","ward_ST_M":"224.0","ward_ST_F":"215.0","ward_low_range":"18949","ward_high_range":"28424","ward_RO_Code":"15","ward_RO_Division":"RO- Kengeri","ward_ARO_Code":"45","ward_ARO_ Sub Division":"ARO- Ullal","ward_zone":"Zone1","ward_zone_name":"Rajarajeshwarinagar","ward_join_status":"matched","ward_spatial_match_count":1},"geometry":{"type":"Point","coordinates":[77.49408330000006,12.965055600000028,0]},"id":25},{"type":"Feature","properties":{"fid":26,"OBJECTID":26,"Name":"Placemark","FolderPath":"Document/lakes","SymbolID":0,"AltMode":-1,"Base":0,"Snippet":"","PopupInfo":"","HasLabel":-1,"LabelID":0,"ward_source_id":"ward_369_final.219","ward_source_Name":null,"ward_description":null,"ward_timestamp":null,"ward_begin":null,"ward_end":null,"ward_altitudeMode":null,"ward_tessellate":-1,"ward_extrude":0,"ward_visibility":-1,"ward_drawOrder":null,"ward_icon":null,"ward_Corporation":"West","ward_corporation_kn":"ಪಶ್ಚಿಮ","ward_corporation_id":"5","ward_ac":"Rajarajeshwarinagar","ward_ac_kn":"ರಾಜರಾಜೇಶ್ವರಿನಗರ","ward_ac_no":"154","ward_Assembly":"154 - Rajarajeshwarinagar","ward_id":"27","ward_name":"27 - Srigandada Kaval","ward_name_kn":"ಶ್ರೀಗಂಧದ ಕಾವಲ್","ward_TOT_P":"25652.0","ward_TOT_M":"13401.0","ward_TOT_F":"12251.0","ward_SC_P":"2776.0","ward_SC_M":"1410.0","ward_SC_F":"1366.0","ward_ST_P":"704.0","ward_ST_M":"370.0","ward_ST_F":"333.0","ward_low_range":"18949","ward_high_range":"28424","ward_RO_Code":"10","ward_RO_Division":"RO- Peenya","ward_ARO_Code":"31","ward_ARO_ Sub Division":"ARO- Kotigepalya","ward_zone":"Zone1","ward_zone_name":"Rajarajeshwarinagar","ward_join_status":"matched","ward_spatial_match_count":1},"geometry":{"type":"Point","coordinates":[77.50094440000004,12.984000000000037,0]},"id":26},{"type":"Feature","properties":{"fid":27,"OBJECTID":27,"Name":"Placemark","FolderPath":"Document/lakes","SymbolID":0,"AltMode":-1,"Base":0,"Snippet":"","PopupInfo":"","HasLabel":-1,"LabelID":0,"ward_source_id":"ward_369_final.1","ward_source_Name":null,"ward_description":null,"ward_timestamp":null,"ward_begin":null,"ward_end":null,"ward_altitudeMode":null,"ward_tessellate":-1,"ward_extrude":0,"ward_visibility":-1,"ward_drawOrder":null,"ward_icon":null,"ward_Corporation":"West","ward_corporation_kn":"ಪಶ್ಚಿಮ","ward_corporation_id":"5","ward_ac":"Rajarajeshwarinagar","ward_ac_kn":"ರಾಜರಾಜೇಶ್ವರಿನಗರ","ward_ac_no":"154","ward_Assembly":"154 - Rajarajeshwarinagar","ward_id":"25","ward_name":"25 - Vinayaka Layout","ward_name_kn":"ವಿನಾಯಕ ಲೇಔಟ್","ward_TOT_P":"20170.0","ward_TOT_M":"10168.0","ward_TOT_F":"10002.0","ward_SC_P":"1496.0","ward_SC_M":"767.0","ward_SC_F":"729.0","ward_ST_P":"406.0","ward_ST_M":"205.0","ward_ST_F":"201.0","ward_low_range":"18949","ward_high_range":"28424","ward_RO_Code":"11","ward_RO_Division":"RO- Rajarajeswari Nagara","ward_ARO_Code":"34","ward_ARO_ Sub Division":"ARO- Jnana Bharathi","ward_zone":"Zone1","ward_zone_name":"Rajarajeshwarinagar","ward_join_status":"matched","ward_spatial_match_count":1},"geometry":{"type":"Point","coordinates":[77.50847080000005,12.965190000000064,0]},"id":27},{"type":"Feature","properties":{"fid":28,"OBJECTID":28,"Name":"Placemark","FolderPath":"Document/lakes","SymbolID":0,"AltMode":-1,"Base":0,"Snippet":"","PopupInfo":"","HasLabel":-1,"LabelID":0,"ward_source_id":"ward_369_final.62","ward_source_Name":null,"ward_description":null,"ward_timestamp":null,"ward_begin":null,"ward_end":null,"ward_altitudeMode":null,"ward_tessellate":-1,"ward_extrude":0,"ward_visibility":-1,"ward_drawOrder":null,"ward_icon":null,"ward_Corporation":"West","ward_corporation_kn":"ಪಶ್ಚಿಮ","ward_corporation_id":"5","ward_ac":"Rajarajeshwarinagar","ward_ac_kn":"ರಾಜರಾಜೇಶ್ವರಿನಗರ","ward_ac_no":"154","ward_Assembly":"154 - Rajarajeshwarinagar","ward_id":"22","ward_name":"22 - Bangarappa Nagara","ward_name_kn":"ಬಂಗಾರಪ್ಪ ನಗರ","ward_TOT_P":"28414.0","ward_TOT_M":"14846.0","ward_TOT_F":"13669.0","ward_SC_P":"2140.0","ward_SC_M":"1088.0","ward_SC_F":"1052.0","ward_ST_P":"836.0","ward_ST_M":"430.0","ward_ST_F":"406.0","ward_low_range":"18949","ward_high_range":"28424","ward_RO_Code":"11","ward_RO_Division":"RO- Rajarajeswari Nagara","ward_ARO_Code":"35","ward_ARO_ Sub Division":"ARO- Rajarajeswari Nagara","ward_zone":"Zone1","ward_zone_name":"Rajarajeshwarinagar","ward_join_status":"matched","ward_spatial_match_count":1},"geometry":{"type":"Point","coordinates":[77.53286110000005,12.92744440000007,0]},"id":28},{"type":"Feature","properties":{"fid":29,"OBJECTID":29,"Name":"Placemark","FolderPath":"Document/lakes","SymbolID":0,"AltMode":-1,"Base":0,"Snippet":"","PopupInfo":"","HasLabel":-1,"LabelID":0,"ward_source_id":"ward_369_final.277","ward_source_Name":null,"ward_description":null,"ward_timestamp":null,"ward_begin":null,"ward_end":null,"ward_altitudeMode":null,"ward_tessellate":-1,"ward_extrude":0,"ward_visibility":-1,"ward_drawOrder":null,"ward_icon":null,"ward_Corporation":"West","ward_corporation_kn":"ಪಶ್ಚಿಮ","ward_corporation_id":"5","ward_ac":"Yeshwanthapura","ward_ac_kn":"ಯಶವಂತಪುರ","ward_ac_no":"153","ward_Assembly":"153 - Yeshwanthapura","ward_id":"14","ward_name":"14 - Herohalli","ward_name_kn":"ಹೆರೋಹಳ್ಳಿ","ward_TOT_P":"28413.0","ward_TOT_M":"15013.0","ward_TOT_F":"13419.0","ward_SC_P":"2192.0","ward_SC_M":"1099.0","ward_SC_F":"1094.0","ward_ST_P":"490.0","ward_ST_M":"258.0","ward_ST_F":"232.0","ward_low_range":"18949","ward_high_range":"28424","ward_RO_Code":"14","ward_RO_Division":"RO- Herohalli","ward_ARO_Code":"42","ward_ARO_ Sub Division":"ARO- Herohalli","ward_zone":"Zone1","ward_zone_name":"Rajarajeshwarinagar","ward_join_status":"matched","ward_spatial_match_count":1},"geometry":{"type":"Point","coordinates":[77.48969440000008,12.988583300000073,0]},"id":29},{"type":"Feature","properties":{"fid":30,"OBJECTID":30,"Name":"Placemark","FolderPath":"Document/lakes","SymbolID":0,"AltMode":-1,"Base":0,"Snippet":"","PopupInfo":"","HasLabel":-1,"LabelID":0,"ward_source_id":"ward_369_final.310","ward_source_Name":null,"ward_description":null,"ward_timestamp":null,"ward_begin":null,"ward_end":null,"ward_altitudeMode":null,"ward_tessellate":-1,"ward_extrude":0,"ward_visibility":-1,"ward_drawOrder":null,"ward_icon":null,"ward_Corporation":"West","ward_corporation_kn":"ಪಶ್ಚಿಮ","ward_corporation_id":"5","ward_ac":"Yeshwanthapura","ward_ac_kn":"ಯಶವಂತಪುರ","ward_ac_no":"153","ward_Assembly":"153 - Yeshwanthapura","ward_id":"12","ward_name":"12 - Andrahalli","ward_name_kn":"ಅಂದ್ರಹಳ್ಳಿ","ward_TOT_P":"27694.0","ward_TOT_M":"14627.0","ward_TOT_F":"13066.0","ward_SC_P":"3057.0","ward_SC_M":"1565.0","ward_SC_F":"1492.0","ward_ST_P":"1748.0","ward_ST_M":"894.0","ward_ST_F":"853.0","ward_low_range":"18949","ward_high_range":"28424","ward_RO_Code":"14","ward_RO_Division":"RO- Herohalli","ward_ARO_Code":"41","ward_ARO_ Sub Division":"ARO- Dodda Bidarakallu","ward_zone":"Zone1","ward_zone_name":"Rajarajeshwarinagar","ward_join_status":"matched","ward_spatial_match_count":1},"geometry":{"type":"Point","coordinates":[77.48352780000005,13.002805600000045,0]},"id":30},{"type":"Feature","properties":{"fid":31,"OBJECTID":31,"Name":"Placemark","FolderPath":"Document/lakes","SymbolID":0,"AltMode":-1,"Base":0,"Snippet":"","PopupInfo":"","HasLabel":-1,"LabelID":0,"ward_source_id":"ward_369_final.310","ward_source_Name":null,"ward_description":null,"ward_timestamp":null,"ward_begin":null,"ward_end":null,"ward_altitudeMode":null,"ward_tessellate":-1,"ward_extrude":0,"ward_visibility":-1,"ward_drawOrder":null,"ward_icon":null,"ward_Corporation":"West","ward_corporation_kn":"ಪಶ್ಚಿಮ","ward_corporation_id":"5","ward_ac":"Yeshwanthapura","ward_ac_kn":"ಯಶವಂತಪುರ","ward_ac_no":"153","ward_Assembly":"153 - Yeshwanthapura","ward_id":"12","ward_name":"12 - Andrahalli","ward_name_kn":"ಅಂದ್ರಹಳ್ಳಿ","ward_TOT_P":"27694.0","ward_TOT_M":"14627.0","ward_TOT_F":"13066.0","ward_SC_P":"3057.0","ward_SC_M":"1565.0","ward_SC_F":"1492.0","ward_ST_P":"1748.0","ward_ST_M":"894.0","ward_ST_F":"853.0","ward_low_range":"18949","ward_high_range":"28424","ward_RO_Code":"14","ward_RO_Division":"RO- Herohalli","ward_ARO_Code":"41","ward_ARO_ Sub Division":"ARO- Dodda Bidarakallu","ward_zone":"Zone1","ward_zone_name":"Rajarajeshwarinagar","ward_join_status":"matched","ward_spatial_match_count":1},"geometry":{"type":"Point","coordinates":[77.48665000000005,13.010283300000026,0]},"id":31},{"type":"Feature","properties":{"fid":32,"OBJECTID":32,"Name":"Placemark","FolderPath":"Document/lakes","SymbolID":0,"AltMode":-1,"Base":0,"Snippet":"","PopupInfo":"","HasLabel":-1,"LabelID":0,"ward_source_id":null,"ward_source_Name":null,"ward_description":null,"ward_timestamp":null,"ward_begin":null,"ward_end":null,"ward_altitudeMode":null,"ward_tessellate":null,"ward_extrude":null,"ward_visibility":null,"ward_drawOrder":null,"ward_icon":null,"ward_Corporation":null,"ward_corporation_kn":null,"ward_corporation_id":null,"ward_ac":null,"ward_ac_kn":null,"ward_ac_no":null,"ward_Assembly":null,"ward_id":null,"ward_name":null,"ward_name_kn":null,"ward_TOT_P":null,"ward_TOT_M":null,"ward_TOT_F":null,"ward_SC_P":null,"ward_SC_M":null,"ward_SC_F":null,"ward_ST_P":null,"ward_ST_M":null,"ward_ST_F":null,"ward_low_range":null,"ward_high_range":null,"ward_RO_Code":null,"ward_RO_Division":null,"ward_ARO_Code":null,"ward_ARO_ Sub Division":null,"ward_zone":null,"ward_zone_name":null,"ward_join_status":"unmatched","ward_spatial_match_count":0},"geometry":{"type":"Point","coordinates":[77.46815000000004,12.977900000000034,0]},"id":32},{"type":"Feature","properties":{"fid":33,"OBJECTID":33,"Name":"Placemark","FolderPath":"Document/lakes","SymbolID":0,"AltMode":-1,"Base":0,"Snippet":"","PopupInfo":"","HasLabel":-1,"LabelID":0,"ward_source_id":"ward_369_final.47","ward_source_Name":null,"ward_description":null,"ward_timestamp":null,"ward_begin":null,"ward_end":null,"ward_altitudeMode":null,"ward_tessellate":-1,"ward_extrude":0,"ward_visibility":-1,"ward_drawOrder":null,"ward_icon":null,"ward_Corporation":"South","ward_corporation_kn":"ದಕ್ಷಿಣ","ward_corporation_id":"4","ward_ac":"Yeshwanthapura","ward_ac_kn":"ಯಶವಂತಪುರ","ward_ac_no":"153","ward_Assembly":"153 - Yeshwanthapura","ward_id":"52","ward_name":"52 - Talagattapura","ward_name_kn":"ತಲಘಟ್ಟಪುರ","ward_TOT_P":"23797.0","ward_TOT_M":"11887.0","ward_TOT_F":"10620.0","ward_SC_P":"3135.0","ward_SC_M":"1606.0","ward_SC_F":"1529.0","ward_ST_P":"401.0","ward_ST_M":"212.0","ward_ST_F":"189.0","ward_low_range":"18594","ward_high_range":"27891","ward_RO_Code":"4","ward_RO_Division":"RO- Anjanapura","ward_ARO_Code":"7","ward_ARO_ Sub Division":"ARO- Anjanapura","ward_zone":"Zone1","ward_zone_name":"Jayanagar","ward_join_status":"matched","ward_spatial_match_count":1},"geometry":{"type":"Point","coordinates":[77.53838890000003,12.863111100000026,0]},"id":33},{"type":"Feature","properties":{"fid":34,"OBJECTID":34,"Name":"Placemark","FolderPath":"Document/lakes","SymbolID":0,"AltMode":-1,"Base":0,"Snippet":"","PopupInfo":"","HasLabel":-1,"LabelID":0,"ward_source_id":"ward_369_final.308","ward_source_Name":null,"ward_description":null,"ward_timestamp":null,"ward_begin":null,"ward_end":null,"ward_altitudeMode":null,"ward_tessellate":-1,"ward_extrude":0,"ward_visibility":-1,"ward_drawOrder":null,"ward_icon":null,"ward_Corporation":"West","ward_corporation_kn":"ಪಶ್ಚಿಮ","ward_corporation_id":"5","ward_ac":"Yeshwanthapura","ward_ac_kn":"ಯಶವಂತಪುರ","ward_ac_no":"153","ward_Assembly":"153 - Yeshwanthapura","ward_id":"16","ward_name":"16 - Ullal","ward_name_kn":"ಉಳ್ಳಾಲ","ward_TOT_P":"22549.0","ward_TOT_M":"11535.0","ward_TOT_F":"11014.0","ward_SC_P":"3331.0","ward_SC_M":"1662.0","ward_SC_F":"1670.0","ward_ST_P":"439.0","ward_ST_M":"224.0","ward_ST_F":"215.0","ward_low_range":"18949","ward_high_range":"28424","ward_RO_Code":"15","ward_RO_Division":"RO- Kengeri","ward_ARO_Code":"45","ward_ARO_ Sub Division":"ARO- Ullal","ward_zone":"Zone1","ward_zone_name":"Rajarajeshwarinagar","ward_join_status":"matched","ward_spatial_match_count":1},"geometry":{"type":"Point","coordinates":[77.48036110000004,12.960972200000072,0]},"id":34},{"type":"Feature","properties":{"fid":35,"OBJECTID":35,"Name":"Placemark","FolderPath":"Document/lakes","SymbolID":0,"AltMode":-1,"Base":0,"Snippet":"","PopupInfo":"","HasLabel":-1,"LabelID":0,"ward_source_id":"ward_369_final.22","ward_source_Name":null,"ward_description":null,"ward_timestamp":null,"ward_begin":null,"ward_end":null,"ward_altitudeMode":null,"ward_tessellate":-1,"ward_extrude":0,"ward_visibility":-1,"ward_drawOrder":null,"ward_icon":null,"ward_Corporation":"West","ward_corporation_kn":"ಪಶ್ಚಿಮ","ward_corporation_id":"5","ward_ac":"Yeshwanthapura","ward_ac_kn":"ಯಶವಂತಪುರ","ward_ac_no":"153","ward_Assembly":"153 - Yeshwanthapura","ward_id":"20","ward_name":"20 - Kengeri Kote ward","ward_name_kn":"ಕೆಂಗೇರಿ ಕೋಟೆ ವಾರ್ಡ್","ward_TOT_P":"19339.0","ward_TOT_M":"9841.0","ward_TOT_F":"9499.0","ward_SC_P":"2048.0","ward_SC_M":"968.0","ward_SC_F":"1081.0","ward_ST_P":"336.0","ward_ST_M":"170.0","ward_ST_F":"166.0","ward_low_range":"18949","ward_high_range":"28424","ward_RO_Code":"15","ward_RO_Division":"RO- Kengeri","ward_ARO_Code":"43","ward_ARO_ Sub Division":"ARO- Hemmigepura","ward_zone":"Zone1","ward_zone_name":"Rajarajeshwarinagar","ward_join_status":"matched","ward_spatial_match_count":1},"geometry":{"type":"Point","coordinates":[77.48326670000006,12.875650000000064,0]},"id":35},{"type":"Feature","properties":{"fid":36,"OBJECTID":36,"Name":"Placemark","FolderPath":"Document/lakes","SymbolID":0,"AltMode":-1,"Base":0,"Snippet":"","PopupInfo":"","HasLabel":-1,"LabelID":0,"ward_source_id":"ward_369_final.47","ward_source_Name":null,"ward_description":null,"ward_timestamp":null,"ward_begin":null,"ward_end":null,"ward_altitudeMode":null,"ward_tessellate":-1,"ward_extrude":0,"ward_visibility":-1,"ward_drawOrder":null,"ward_icon":null,"ward_Corporation":"South","ward_corporation_kn":"ದಕ್ಷಿಣ","ward_corporation_id":"4","ward_ac":"Yeshwanthapura","ward_ac_kn":"ಯಶವಂತಪುರ","ward_ac_no":"153","ward_Assembly":"153 - Yeshwanthapura","ward_id":"52","ward_name":"52 - Talagattapura","ward_name_kn":"ತಲಘಟ್ಟಪುರ","ward_TOT_P":"23797.0","ward_TOT_M":"11887.0","ward_TOT_F":"10620.0","ward_SC_P":"3135.0","ward_SC_M":"1606.0","ward_SC_F":"1529.0","ward_ST_P":"401.0","ward_ST_M":"212.0","ward_ST_F":"189.0","ward_low_range":"18594","ward_high_range":"27891","ward_RO_Code":"4","ward_RO_Division":"RO- Anjanapura","ward_ARO_Code":"7","ward_ARO_ Sub Division":"ARO- Anjanapura","ward_zone":"Zone1","ward_zone_name":"Jayanagar","ward_join_status":"matched","ward_spatial_match_count":1},"geometry":{"type":"Point","coordinates":[77.54395000000005,12.86811670000003,0]},"id":36},{"type":"Feature","properties":{"fid":37,"OBJECTID":37,"Name":"Placemark","FolderPath":"Document/lakes","SymbolID":0,"AltMode":-1,"Base":0,"Snippet":"","PopupInfo":"","HasLabel":-1,"LabelID":0,"ward_source_id":"ward_369_final.255","ward_source_Name":null,"ward_description":null,"ward_timestamp":null,"ward_begin":null,"ward_end":null,"ward_altitudeMode":null,"ward_tessellate":-1,"ward_extrude":0,"ward_visibility":-1,"ward_drawOrder":null,"ward_icon":null,"ward_Corporation":"West","ward_corporation_kn":"ಪಶ್ಚಿಮ","ward_corporation_id":"5","ward_ac":"Yeshwanthapura","ward_ac_kn":"ಯಶವಂತಪುರ","ward_ac_no":"153","ward_Assembly":"153 - Yeshwanthapura","ward_id":"15","ward_name":"15 - Byadarahalli","ward_name_kn":"ಬ್ಯಾಡರಹಳ್ಳಿ","ward_TOT_P":"22784.0","ward_TOT_M":"12186.0","ward_TOT_F":"10598.0","ward_SC_P":"1045.0","ward_SC_M":"532.0","ward_SC_F":"513.0","ward_ST_P":"943.0","ward_ST_M":"488.0","ward_ST_F":"455.0","ward_low_range":"18949","ward_high_range":"28424","ward_RO_Code":"14","ward_RO_Division":"RO- Herohalli","ward_ARO_Code":"42","ward_ARO_ Sub Division":"ARO- Herohalli","ward_zone":"Zone1","ward_zone_name":"Rajarajeshwarinagar","ward_join_status":"matched","ward_spatial_match_count":1},"geometry":{"type":"Point","coordinates":[77.49150000000003,12.983000000000061,0]},"id":37},{"type":"Feature","properties":{"fid":38,"OBJECTID":38,"Name":"Placemark","FolderPath":"Document/lakes","SymbolID":0,"AltMode":-1,"Base":0,"Snippet":"","PopupInfo":"","HasLabel":-1,"LabelID":0,"ward_source_id":"ward_369_final.47","ward_source_Name":null,"ward_description":null,"ward_timestamp":null,"ward_begin":null,"ward_end":null,"ward_altitudeMode":null,"ward_tessellate":-1,"ward_extrude":0,"ward_visibility":-1,"ward_drawOrder":null,"ward_icon":null,"ward_Corporation":"South","ward_corporation_kn":"ದಕ್ಷಿಣ","ward_corporation_id":"4","ward_ac":"Yeshwanthapura","ward_ac_kn":"ಯಶವಂತಪುರ","ward_ac_no":"153","ward_Assembly":"153 - Yeshwanthapura","ward_id":"52","ward_name":"52 - Talagattapura","ward_name_kn":"ತಲಘಟ್ಟಪುರ","ward_TOT_P":"23797.0","ward_TOT_M":"11887.0","ward_TOT_F":"10620.0","ward_SC_P":"3135.0","ward_SC_M":"1606.0","ward_SC_F":"1529.0","ward_ST_P":"401.0","ward_ST_M":"212.0","ward_ST_F":"189.0","ward_low_range":"18594","ward_high_range":"27891","ward_RO_Code":"4","ward_RO_Division":"RO- Anjanapura","ward_ARO_Code":"7","ward_ARO_ Sub Division":"ARO- Anjanapura","ward_zone":"Zone1","ward_zone_name":"Jayanagar","ward_join_status":"matched","ward_spatial_match_count":1},"geometry":{"type":"Point","coordinates":[77.53201670000004,12.867616700000042,0]},"id":38},{"type":"Feature","properties":{"fid":39,"OBJECTID":39,"Name":"Placemark","FolderPath":"Document/lakes","SymbolID":0,"AltMode":-1,"Base":0,"Snippet":"","PopupInfo":"","HasLabel":-1,"LabelID":0,"ward_source_id":"ward_369_final.320","ward_source_Name":null,"ward_description":null,"ward_timestamp":null,"ward_begin":null,"ward_end":null,"ward_altitudeMode":null,"ward_tessellate":-1,"ward_extrude":0,"ward_visibility":-1,"ward_drawOrder":null,"ward_icon":null,"ward_Corporation":"West","ward_corporation_kn":"ಪಶ್ಚಿಮ","ward_corporation_id":"5","ward_ac":"Yeshwanthapura","ward_ac_kn":"ಯಶವಂತಪುರ","ward_ac_no":"153","ward_Assembly":"153 - Yeshwanthapura","ward_id":"11","ward_name":"11 - Dodda Bidarakallu","ward_name_kn":"ದೊಡ್ಡ ಬಿದರಕಲ್ಲು","ward_TOT_P":"25777.0","ward_TOT_M":"13763.0","ward_TOT_F":"12015.0","ward_SC_P":"1543.0","ward_SC_M":"800.0","ward_SC_F":"743.0","ward_ST_P":"1074.0","ward_ST_M":"568.0","ward_ST_F":"507.0","ward_low_range":"18949","ward_high_range":"28424","ward_RO_Code":"14","ward_RO_Division":"RO- Herohalli","ward_ARO_Code":"41","ward_ARO_ Sub Division":"ARO- Dodda Bidarakallu","ward_zone":"Zone1","ward_zone_name":"Rajarajeshwarinagar","ward_join_status":"matched","ward_spatial_match_count":1},"geometry":{"type":"Point","coordinates":[77.49477780000007,13.043722200000047,0]},"id":39},{"type":"Feature","properties":{"fid":40,"OBJECTID":40,"Name":"Placemark","FolderPath":"Document/lakes","SymbolID":0,"AltMode":-1,"Base":0,"Snippet":"","PopupInfo":"","HasLabel":-1,"LabelID":0,"ward_source_id":"ward_369_final.47","ward_source_Name":null,"ward_description":null,"ward_timestamp":null,"ward_begin":null,"ward_end":null,"ward_altitudeMode":null,"ward_tessellate":-1,"ward_extrude":0,"ward_visibility":-1,"ward_drawOrder":null,"ward_icon":null,"ward_Corporation":"South","ward_corporation_kn":"ದಕ್ಷಿಣ","ward_corporation_id":"4","ward_ac":"Yeshwanthapura","ward_ac_kn":"ಯಶವಂತಪುರ","ward_ac_no":"153","ward_Assembly":"153 - Yeshwanthapura","ward_id":"52","ward_name":"52 - Talagattapura","ward_name_kn":"ತಲಘಟ್ಟಪುರ","ward_TOT_P":"23797.0","ward_TOT_M":"11887.0","ward_TOT_F":"10620.0","ward_SC_P":"3135.0","ward_SC_M":"1606.0","ward_SC_F":"1529.0","ward_ST_P":"401.0","ward_ST_M":"212.0","ward_ST_F":"189.0","ward_low_range":"18594","ward_high_range":"27891","ward_RO_Code":"4","ward_RO_Division":"RO- Anjanapura","ward_ARO_Code":"7","ward_ARO_ Sub Division":"ARO- Anjanapura","ward_zone":"Zone1","ward_zone_name":"Jayanagar","ward_join_status":"matched","ward_spatial_match_count":1},"geometry":{"type":"Point","coordinates":[77.54055560000006,12.87611110000006,0]},"id":40},{"type":"Feature","properties":{"fid":41,"OBJECTID":41,"Name":"Placemark","FolderPath":"Document/lakes","SymbolID":0,"AltMode":-1,"Base":0,"Snippet":"","PopupInfo":"","HasLabel":-1,"LabelID":0,"ward_source_id":"ward_369_final.22","ward_source_Name":null,"ward_description":null,"ward_timestamp":null,"ward_begin":null,"ward_end":null,"ward_altitudeMode":null,"ward_tessellate":-1,"ward_extrude":0,"ward_visibility":-1,"ward_drawOrder":null,"ward_icon":null,"ward_Corporation":"West","ward_corporation_kn":"ಪಶ್ಚಿಮ","ward_corporation_id":"5","ward_ac":"Yeshwanthapura","ward_ac_kn":"ಯಶವಂತಪುರ","ward_ac_no":"153","ward_Assembly":"153 - Yeshwanthapura","ward_id":"20","ward_name":"20 - Kengeri Kote ward","ward_name_kn":"ಕೆಂಗೇರಿ ಕೋಟೆ ವಾರ್ಡ್","ward_TOT_P":"19339.0","ward_TOT_M":"9841.0","ward_TOT_F":"9499.0","ward_SC_P":"2048.0","ward_SC_M":"968.0","ward_SC_F":"1081.0","ward_ST_P":"336.0","ward_ST_M":"170.0","ward_ST_F":"166.0","ward_low_range":"18949","ward_high_range":"28424","ward_RO_Code":"15","ward_RO_Division":"RO- Kengeri","ward_ARO_Code":"43","ward_ARO_ Sub Division":"ARO- Hemmigepura","ward_zone":"Zone1","ward_zone_name":"Rajarajeshwarinagar","ward_join_status":"matched","ward_spatial_match_count":1},"geometry":{"type":"Point","coordinates":[77.49297220000005,12.87955560000006,0]},"id":41},{"type":"Feature","properties":{"fid":42,"OBJECTID":42,"Name":"Placemark","FolderPath":"Document/lakes","SymbolID":0,"AltMode":-1,"Base":0,"Snippet":"","PopupInfo":"","HasLabel":-1,"LabelID":0,"ward_source_id":null,"ward_source_Name":null,"ward_description":null,"ward_timestamp":null,"ward_begin":null,"ward_end":null,"ward_altitudeMode":null,"ward_tessellate":null,"ward_extrude":null,"ward_visibility":null,"ward_drawOrder":null,"ward_icon":null,"ward_Corporation":null,"ward_corporation_kn":null,"ward_corporation_id":null,"ward_ac":null,"ward_ac_kn":null,"ward_ac_no":null,"ward_Assembly":null,"ward_id":null,"ward_name":null,"ward_name_kn":null,"ward_TOT_P":null,"ward_TOT_M":null,"ward_TOT_F":null,"ward_SC_P":null,"ward_SC_M":null,"ward_SC_F":null,"ward_ST_P":null,"ward_ST_M":null,"ward_ST_F":null,"ward_low_range":null,"ward_high_range":null,"ward_RO_Code":null,"ward_RO_Division":null,"ward_ARO_Code":null,"ward_ARO_ Sub Division":null,"ward_zone":null,"ward_zone_name":null,"ward_join_status":"unmatched","ward_spatial_match_count":0},"geometry":{"type":"Point","coordinates":[5.684341886080802e-14,5.684341886080802e-14,0]},"id":42},{"type":"Feature","properties":{"fid":43,"OBJECTID":43,"Name":"Placemark","FolderPath":"Document/lakes","SymbolID":0,"AltMode":-1,"Base":0,"Snippet":"","PopupInfo":"","HasLabel":-1,"LabelID":0,"ward_source_id":"ward_369_final.47","ward_source_Name":null,"ward_description":null,"ward_timestamp":null,"ward_begin":null,"ward_end":null,"ward_altitudeMode":null,"ward_tessellate":-1,"ward_extrude":0,"ward_visibility":-1,"ward_drawOrder":null,"ward_icon":null,"ward_Corporation":"South","ward_corporation_kn":"ದಕ್ಷಿಣ","ward_corporation_id":"4","ward_ac":"Yeshwanthapura","ward_ac_kn":"ಯಶವಂತಪುರ","ward_ac_no":"153","ward_Assembly":"153 - Yeshwanthapura","ward_id":"52","ward_name":"52 - Talagattapura","ward_name_kn":"ತಲಘಟ್ಟಪುರ","ward_TOT_P":"23797.0","ward_TOT_M":"11887.0","ward_TOT_F":"10620.0","ward_SC_P":"3135.0","ward_SC_M":"1606.0","ward_SC_F":"1529.0","ward_ST_P":"401.0","ward_ST_M":"212.0","ward_ST_F":"189.0","ward_low_range":"18594","ward_high_range":"27891","ward_RO_Code":"4","ward_RO_Division":"RO- Anjanapura","ward_ARO_Code":"7","ward_ARO_ Sub Division":"ARO- Anjanapura","ward_zone":"Zone1","ward_zone_name":"Jayanagar","ward_join_status":"matched","ward_spatial_match_count":1},"geometry":{"type":"Point","coordinates":[77.51402780000006,12.872138900000039,0]},"id":43},{"type":"Feature","properties":{"fid":44,"OBJECTID":44,"Name":"Placemark","FolderPath":"Document/lakes","SymbolID":0,"AltMode":-1,"Base":0,"Snippet":"","PopupInfo":"","HasLabel":-1,"LabelID":0,"ward_source_id":"ward_369_final.22","ward_source_Name":null,"ward_description":null,"ward_timestamp":null,"ward_begin":null,"ward_end":null,"ward_altitudeMode":null,"ward_tessellate":-1,"ward_extrude":0,"ward_visibility":-1,"ward_drawOrder":null,"ward_icon":null,"ward_Corporation":"West","ward_corporation_kn":"ಪಶ್ಚಿಮ","ward_corporation_id":"5","ward_ac":"Yeshwanthapura","ward_ac_kn":"ಯಶವಂತಪುರ","ward_ac_no":"153","ward_Assembly":"153 - Yeshwanthapura","ward_id":"20","ward_name":"20 - Kengeri Kote ward","ward_name_kn":"ಕೆಂಗೇರಿ ಕೋಟೆ ವಾರ್ಡ್","ward_TOT_P":"19339.0","ward_TOT_M":"9841.0","ward_TOT_F":"9499.0","ward_SC_P":"2048.0","ward_SC_M":"968.0","ward_SC_F":"1081.0","ward_ST_P":"336.0","ward_ST_M":"170.0","ward_ST_F":"166.0","ward_low_range":"18949","ward_high_range":"28424","ward_RO_Code":"15","ward_RO_Division":"RO- Kengeri","ward_ARO_Code":"43","ward_ARO_ Sub Division":"ARO- Hemmigepura","ward_zone":"Zone1","ward_zone_name":"Rajarajeshwarinagar","ward_join_status":"matched","ward_spatial_match_count":1},"geometry":{"type":"Point","coordinates":[77.48291670000003,12.891516700000068,0]},"id":44},{"type":"Feature","properties":{"fid":45,"OBJECTID":45,"Name":"Placemark","FolderPath":"Document/lakes","SymbolID":0,"AltMode":-1,"Base":0,"Snippet":"","PopupInfo":"","HasLabel":-1,"LabelID":0,"ward_source_id":"ward_369_final.47","ward_source_Name":null,"ward_description":null,"ward_timestamp":null,"ward_begin":null,"ward_end":null,"ward_altitudeMode":null,"ward_tessellate":-1,"ward_extrude":0,"ward_visibility":-1,"ward_drawOrder":null,"ward_icon":null,"ward_Corporation":"South","ward_corporation_kn":"ದಕ್ಷಿಣ","ward_corporation_id":"4","ward_ac":"Yeshwanthapura","ward_ac_kn":"ಯಶವಂತಪುರ","ward_ac_no":"153","ward_Assembly":"153 - Yeshwanthapura","ward_id":"52","ward_name":"52 - Talagattapura","ward_name_kn":"ತಲಘಟ್ಟಪುರ","ward_TOT_P":"23797.0","ward_TOT_M":"11887.0","ward_TOT_F":"10620.0","ward_SC_P":"3135.0","ward_SC_M":"1606.0","ward_SC_F":"1529.0","ward_ST_P":"401.0","ward_ST_M":"212.0","ward_ST_F":"189.0","ward_low_range":"18594","ward_high_range":"27891","ward_RO_Code":"4","ward_RO_Division":"RO- Anjanapura","ward_ARO_Code":"7","ward_ARO_ Sub Division":"ARO- Anjanapura","ward_zone":"Zone1","ward_zone_name":"Jayanagar","ward_join_status":"matched","ward_spatial_match_count":1},"geometry":{"type":"Point","coordinates":[77.51711670000003,12.881266700000026,0]},"id":45},{"type":"Feature","properties":{"fid":46,"OBJECTID":46,"Name":"Placemark","FolderPath":"Document/lakes","SymbolID":0,"AltMode":-1,"Base":0,"Snippet":"","PopupInfo":"","HasLabel":-1,"LabelID":0,"ward_source_id":"ward_369_final.294","ward_source_Name":null,"ward_description":null,"ward_timestamp":null,"ward_begin":null,"ward_end":null,"ward_altitudeMode":null,"ward_tessellate":-1,"ward_extrude":0,"ward_visibility":-1,"ward_drawOrder":null,"ward_icon":null,"ward_Corporation":"West","ward_corporation_kn":"ಪಶ್ಚಿಮ","ward_corporation_id":"5","ward_ac":"Yeshwanthapura","ward_ac_kn":"ಯಶವಂತಪುರ","ward_ac_no":"153","ward_Assembly":"153 - Yeshwanthapura","ward_id":"19","ward_name":"19 - Shivanapalya","ward_name_kn":"ಶಿವನಪಾಳ್ಯ","ward_TOT_P":"21903.0","ward_TOT_M":"11495.0","ward_TOT_F":"10408.0","ward_SC_P":"2237.0","ward_SC_M":"1156.0","ward_SC_F":"1081.0","ward_ST_P":"436.0","ward_ST_M":"232.0","ward_ST_F":"204.0","ward_low_range":"18949","ward_high_range":"28424","ward_RO_Code":"15","ward_RO_Division":"RO- Kengeri","ward_ARO_Code":"44","ward_ARO_ Sub Division":"ARO- Kengeri","ward_zone":"Zone1","ward_zone_name":"Rajarajeshwarinagar","ward_join_status":"matched","ward_spatial_match_count":1},"geometry":{"type":"Point","coordinates":[77.49361670000008,12.931466700000044,0]},"id":46},{"type":"Feature","properties":{"fid":47,"OBJECTID":47,"Name":"Placemark","FolderPath":"Document/lakes","SymbolID":0,"AltMode":-1,"Base":0,"Snippet":"","PopupInfo":"","HasLabel":-1,"LabelID":0,"ward_source_id":null,"ward_source_Name":null,"ward_description":null,"ward_timestamp":null,"ward_begin":null,"ward_end":null,"ward_altitudeMode":null,"ward_tessellate":null,"ward_extrude":null,"ward_visibility":null,"ward_drawOrder":null,"ward_icon":null,"ward_Corporation":null,"ward_corporation_kn":null,"ward_corporation_id":null,"ward_ac":null,"ward_ac_kn":null,"ward_ac_no":null,"ward_Assembly":null,"ward_id":null,"ward_name":null,"ward_name_kn":null,"ward_TOT_P":null,"ward_TOT_M":null,"ward_TOT_F":null,"ward_SC_P":null,"ward_SC_M":null,"ward_SC_F":null,"ward_ST_P":null,"ward_ST_M":null,"ward_ST_F":null,"ward_low_range":null,"ward_high_range":null,"ward_RO_Code":null,"ward_RO_Division":null,"ward_ARO_Code":null,"ward_ARO_ Sub Division":null,"ward_zone":null,"ward_zone_name":null,"ward_join_status":"unmatched","ward_spatial_match_count":0},"geometry":{"type":"Point","coordinates":[77.61611110000007,12.852166700000055,0]},"id":47},{"type":"Feature","properties":{"fid":48,"OBJECTID":48,"Name":"Placemark","FolderPath":"Document/lakes","SymbolID":0,"AltMode":-1,"Base":0,"Snippet":"","PopupInfo":"","HasLabel":-1,"LabelID":0,"ward_source_id":"ward_369_final.22","ward_source_Name":null,"ward_description":null,"ward_timestamp":null,"ward_begin":null,"ward_end":null,"ward_altitudeMode":null,"ward_tessellate":-1,"ward_extrude":0,"ward_visibility":-1,"ward_drawOrder":null,"ward_icon":null,"ward_Corporation":"West","ward_corporation_kn":"ಪಶ್ಚಿಮ","ward_corporation_id":"5","ward_ac":"Yeshwanthapura","ward_ac_kn":"ಯಶವಂತಪುರ","ward_ac_no":"153","ward_Assembly":"153 - Yeshwanthapura","ward_id":"20","ward_name":"20 - Kengeri Kote ward","ward_name_kn":"ಕೆಂಗೇರಿ ಕೋಟೆ ವಾರ್ಡ್","ward_TOT_P":"19339.0","ward_TOT_M":"9841.0","ward_TOT_F":"9499.0","ward_SC_P":"2048.0","ward_SC_M":"968.0","ward_SC_F":"1081.0","ward_ST_P":"336.0","ward_ST_M":"170.0","ward_ST_F":"166.0","ward_low_range":"18949","ward_high_range":"28424","ward_RO_Code":"15","ward_RO_Division":"RO- Kengeri","ward_ARO_Code":"43","ward_ARO_ Sub Division":"ARO- Hemmigepura","ward_zone":"Zone1","ward_zone_name":"Rajarajeshwarinagar","ward_join_status":"matched","ward_spatial_match_count":1},"geometry":{"type":"Point","coordinates":[77.49583330000007,12.906416700000023,0]},"id":48},{"type":"Feature","properties":{"fid":49,"OBJECTID":49,"Name":"Placemark","FolderPath":"Document/lakes","SymbolID":0,"AltMode":-1,"Base":0,"Snippet":"","PopupInfo":"","HasLabel":-1,"LabelID":0,"ward_source_id":"ward_369_final.290","ward_source_Name":null,"ward_description":null,"ward_timestamp":null,"ward_begin":null,"ward_end":null,"ward_altitudeMode":null,"ward_tessellate":-1,"ward_extrude":0,"ward_visibility":-1,"ward_drawOrder":null,"ward_icon":null,"ward_Corporation":"West","ward_corporation_kn":"ಪಶ್ಚಿಮ","ward_corporation_id":"5","ward_ac":"Yeshwanthapura","ward_ac_kn":"ಯಶವಂತಪುರ","ward_ac_no":"153","ward_Assembly":"153 - Yeshwanthapura","ward_id":"21","ward_name":"21 - Kengeri","ward_name_kn":"ಕೆಂಗೇರಿ","ward_TOT_P":"21835.0","ward_TOT_M":"11253.0","ward_TOT_F":"10582.0","ward_SC_P":"2478.0","ward_SC_M":"1266.0","ward_SC_F":"1212.0","ward_ST_P":"371.0","ward_ST_M":"210.0","ward_ST_F":"161.0","ward_low_range":"18949","ward_high_range":"28424","ward_RO_Code":"15","ward_RO_Division":"RO- Kengeri","ward_ARO_Code":"44","ward_ARO_ Sub Division":"ARO- Kengeri","ward_zone":"Zone1","ward_zone_name":"Rajarajeshwarinagar","ward_join_status":"matched","ward_spatial_match_count":1},"geometry":{"type":"Point","coordinates":[77.48677780000008,12.916361100000074,0]},"id":49},{"type":"Feature","properties":{"fid":50,"OBJECTID":50,"Name":"Placemark","FolderPath":"Document/lakes","SymbolID":0,"AltMode":-1,"Base":0,"Snippet":"","PopupInfo":"","HasLabel":-1,"LabelID":0,"ward_source_id":"ward_369_final.63","ward_source_Name":null,"ward_description":null,"ward_timestamp":null,"ward_begin":null,"ward_end":null,"ward_altitudeMode":null,"ward_tessellate":-1,"ward_extrude":0,"ward_visibility":-1,"ward_drawOrder":null,"ward_icon":null,"ward_Corporation":"South","ward_corporation_kn":"ದಕ್ಷಿಣ","ward_corporation_id":"4","ward_ac":"Bangalore South","ward_ac_kn":"ಬೆಂಗಳೂರು ದಕ್ಷಿಣ","ward_ac_no":"176","ward_Assembly":"176 - Bangalore South","ward_id":"49","ward_name":"49 - Uttarahalli","ward_name_kn":"ಉತ್ತರಹಳ್ಳಿ","ward_TOT_P":"25302.0","ward_TOT_M":"13208.0","ward_TOT_F":"12094.0","ward_SC_P":"3474.0","ward_SC_M":"1757.0","ward_SC_F":"1717.0","ward_ST_P":"601.0","ward_ST_M":"304.0","ward_ST_F":"297.0","ward_low_range":"18594","ward_high_range":"27891","ward_RO_Code":"4","ward_RO_Division":"RO- Anjanapura","ward_ARO_Code":"9","ward_ARO_ Sub Division":"ARO- Uttarahalli","ward_zone":"Zone1","ward_zone_name":"Jayanagar","ward_join_status":"matched","ward_spatial_match_count":1},"geometry":{"type":"Point","coordinates":[77.55013890000004,12.902833300000054,0]},"id":50},{"type":"Feature","properties":{"fid":51,"OBJECTID":51,"Name":"Placemark","FolderPath":"Document/lakes","SymbolID":0,"AltMode":-1,"Base":0,"Snippet":"","PopupInfo":"","HasLabel":-1,"LabelID":0,"ward_source_id":"ward_369_final.57","ward_source_Name":null,"ward_description":null,"ward_timestamp":null,"ward_begin":null,"ward_end":null,"ward_altitudeMode":null,"ward_tessellate":-1,"ward_extrude":0,"ward_visibility":-1,"ward_drawOrder":null,"ward_icon":null,"ward_Corporation":"South","ward_corporation_kn":"ದಕ್ಷಿಣ","ward_corporation_id":"4","ward_ac":"Bangalore South","ward_ac_kn":"ಬೆಂಗಳೂರು ದಕ್ಷಿಣ","ward_ac_no":"176","ward_Assembly":"176 - Bangalore South","ward_id":"51","ward_name":"51 - Subramanyapura","ward_name_kn":"ಸುಬ್ರಹ್ಮಣ್ಯಪುರ","ward_TOT_P":"27304.0","ward_TOT_M":"14134.0","ward_TOT_F":"13170.0","ward_SC_P":"2715.0","ward_SC_M":"1359.0","ward_SC_F":"1356.0","ward_ST_P":"433.0","ward_ST_M":"231.0","ward_ST_F":"202.0","ward_low_range":"18594","ward_high_range":"27891","ward_RO_Code":"4","ward_RO_Division":"RO- Anjanapura","ward_ARO_Code":"9","ward_ARO_ Sub Division":"ARO- Uttarahalli","ward_zone":"Zone1","ward_zone_name":"Jayanagar","ward_join_status":"matched","ward_spatial_match_count":1},"geometry":{"type":"Point","coordinates":[77.54116670000008,12.90783330000005,0]},"id":51},{"type":"Feature","properties":{"fid":52,"OBJECTID":52,"Name":"Placemark","FolderPath":"Document/lakes","SymbolID":0,"AltMode":-1,"Base":0,"Snippet":"","PopupInfo":"","HasLabel":-1,"LabelID":0,"ward_source_id":"ward_369_final.144","ward_source_Name":null,"ward_description":null,"ward_timestamp":null,"ward_begin":null,"ward_end":null,"ward_altitudeMode":null,"ward_tessellate":-1,"ward_extrude":0,"ward_visibility":-1,"ward_drawOrder":null,"ward_icon":null,"ward_Corporation":"South","ward_corporation_kn":"ದಕ್ಷಿಣ","ward_corporation_id":"4","ward_ac":"Bommanahalli","ward_ac_kn":"ಬೊಮ್ಮನಹಳ್ಳಿ","ward_ac_no":"175","ward_Assembly":"175 - Bommanahalli","ward_id":"67","ward_name":"67 - Bandepalya","ward_name_kn":"ಬಂಡೇಪಾಳ್ಯ","ward_TOT_P":"19744.0","ward_TOT_M":"10547.0","ward_TOT_F":"9197.0","ward_SC_P":"1725.0","ward_SC_M":"883.0","ward_SC_F":"842.0","ward_ST_P":"321.0","ward_ST_M":"179.0","ward_ST_F":"142.0","ward_low_range":"18594","ward_high_range":"27891","ward_RO_Code":"7","ward_RO_Division":"RO- Bommanahalli","ward_ARO_Code":"19","ward_ARO_ Sub Division":"ARO- Mangamanapalya","ward_zone":"Zone2","ward_zone_name":"Bommanahalli","ward_join_status":"matched","ward_spatial_match_count":1},"geometry":{"type":"Point","coordinates":[77.64527780000003,12.882388900000024,0]},"id":52},{"type":"Feature","properties":{"fid":53,"OBJECTID":53,"Name":"Placemark","FolderPath":"Document/lakes","SymbolID":0,"AltMode":-1,"Base":0,"Snippet":"","PopupInfo":"","HasLabel":-1,"LabelID":0,"ward_source_id":"ward_369_final.80","ward_source_Name":null,"ward_description":null,"ward_timestamp":null,"ward_begin":null,"ward_end":null,"ward_altitudeMode":null,"ward_tessellate":-1,"ward_extrude":0,"ward_visibility":-1,"ward_drawOrder":null,"ward_icon":null,"ward_Corporation":"South","ward_corporation_kn":"ದಕ್ಷಿಣ","ward_corporation_id":"4","ward_ac":"Bangalore South","ward_ac_kn":"ಬೆಂಗಳೂರು ದಕ್ಷಿಣ","ward_ac_no":"176","ward_Assembly":"176 - Bangalore South","ward_id":"33","ward_name":"33 - Naganathapura","ward_name_kn":"ನಾಗನಾಥಪುರ","ward_TOT_P":"18599.0","ward_TOT_M":"10063.0","ward_TOT_F":"8497.0","ward_SC_P":"2528.0","ward_SC_M":"1327.0","ward_SC_F":"1201.0","ward_ST_P":"564.0","ward_ST_M":"330.0","ward_ST_F":"234.0","ward_low_range":"18594","ward_high_range":"27891","ward_RO_Code":"5","ward_RO_Division":"RO- Beguru","ward_ARO_Code":"14","ward_ARO_ Sub Division":"ARO- Naganathpura","ward_zone":"Zone1","ward_zone_name":"Jayanagar","ward_join_status":"matched","ward_spatial_match_count":1},"geometry":{"type":"Point","coordinates":[77.66083330000004,12.879027800000074,0]},"id":53},{"type":"Feature","properties":{"fid":54,"OBJECTID":54,"Name":"Placemark","FolderPath":"Document/lakes","SymbolID":0,"AltMode":-1,"Base":0,"Snippet":"","PopupInfo":"","HasLabel":-1,"LabelID":0,"ward_source_id":"ward_369_final.109","ward_source_Name":null,"ward_description":null,"ward_timestamp":null,"ward_begin":null,"ward_end":null,"ward_altitudeMode":null,"ward_tessellate":-1,"ward_extrude":0,"ward_visibility":-1,"ward_drawOrder":null,"ward_icon":null,"ward_Corporation":"South","ward_corporation_kn":"ದಕ್ಷಿಣ","ward_corporation_id":"4","ward_ac":"Anekal","ward_ac_kn":"ಆನೇಕಲ್","ward_ac_no":"177","ward_Assembly":"177 - Anekal","ward_id":"32","ward_name":"32 - Kudlu","ward_name_kn":"ಕೂಡ್ಲು","ward_TOT_P":"16661.0","ward_TOT_M":"9005.0","ward_TOT_F":"7656.0","ward_SC_P":"2887.0","ward_SC_M":"1499.0","ward_SC_F":"1389.0","ward_ST_P":"425.0","ward_ST_M":"236.0","ward_ST_F":"189.0","ward_low_range":"18594","ward_high_range":"27891","ward_RO_Code":"1","ward_RO_Division":"RO- HSR Layout","ward_ARO_Code":"1","ward_ARO_ Sub Division":"ARO- Kudlu","ward_zone":"Zone2","ward_zone_name":"Bommanahalli","ward_join_status":"matched","ward_spatial_match_count":1},"geometry":{"type":"Point","coordinates":[77.65530000000007,12.892700000000048,0]},"id":54},{"type":"Feature","properties":{"fid":55,"OBJECTID":55,"Name":"Placemark","FolderPath":"Document/lakes","SymbolID":0,"AltMode":-1,"Base":0,"Snippet":"","PopupInfo":"","HasLabel":-1,"LabelID":0,"ward_source_id":"ward_369_final.109","ward_source_Name":null,"ward_description":null,"ward_timestamp":null,"ward_begin":null,"ward_end":null,"ward_altitudeMode":null,"ward_tessellate":-1,"ward_extrude":0,"ward_visibility":-1,"ward_drawOrder":null,"ward_icon":null,"ward_Corporation":"South","ward_corporation_kn":"ದಕ್ಷಿಣ","ward_corporation_id":"4","ward_ac":"Anekal","ward_ac_kn":"ಆನೇಕಲ್","ward_ac_no":"177","ward_Assembly":"177 - Anekal","ward_id":"32","ward_name":"32 - Kudlu","ward_name_kn":"ಕೂಡ್ಲು","ward_TOT_P":"16661.0","ward_TOT_M":"9005.0","ward_TOT_F":"7656.0","ward_SC_P":"2887.0","ward_SC_M":"1499.0","ward_SC_F":"1389.0","ward_ST_P":"425.0","ward_ST_M":"236.0","ward_ST_F":"189.0","ward_low_range":"18594","ward_high_range":"27891","ward_RO_Code":"1","ward_RO_Division":"RO- HSR Layout","ward_ARO_Code":"1","ward_ARO_ Sub Division":"ARO- Kudlu","ward_zone":"Zone2","ward_zone_name":"Bommanahalli","ward_join_status":"matched","ward_spatial_match_count":1},"geometry":{"type":"Point","coordinates":[77.66670170000003,12.885835000000043,0]},"id":55},{"type":"Feature","properties":{"fid":56,"OBJECTID":56,"Name":"Placemark","FolderPath":"Document/lakes","SymbolID":0,"AltMode":-1,"Base":0,"Snippet":"","PopupInfo":"","HasLabel":-1,"LabelID":0,"ward_source_id":"ward_369_final.143","ward_source_Name":null,"ward_description":null,"ward_timestamp":null,"ward_begin":null,"ward_end":null,"ward_altitudeMode":null,"ward_tessellate":-1,"ward_extrude":0,"ward_visibility":-1,"ward_drawOrder":null,"ward_icon":null,"ward_Corporation":"South","ward_corporation_kn":"ದಕ್ಷಿಣ","ward_corporation_id":"4","ward_ac":"Bommanahalli","ward_ac_kn":"ಬೊಮ್ಮನಹಳ್ಳಿ","ward_ac_no":"175","ward_Assembly":"175 - Bommanahalli","ward_id":"66","ward_name":"66 - Singasandra","ward_name_kn":"ಸಿಂಗಸಂದ್ರ","ward_TOT_P":"19089.0","ward_TOT_M":"10250.0","ward_TOT_F":"8839.0","ward_SC_P":"2633.0","ward_SC_M":"1288.0","ward_SC_F":"1345.0","ward_ST_P":"271.0","ward_ST_M":"150.0","ward_ST_F":"121.0","ward_low_range":"18594","ward_high_range":"27891","ward_RO_Code":"7","ward_RO_Division":"RO- Bommanahalli","ward_ARO_Code":"20","ward_ARO_ Sub Division":"ARO- Singasandra","ward_zone":"Zone2","ward_zone_name":"Bommanahalli","ward_join_status":"matched","ward_spatial_match_count":1},"geometry":{"type":"Point","coordinates":[77.64230000000003,12.87925000000007,0]},"id":56},{"type":"Feature","properties":{"fid":57,"OBJECTID":57,"Name":"Placemark","FolderPath":"Document/lakes","SymbolID":0,"AltMode":-1,"Base":0,"Snippet":"","PopupInfo":"","HasLabel":-1,"LabelID":0,"ward_source_id":"ward_369_final.84","ward_source_Name":null,"ward_description":null,"ward_timestamp":null,"ward_begin":null,"ward_end":null,"ward_altitudeMode":null,"ward_tessellate":-1,"ward_extrude":0,"ward_visibility":-1,"ward_drawOrder":null,"ward_icon":null,"ward_Corporation":"South","ward_corporation_kn":"ದಕ್ಷಿಣ","ward_corporation_id":"4","ward_ac":"Bangalore South","ward_ac_kn":"ಬೆಂಗಳೂರು ದಕ್ಷಿಣ","ward_ac_no":"176","ward_Assembly":"176 - Bangalore South","ward_id":"34","ward_name":"34 - Chikkathoguru","ward_name_kn":"ಚಿಕ್ಕ ತೋಗೂರು","ward_TOT_P":"18868.0","ward_TOT_M":"10257.0","ward_TOT_F":"8651.0","ward_SC_P":"1939.0","ward_SC_M":"969.0","ward_SC_F":"971.0","ward_ST_P":"407.0","ward_ST_M":"221.0","ward_ST_F":"185.0","ward_low_range":"18594","ward_high_range":"27891","ward_RO_Code":"5","ward_RO_Division":"RO- Beguru","ward_ARO_Code":"14","ward_ARO_ Sub Division":"ARO- Naganathpura","ward_zone":"Zone1","ward_zone_name":"Jayanagar","ward_join_status":"matched","ward_spatial_match_count":1},"geometry":{"type":"Point","coordinates":[77.64885000000004,12.870250000000055,0]},"id":57},{"type":"Feature","properties":{"fid":58,"OBJECTID":58,"Name":"Placemark","FolderPath":"Document/lakes","SymbolID":0,"AltMode":-1,"Base":0,"Snippet":"","PopupInfo":"","HasLabel":-1,"LabelID":0,"ward_source_id":"ward_369_final.64","ward_source_Name":null,"ward_description":null,"ward_timestamp":null,"ward_begin":null,"ward_end":null,"ward_altitudeMode":null,"ward_tessellate":-1,"ward_extrude":0,"ward_visibility":-1,"ward_drawOrder":null,"ward_icon":null,"ward_Corporation":"South","ward_corporation_kn":"ದಕ್ಷಿಣ","ward_corporation_id":"4","ward_ac":"Bangalore South","ward_ac_kn":"ಬೆಂಗಳೂರು ದಕ್ಷಿಣ","ward_ac_no":"176","ward_Assembly":"176 - Bangalore South","ward_id":"46","ward_name":"46 - Yelachenahalli","ward_name_kn":"ಯೆಲಚೇನಹಳ್ಳಿ","ward_TOT_P":"23953.0","ward_TOT_M":"12487.0","ward_TOT_F":"11466.0","ward_SC_P":"1040.0","ward_SC_M":"541.0","ward_SC_F":"499.0","ward_ST_P":"236.0","ward_ST_M":"121.0","ward_ST_F":"114.0","ward_low_range":"18594","ward_high_range":"27891","ward_RO_Code":"4","ward_RO_Division":"RO- Anjanapura","ward_ARO_Code":"10","ward_ARO_ Sub Division":"ARO- Yelachenahalli","ward_zone":"Zone1","ward_zone_name":"Jayanagar","ward_join_status":"matched","ward_spatial_match_count":1},"geometry":{"type":"Point","coordinates":[77.56511110000008,12.899166700000023,0]},"id":58},{"type":"Feature","properties":{"fid":59,"OBJECTID":59,"Name":"Placemark","FolderPath":"Document/lakes","SymbolID":0,"AltMode":-1,"Base":0,"Snippet":"","PopupInfo":"","HasLabel":-1,"LabelID":0,"ward_source_id":"ward_369_final.65","ward_source_Name":null,"ward_description":null,"ward_timestamp":null,"ward_begin":null,"ward_end":null,"ward_altitudeMode":null,"ward_tessellate":-1,"ward_extrude":0,"ward_visibility":-1,"ward_drawOrder":null,"ward_icon":null,"ward_Corporation":"South","ward_corporation_kn":"ದಕ್ಷಿಣ","ward_corporation_id":"4","ward_ac":"Bangalore South","ward_ac_kn":"ಬೆಂಗಳೂರು ದಕ್ಷಿಣ","ward_ac_no":"176","ward_Assembly":"176 - Bangalore South","ward_id":"37","ward_name":"37 - Yelenahalli","ward_name_kn":"ಯೆಲೇನಹಳ್ಳಿ","ward_TOT_P":"18609.0","ward_TOT_M":"9923.0","ward_TOT_F":"8636.0","ward_SC_P":"1636.0","ward_SC_M":"833.0","ward_SC_F":"803.0","ward_ST_P":"156.0","ward_ST_M":"87.0","ward_ST_F":"69.0","ward_low_range":"18594","ward_high_range":"27891","ward_RO_Code":"5","ward_RO_Division":"RO- Beguru","ward_ARO_Code":"11","ward_ARO_ Sub Division":"ARO- Beguru","ward_zone":"Zone1","ward_zone_name":"Jayanagar","ward_join_status":"matched","ward_spatial_match_count":1},"geometry":{"type":"Point","coordinates":[77.58966670000007,12.865416700000026,0]},"id":59},{"type":"Feature","properties":{"fid":60,"OBJECTID":60,"Name":"Placemark","FolderPath":"Document/lakes","SymbolID":0,"AltMode":-1,"Base":0,"Snippet":"","PopupInfo":"","HasLabel":-1,"LabelID":0,"ward_source_id":"ward_369_final.62","ward_source_Name":null,"ward_description":null,"ward_timestamp":null,"ward_begin":null,"ward_end":null,"ward_altitudeMode":null,"ward_tessellate":-1,"ward_extrude":0,"ward_visibility":-1,"ward_drawOrder":null,"ward_icon":null,"ward_Corporation":"West","ward_corporation_kn":"ಪಶ್ಚಿಮ","ward_corporation_id":"5","ward_ac":"Rajarajeshwarinagar","ward_ac_kn":"ರಾಜರಾಜೇಶ್ವರಿನಗರ","ward_ac_no":"154","ward_Assembly":"154 - Rajarajeshwarinagar","ward_id":"22","ward_name":"22 - Bangarappa Nagara","ward_name_kn":"ಬಂಗಾರಪ್ಪ ನಗರ","ward_TOT_P":"28414.0","ward_TOT_M":"14846.0","ward_TOT_F":"13669.0","ward_SC_P":"2140.0","ward_SC_M":"1088.0","ward_SC_F":"1052.0","ward_ST_P":"836.0","ward_ST_M":"430.0","ward_ST_F":"406.0","ward_low_range":"18949","ward_high_range":"28424","ward_RO_Code":"11","ward_RO_Division":"RO- Rajarajeswari Nagara","ward_ARO_Code":"35","ward_ARO_ Sub Division":"ARO- Rajarajeswari Nagara","ward_zone":"Zone1","ward_zone_name":"Rajarajeshwarinagar","ward_join_status":"matched","ward_spatial_match_count":1},"geometry":{"type":"Point","coordinates":[77.52866670000003,12.915166700000043,0]},"id":60},{"type":"Feature","properties":{"fid":61,"OBJECTID":61,"Name":"Placemark","FolderPath":"Document/lakes","SymbolID":0,"AltMode":-1,"Base":0,"Snippet":"","PopupInfo":"","HasLabel":-1,"LabelID":0,"ward_source_id":"ward_369_final.15","ward_source_Name":null,"ward_description":null,"ward_timestamp":null,"ward_begin":null,"ward_end":null,"ward_altitudeMode":null,"ward_tessellate":-1,"ward_extrude":0,"ward_visibility":-1,"ward_drawOrder":null,"ward_icon":null,"ward_Corporation":"South","ward_corporation_kn":"ದಕ್ಷಿಣ","ward_corporation_id":"4","ward_ac":"Bangalore South","ward_ac_kn":"ಬೆಂಗಳೂರು ದಕ್ಷಿಣ","ward_ac_no":"176","ward_Assembly":"176 - Bangalore South","ward_id":"36","ward_name":"36 - Beguru","ward_name_kn":"ಬೇಗೂರು","ward_TOT_P":"18605.0","ward_TOT_M":"9615.0","ward_TOT_F":"8880.0","ward_SC_P":"1303.0","ward_SC_M":"662.0","ward_SC_F":"642.0","ward_ST_P":"196.0","ward_ST_M":"101.0","ward_ST_F":"95.0","ward_low_range":"18594","ward_high_range":"27891","ward_RO_Code":"5","ward_RO_Division":"RO- Beguru","ward_ARO_Code":"11","ward_ARO_ Sub Division":"ARO- Beguru","ward_zone":"Zone1","ward_zone_name":"Jayanagar","ward_join_status":"matched","ward_spatial_match_count":1},"geometry":{"type":"Point","coordinates":[77.62997220000005,12.874722200000065,0]},"id":61},{"type":"Feature","properties":{"fid":62,"OBJECTID":62,"Name":"Placemark","FolderPath":"Document/lakes","SymbolID":0,"AltMode":-1,"Base":0,"Snippet":"","PopupInfo":"","HasLabel":-1,"LabelID":0,"ward_source_id":"ward_369_final.71","ward_source_Name":null,"ward_description":null,"ward_timestamp":null,"ward_begin":null,"ward_end":null,"ward_altitudeMode":null,"ward_tessellate":-1,"ward_extrude":0,"ward_visibility":-1,"ward_drawOrder":null,"ward_icon":null,"ward_Corporation":"South","ward_corporation_kn":"ದಕ್ಷಿಣ","ward_corporation_id":"4","ward_ac":"Bangalore South","ward_ac_kn":"ಬೆಂಗಳೂರು ದಕ್ಷಿಣ","ward_ac_no":"176","ward_Assembly":"176 - Bangalore South","ward_id":"38","ward_name":"38 - Doddakammanahalli","ward_name_kn":"ದೊಡ್ಡಕಮ್ಮನಹಳ್ಳಿ","ward_TOT_P":"19891.0","ward_TOT_M":"10461.0","ward_TOT_F":"9479.0","ward_SC_P":"2339.0","ward_SC_M":"1154.0","ward_SC_F":"1185.0","ward_ST_P":"515.0","ward_ST_M":"260.0","ward_ST_F":"255.0","ward_low_range":"18594","ward_high_range":"27891","ward_RO_Code":"5","ward_RO_Division":"RO- Beguru","ward_ARO_Code":"13","ward_ARO_ Sub Division":"ARO- Gottigere","ward_zone":"Zone1","ward_zone_name":"Jayanagar","ward_join_status":"matched","ward_spatial_match_count":1},"geometry":{"type":"Point","coordinates":[77.58944440000005,12.852722200000073,0]},"id":62},{"type":"Feature","properties":{"fid":63,"OBJECTID":63,"Name":"Placemark","FolderPath":"Document/lakes","SymbolID":0,"AltMode":-1,"Base":0,"Snippet":"","PopupInfo":"","HasLabel":-1,"LabelID":0,"ward_source_id":"ward_369_final.57","ward_source_Name":null,"ward_description":null,"ward_timestamp":null,"ward_begin":null,"ward_end":null,"ward_altitudeMode":null,"ward_tessellate":-1,"ward_extrude":0,"ward_visibility":-1,"ward_drawOrder":null,"ward_icon":null,"ward_Corporation":"South","ward_corporation_kn":"ದಕ್ಷಿಣ","ward_corporation_id":"4","ward_ac":"Bangalore South","ward_ac_kn":"ಬೆಂಗಳೂರು ದಕ್ಷಿಣ","ward_ac_no":"176","ward_Assembly":"176 - Bangalore South","ward_id":"51","ward_name":"51 - Subramanyapura","ward_name_kn":"ಸುಬ್ರಹ್ಮಣ್ಯಪುರ","ward_TOT_P":"27304.0","ward_TOT_M":"14134.0","ward_TOT_F":"13170.0","ward_SC_P":"2715.0","ward_SC_M":"1359.0","ward_SC_F":"1356.0","ward_ST_P":"433.0","ward_ST_M":"231.0","ward_ST_F":"202.0","ward_low_range":"18594","ward_high_range":"27891","ward_RO_Code":"4","ward_RO_Division":"RO- Anjanapura","ward_ARO_Code":"9","ward_ARO_ Sub Division":"ARO- Uttarahalli","ward_zone":"Zone1","ward_zone_name":"Jayanagar","ward_join_status":"matched","ward_spatial_match_count":1},"geometry":{"type":"Point","coordinates":[77.54280560000007,12.896222200000068,0]},"id":63},{"type":"Feature","properties":{"fid":64,"OBJECTID":64,"Name":"Placemark","FolderPath":"Document/lakes","SymbolID":0,"AltMode":-1,"Base":0,"Snippet":"","PopupInfo":"","HasLabel":-1,"LabelID":0,"ward_source_id":"ward_369_final.69","ward_source_Name":null,"ward_description":null,"ward_timestamp":null,"ward_begin":null,"ward_end":null,"ward_altitudeMode":null,"ward_tessellate":-1,"ward_extrude":0,"ward_visibility":-1,"ward_drawOrder":null,"ward_icon":null,"ward_Corporation":"South","ward_corporation_kn":"ದಕ್ಷಿಣ","ward_corporation_id":"4","ward_ac":"Bangalore South","ward_ac_kn":"ಬೆಂಗಳೂರು ದಕ್ಷಿಣ","ward_ac_no":"176","ward_Assembly":"176 - Bangalore South","ward_id":"41","ward_name":"41 - Kothanur","ward_name_kn":"ಕೊತ್ತನೂರು","ward_TOT_P":"23161.0","ward_TOT_M":"11793.0","ward_TOT_F":"11368.0","ward_SC_P":"3165.0","ward_SC_M":"1603.0","ward_SC_F":"1562.0","ward_ST_P":"489.0","ward_ST_M":"243.0","ward_ST_F":"245.0","ward_low_range":"18594","ward_high_range":"27891","ward_RO_Code":"5","ward_RO_Division":"RO- Beguru","ward_ARO_Code":"12","ward_ARO_ Sub Division":"ARO- Bheereshwara Nagara","ward_zone":"Zone1","ward_zone_name":"Jayanagar","ward_join_status":"matched","ward_spatial_match_count":1},"geometry":{"type":"Point","coordinates":[77.56572220000004,12.867083300000047,0]},"id":64},{"type":"Feature","properties":{"fid":65,"OBJECTID":65,"Name":"Placemark","FolderPath":"Document/lakes","SymbolID":0,"AltMode":-1,"Base":0,"Snippet":"","PopupInfo":"","HasLabel":-1,"LabelID":0,"ward_source_id":"ward_369_final.37","ward_source_Name":null,"ward_description":null,"ward_timestamp":null,"ward_begin":null,"ward_end":null,"ward_altitudeMode":null,"ward_tessellate":-1,"ward_extrude":0,"ward_visibility":-1,"ward_drawOrder":null,"ward_icon":null,"ward_Corporation":"South","ward_corporation_kn":"ದಕ್ಷಿಣ","ward_corporation_id":"4","ward_ac":"Bangalore South","ward_ac_kn":"ಬೆಂಗಳೂರು ದಕ್ಷಿಣ","ward_ac_no":"176","ward_Assembly":"176 - Bangalore South","ward_id":"43","ward_name":"43 - Bheereshwara Nagar","ward_name_kn":"ಭೀರೇಶ್ವರ ನಗರ","ward_TOT_P":"26950.0","ward_TOT_M":"14126.0","ward_TOT_F":"12824.0","ward_SC_P":"1337.0","ward_SC_M":"694.0","ward_SC_F":"643.0","ward_ST_P":"245.0","ward_ST_M":"122.0","ward_ST_F":"123.0","ward_low_range":"18594","ward_high_range":"27891","ward_RO_Code":"5","ward_RO_Division":"RO- Beguru","ward_ARO_Code":"12","ward_ARO_ Sub Division":"ARO- Bheereshwara Nagara","ward_zone":"Zone1","ward_zone_name":"Jayanagar","ward_join_status":"matched","ward_spatial_match_count":1},"geometry":{"type":"Point","coordinates":[77.57519440000004,12.88775000000004,0]},"id":65},{"type":"Feature","properties":{"fid":66,"OBJECTID":66,"Name":"Placemark","FolderPath":"Document/lakes","SymbolID":0,"AltMode":-1,"Base":0,"Snippet":"","PopupInfo":"","HasLabel":-1,"LabelID":0,"ward_source_id":"ward_369_final.31","ward_source_Name":null,"ward_description":null,"ward_timestamp":null,"ward_begin":null,"ward_end":null,"ward_altitudeMode":null,"ward_tessellate":-1,"ward_extrude":0,"ward_visibility":-1,"ward_drawOrder":null,"ward_icon":null,"ward_Corporation":"South","ward_corporation_kn":"ದಕ್ಷಿಣ","ward_corporation_id":"4","ward_ac":"Bangalore South","ward_ac_kn":"ಬೆಂಗಳೂರು ದಕ್ಷಿಣ","ward_ac_no":"176","ward_Assembly":"176 - Bangalore South","ward_id":"44","ward_name":"44 - Harinagar","ward_name_kn":"ಹರಿನಗರ","ward_TOT_P":"21893.0","ward_TOT_M":"11291.0","ward_TOT_F":"10601.0","ward_SC_P":"1509.0","ward_SC_M":"771.0","ward_SC_F":"738.0","ward_ST_P":"217.0","ward_ST_M":"109.0","ward_ST_F":"108.0","ward_low_range":"18594","ward_high_range":"27891","ward_RO_Code":"4","ward_RO_Division":"RO- Anjanapura","ward_ARO_Code":"8","ward_ARO_ Sub Division":"ARO- Konanakunte","ward_zone":"Zone1","ward_zone_name":"Jayanagar","ward_join_status":"matched","ward_spatial_match_count":1},"geometry":{"type":"Point","coordinates":[77.57975000000005,12.873555600000032,0]},"id":66},{"type":"Feature","properties":{"fid":67,"OBJECTID":67,"Name":"Placemark","FolderPath":"Document/lakes","SymbolID":0,"AltMode":-1,"Base":0,"Snippet":"","PopupInfo":"","HasLabel":-1,"LabelID":0,"ward_source_id":"ward_369_final.84","ward_source_Name":null,"ward_description":null,"ward_timestamp":null,"ward_begin":null,"ward_end":null,"ward_altitudeMode":null,"ward_tessellate":-1,"ward_extrude":0,"ward_visibility":-1,"ward_drawOrder":null,"ward_icon":null,"ward_Corporation":"South","ward_corporation_kn":"ದಕ್ಷಿಣ","ward_corporation_id":"4","ward_ac":"Bangalore South","ward_ac_kn":"ಬೆಂಗಳೂರು ದಕ್ಷಿಣ","ward_ac_no":"176","ward_Assembly":"176 - Bangalore South","ward_id":"34","ward_name":"34 - Chikkathoguru","ward_name_kn":"ಚಿಕ್ಕ ತೋಗೂರು","ward_TOT_P":"18868.0","ward_TOT_M":"10257.0","ward_TOT_F":"8651.0","ward_SC_P":"1939.0","ward_SC_M":"969.0","ward_SC_F":"971.0","ward_ST_P":"407.0","ward_ST_M":"221.0","ward_ST_F":"185.0","ward_low_range":"18594","ward_high_range":"27891","ward_RO_Code":"5","ward_RO_Division":"RO- Beguru","ward_ARO_Code":"14","ward_ARO_ Sub Division":"ARO- Naganathpura","ward_zone":"Zone1","ward_zone_name":"Jayanagar","ward_join_status":"matched","ward_spatial_match_count":1},"geometry":{"type":"Point","coordinates":[77.64388890000004,12.868583300000068,0]},"id":67},{"type":"Feature","properties":{"fid":68,"OBJECTID":68,"Name":"Placemark","FolderPath":"Document/lakes","SymbolID":0,"AltMode":-1,"Base":0,"Snippet":"","PopupInfo":"","HasLabel":-1,"LabelID":0,"ward_source_id":"ward_369_final.71","ward_source_Name":null,"ward_description":null,"ward_timestamp":null,"ward_begin":null,"ward_end":null,"ward_altitudeMode":null,"ward_tessellate":-1,"ward_extrude":0,"ward_visibility":-1,"ward_drawOrder":null,"ward_icon":null,"ward_Corporation":"South","ward_corporation_kn":"ದಕ್ಷಿಣ","ward_corporation_id":"4","ward_ac":"Bangalore South","ward_ac_kn":"ಬೆಂಗಳೂರು ದಕ್ಷಿಣ","ward_ac_no":"176","ward_Assembly":"176 - Bangalore South","ward_id":"38","ward_name":"38 - Doddakammanahalli","ward_name_kn":"ದೊಡ್ಡಕಮ್ಮನಹಳ್ಳಿ","ward_TOT_P":"19891.0","ward_TOT_M":"10461.0","ward_TOT_F":"9479.0","ward_SC_P":"2339.0","ward_SC_M":"1154.0","ward_SC_F":"1185.0","ward_ST_P":"515.0","ward_ST_M":"260.0","ward_ST_F":"255.0","ward_low_range":"18594","ward_high_range":"27891","ward_RO_Code":"5","ward_RO_Division":"RO- Beguru","ward_ARO_Code":"13","ward_ARO_ Sub Division":"ARO- Gottigere","ward_zone":"Zone1","ward_zone_name":"Jayanagar","ward_join_status":"matched","ward_spatial_match_count":1},"geometry":{"type":"Point","coordinates":[77.58916670000008,12.844555600000035,0]},"id":68},{"type":"Feature","properties":{"fid":69,"OBJECTID":69,"Name":"Placemark","FolderPath":"Document/lakes","SymbolID":0,"AltMode":-1,"Base":0,"Snippet":"","PopupInfo":"","HasLabel":-1,"LabelID":0,"ward_source_id":"ward_369_final.143","ward_source_Name":null,"ward_description":null,"ward_timestamp":null,"ward_begin":null,"ward_end":null,"ward_altitudeMode":null,"ward_tessellate":-1,"ward_extrude":0,"ward_visibility":-1,"ward_drawOrder":null,"ward_icon":null,"ward_Corporation":"South","ward_corporation_kn":"ದಕ್ಷಿಣ","ward_corporation_id":"4","ward_ac":"Bommanahalli","ward_ac_kn":"ಬೊಮ್ಮನಹಳ್ಳಿ","ward_ac_no":"175","ward_Assembly":"175 - Bommanahalli","ward_id":"66","ward_name":"66 - Singasandra","ward_name_kn":"ಸಿಂಗಸಂದ್ರ","ward_TOT_P":"19089.0","ward_TOT_M":"10250.0","ward_TOT_F":"8839.0","ward_SC_P":"2633.0","ward_SC_M":"1288.0","ward_SC_F":"1345.0","ward_ST_P":"271.0","ward_ST_M":"150.0","ward_ST_F":"121.0","ward_low_range":"18594","ward_high_range":"27891","ward_RO_Code":"7","ward_RO_Division":"RO- Bommanahalli","ward_ARO_Code":"20","ward_ARO_ Sub Division":"ARO- Singasandra","ward_zone":"Zone2","ward_zone_name":"Bommanahalli","ward_join_status":"matched","ward_spatial_match_count":1},"geometry":{"type":"Point","coordinates":[77.63877780000007,12.884833300000025,0]},"id":69},{"type":"Feature","properties":{"fid":70,"OBJECTID":70,"Name":"Placemark","FolderPath":"Document/lakes","SymbolID":0,"AltMode":-1,"Base":0,"Snippet":"","PopupInfo":"","HasLabel":-1,"LabelID":0,"ward_source_id":"ward_369_final.52","ward_source_Name":null,"ward_description":null,"ward_timestamp":null,"ward_begin":null,"ward_end":null,"ward_altitudeMode":null,"ward_tessellate":-1,"ward_extrude":0,"ward_visibility":-1,"ward_drawOrder":null,"ward_icon":null,"ward_Corporation":"South","ward_corporation_kn":"ದಕ್ಷಿಣ","ward_corporation_id":"4","ward_ac":"Bommanahalli","ward_ac_kn":"ಬೊಮ್ಮನಹಳ್ಳಿ","ward_ac_no":"175","ward_Assembly":"175 - Bommanahalli","ward_id":"59","ward_name":"59 - Vijaya Bank Layout","ward_name_kn":"ವಿಜಯ ಬ್ಯಾಂಕ್ ಲೇಔಟ್","ward_TOT_P":"27787.0","ward_TOT_M":"14761.0","ward_TOT_F":"13025.0","ward_SC_P":"2426.0","ward_SC_M":"1259.0","ward_SC_F":"1168.0","ward_ST_P":"319.0","ward_ST_M":"167.0","ward_ST_F":"152.0","ward_low_range":"18594","ward_high_range":"27891","ward_RO_Code":"6","ward_RO_Division":"RO- Arakere","ward_ARO_Code":"16","ward_ARO_ Sub Division":"ARO- Bilekanahalli","ward_zone":"Zone2","ward_zone_name":"Bommanahalli","ward_join_status":"matched","ward_spatial_match_count":1},"geometry":{"type":"Point","coordinates":[77.60336110000003,12.870333300000027,0]},"id":70},{"type":"Feature","properties":{"fid":71,"OBJECTID":71,"Name":"Placemark","FolderPath":"Document/lakes","SymbolID":0,"AltMode":-1,"Base":0,"Snippet":"","PopupInfo":"","HasLabel":-1,"LabelID":0,"ward_source_id":"ward_369_final.80","ward_source_Name":null,"ward_description":null,"ward_timestamp":null,"ward_begin":null,"ward_end":null,"ward_altitudeMode":null,"ward_tessellate":-1,"ward_extrude":0,"ward_visibility":-1,"ward_drawOrder":null,"ward_icon":null,"ward_Corporation":"South","ward_corporation_kn":"ದಕ್ಷಿಣ","ward_corporation_id":"4","ward_ac":"Bangalore South","ward_ac_kn":"ಬೆಂಗಳೂರು ದಕ್ಷಿಣ","ward_ac_no":"176","ward_Assembly":"176 - Bangalore South","ward_id":"33","ward_name":"33 - Naganathapura","ward_name_kn":"ನಾಗನಾಥಪುರ","ward_TOT_P":"18599.0","ward_TOT_M":"10063.0","ward_TOT_F":"8497.0","ward_SC_P":"2528.0","ward_SC_M":"1327.0","ward_SC_F":"1201.0","ward_ST_P":"564.0","ward_ST_M":"330.0","ward_ST_F":"234.0","ward_low_range":"18594","ward_high_range":"27891","ward_RO_Code":"5","ward_RO_Division":"RO- Beguru","ward_ARO_Code":"14","ward_ARO_ Sub Division":"ARO- Naganathpura","ward_zone":"Zone1","ward_zone_name":"Jayanagar","ward_join_status":"matched","ward_spatial_match_count":1},"geometry":{"type":"Point","coordinates":[77.66916670000006,12.878361100000063,0]},"id":71},{"type":"Feature","properties":{"fid":72,"OBJECTID":72,"Name":"Placemark","FolderPath":"Document/lakes","SymbolID":0,"AltMode":-1,"Base":0,"Snippet":"","PopupInfo":"","HasLabel":-1,"LabelID":0,"ward_source_id":"ward_369_final.71","ward_source_Name":null,"ward_description":null,"ward_timestamp":null,"ward_begin":null,"ward_end":null,"ward_altitudeMode":null,"ward_tessellate":-1,"ward_extrude":0,"ward_visibility":-1,"ward_drawOrder":null,"ward_icon":null,"ward_Corporation":"South","ward_corporation_kn":"ದಕ್ಷಿಣ","ward_corporation_id":"4","ward_ac":"Bangalore South","ward_ac_kn":"ಬೆಂಗಳೂರು ದಕ್ಷಿಣ","ward_ac_no":"176","ward_Assembly":"176 - Bangalore South","ward_id":"38","ward_name":"38 - Doddakammanahalli","ward_name_kn":"ದೊಡ್ಡಕಮ್ಮನಹಳ್ಳಿ","ward_TOT_P":"19891.0","ward_TOT_M":"10461.0","ward_TOT_F":"9479.0","ward_SC_P":"2339.0","ward_SC_M":"1154.0","ward_SC_F":"1185.0","ward_ST_P":"515.0","ward_ST_M":"260.0","ward_ST_F":"255.0","ward_low_range":"18594","ward_high_range":"27891","ward_RO_Code":"5","ward_RO_Division":"RO- Beguru","ward_ARO_Code":"13","ward_ARO_ Sub Division":"ARO- Gottigere","ward_zone":"Zone1","ward_zone_name":"Jayanagar","ward_join_status":"matched","ward_spatial_match_count":1},"geometry":{"type":"Point","coordinates":[77.60352780000005,12.854888900000049,0]},"id":72},{"type":"Feature","properties":{"fid":73,"OBJECTID":73,"Name":"Placemark","FolderPath":"Document/lakes","SymbolID":0,"AltMode":-1,"Base":0,"Snippet":"","PopupInfo":"","HasLabel":-1,"LabelID":0,"ward_source_id":"ward_369_final.106","ward_source_Name":null,"ward_description":null,"ward_timestamp":null,"ward_begin":null,"ward_end":null,"ward_altitudeMode":null,"ward_tessellate":-1,"ward_extrude":0,"ward_visibility":-1,"ward_drawOrder":null,"ward_icon":null,"ward_Corporation":"South","ward_corporation_kn":"ದಕ್ಷಿಣ","ward_corporation_id":"4","ward_ac":"Bangalore South","ward_ac_kn":"ಬೆಂಗಳೂರು ದಕ್ಷಿಣ","ward_ac_no":"176","ward_Assembly":"176 - Bangalore South","ward_id":"48","ward_name":"48 - Vasanthapura","ward_name_kn":"ವಸಂತಪುರ","ward_TOT_P":"22830.0","ward_TOT_M":"11987.0","ward_TOT_F":"10843.0","ward_SC_P":"2972.0","ward_SC_M":"1544.0","ward_SC_F":"1428.0","ward_ST_P":"499.0","ward_ST_M":"264.0","ward_ST_F":"236.0","ward_low_range":"18594","ward_high_range":"27891","ward_RO_Code":"4","ward_RO_Division":"RO- Anjanapura","ward_ARO_Code":"8","ward_ARO_ Sub Division":"ARO- Konanakunte","ward_zone":"Zone1","ward_zone_name":"Jayanagar","ward_join_status":"matched","ward_spatial_match_count":1},"geometry":{"type":"Point","coordinates":[77.55677780000008,12.89125000000007,0]},"id":73},{"type":"Feature","properties":{"fid":74,"OBJECTID":74,"Name":"Placemark","FolderPath":"Document/lakes","SymbolID":0,"AltMode":-1,"Base":0,"Snippet":"","PopupInfo":"","HasLabel":-1,"LabelID":0,"ward_source_id":"ward_369_final.63","ward_source_Name":null,"ward_description":null,"ward_timestamp":null,"ward_begin":null,"ward_end":null,"ward_altitudeMode":null,"ward_tessellate":-1,"ward_extrude":0,"ward_visibility":-1,"ward_drawOrder":null,"ward_icon":null,"ward_Corporation":"South","ward_corporation_kn":"ದಕ್ಷಿಣ","ward_corporation_id":"4","ward_ac":"Bangalore South","ward_ac_kn":"ಬೆಂಗಳೂರು ದಕ್ಷಿಣ","ward_ac_no":"176","ward_Assembly":"176 - Bangalore South","ward_id":"49","ward_name":"49 - Uttarahalli","ward_name_kn":"ಉತ್ತರಹಳ್ಳಿ","ward_TOT_P":"25302.0","ward_TOT_M":"13208.0","ward_TOT_F":"12094.0","ward_SC_P":"3474.0","ward_SC_M":"1757.0","ward_SC_F":"1717.0","ward_ST_P":"601.0","ward_ST_M":"304.0","ward_ST_F":"297.0","ward_low_range":"18594","ward_high_range":"27891","ward_RO_Code":"4","ward_RO_Division":"RO- Anjanapura","ward_ARO_Code":"9","ward_ARO_ Sub Division":"ARO- Uttarahalli","ward_zone":"Zone1","ward_zone_name":"Jayanagar","ward_join_status":"matched","ward_spatial_match_count":1},"geometry":{"type":"Point","coordinates":[77.55425000000008,12.897611100000063,0]},"id":74},{"type":"Feature","properties":{"fid":75,"OBJECTID":75,"Name":"Placemark","FolderPath":"Document/lakes","SymbolID":0,"AltMode":-1,"Base":0,"Snippet":"","PopupInfo":"","HasLabel":-1,"LabelID":0,"ward_source_id":"ward_369_final.65","ward_source_Name":null,"ward_description":null,"ward_timestamp":null,"ward_begin":null,"ward_end":null,"ward_altitudeMode":null,"ward_tessellate":-1,"ward_extrude":0,"ward_visibility":-1,"ward_drawOrder":null,"ward_icon":null,"ward_Corporation":"South","ward_corporation_kn":"ದಕ್ಷಿಣ","ward_corporation_id":"4","ward_ac":"Bangalore South","ward_ac_kn":"ಬೆಂಗಳೂರು ದಕ್ಷಿಣ","ward_ac_no":"176","ward_Assembly":"176 - Bangalore South","ward_id":"37","ward_name":"37 - Yelenahalli","ward_name_kn":"ಯೆಲೇನಹಳ್ಳಿ","ward_TOT_P":"18609.0","ward_TOT_M":"9923.0","ward_TOT_F":"8636.0","ward_SC_P":"1636.0","ward_SC_M":"833.0","ward_SC_F":"803.0","ward_ST_P":"156.0","ward_ST_M":"87.0","ward_ST_F":"69.0","ward_low_range":"18594","ward_high_range":"27891","ward_RO_Code":"5","ward_RO_Division":"RO- Beguru","ward_ARO_Code":"11","ward_ARO_ Sub Division":"ARO- Beguru","ward_zone":"Zone1","ward_zone_name":"Jayanagar","ward_join_status":"matched","ward_spatial_match_count":1},"geometry":{"type":"Point","coordinates":[77.61411110000006,12.866583300000059,0]},"id":75},{"type":"Feature","properties":{"fid":76,"OBJECTID":76,"Name":"Placemark","FolderPath":"Document/lakes","SymbolID":0,"AltMode":-1,"Base":0,"Snippet":"","PopupInfo":"","HasLabel":-1,"LabelID":0,"ward_source_id":"ward_369_final.29","ward_source_Name":null,"ward_description":null,"ward_timestamp":null,"ward_begin":null,"ward_end":null,"ward_altitudeMode":null,"ward_tessellate":-1,"ward_extrude":0,"ward_visibility":-1,"ward_drawOrder":null,"ward_icon":null,"ward_Corporation":"South","ward_corporation_kn":"ದಕ್ಷಿಣ","ward_corporation_id":"4","ward_ac":"Bangalore South","ward_ac_kn":"ಬೆಂಗಳೂರು ದಕ್ಷಿಣ","ward_ac_no":"176","ward_Assembly":"176 - Bangalore South","ward_id":"45","ward_name":"45 - Konanakunte","ward_name_kn":"ಕೋಣನಕುಂಟೆ","ward_TOT_P":"20525.0","ward_TOT_M":"10604.0","ward_TOT_F":"9921.0","ward_SC_P":"1590.0","ward_SC_M":"843.0","ward_SC_F":"747.0","ward_ST_P":"193.0","ward_ST_M":"96.0","ward_ST_F":"97.0","ward_low_range":"18594","ward_high_range":"27891","ward_RO_Code":"4","ward_RO_Division":"RO- Anjanapura","ward_ARO_Code":"8","ward_ARO_ Sub Division":"ARO- Konanakunte","ward_zone":"Zone1","ward_zone_name":"Jayanagar","ward_join_status":"matched","ward_spatial_match_count":1},"geometry":{"type":"Point","coordinates":[77.56841670000006,12.891388900000038,0]},"id":76},{"type":"Feature","properties":{"fid":77,"OBJECTID":77,"Name":"Placemark","FolderPath":"Document/lakes","SymbolID":0,"AltMode":-1,"Base":0,"Snippet":"","PopupInfo":"","HasLabel":-1,"LabelID":0,"ward_source_id":"ward_369_final.84","ward_source_Name":null,"ward_description":null,"ward_timestamp":null,"ward_begin":null,"ward_end":null,"ward_altitudeMode":null,"ward_tessellate":-1,"ward_extrude":0,"ward_visibility":-1,"ward_drawOrder":null,"ward_icon":null,"ward_Corporation":"South","ward_corporation_kn":"ದಕ್ಷಿಣ","ward_corporation_id":"4","ward_ac":"Bangalore South","ward_ac_kn":"ಬೆಂಗಳೂರು ದಕ್ಷಿಣ","ward_ac_no":"176","ward_Assembly":"176 - Bangalore South","ward_id":"34","ward_name":"34 - Chikkathoguru","ward_name_kn":"ಚಿಕ್ಕ ತೋಗೂರು","ward_TOT_P":"18868.0","ward_TOT_M":"10257.0","ward_TOT_F":"8651.0","ward_SC_P":"1939.0","ward_SC_M":"969.0","ward_SC_F":"971.0","ward_ST_P":"407.0","ward_ST_M":"221.0","ward_ST_F":"185.0","ward_low_range":"18594","ward_high_range":"27891","ward_RO_Code":"5","ward_RO_Division":"RO- Beguru","ward_ARO_Code":"14","ward_ARO_ Sub Division":"ARO- Naganathpura","ward_zone":"Zone1","ward_zone_name":"Jayanagar","ward_join_status":"matched","ward_spatial_match_count":1},"geometry":{"type":"Point","coordinates":[77.66111110000008,12.86619440000004,0]},"id":77},{"type":"Feature","properties":{"fid":78,"OBJECTID":78,"Name":"Placemark","FolderPath":"Document/lakes","SymbolID":0,"AltMode":-1,"Base":0,"Snippet":"","PopupInfo":"","HasLabel":-1,"LabelID":0,"ward_source_id":"ward_369_final.52","ward_source_Name":null,"ward_description":null,"ward_timestamp":null,"ward_begin":null,"ward_end":null,"ward_altitudeMode":null,"ward_tessellate":-1,"ward_extrude":0,"ward_visibility":-1,"ward_drawOrder":null,"ward_icon":null,"ward_Corporation":"South","ward_corporation_kn":"ದಕ್ಷಿಣ","ward_corporation_id":"4","ward_ac":"Bommanahalli","ward_ac_kn":"ಬೊಮ್ಮನಹಳ್ಳಿ","ward_ac_no":"175","ward_Assembly":"175 - Bommanahalli","ward_id":"59","ward_name":"59 - Vijaya Bank Layout","ward_name_kn":"ವಿಜಯ ಬ್ಯಾಂಕ್ ಲೇಔಟ್","ward_TOT_P":"27787.0","ward_TOT_M":"14761.0","ward_TOT_F":"13025.0","ward_SC_P":"2426.0","ward_SC_M":"1259.0","ward_SC_F":"1168.0","ward_ST_P":"319.0","ward_ST_M":"167.0","ward_ST_F":"152.0","ward_low_range":"18594","ward_high_range":"27891","ward_RO_Code":"6","ward_RO_Division":"RO- Arakere","ward_ARO_Code":"16","ward_ARO_ Sub Division":"ARO- Bilekanahalli","ward_zone":"Zone2","ward_zone_name":"Bommanahalli","ward_join_status":"matched","ward_spatial_match_count":1},"geometry":{"type":"Point","coordinates":[77.61463890000005,12.871750000000077,0]},"id":78},{"type":"Feature","properties":{"fid":79,"OBJECTID":79,"Name":"Placemark","FolderPath":"Document/lakes","SymbolID":0,"AltMode":-1,"Base":0,"Snippet":"","PopupInfo":"","HasLabel":-1,"LabelID":0,"ward_source_id":null,"ward_source_Name":null,"ward_description":null,"ward_timestamp":null,"ward_begin":null,"ward_end":null,"ward_altitudeMode":null,"ward_tessellate":null,"ward_extrude":null,"ward_visibility":null,"ward_drawOrder":null,"ward_icon":null,"ward_Corporation":null,"ward_corporation_kn":null,"ward_corporation_id":null,"ward_ac":null,"ward_ac_kn":null,"ward_ac_no":null,"ward_Assembly":null,"ward_id":null,"ward_name":null,"ward_name_kn":null,"ward_TOT_P":null,"ward_TOT_M":null,"ward_TOT_F":null,"ward_SC_P":null,"ward_SC_M":null,"ward_SC_F":null,"ward_ST_P":null,"ward_ST_M":null,"ward_ST_F":null,"ward_low_range":null,"ward_high_range":null,"ward_RO_Code":null,"ward_RO_Division":null,"ward_ARO_Code":null,"ward_ARO_ Sub Division":null,"ward_zone":null,"ward_zone_name":null,"ward_join_status":"unmatched","ward_spatial_match_count":0},"geometry":{"type":"Point","coordinates":[77.61325000000005,12.525250000000028,0]},"id":79},{"type":"Feature","properties":{"fid":80,"OBJECTID":80,"Name":"Placemark","FolderPath":"Document/lakes","SymbolID":0,"AltMode":-1,"Base":0,"Snippet":"","PopupInfo":"","HasLabel":-1,"LabelID":0,"ward_source_id":"ward_369_final.71","ward_source_Name":null,"ward_description":null,"ward_timestamp":null,"ward_begin":null,"ward_end":null,"ward_altitudeMode":null,"ward_tessellate":-1,"ward_extrude":0,"ward_visibility":-1,"ward_drawOrder":null,"ward_icon":null,"ward_Corporation":"South","ward_corporation_kn":"ದಕ್ಷಿಣ","ward_corporation_id":"4","ward_ac":"Bangalore South","ward_ac_kn":"ಬೆಂಗಳೂರು ದಕ್ಷಿಣ","ward_ac_no":"176","ward_Assembly":"176 - Bangalore South","ward_id":"38","ward_name":"38 - Doddakammanahalli","ward_name_kn":"ದೊಡ್ಡಕಮ್ಮನಹಳ್ಳಿ","ward_TOT_P":"19891.0","ward_TOT_M":"10461.0","ward_TOT_F":"9479.0","ward_SC_P":"2339.0","ward_SC_M":"1154.0","ward_SC_F":"1185.0","ward_ST_P":"515.0","ward_ST_M":"260.0","ward_ST_F":"255.0","ward_low_range":"18594","ward_high_range":"27891","ward_RO_Code":"5","ward_RO_Division":"RO- Beguru","ward_ARO_Code":"13","ward_ARO_ Sub Division":"ARO- Gottigere","ward_zone":"Zone1","ward_zone_name":"Jayanagar","ward_join_status":"matched","ward_spatial_match_count":1},"geometry":{"type":"Point","coordinates":[77.60261110000005,12.849166700000069,0]},"id":80},{"type":"Feature","properties":{"fid":81,"OBJECTID":81,"Name":"Placemark","FolderPath":"Document/lakes","SymbolID":0,"AltMode":-1,"Base":0,"Snippet":"","PopupInfo":"","HasLabel":-1,"LabelID":0,"ward_source_id":"ward_369_final.51","ward_source_Name":null,"ward_description":null,"ward_timestamp":null,"ward_begin":null,"ward_end":null,"ward_altitudeMode":null,"ward_tessellate":-1,"ward_extrude":0,"ward_visibility":-1,"ward_drawOrder":null,"ward_icon":null,"ward_Corporation":"South","ward_corporation_kn":"ದಕ್ಷಿಣ","ward_corporation_id":"4","ward_ac":"Bangalore South","ward_ac_kn":"ಬೆಂಗಳೂರು ದಕ್ಷಿಣ","ward_ac_no":"176","ward_Assembly":"176 - Bangalore South","ward_id":"40","ward_name":"40 - Anjanapura","ward_name_kn":"ಅಂಜನಾಪುರ","ward_TOT_P":"23865.0","ward_TOT_M":"12534.0","ward_TOT_F":"11331.0","ward_SC_P":"2858.0","ward_SC_M":"1472.0","ward_SC_F":"1386.0","ward_ST_P":"352.0","ward_ST_M":"190.0","ward_ST_F":"162.0","ward_low_range":"18594","ward_high_range":"27891","ward_RO_Code":"4","ward_RO_Division":"RO- Anjanapura","ward_ARO_Code":"7","ward_ARO_ Sub Division":"ARO- Anjanapura","ward_zone":"Zone1","ward_zone_name":"Jayanagar","ward_join_status":"matched","ward_spatial_match_count":1},"geometry":{"type":"Point","coordinates":[77.56097220000004,12.882000000000062,0]},"id":81},{"type":"Feature","properties":{"fid":82,"OBJECTID":82,"Name":"Placemark","FolderPath":"Document/lakes","SymbolID":0,"AltMode":-1,"Base":0,"Snippet":"","PopupInfo":"","HasLabel":-1,"LabelID":0,"ward_source_id":"ward_369_final.71","ward_source_Name":null,"ward_description":null,"ward_timestamp":null,"ward_begin":null,"ward_end":null,"ward_altitudeMode":null,"ward_tessellate":-1,"ward_extrude":0,"ward_visibility":-1,"ward_drawOrder":null,"ward_icon":null,"ward_Corporation":"South","ward_corporation_kn":"ದಕ್ಷಿಣ","ward_corporation_id":"4","ward_ac":"Bangalore South","ward_ac_kn":"ಬೆಂಗಳೂರು ದಕ್ಷಿಣ","ward_ac_no":"176","ward_Assembly":"176 - Bangalore South","ward_id":"38","ward_name":"38 - Doddakammanahalli","ward_name_kn":"ದೊಡ್ಡಕಮ್ಮನಹಳ್ಳಿ","ward_TOT_P":"19891.0","ward_TOT_M":"10461.0","ward_TOT_F":"9479.0","ward_SC_P":"2339.0","ward_SC_M":"1154.0","ward_SC_F":"1185.0","ward_ST_P":"515.0","ward_ST_M":"260.0","ward_ST_F":"255.0","ward_low_range":"18594","ward_high_range":"27891","ward_RO_Code":"5","ward_RO_Division":"RO- Beguru","ward_ARO_Code":"13","ward_ARO_ Sub Division":"ARO- Gottigere","ward_zone":"Zone1","ward_zone_name":"Jayanagar","ward_join_status":"matched","ward_spatial_match_count":1},"geometry":{"type":"Point","coordinates":[77.60261110000005,12.849166700000069,0]},"id":82},{"type":"Feature","properties":{"fid":83,"OBJECTID":83,"Name":"Placemark","FolderPath":"Document/lakes","SymbolID":0,"AltMode":-1,"Base":0,"Snippet":"","PopupInfo":"","HasLabel":-1,"LabelID":0,"ward_source_id":"ward_369_final.51","ward_source_Name":null,"ward_description":null,"ward_timestamp":null,"ward_begin":null,"ward_end":null,"ward_altitudeMode":null,"ward_tessellate":-1,"ward_extrude":0,"ward_visibility":-1,"ward_drawOrder":null,"ward_icon":null,"ward_Corporation":"South","ward_corporation_kn":"ದಕ್ಷಿಣ","ward_corporation_id":"4","ward_ac":"Bangalore South","ward_ac_kn":"ಬೆಂಗಳೂರು ದಕ್ಷಿಣ","ward_ac_no":"176","ward_Assembly":"176 - Bangalore South","ward_id":"40","ward_name":"40 - Anjanapura","ward_name_kn":"ಅಂಜನಾಪುರ","ward_TOT_P":"23865.0","ward_TOT_M":"12534.0","ward_TOT_F":"11331.0","ward_SC_P":"2858.0","ward_SC_M":"1472.0","ward_SC_F":"1386.0","ward_ST_P":"352.0","ward_ST_M":"190.0","ward_ST_F":"162.0","ward_low_range":"18594","ward_high_range":"27891","ward_RO_Code":"4","ward_RO_Division":"RO- Anjanapura","ward_ARO_Code":"7","ward_ARO_ Sub Division":"ARO- Anjanapura","ward_zone":"Zone1","ward_zone_name":"Jayanagar","ward_join_status":"matched","ward_spatial_match_count":1},"geometry":{"type":"Point","coordinates":[77.57725000000005,12.858055600000057,0]},"id":83},{"type":"Feature","properties":{"fid":84,"OBJECTID":84,"Name":"Placemark","FolderPath":"Document/lakes","SymbolID":0,"AltMode":-1,"Base":0,"Snippet":"","PopupInfo":"","HasLabel":-1,"LabelID":0,"ward_source_id":"ward_369_final.47","ward_source_Name":null,"ward_description":null,"ward_timestamp":null,"ward_begin":null,"ward_end":null,"ward_altitudeMode":null,"ward_tessellate":-1,"ward_extrude":0,"ward_visibility":-1,"ward_drawOrder":null,"ward_icon":null,"ward_Corporation":"South","ward_corporation_kn":"ದಕ್ಷಿಣ","ward_corporation_id":"4","ward_ac":"Yeshwanthapura","ward_ac_kn":"ಯಶವಂತಪುರ","ward_ac_no":"153","ward_Assembly":"153 - Yeshwanthapura","ward_id":"52","ward_name":"52 - Talagattapura","ward_name_kn":"ತಲಘಟ್ಟಪುರ","ward_TOT_P":"23797.0","ward_TOT_M":"11887.0","ward_TOT_F":"10620.0","ward_SC_P":"3135.0","ward_SC_M":"1606.0","ward_SC_F":"1529.0","ward_ST_P":"401.0","ward_ST_M":"212.0","ward_ST_F":"189.0","ward_low_range":"18594","ward_high_range":"27891","ward_RO_Code":"4","ward_RO_Division":"RO- Anjanapura","ward_ARO_Code":"7","ward_ARO_ Sub Division":"ARO- Anjanapura","ward_zone":"Zone1","ward_zone_name":"Jayanagar","ward_join_status":"matched","ward_spatial_match_count":1},"geometry":{"type":"Point","coordinates":[77.49841670000006,12.87441670000004,0]},"id":84},{"type":"Feature","properties":{"fid":85,"OBJECTID":85,"Name":"Placemark","FolderPath":"Document/lakes","SymbolID":0,"AltMode":-1,"Base":0,"Snippet":"","PopupInfo":"","HasLabel":-1,"LabelID":0,"ward_source_id":"ward_369_final.199","ward_source_Name":null,"ward_description":null,"ward_timestamp":null,"ward_begin":null,"ward_end":null,"ward_altitudeMode":null,"ward_tessellate":-1,"ward_extrude":0,"ward_visibility":-1,"ward_drawOrder":null,"ward_icon":null,"ward_Corporation":"South","ward_corporation_kn":"ದಕ್ಷಿಣ","ward_corporation_id":"4","ward_ac":"Bommanahalli","ward_ac_kn":"ಬೊಮ್ಮನಹಳ್ಳಿ","ward_ac_no":"175","ward_Assembly":"175 - Bommanahalli","ward_id":"58","ward_name":"58 - Arakere","ward_name_kn":"ಅರಕೆರೆ","ward_TOT_P":"18995.0","ward_TOT_M":"9900.0","ward_TOT_F":"9095.0","ward_SC_P":"1407.0","ward_SC_M":"729.0","ward_SC_F":"678.0","ward_ST_P":"356.0","ward_ST_M":"185.0","ward_ST_F":"171.0","ward_low_range":"18594","ward_high_range":"27891","ward_RO_Code":"6","ward_RO_Division":"RO- Arakere","ward_ARO_Code":"15","ward_ARO_ Sub Division":"ARO- Arakere","ward_zone":"Zone2","ward_zone_name":"Bommanahalli","ward_join_status":"matched","ward_spatial_match_count":1},"geometry":{"type":"Point","coordinates":[77.59894440000005,12.882722200000046,0]},"id":85},{"type":"Feature","properties":{"fid":86,"OBJECTID":86,"Name":"Placemark","FolderPath":"Document/lakes","SymbolID":0,"AltMode":-1,"Base":0,"Snippet":"","PopupInfo":"","HasLabel":-1,"LabelID":0,"ward_source_id":"ward_369_final.69","ward_source_Name":null,"ward_description":null,"ward_timestamp":null,"ward_begin":null,"ward_end":null,"ward_altitudeMode":null,"ward_tessellate":-1,"ward_extrude":0,"ward_visibility":-1,"ward_drawOrder":null,"ward_icon":null,"ward_Corporation":"South","ward_corporation_kn":"ದಕ್ಷಿಣ","ward_corporation_id":"4","ward_ac":"Bangalore South","ward_ac_kn":"ಬೆಂಗಳೂರು ದಕ್ಷಿಣ","ward_ac_no":"176","ward_Assembly":"176 - Bangalore South","ward_id":"41","ward_name":"41 - Kothanur","ward_name_kn":"ಕೊತ್ತನೂರು","ward_TOT_P":"23161.0","ward_TOT_M":"11793.0","ward_TOT_F":"11368.0","ward_SC_P":"3165.0","ward_SC_M":"1603.0","ward_SC_F":"1562.0","ward_ST_P":"489.0","ward_ST_M":"243.0","ward_ST_F":"245.0","ward_low_range":"18594","ward_high_range":"27891","ward_RO_Code":"5","ward_RO_Division":"RO- Beguru","ward_ARO_Code":"12","ward_ARO_ Sub Division":"ARO- Bheereshwara Nagara","ward_zone":"Zone1","ward_zone_name":"Jayanagar","ward_join_status":"matched","ward_spatial_match_count":1},"geometry":{"type":"Point","coordinates":[77.58516670000006,12.862916700000028,0]},"id":86},{"type":"Feature","properties":{"fid":87,"OBJECTID":87,"Name":"Placemark","FolderPath":"Document/lakes","SymbolID":0,"AltMode":-1,"Base":0,"Snippet":"","PopupInfo":"","HasLabel":-1,"LabelID":0,"ward_source_id":"ward_369_final.106","ward_source_Name":null,"ward_description":null,"ward_timestamp":null,"ward_begin":null,"ward_end":null,"ward_altitudeMode":null,"ward_tessellate":-1,"ward_extrude":0,"ward_visibility":-1,"ward_drawOrder":null,"ward_icon":null,"ward_Corporation":"South","ward_corporation_kn":"ದಕ್ಷಿಣ","ward_corporation_id":"4","ward_ac":"Bangalore South","ward_ac_kn":"ಬೆಂಗಳೂರು ದಕ್ಷಿಣ","ward_ac_no":"176","ward_Assembly":"176 - Bangalore South","ward_id":"48","ward_name":"48 - Vasanthapura","ward_name_kn":"ವಸಂತಪುರ","ward_TOT_P":"22830.0","ward_TOT_M":"11987.0","ward_TOT_F":"10843.0","ward_SC_P":"2972.0","ward_SC_M":"1544.0","ward_SC_F":"1428.0","ward_ST_P":"499.0","ward_ST_M":"264.0","ward_ST_F":"236.0","ward_low_range":"18594","ward_high_range":"27891","ward_RO_Code":"4","ward_RO_Division":"RO- Anjanapura","ward_ARO_Code":"8","ward_ARO_ Sub Division":"ARO- Konanakunte","ward_zone":"Zone1","ward_zone_name":"Jayanagar","ward_join_status":"matched","ward_spatial_match_count":1},"geometry":{"type":"Point","coordinates":[77.55431670000007,12.894900000000064,0]},"id":87},{"type":"Feature","properties":{"fid":88,"OBJECTID":88,"Name":"Placemark","FolderPath":"Document/lakes","SymbolID":0,"AltMode":-1,"Base":0,"Snippet":"","PopupInfo":"","HasLabel":-1,"LabelID":0,"ward_source_id":"ward_369_final.122","ward_source_Name":null,"ward_description":null,"ward_timestamp":null,"ward_begin":null,"ward_end":null,"ward_altitudeMode":null,"ward_tessellate":-1,"ward_extrude":0,"ward_visibility":-1,"ward_drawOrder":null,"ward_icon":null,"ward_Corporation":"South","ward_corporation_kn":"ದಕ್ಷಿಣ","ward_corporation_id":"4","ward_ac":"Bommanahalli","ward_ac_kn":"ಬೊಮ್ಮನಹಳ್ಳಿ","ward_ac_no":"175","ward_Assembly":"175 - Bommanahalli","ward_id":"55","ward_name":"55 - Puttenahalli","ward_name_kn":"ಪುಟ್ಟೇನಹಳ್ಳಿ","ward_TOT_P":"21484.0","ward_TOT_M":"10981.0","ward_TOT_F":"10504.0","ward_SC_P":"1148.0","ward_SC_M":"561.0","ward_SC_F":"587.0","ward_ST_P":"480.0","ward_ST_M":"245.0","ward_ST_F":"235.0","ward_low_range":"18594","ward_high_range":"27891","ward_RO_Code":"6","ward_RO_Division":"RO- Arakere","ward_ARO_Code":"17","ward_ARO_ Sub Division":"ARO- Jaraganahalli","ward_zone":"Zone2","ward_zone_name":"Bommanahalli","ward_join_status":"matched","ward_spatial_match_count":1},"geometry":{"type":"Point","coordinates":[77.58763890000006,12.89022220000004,0]},"id":88},{"type":"Feature","properties":{"fid":89,"OBJECTID":89,"Name":"Placemark","FolderPath":"Document/lakes","SymbolID":0,"AltMode":-1,"Base":0,"Snippet":"","PopupInfo":"","HasLabel":-1,"LabelID":0,"ward_source_id":"ward_369_final.208","ward_source_Name":null,"ward_description":null,"ward_timestamp":null,"ward_begin":null,"ward_end":null,"ward_altitudeMode":null,"ward_tessellate":-1,"ward_extrude":0,"ward_visibility":-1,"ward_drawOrder":null,"ward_icon":null,"ward_Corporation":"South","ward_corporation_kn":"ದಕ್ಷಿಣ","ward_corporation_id":"4","ward_ac":"Bommanahalli","ward_ac_kn":"ಬೊಮ್ಮನಹಳ್ಳಿ","ward_ac_no":"175","ward_Assembly":"175 - Bommanahalli","ward_id":"68","ward_name":"68 - Mangammana Palya","ward_name_kn":"ಮಂಗಮ್ಮನ ಪಾಳ್ಯ","ward_TOT_P":"23783.0","ward_TOT_M":"12624.0","ward_TOT_F":"11160.0","ward_SC_P":"1414.0","ward_SC_M":"712.0","ward_SC_F":"701.0","ward_ST_P":"607.0","ward_ST_M":"318.0","ward_ST_F":"289.0","ward_low_range":"18594","ward_high_range":"27891","ward_RO_Code":"7","ward_RO_Division":"RO- Bommanahalli","ward_ARO_Code":"19","ward_ARO_ Sub Division":"ARO- Mangamanapalya","ward_zone":"Zone2","ward_zone_name":"Bommanahalli","ward_join_status":"matched","ward_spatial_match_count":1},"geometry":{"type":"Point","coordinates":[77.63913890000003,12.902083300000072,0]},"id":89},{"type":"Feature","properties":{"fid":90,"OBJECTID":90,"Name":"Placemark","FolderPath":"Document/lakes","SymbolID":0,"AltMode":-1,"Base":0,"Snippet":"","PopupInfo":"","HasLabel":-1,"LabelID":0,"ward_source_id":"ward_369_final.105","ward_source_Name":null,"ward_description":null,"ward_timestamp":null,"ward_begin":null,"ward_end":null,"ward_altitudeMode":null,"ward_tessellate":-1,"ward_extrude":0,"ward_visibility":-1,"ward_drawOrder":null,"ward_icon":null,"ward_Corporation":"South","ward_corporation_kn":"ದಕ್ಷಿಣ","ward_corporation_id":"4","ward_ac":"Bommanahalli","ward_ac_kn":"ಬೊಮ್ಮನಹಳ್ಳಿ","ward_ac_no":"175","ward_Assembly":"175 - Bommanahalli","ward_id":"70","ward_name":"70 - Iblur","ward_name_kn":"ಇಬ್ಬಲೂರು","ward_TOT_P":"27146.0","ward_TOT_M":"14110.0","ward_TOT_F":"13035.0","ward_SC_P":"3177.0","ward_SC_M":"1608.0","ward_SC_F":"1568.0","ward_ST_P":"437.0","ward_ST_M":"231.0","ward_ST_F":"206.0","ward_low_range":"18594","ward_high_range":"27891","ward_RO_Code":"1","ward_RO_Division":"RO- HSR Layout","ward_ARO_Code":"22","ward_ARO_ Sub Division":"ARO- Iblur","ward_zone":"Zone2","ward_zone_name":"Bommanahalli","ward_join_status":"matched","ward_spatial_match_count":1},"geometry":{"type":"Point","coordinates":[77.66658330000007,12.922111100000052,0]},"id":90},{"type":"Feature","properties":{"fid":91,"OBJECTID":91,"Name":"Placemark","FolderPath":"Document/lakes","SymbolID":0,"AltMode":-1,"Base":0,"Snippet":"","PopupInfo":"","HasLabel":-1,"LabelID":0,"ward_source_id":"ward_369_final.191","ward_source_Name":null,"ward_description":null,"ward_timestamp":null,"ward_begin":null,"ward_end":null,"ward_altitudeMode":null,"ward_tessellate":-1,"ward_extrude":0,"ward_visibility":-1,"ward_drawOrder":null,"ward_icon":null,"ward_Corporation":"South","ward_corporation_kn":"ದಕ್ಷಿಣ","ward_corporation_id":"4","ward_ac":"Bommanahalli","ward_ac_kn":"ಬೊಮ್ಮನಹಳ್ಳಿ","ward_ac_no":"175","ward_Assembly":"175 - Bommanahalli","ward_id":"53","ward_name":"53 - Jaraganahalli","ward_name_kn":"ಜರಗನಹಳ್ಳಿ","ward_TOT_P":"22646.0","ward_TOT_M":"11794.0","ward_TOT_F":"10852.0","ward_SC_P":"1000.0","ward_SC_M":"521.0","ward_SC_F":"479.0","ward_ST_P":"380.0","ward_ST_M":"183.0","ward_ST_F":"197.0","ward_low_range":"18594","ward_high_range":"27891","ward_RO_Code":"6","ward_RO_Division":"RO- Arakere","ward_ARO_Code":"17","ward_ARO_ Sub Division":"ARO- Jaraganahalli","ward_zone":"Zone2","ward_zone_name":"Bommanahalli","ward_join_status":"matched","ward_spatial_match_count":1},"geometry":{"type":"Point","coordinates":[77.57944440000006,12.898833300000035,0]},"id":91},{"type":"Feature","properties":{"fid":92,"OBJECTID":92,"Name":"Placemark","FolderPath":"Document/lakes","SymbolID":0,"AltMode":-1,"Base":0,"Snippet":"","PopupInfo":"","HasLabel":-1,"LabelID":0,"ward_source_id":"ward_369_final.213","ward_source_Name":null,"ward_description":null,"ward_timestamp":null,"ward_begin":null,"ward_end":null,"ward_altitudeMode":null,"ward_tessellate":-1,"ward_extrude":0,"ward_visibility":-1,"ward_drawOrder":null,"ward_icon":null,"ward_Corporation":"South","ward_corporation_kn":"ದಕ್ಷಿಣ","ward_corporation_id":"4","ward_ac":"Bommanahalli","ward_ac_kn":"ಬೊಮ್ಮನಹಳ್ಳಿ","ward_ac_no":"175","ward_Assembly":"175 - Bommanahalli","ward_id":"69","ward_name":"69 - Hosapalya","ward_name_kn":"ಹೊಸಪಾಳ್ಯ","ward_TOT_P":"18834.0","ward_TOT_M":"9984.0","ward_TOT_F":"8850.0","ward_SC_P":"1941.0","ward_SC_M":"997.0","ward_SC_F":"945.0","ward_ST_P":"451.0","ward_ST_M":"257.0","ward_ST_F":"194.0","ward_low_range":"18594","ward_high_range":"27891","ward_RO_Code":"1","ward_RO_Division":"RO- HSR Layout","ward_ARO_Code":"22","ward_ARO_ Sub Division":"ARO- Iblur","ward_zone":"Zone2","ward_zone_name":"Bommanahalli","ward_join_status":"matched","ward_spatial_match_count":1},"geometry":{"type":"Point","coordinates":[77.64835000000005,12.89930000000004,0]},"id":92},{"type":"Feature","properties":{"fid":93,"OBJECTID":93,"Name":"Placemark","FolderPath":"Document/lakes","SymbolID":0,"AltMode":-1,"Base":0,"Snippet":"","PopupInfo":"","HasLabel":-1,"LabelID":0,"ward_source_id":"ward_369_final.151","ward_source_Name":null,"ward_description":null,"ward_timestamp":null,"ward_begin":null,"ward_end":null,"ward_altitudeMode":null,"ward_tessellate":-1,"ward_extrude":0,"ward_visibility":-1,"ward_drawOrder":null,"ward_icon":null,"ward_Corporation":"South","ward_corporation_kn":"ದಕ್ಷಿಣ","ward_corporation_id":"4","ward_ac":"Bommanahalli","ward_ac_kn":"ಬೊಮ್ಮನಹಳ್ಳಿ","ward_ac_no":"175","ward_Assembly":"175 - Bommanahalli","ward_id":"72","ward_name":"72 - HSR Layout","ward_name_kn":"ಎಚ್‌ಎಸ್‌ಆರ್ ಲೇಔಟ್","ward_TOT_P":"18787.0","ward_TOT_M":"9747.0","ward_TOT_F":"9040.0","ward_SC_P":"1304.0","ward_SC_M":"681.0","ward_SC_F":"623.0","ward_ST_P":"297.0","ward_ST_M":"149.0","ward_ST_F":"148.0","ward_low_range":"18594","ward_high_range":"27891","ward_RO_Code":"1","ward_RO_Division":"RO- HSR Layout","ward_ARO_Code":"21","ward_ARO_ Sub Division":"ARO- HSR Layout","ward_zone":"Zone2","ward_zone_name":"Bommanahalli","ward_join_status":"matched","ward_spatial_match_count":1},"geometry":{"type":"Point","coordinates":[77.64180560000005,12.92261110000004,0]},"id":93},{"type":"Feature","properties":{"fid":94,"OBJECTID":94,"Name":"Placemark","FolderPath":"Document/lakes","SymbolID":0,"AltMode":-1,"Base":0,"Snippet":"","PopupInfo":"","HasLabel":-1,"LabelID":0,"ward_source_id":"ward_369_final.144","ward_source_Name":null,"ward_description":null,"ward_timestamp":null,"ward_begin":null,"ward_end":null,"ward_altitudeMode":null,"ward_tessellate":-1,"ward_extrude":0,"ward_visibility":-1,"ward_drawOrder":null,"ward_icon":null,"ward_Corporation":"South","ward_corporation_kn":"ದಕ್ಷಿಣ","ward_corporation_id":"4","ward_ac":"Bommanahalli","ward_ac_kn":"ಬೊಮ್ಮನಹಳ್ಳಿ","ward_ac_no":"175","ward_Assembly":"175 - Bommanahalli","ward_id":"67","ward_name":"67 - Bandepalya","ward_name_kn":"ಬಂಡೇಪಾಳ್ಯ","ward_TOT_P":"19744.0","ward_TOT_M":"10547.0","ward_TOT_F":"9197.0","ward_SC_P":"1725.0","ward_SC_M":"883.0","ward_SC_F":"842.0","ward_ST_P":"321.0","ward_ST_M":"179.0","ward_ST_F":"142.0","ward_low_range":"18594","ward_high_range":"27891","ward_RO_Code":"7","ward_RO_Division":"RO- Bommanahalli","ward_ARO_Code":"19","ward_ARO_ Sub Division":"ARO- Mangamanapalya","ward_zone":"Zone2","ward_zone_name":"Bommanahalli","ward_join_status":"matched","ward_spatial_match_count":1},"geometry":{"type":"Point","coordinates":[77.63705560000005,12.896250000000066,0]},"id":94},{"type":"Feature","properties":{"fid":95,"OBJECTID":95,"Name":"Placemark","FolderPath":"Document/lakes","SymbolID":0,"AltMode":-1,"Base":0,"Snippet":"","PopupInfo":"","HasLabel":-1,"LabelID":0,"ward_source_id":"ward_369_final.154","ward_source_Name":null,"ward_description":null,"ward_timestamp":null,"ward_begin":null,"ward_end":null,"ward_altitudeMode":null,"ward_tessellate":-1,"ward_extrude":0,"ward_visibility":-1,"ward_drawOrder":null,"ward_icon":null,"ward_Corporation":"South","ward_corporation_kn":"ದಕ್ಷಿಣ","ward_corporation_id":"4","ward_ac":"Bommanahalli","ward_ac_kn":"ಬೊಮ್ಮನಹಳ್ಳಿ","ward_ac_no":"175","ward_Assembly":"175 - Bommanahalli","ward_id":"60","ward_name":"60 - Bilekahalli","ward_name_kn":"ಬಿಳೇಕಹಳ್ಳಿ","ward_TOT_P":"25208.0","ward_TOT_M":"13233.0","ward_TOT_F":"11976.0","ward_SC_P":"2135.0","ward_SC_M":"1079.0","ward_SC_F":"1057.0","ward_ST_P":"171.0","ward_ST_M":"88.0","ward_ST_F":"83.0","ward_low_range":"18594","ward_high_range":"27891","ward_RO_Code":"6","ward_RO_Division":"RO- Arakere","ward_ARO_Code":"16","ward_ARO_ Sub Division":"ARO- Bilekanahalli","ward_zone":"Zone2","ward_zone_name":"Bommanahalli","ward_join_status":"matched","ward_spatial_match_count":1},"geometry":{"type":"Point","coordinates":[77.61786110000008,12.908166700000038,0]},"id":95},{"type":"Feature","properties":{"fid":96,"OBJECTID":96,"Name":"Placemark","FolderPath":"Document/lakes","SymbolID":0,"AltMode":-1,"Base":0,"Snippet":"","PopupInfo":"","HasLabel":-1,"LabelID":0,"ward_source_id":"ward_369_final.119","ward_source_Name":null,"ward_description":null,"ward_timestamp":null,"ward_begin":null,"ward_end":null,"ward_altitudeMode":null,"ward_tessellate":-1,"ward_extrude":0,"ward_visibility":-1,"ward_drawOrder":null,"ward_icon":null,"ward_Corporation":"South","ward_corporation_kn":"ದಕ್ಷಿಣ","ward_corporation_id":"4","ward_ac":"Mahadevapura","ward_ac_kn":"ಮಹದೇವಪುರ","ward_ac_no":"174","ward_Assembly":"174 - Mahadevapura","ward_id":"31","ward_name":"31 - Kasavanahalli","ward_name_kn":"ಕಸವನಹಳ್ಳಿ","ward_TOT_P":"21288.0","ward_TOT_M":"11166.0","ward_TOT_F":"10122.0","ward_SC_P":"1819.0","ward_SC_M":"922.0","ward_SC_F":"897.0","ward_ST_P":"357.0","ward_ST_M":"183.0","ward_ST_F":"174.0","ward_low_range":"18594","ward_high_range":"27891","ward_RO_Code":"1","ward_RO_Division":"RO- HSR Layout","ward_ARO_Code":"1","ward_ARO_ Sub Division":"ARO- Kudlu","ward_zone":"Zone2","ward_zone_name":"Bommanahalli","ward_join_status":"matched","ward_spatial_match_count":1},"geometry":{"type":"Point","coordinates":[77.66497220000008,12.916944400000034,0]},"id":96},{"type":"Feature","properties":{"fid":97,"OBJECTID":97,"Name":"Placemark","FolderPath":"Document/lakes","SymbolID":0,"AltMode":-1,"Base":0,"Snippet":"","PopupInfo":"","HasLabel":-1,"LabelID":0,"ward_source_id":"ward_369_final.119","ward_source_Name":null,"ward_description":null,"ward_timestamp":null,"ward_begin":null,"ward_end":null,"ward_altitudeMode":null,"ward_tessellate":-1,"ward_extrude":0,"ward_visibility":-1,"ward_drawOrder":null,"ward_icon":null,"ward_Corporation":"South","ward_corporation_kn":"ದಕ್ಷಿಣ","ward_corporation_id":"4","ward_ac":"Mahadevapura","ward_ac_kn":"ಮಹದೇವಪುರ","ward_ac_no":"174","ward_Assembly":"174 - Mahadevapura","ward_id":"31","ward_name":"31 - Kasavanahalli","ward_name_kn":"ಕಸವನಹಳ್ಳಿ","ward_TOT_P":"21288.0","ward_TOT_M":"11166.0","ward_TOT_F":"10122.0","ward_SC_P":"1819.0","ward_SC_M":"922.0","ward_SC_F":"897.0","ward_ST_P":"357.0","ward_ST_M":"183.0","ward_ST_F":"174.0","ward_low_range":"18594","ward_high_range":"27891","ward_RO_Code":"1","ward_RO_Division":"RO- HSR Layout","ward_ARO_Code":"1","ward_ARO_ Sub Division":"ARO- Kudlu","ward_zone":"Zone2","ward_zone_name":"Bommanahalli","ward_join_status":"matched","ward_spatial_match_count":1},"geometry":{"type":"Point","coordinates":[77.66300000000007,12.913305600000058,0]},"id":97},{"type":"Feature","properties":{"fid":98,"OBJECTID":98,"Name":"Placemark","FolderPath":"Document/lakes","SymbolID":0,"AltMode":-1,"Base":0,"Snippet":"","PopupInfo":"","HasLabel":-1,"LabelID":0,"ward_source_id":"ward_369_final.119","ward_source_Name":null,"ward_description":null,"ward_timestamp":null,"ward_begin":null,"ward_end":null,"ward_altitudeMode":null,"ward_tessellate":-1,"ward_extrude":0,"ward_visibility":-1,"ward_drawOrder":null,"ward_icon":null,"ward_Corporation":"South","ward_corporation_kn":"ದಕ್ಷಿಣ","ward_corporation_id":"4","ward_ac":"Mahadevapura","ward_ac_kn":"ಮಹದೇವಪುರ","ward_ac_no":"174","ward_Assembly":"174 - Mahadevapura","ward_id":"31","ward_name":"31 - Kasavanahalli","ward_name_kn":"ಕಸವನಹಳ್ಳಿ","ward_TOT_P":"21288.0","ward_TOT_M":"11166.0","ward_TOT_F":"10122.0","ward_SC_P":"1819.0","ward_SC_M":"922.0","ward_SC_F":"897.0","ward_ST_P":"357.0","ward_ST_M":"183.0","ward_ST_F":"174.0","ward_low_range":"18594","ward_high_range":"27891","ward_RO_Code":"1","ward_RO_Division":"RO- HSR Layout","ward_ARO_Code":"1","ward_ARO_ Sub Division":"ARO- Kudlu","ward_zone":"Zone2","ward_zone_name":"Bommanahalli","ward_join_status":"matched","ward_spatial_match_count":1},"geometry":{"type":"Point","coordinates":[77.67250000000007,12.91261110000005,0]},"id":98},{"type":"Feature","properties":{"fid":99,"OBJECTID":99,"Name":"Placemark","FolderPath":"Document/lakes","SymbolID":0,"AltMode":-1,"Base":0,"Snippet":"","PopupInfo":"","HasLabel":-1,"LabelID":0,"ward_source_id":"ward_369_final.235","ward_source_Name":null,"ward_description":null,"ward_timestamp":null,"ward_begin":null,"ward_end":null,"ward_altitudeMode":null,"ward_tessellate":-1,"ward_extrude":0,"ward_visibility":-1,"ward_drawOrder":null,"ward_icon":null,"ward_Corporation":"East","ward_corporation_kn":"ಪೂರ್ವ","ward_corporation_id":"3","ward_ac":"Mahadevapura","ward_ac_kn":"ಮಹದೇವಪುರ","ward_ac_no":"174","ward_Assembly":"174 - Mahadevapura","ward_id":"50","ward_name":"50 - Gunjur","ward_name_kn":"ಗುಂಜೂರು","ward_TOT_P":"15085.0","ward_TOT_M":"7755.0","ward_TOT_F":"7330.0","ward_SC_P":"2937.0","ward_SC_M":"1490.0","ward_SC_F":"1447.0","ward_ST_P":"267.0","ward_ST_M":"131.0","ward_ST_F":"136.0","ward_low_range":"14567","ward_high_range":"21851","ward_RO_Code":"5","ward_RO_Division":"RO- Bellanduru","ward_ARO_Code":"14","ward_ARO_ Sub Division":"ARO- Gunjur","ward_zone":"Zone1","ward_zone_name":"Mahadevapura","ward_join_status":"matched","ward_spatial_match_count":1},"geometry":{"type":"Point","coordinates":[77.69313890000006,12.911722200000042,0]},"id":99},{"type":"Feature","properties":{"fid":100,"OBJECTID":100,"Name":"Placemark","FolderPath":"Document/lakes","SymbolID":0,"AltMode":-1,"Base":0,"Snippet":"","PopupInfo":"","HasLabel":-1,"LabelID":0,"ward_source_id":"ward_369_final.119","ward_source_Name":null,"ward_description":null,"ward_timestamp":null,"ward_begin":null,"ward_end":null,"ward_altitudeMode":null,"ward_tessellate":-1,"ward_extrude":0,"ward_visibility":-1,"ward_drawOrder":null,"ward_icon":null,"ward_Corporation":"South","ward_corporation_kn":"ದಕ್ಷಿಣ","ward_corporation_id":"4","ward_ac":"Mahadevapura","ward_ac_kn":"ಮಹದೇವಪುರ","ward_ac_no":"174","ward_Assembly":"174 - Mahadevapura","ward_id":"31","ward_name":"31 - Kasavanahalli","ward_name_kn":"ಕಸವನಹಳ್ಳಿ","ward_TOT_P":"21288.0","ward_TOT_M":"11166.0","ward_TOT_F":"10122.0","ward_SC_P":"1819.0","ward_SC_M":"922.0","ward_SC_F":"897.0","ward_ST_P":"357.0","ward_ST_M":"183.0","ward_ST_F":"174.0","ward_low_range":"18594","ward_high_range":"27891","ward_RO_Code":"1","ward_RO_Division":"RO- HSR Layout","ward_ARO_Code":"1","ward_ARO_ Sub Division":"ARO- Kudlu","ward_zone":"Zone2","ward_zone_name":"Bommanahalli","ward_join_status":"matched","ward_spatial_match_count":1},"geometry":{"type":"Point","coordinates":[77.66777780000007,12.904444400000045,0]},"id":100},{"type":"Feature","properties":{"fid":101,"OBJECTID":101,"Name":"Placemark","FolderPath":"Document/lakes","SymbolID":0,"AltMode":-1,"Base":0,"Snippet":"","PopupInfo":"","HasLabel":-1,"LabelID":0,"ward_source_id":"ward_369_final.119","ward_source_Name":null,"ward_description":null,"ward_timestamp":null,"ward_begin":null,"ward_end":null,"ward_altitudeMode":null,"ward_tessellate":-1,"ward_extrude":0,"ward_visibility":-1,"ward_drawOrder":null,"ward_icon":null,"ward_Corporation":"South","ward_corporation_kn":"ದಕ್ಷಿಣ","ward_corporation_id":"4","ward_ac":"Mahadevapura","ward_ac_kn":"ಮಹದೇವಪುರ","ward_ac_no":"174","ward_Assembly":"174 - Mahadevapura","ward_id":"31","ward_name":"31 - Kasavanahalli","ward_name_kn":"ಕಸವನಹಳ್ಳಿ","ward_TOT_P":"21288.0","ward_TOT_M":"11166.0","ward_TOT_F":"10122.0","ward_SC_P":"1819.0","ward_SC_M":"922.0","ward_SC_F":"897.0","ward_ST_P":"357.0","ward_ST_M":"183.0","ward_ST_F":"174.0","ward_low_range":"18594","ward_high_range":"27891","ward_RO_Code":"1","ward_RO_Division":"RO- HSR Layout","ward_ARO_Code":"1","ward_ARO_ Sub Division":"ARO- Kudlu","ward_zone":"Zone2","ward_zone_name":"Bommanahalli","ward_join_status":"matched","ward_spatial_match_count":1},"geometry":{"type":"Point","coordinates":[77.66261110000005,12.895972200000074,0]},"id":101},{"type":"Feature","properties":{"fid":102,"OBJECTID":102,"Name":"Placemark","FolderPath":"Document/lakes","SymbolID":0,"AltMode":-1,"Base":0,"Snippet":"","PopupInfo":"","HasLabel":-1,"LabelID":0,"ward_source_id":"ward_369_final.205","ward_source_Name":null,"ward_description":null,"ward_timestamp":null,"ward_begin":null,"ward_end":null,"ward_altitudeMode":null,"ward_tessellate":-1,"ward_extrude":0,"ward_visibility":-1,"ward_drawOrder":null,"ward_icon":null,"ward_Corporation":"East","ward_corporation_kn":"ಪೂರ್ವ","ward_corporation_id":"3","ward_ac":"Mahadevapura","ward_ac_kn":"ಮಹದೇವಪುರ","ward_ac_no":"174","ward_Assembly":"174 - Mahadevapura","ward_id":"49","ward_name":"49 - Shivanasamudra Ward","ward_name_kn":"ಶಿವನಸಮುದ್ರ ವಾರ್ಡ್","ward_TOT_P":"15012.0","ward_TOT_M":"8198.0","ward_TOT_F":"6814.0","ward_SC_P":"1608.0","ward_SC_M":"834.0","ward_SC_F":"774.0","ward_ST_P":"286.0","ward_ST_M":"156.0","ward_ST_F":"130.0","ward_low_range":"14567","ward_high_range":"21851","ward_RO_Code":"5","ward_RO_Division":"RO- Bellanduru","ward_ARO_Code":"14","ward_ARO_ Sub Division":"ARO- Gunjur","ward_zone":"Zone1","ward_zone_name":"Mahadevapura","ward_join_status":"matched","ward_spatial_match_count":1},"geometry":{"type":"Point","coordinates":[77.67941670000005,12.918333300000029,0]},"id":102},{"type":"Feature","properties":{"fid":103,"OBJECTID":103,"Name":"Placemark","FolderPath":"Document/lakes","SymbolID":0,"AltMode":-1,"Base":0,"Snippet":"","PopupInfo":"","HasLabel":-1,"LabelID":0,"ward_source_id":"ward_369_final.205","ward_source_Name":null,"ward_description":null,"ward_timestamp":null,"ward_begin":null,"ward_end":null,"ward_altitudeMode":null,"ward_tessellate":-1,"ward_extrude":0,"ward_visibility":-1,"ward_drawOrder":null,"ward_icon":null,"ward_Corporation":"East","ward_corporation_kn":"ಪೂರ್ವ","ward_corporation_id":"3","ward_ac":"Mahadevapura","ward_ac_kn":"ಮಹದೇವಪುರ","ward_ac_no":"174","ward_Assembly":"174 - Mahadevapura","ward_id":"49","ward_name":"49 - Shivanasamudra Ward","ward_name_kn":"ಶಿವನಸಮುದ್ರ ವಾರ್ಡ್","ward_TOT_P":"15012.0","ward_TOT_M":"8198.0","ward_TOT_F":"6814.0","ward_SC_P":"1608.0","ward_SC_M":"834.0","ward_SC_F":"774.0","ward_ST_P":"286.0","ward_ST_M":"156.0","ward_ST_F":"130.0","ward_low_range":"14567","ward_high_range":"21851","ward_RO_Code":"5","ward_RO_Division":"RO- Bellanduru","ward_ARO_Code":"14","ward_ARO_ Sub Division":"ARO- Gunjur","ward_zone":"Zone1","ward_zone_name":"Mahadevapura","ward_join_status":"matched","ward_spatial_match_count":1},"geometry":{"type":"Point","coordinates":[77.68688890000004,12.923000000000059,0]},"id":103},{"type":"Feature","properties":{"fid":104,"OBJECTID":104,"Name":"Placemark","FolderPath":"Document/lakes","SymbolID":0,"AltMode":-1,"Base":0,"Snippet":"","PopupInfo":"","HasLabel":-1,"LabelID":0,"ward_source_id":"ward_369_final.119","ward_source_Name":null,"ward_description":null,"ward_timestamp":null,"ward_begin":null,"ward_end":null,"ward_altitudeMode":null,"ward_tessellate":-1,"ward_extrude":0,"ward_visibility":-1,"ward_drawOrder":null,"ward_icon":null,"ward_Corporation":"South","ward_corporation_kn":"ದಕ್ಷಿಣ","ward_corporation_id":"4","ward_ac":"Mahadevapura","ward_ac_kn":"ಮಹದೇವಪುರ","ward_ac_no":"174","ward_Assembly":"174 - Mahadevapura","ward_id":"31","ward_name":"31 - Kasavanahalli","ward_name_kn":"ಕಸವನಹಳ್ಳಿ","ward_TOT_P":"21288.0","ward_TOT_M":"11166.0","ward_TOT_F":"10122.0","ward_SC_P":"1819.0","ward_SC_M":"922.0","ward_SC_F":"897.0","ward_ST_P":"357.0","ward_ST_M":"183.0","ward_ST_F":"174.0","ward_low_range":"18594","ward_high_range":"27891","ward_RO_Code":"1","ward_RO_Division":"RO- HSR Layout","ward_ARO_Code":"1","ward_ARO_ Sub Division":"ARO- Kudlu","ward_zone":"Zone2","ward_zone_name":"Bommanahalli","ward_join_status":"matched","ward_spatial_match_count":1},"geometry":{"type":"Point","coordinates":[77.68047220000005,12.901944400000048,0]},"id":104},{"type":"Feature","properties":{"fid":105,"OBJECTID":105,"Name":"Placemark","FolderPath":"Document/lakes","SymbolID":0,"AltMode":-1,"Base":0,"Snippet":"","PopupInfo":"","HasLabel":-1,"LabelID":0,"ward_source_id":"ward_369_final.246","ward_source_Name":null,"ward_description":null,"ward_timestamp":null,"ward_begin":null,"ward_end":null,"ward_altitudeMode":null,"ward_tessellate":-1,"ward_extrude":0,"ward_visibility":-1,"ward_drawOrder":null,"ward_icon":null,"ward_Corporation":"East","ward_corporation_kn":"ಪೂರ್ವ","ward_corporation_id":"3","ward_ac":"Mahadevapura","ward_ac_kn":"ಮಹದೇವಪುರ","ward_ac_no":"174","ward_Assembly":"174 - Mahadevapura","ward_id":"48","ward_name":"48 - Panathur","ward_name_kn":"ಪಣತ್ತೂರು","ward_TOT_P":"14766.0","ward_TOT_M":"8426.0","ward_TOT_F":"6340.0","ward_SC_P":"3791.0","ward_SC_M":"1901.0","ward_SC_F":"1890.0","ward_ST_P":"294.0","ward_ST_M":"160.0","ward_ST_F":"133.0","ward_low_range":"14567","ward_high_range":"21851","ward_RO_Code":"5","ward_RO_Division":"RO- Bellanduru","ward_ARO_Code":"14","ward_ARO_ Sub Division":"ARO- Gunjur","ward_zone":"Zone1","ward_zone_name":"Mahadevapura","ward_join_status":"matched","ward_spatial_match_count":1},"geometry":{"type":"Point","coordinates":[77.69916670000003,12.922777800000063,0]},"id":105},{"type":"Feature","properties":{"fid":106,"OBJECTID":106,"Name":"Placemark","FolderPath":"Document/lakes","SymbolID":0,"AltMode":-1,"Base":0,"Snippet":"","PopupInfo":"","HasLabel":-1,"LabelID":0,"ward_source_id":"ward_369_final.235","ward_source_Name":null,"ward_description":null,"ward_timestamp":null,"ward_begin":null,"ward_end":null,"ward_altitudeMode":null,"ward_tessellate":-1,"ward_extrude":0,"ward_visibility":-1,"ward_drawOrder":null,"ward_icon":null,"ward_Corporation":"East","ward_corporation_kn":"ಪೂರ್ವ","ward_corporation_id":"3","ward_ac":"Mahadevapura","ward_ac_kn":"ಮಹದೇವಪುರ","ward_ac_no":"174","ward_Assembly":"174 - Mahadevapura","ward_id":"50","ward_name":"50 - Gunjur","ward_name_kn":"ಗುಂಜೂರು","ward_TOT_P":"15085.0","ward_TOT_M":"7755.0","ward_TOT_F":"7330.0","ward_SC_P":"2937.0","ward_SC_M":"1490.0","ward_SC_F":"1447.0","ward_ST_P":"267.0","ward_ST_M":"131.0","ward_ST_F":"136.0","ward_low_range":"14567","ward_high_range":"21851","ward_RO_Code":"5","ward_RO_Division":"RO- Bellanduru","ward_ARO_Code":"14","ward_ARO_ Sub Division":"ARO- Gunjur","ward_zone":"Zone1","ward_zone_name":"Mahadevapura","ward_join_status":"matched","ward_spatial_match_count":1},"geometry":{"type":"Point","coordinates":[77.72302780000007,12.920083300000044,0]},"id":106},{"type":"Feature","properties":{"fid":107,"OBJECTID":107,"Name":"Placemark","FolderPath":"Document/lakes","SymbolID":0,"AltMode":-1,"Base":0,"Snippet":"","PopupInfo":"","HasLabel":-1,"LabelID":0,"ward_source_id":"ward_369_final.235","ward_source_Name":null,"ward_description":null,"ward_timestamp":null,"ward_begin":null,"ward_end":null,"ward_altitudeMode":null,"ward_tessellate":-1,"ward_extrude":0,"ward_visibility":-1,"ward_drawOrder":null,"ward_icon":null,"ward_Corporation":"East","ward_corporation_kn":"ಪೂರ್ವ","ward_corporation_id":"3","ward_ac":"Mahadevapura","ward_ac_kn":"ಮಹದೇವಪುರ","ward_ac_no":"174","ward_Assembly":"174 - Mahadevapura","ward_id":"50","ward_name":"50 - Gunjur","ward_name_kn":"ಗುಂಜೂರು","ward_TOT_P":"15085.0","ward_TOT_M":"7755.0","ward_TOT_F":"7330.0","ward_SC_P":"2937.0","ward_SC_M":"1490.0","ward_SC_F":"1447.0","ward_ST_P":"267.0","ward_ST_M":"131.0","ward_ST_F":"136.0","ward_low_range":"14567","ward_high_range":"21851","ward_RO_Code":"5","ward_RO_Division":"RO- Bellanduru","ward_ARO_Code":"14","ward_ARO_ Sub Division":"ARO- Gunjur","ward_zone":"Zone1","ward_zone_name":"Mahadevapura","ward_join_status":"matched","ward_spatial_match_count":1},"geometry":{"type":"Point","coordinates":[77.73988890000004,12.916805600000032,0]},"id":107},{"type":"Feature","properties":{"fid":108,"OBJECTID":108,"Name":"Placemark","FolderPath":"Document/lakes","SymbolID":0,"AltMode":-1,"Base":0,"Snippet":"","PopupInfo":"","HasLabel":-1,"LabelID":0,"ward_source_id":"ward_369_final.246","ward_source_Name":null,"ward_description":null,"ward_timestamp":null,"ward_begin":null,"ward_end":null,"ward_altitudeMode":null,"ward_tessellate":-1,"ward_extrude":0,"ward_visibility":-1,"ward_drawOrder":null,"ward_icon":null,"ward_Corporation":"East","ward_corporation_kn":"ಪೂರ್ವ","ward_corporation_id":"3","ward_ac":"Mahadevapura","ward_ac_kn":"ಮಹದೇವಪುರ","ward_ac_no":"174","ward_Assembly":"174 - Mahadevapura","ward_id":"48","ward_name":"48 - Panathur","ward_name_kn":"ಪಣತ್ತೂರು","ward_TOT_P":"14766.0","ward_TOT_M":"8426.0","ward_TOT_F":"6340.0","ward_SC_P":"3791.0","ward_SC_M":"1901.0","ward_SC_F":"1890.0","ward_ST_P":"294.0","ward_ST_M":"160.0","ward_ST_F":"133.0","ward_low_range":"14567","ward_high_range":"21851","ward_RO_Code":"5","ward_RO_Division":"RO- Bellanduru","ward_ARO_Code":"14","ward_ARO_ Sub Division":"ARO- Gunjur","ward_zone":"Zone1","ward_zone_name":"Mahadevapura","ward_join_status":"matched","ward_spatial_match_count":1},"geometry":{"type":"Point","coordinates":[77.70702780000005,12.93130560000003,0]},"id":108},{"type":"Feature","properties":{"fid":109,"OBJECTID":109,"Name":"Placemark","FolderPath":"Document/lakes","SymbolID":0,"AltMode":-1,"Base":0,"Snippet":"","PopupInfo":"","HasLabel":-1,"LabelID":0,"ward_source_id":"ward_369_final.235","ward_source_Name":null,"ward_description":null,"ward_timestamp":null,"ward_begin":null,"ward_end":null,"ward_altitudeMode":null,"ward_tessellate":-1,"ward_extrude":0,"ward_visibility":-1,"ward_drawOrder":null,"ward_icon":null,"ward_Corporation":"East","ward_corporation_kn":"ಪೂರ್ವ","ward_corporation_id":"3","ward_ac":"Mahadevapura","ward_ac_kn":"ಮಹದೇವಪುರ","ward_ac_no":"174","ward_Assembly":"174 - Mahadevapura","ward_id":"50","ward_name":"50 - Gunjur","ward_name_kn":"ಗುಂಜೂರು","ward_TOT_P":"15085.0","ward_TOT_M":"7755.0","ward_TOT_F":"7330.0","ward_SC_P":"2937.0","ward_SC_M":"1490.0","ward_SC_F":"1447.0","ward_ST_P":"267.0","ward_ST_M":"131.0","ward_ST_F":"136.0","ward_low_range":"14567","ward_high_range":"21851","ward_RO_Code":"5","ward_RO_Division":"RO- Bellanduru","ward_ARO_Code":"14","ward_ARO_ Sub Division":"ARO- Gunjur","ward_zone":"Zone1","ward_zone_name":"Mahadevapura","ward_join_status":"matched","ward_spatial_match_count":1},"geometry":{"type":"Point","coordinates":[77.71911110000008,12.912388900000053,0]},"id":109},{"type":"Feature","properties":{"fid":110,"OBJECTID":110,"Name":"Placemark","FolderPath":"Document/lakes","SymbolID":0,"AltMode":-1,"Base":0,"Snippet":"","PopupInfo":"","HasLabel":-1,"LabelID":0,"ward_source_id":"ward_369_final.235","ward_source_Name":null,"ward_description":null,"ward_timestamp":null,"ward_begin":null,"ward_end":null,"ward_altitudeMode":null,"ward_tessellate":-1,"ward_extrude":0,"ward_visibility":-1,"ward_drawOrder":null,"ward_icon":null,"ward_Corporation":"East","ward_corporation_kn":"ಪೂರ್ವ","ward_corporation_id":"3","ward_ac":"Mahadevapura","ward_ac_kn":"ಮಹದೇವಪುರ","ward_ac_no":"174","ward_Assembly":"174 - Mahadevapura","ward_id":"50","ward_name":"50 - Gunjur","ward_name_kn":"ಗುಂಜೂರು","ward_TOT_P":"15085.0","ward_TOT_M":"7755.0","ward_TOT_F":"7330.0","ward_SC_P":"2937.0","ward_SC_M":"1490.0","ward_SC_F":"1447.0","ward_ST_P":"267.0","ward_ST_M":"131.0","ward_ST_F":"136.0","ward_low_range":"14567","ward_high_range":"21851","ward_RO_Code":"5","ward_RO_Division":"RO- Bellanduru","ward_ARO_Code":"14","ward_ARO_ Sub Division":"ARO- Gunjur","ward_zone":"Zone1","ward_zone_name":"Mahadevapura","ward_join_status":"matched","ward_spatial_match_count":1},"geometry":{"type":"Point","coordinates":[77.71077780000007,12.91775000000007,0]},"id":110},{"type":"Feature","properties":{"fid":111,"OBJECTID":111,"Name":"Placemark","FolderPath":"Document/lakes","SymbolID":0,"AltMode":-1,"Base":0,"Snippet":"","PopupInfo":"","HasLabel":-1,"LabelID":0,"ward_source_id":"ward_369_final.246","ward_source_Name":null,"ward_description":null,"ward_timestamp":null,"ward_begin":null,"ward_end":null,"ward_altitudeMode":null,"ward_tessellate":-1,"ward_extrude":0,"ward_visibility":-1,"ward_drawOrder":null,"ward_icon":null,"ward_Corporation":"East","ward_corporation_kn":"ಪೂರ್ವ","ward_corporation_id":"3","ward_ac":"Mahadevapura","ward_ac_kn":"ಮಹದೇವಪುರ","ward_ac_no":"174","ward_Assembly":"174 - Mahadevapura","ward_id":"48","ward_name":"48 - Panathur","ward_name_kn":"ಪಣತ್ತೂರು","ward_TOT_P":"14766.0","ward_TOT_M":"8426.0","ward_TOT_F":"6340.0","ward_SC_P":"3791.0","ward_SC_M":"1901.0","ward_SC_F":"1890.0","ward_ST_P":"294.0","ward_ST_M":"160.0","ward_ST_F":"133.0","ward_low_range":"14567","ward_high_range":"21851","ward_RO_Code":"5","ward_RO_Division":"RO- Bellanduru","ward_ARO_Code":"14","ward_ARO_ Sub Division":"ARO- Gunjur","ward_zone":"Zone1","ward_zone_name":"Mahadevapura","ward_join_status":"matched","ward_spatial_match_count":1},"geometry":{"type":"Point","coordinates":[77.71713890000007,12.932500000000061,0]},"id":111},{"type":"Feature","properties":{"fid":112,"OBJECTID":112,"Name":"Placemark","FolderPath":"Document/lakes","SymbolID":0,"AltMode":-1,"Base":0,"Snippet":"","PopupInfo":"","HasLabel":-1,"LabelID":0,"ward_source_id":"ward_369_final.100","ward_source_Name":null,"ward_description":null,"ward_timestamp":null,"ward_begin":null,"ward_end":null,"ward_altitudeMode":null,"ward_tessellate":-1,"ward_extrude":0,"ward_visibility":-1,"ward_drawOrder":null,"ward_icon":null,"ward_Corporation":"East","ward_corporation_kn":"ಪೂರ್ವ","ward_corporation_id":"3","ward_ac":"Mahadevapura","ward_ac_kn":"ಮಹದೇವಪುರ","ward_ac_no":"174","ward_Assembly":"174 - Mahadevapura","ward_id":"42","ward_name":"42 - Priyadarshini Ward","ward_name_kn":"ಪ್ರಿಯದರ್ಶಿನಿ ವಾರ್ಡ್","ward_TOT_P":"16847.0","ward_TOT_M":"8595.0","ward_TOT_F":"8253.0","ward_SC_P":"619.0","ward_SC_M":"324.0","ward_SC_F":"296.0","ward_ST_P":"276.0","ward_ST_M":"144.0","ward_ST_F":"131.0","ward_low_range":"14567","ward_high_range":"21851","ward_RO_Code":"7","ward_RO_Division":"RO- Marathahalli","ward_ARO_Code":"22","ward_ARO_ Sub Division":"ARO- Munnekolalu","ward_zone":"Zone1","ward_zone_name":"Mahadevapura","ward_join_status":"matched","ward_spatial_match_count":1},"geometry":{"type":"Point","coordinates":[77.70833330000005,12.960666700000047,0]},"id":112},{"type":"Feature","properties":{"fid":113,"OBJECTID":113,"Name":"Placemark","FolderPath":"Document/lakes","SymbolID":0,"AltMode":-1,"Base":0,"Snippet":"","PopupInfo":"","HasLabel":-1,"LabelID":0,"ward_source_id":"ward_369_final.100","ward_source_Name":null,"ward_description":null,"ward_timestamp":null,"ward_begin":null,"ward_end":null,"ward_altitudeMode":null,"ward_tessellate":-1,"ward_extrude":0,"ward_visibility":-1,"ward_drawOrder":null,"ward_icon":null,"ward_Corporation":"East","ward_corporation_kn":"ಪೂರ್ವ","ward_corporation_id":"3","ward_ac":"Mahadevapura","ward_ac_kn":"ಮಹದೇವಪುರ","ward_ac_no":"174","ward_Assembly":"174 - Mahadevapura","ward_id":"42","ward_name":"42 - Priyadarshini Ward","ward_name_kn":"ಪ್ರಿಯದರ್ಶಿನಿ ವಾರ್ಡ್","ward_TOT_P":"16847.0","ward_TOT_M":"8595.0","ward_TOT_F":"8253.0","ward_SC_P":"619.0","ward_SC_M":"324.0","ward_SC_F":"296.0","ward_ST_P":"276.0","ward_ST_M":"144.0","ward_ST_F":"131.0","ward_low_range":"14567","ward_high_range":"21851","ward_RO_Code":"7","ward_RO_Division":"RO- Marathahalli","ward_ARO_Code":"22","ward_ARO_ Sub Division":"ARO- Munnekolalu","ward_zone":"Zone1","ward_zone_name":"Mahadevapura","ward_join_status":"matched","ward_spatial_match_count":1},"geometry":{"type":"Point","coordinates":[77.70750000000004,12.965555600000073,0]},"id":113},{"type":"Feature","properties":{"fid":114,"OBJECTID":114,"Name":"Placemark","FolderPath":"Document/lakes","SymbolID":0,"AltMode":-1,"Base":0,"Snippet":"","PopupInfo":"","HasLabel":-1,"LabelID":0,"ward_source_id":"ward_369_final.229","ward_source_Name":null,"ward_description":null,"ward_timestamp":null,"ward_begin":null,"ward_end":null,"ward_altitudeMode":null,"ward_tessellate":-1,"ward_extrude":0,"ward_visibility":-1,"ward_drawOrder":null,"ward_icon":null,"ward_Corporation":"East","ward_corporation_kn":"ಪೂರ್ವ","ward_corporation_id":"3","ward_ac":"Mahadevapura","ward_ac_kn":"ಮಹದೇವಪುರ","ward_ac_no":"174","ward_Assembly":"174 - Mahadevapura","ward_id":"37","ward_name":"37 - Kundalahalli","ward_name_kn":"ಕುಂದಲಹಳ್ಳಿ","ward_TOT_P":"18217.0","ward_TOT_M":"9641.0","ward_TOT_F":"8576.0","ward_SC_P":"2325.0","ward_SC_M":"1211.0","ward_SC_F":"1114.0","ward_ST_P":"431.0","ward_ST_M":"224.0","ward_ST_F":"207.0","ward_low_range":"14567","ward_high_range":"21851","ward_RO_Code":"5","ward_RO_Division":"RO- Bellanduru","ward_ARO_Code":"15","ward_ARO_ Sub Division":"ARO- Varthur","ward_zone":"Zone1","ward_zone_name":"Mahadevapura","ward_join_status":"matched","ward_spatial_match_count":1},"geometry":{"type":"Point","coordinates":[77.71969440000004,12.970444400000076,0]},"id":114},{"type":"Feature","properties":{"fid":115,"OBJECTID":115,"Name":"Placemark","FolderPath":"Document/lakes","SymbolID":0,"AltMode":-1,"Base":0,"Snippet":"","PopupInfo":"","HasLabel":-1,"LabelID":0,"ward_source_id":"ward_369_final.237","ward_source_Name":null,"ward_description":null,"ward_timestamp":null,"ward_begin":null,"ward_end":null,"ward_altitudeMode":null,"ward_tessellate":-1,"ward_extrude":0,"ward_visibility":-1,"ward_drawOrder":null,"ward_icon":null,"ward_Corporation":"East","ward_corporation_kn":"ಪೂರ್ವ","ward_corporation_id":"3","ward_ac":"Mahadevapura","ward_ac_kn":"ಮಹದೇವಪುರ","ward_ac_no":"174","ward_Assembly":"174 - Mahadevapura","ward_id":"43","ward_name":"43 - Dodda Nekkundi","ward_name_kn":"ದೊಡ್ಡ ನೆಕ್ಕುಂಡಿ","ward_TOT_P":"16961.0","ward_TOT_M":"8921.0","ward_TOT_F":"8040.0","ward_SC_P":"1518.0","ward_SC_M":"778.0","ward_SC_F":"740.0","ward_ST_P":"250.0","ward_ST_M":"121.0","ward_ST_F":"129.0","ward_low_range":"14567","ward_high_range":"21851","ward_RO_Code":"7","ward_RO_Division":"RO- Marathahalli","ward_ARO_Code":"19","ward_ARO_ Sub Division":"ARO- Doddane Kundi","ward_zone":"Zone1","ward_zone_name":"Mahadevapura","ward_join_status":"matched","ward_spatial_match_count":1},"geometry":{"type":"Point","coordinates":[77.68588890000007,12.976083300000028,0]},"id":115},{"type":"Feature","properties":{"fid":116,"OBJECTID":116,"Name":"Placemark","FolderPath":"Document/lakes","SymbolID":0,"AltMode":-1,"Base":0,"Snippet":"","PopupInfo":"","HasLabel":-1,"LabelID":0,"ward_source_id":"ward_369_final.233","ward_source_Name":null,"ward_description":null,"ward_timestamp":null,"ward_begin":null,"ward_end":null,"ward_altitudeMode":null,"ward_tessellate":-1,"ward_extrude":0,"ward_visibility":-1,"ward_drawOrder":null,"ward_icon":null,"ward_Corporation":"East","ward_corporation_kn":"ಪೂರ್ವ","ward_corporation_id":"3","ward_ac":"Mahadevapura","ward_ac_kn":"ಮಹದೇವಪುರ","ward_ac_no":"174","ward_Assembly":"174 - Mahadevapura","ward_id":"38","ward_name":"38 - Whitefield","ward_name_kn":"ವೈಟ್‌ಫೀಲ್ಡ್","ward_TOT_P":"20265.0","ward_TOT_M":"10389.0","ward_TOT_F":"9876.0","ward_SC_P":"2050.0","ward_SC_M":"1039.0","ward_SC_F":"1011.0","ward_ST_P":"280.0","ward_ST_M":"144.0","ward_ST_F":"136.0","ward_low_range":"14567","ward_high_range":"21851","ward_RO_Code":"6","ward_RO_Division":"RO- Hoodi","ward_ARO_Code":"18","ward_ARO_ Sub Division":"ARO- Whitefield","ward_zone":"Zone1","ward_zone_name":"Mahadevapura","ward_join_status":"matched","ward_spatial_match_count":1},"geometry":{"type":"Point","coordinates":[77.74227780000007,12.964388900000074,0]},"id":116},{"type":"Feature","properties":{"fid":117,"OBJECTID":117,"Name":"Placemark","FolderPath":"Document/lakes","SymbolID":0,"AltMode":-1,"Base":0,"Snippet":"","PopupInfo":"","HasLabel":-1,"LabelID":0,"ward_source_id":"ward_369_final.229","ward_source_Name":null,"ward_description":null,"ward_timestamp":null,"ward_begin":null,"ward_end":null,"ward_altitudeMode":null,"ward_tessellate":-1,"ward_extrude":0,"ward_visibility":-1,"ward_drawOrder":null,"ward_icon":null,"ward_Corporation":"East","ward_corporation_kn":"ಪೂರ್ವ","ward_corporation_id":"3","ward_ac":"Mahadevapura","ward_ac_kn":"ಮಹದೇವಪುರ","ward_ac_no":"174","ward_Assembly":"174 - Mahadevapura","ward_id":"37","ward_name":"37 - Kundalahalli","ward_name_kn":"ಕುಂದಲಹಳ್ಳಿ","ward_TOT_P":"18217.0","ward_TOT_M":"9641.0","ward_TOT_F":"8576.0","ward_SC_P":"2325.0","ward_SC_M":"1211.0","ward_SC_F":"1114.0","ward_ST_P":"431.0","ward_ST_M":"224.0","ward_ST_F":"207.0","ward_low_range":"14567","ward_high_range":"21851","ward_RO_Code":"5","ward_RO_Division":"RO- Bellanduru","ward_ARO_Code":"15","ward_ARO_ Sub Division":"ARO- Varthur","ward_zone":"Zone1","ward_zone_name":"Mahadevapura","ward_join_status":"matched","ward_spatial_match_count":1},"geometry":{"type":"Point","coordinates":[77.72538890000004,12.958416700000043,0]},"id":117},{"type":"Feature","properties":{"fid":118,"OBJECTID":118,"Name":"Placemark","FolderPath":"Document/lakes","SymbolID":0,"AltMode":-1,"Base":0,"Snippet":"","PopupInfo":"","HasLabel":-1,"LabelID":0,"ward_source_id":"ward_369_final.203","ward_source_Name":null,"ward_description":null,"ward_timestamp":null,"ward_begin":null,"ward_end":null,"ward_altitudeMode":null,"ward_tessellate":-1,"ward_extrude":0,"ward_visibility":-1,"ward_drawOrder":null,"ward_icon":null,"ward_Corporation":"East","ward_corporation_kn":"ಪೂರ್ವ","ward_corporation_id":"3","ward_ac":"Mahadevapura","ward_ac_kn":"ಮಹದೇವಪುರ","ward_ac_no":"174","ward_Assembly":"174 - Mahadevapura","ward_id":"33","ward_name":"33 - S.M Krishna Ward","ward_name_kn":"ಎಸ್.ಎಂ ಕೃಷ್ಣ ವಾರ್ಡ್","ward_TOT_P":"16262.0","ward_TOT_M":"8867.0","ward_TOT_F":"7395.0","ward_SC_P":"3754.0","ward_SC_M":"1929.0","ward_SC_F":"1826.0","ward_ST_P":"464.0","ward_ST_M":"272.0","ward_ST_F":"192.0","ward_low_range":"14567","ward_high_range":"21851","ward_RO_Code":"6","ward_RO_Division":"RO- Hoodi","ward_ARO_Code":"17","ward_ARO_ Sub Division":"ARO- Kadugodi","ward_zone":"Zone1","ward_zone_name":"Mahadevapura","ward_join_status":"matched","ward_spatial_match_count":1},"geometry":{"type":"Point","coordinates":[77.73525000000006,12.974472200000037,0]},"id":118},{"type":"Feature","properties":{"fid":119,"OBJECTID":119,"Name":"Placemark","FolderPath":"Document/lakes","SymbolID":0,"AltMode":-1,"Base":0,"Snippet":"","PopupInfo":"","HasLabel":-1,"LabelID":0,"ward_source_id":"ward_369_final.203","ward_source_Name":null,"ward_description":null,"ward_timestamp":null,"ward_begin":null,"ward_end":null,"ward_altitudeMode":null,"ward_tessellate":-1,"ward_extrude":0,"ward_visibility":-1,"ward_drawOrder":null,"ward_icon":null,"ward_Corporation":"East","ward_corporation_kn":"ಪೂರ್ವ","ward_corporation_id":"3","ward_ac":"Mahadevapura","ward_ac_kn":"ಮಹದೇವಪುರ","ward_ac_no":"174","ward_Assembly":"174 - Mahadevapura","ward_id":"33","ward_name":"33 - S.M Krishna Ward","ward_name_kn":"ಎಸ್.ಎಂ ಕೃಷ್ಣ ವಾರ್ಡ್","ward_TOT_P":"16262.0","ward_TOT_M":"8867.0","ward_TOT_F":"7395.0","ward_SC_P":"3754.0","ward_SC_M":"1929.0","ward_SC_F":"1826.0","ward_ST_P":"464.0","ward_ST_M":"272.0","ward_ST_F":"192.0","ward_low_range":"14567","ward_high_range":"21851","ward_RO_Code":"6","ward_RO_Division":"RO- Hoodi","ward_ARO_Code":"17","ward_ARO_ Sub Division":"ARO- Kadugodi","ward_zone":"Zone1","ward_zone_name":"Mahadevapura","ward_join_status":"matched","ward_spatial_match_count":1},"geometry":{"type":"Point","coordinates":[77.74544440000005,12.976027800000054,0]},"id":119},{"type":"Feature","properties":{"fid":120,"OBJECTID":120,"Name":"Placemark","FolderPath":"Document/lakes","SymbolID":0,"AltMode":-1,"Base":0,"Snippet":"","PopupInfo":"","HasLabel":-1,"LabelID":0,"ward_source_id":"ward_369_final.203","ward_source_Name":null,"ward_description":null,"ward_timestamp":null,"ward_begin":null,"ward_end":null,"ward_altitudeMode":null,"ward_tessellate":-1,"ward_extrude":0,"ward_visibility":-1,"ward_drawOrder":null,"ward_icon":null,"ward_Corporation":"East","ward_corporation_kn":"ಪೂರ್ವ","ward_corporation_id":"3","ward_ac":"Mahadevapura","ward_ac_kn":"ಮಹದೇವಪುರ","ward_ac_no":"174","ward_Assembly":"174 - Mahadevapura","ward_id":"33","ward_name":"33 - S.M Krishna Ward","ward_name_kn":"ಎಸ್.ಎಂ ಕೃಷ್ಣ ವಾರ್ಡ್","ward_TOT_P":"16262.0","ward_TOT_M":"8867.0","ward_TOT_F":"7395.0","ward_SC_P":"3754.0","ward_SC_M":"1929.0","ward_SC_F":"1826.0","ward_ST_P":"464.0","ward_ST_M":"272.0","ward_ST_F":"192.0","ward_low_range":"14567","ward_high_range":"21851","ward_RO_Code":"6","ward_RO_Division":"RO- Hoodi","ward_ARO_Code":"17","ward_ARO_ Sub Division":"ARO- Kadugodi","ward_zone":"Zone1","ward_zone_name":"Mahadevapura","ward_join_status":"matched","ward_spatial_match_count":1},"geometry":{"type":"Point","coordinates":[77.73825000000005,12.980138900000043,0]},"id":120},{"type":"Feature","properties":{"fid":121,"OBJECTID":121,"Name":"Placemark","FolderPath":"Document/lakes","SymbolID":0,"AltMode":-1,"Base":0,"Snippet":"","PopupInfo":"","HasLabel":-1,"LabelID":0,"ward_source_id":"ward_369_final.232","ward_source_Name":null,"ward_description":null,"ward_timestamp":null,"ward_begin":null,"ward_end":null,"ward_altitudeMode":null,"ward_tessellate":-1,"ward_extrude":0,"ward_visibility":-1,"ward_drawOrder":null,"ward_icon":null,"ward_Corporation":"East","ward_corporation_kn":"ಪೂರ್ವ","ward_corporation_id":"3","ward_ac":"K.R. Pura","ward_ac_kn":"ಕೆ.ಆರ್. ಪುರ","ward_ac_no":"151","ward_Assembly":"151 - K.R. Pura","ward_id":"22","ward_name":"22 - Mahadevapura","ward_name_kn":"ಮಹದೇವಪುರ","ward_TOT_P":"17381.0","ward_TOT_M":"9192.0","ward_TOT_F":"8189.0","ward_SC_P":"1507.0","ward_SC_M":"758.0","ward_SC_F":"749.0","ward_ST_P":"317.0","ward_ST_M":"164.0","ward_ST_F":"153.0","ward_low_range":"14567","ward_high_range":"21851","ward_RO_Code":"4","ward_RO_Division":"RO- Vignananagara","ward_ARO_Code":"10","ward_ARO_ Sub Division":"ARO- Mahadevapura","ward_zone":"Zone2","ward_zone_name":"K.R. Pura","ward_join_status":"matched","ward_spatial_match_count":1},"geometry":{"type":"Point","coordinates":[77.69261110000008,12.986750000000029,0]},"id":121},{"type":"Feature","properties":{"fid":122,"OBJECTID":122,"Name":"Placemark","FolderPath":"Document/lakes","SymbolID":0,"AltMode":-1,"Base":0,"Snippet":"","PopupInfo":"","HasLabel":-1,"LabelID":0,"ward_source_id":"ward_369_final.232","ward_source_Name":null,"ward_description":null,"ward_timestamp":null,"ward_begin":null,"ward_end":null,"ward_altitudeMode":null,"ward_tessellate":-1,"ward_extrude":0,"ward_visibility":-1,"ward_drawOrder":null,"ward_icon":null,"ward_Corporation":"East","ward_corporation_kn":"ಪೂರ್ವ","ward_corporation_id":"3","ward_ac":"K.R. Pura","ward_ac_kn":"ಕೆ.ಆರ್. ಪುರ","ward_ac_no":"151","ward_Assembly":"151 - K.R. Pura","ward_id":"22","ward_name":"22 - Mahadevapura","ward_name_kn":"ಮಹದೇವಪುರ","ward_TOT_P":"17381.0","ward_TOT_M":"9192.0","ward_TOT_F":"8189.0","ward_SC_P":"1507.0","ward_SC_M":"758.0","ward_SC_F":"749.0","ward_ST_P":"317.0","ward_ST_M":"164.0","ward_ST_F":"153.0","ward_low_range":"14567","ward_high_range":"21851","ward_RO_Code":"4","ward_RO_Division":"RO- Vignananagara","ward_ARO_Code":"10","ward_ARO_ Sub Division":"ARO- Mahadevapura","ward_zone":"Zone2","ward_zone_name":"K.R. Pura","ward_join_status":"matched","ward_spatial_match_count":1},"geometry":{"type":"Point","coordinates":[77.69250000000005,12.98747220000007,0]},"id":122},{"type":"Feature","properties":{"fid":123,"OBJECTID":123,"Name":"Placemark","FolderPath":"Document/lakes","SymbolID":0,"AltMode":-1,"Base":0,"Snippet":"","PopupInfo":"","HasLabel":-1,"LabelID":0,"ward_source_id":"ward_369_final.251","ward_source_Name":null,"ward_description":null,"ward_timestamp":null,"ward_begin":null,"ward_end":null,"ward_altitudeMode":null,"ward_tessellate":-1,"ward_extrude":0,"ward_visibility":-1,"ward_drawOrder":null,"ward_icon":null,"ward_Corporation":"East","ward_corporation_kn":"ಪೂರ್ವ","ward_corporation_id":"3","ward_ac":"K.R. Pura","ward_ac_kn":"ಕೆ.ಆರ್. ಪುರ","ward_ac_no":"151","ward_Assembly":"151 - K.R. Pura","ward_id":"24","ward_name":"24 - Vignananagara","ward_name_kn":"ವಿಜ್ಞಾನನಗರ","ward_TOT_P":"14649.0","ward_TOT_M":"7682.0","ward_TOT_F":"6967.0","ward_SC_P":"822.0","ward_SC_M":"402.0","ward_SC_F":"419.0","ward_ST_P":"229.0","ward_ST_M":"122.0","ward_ST_F":"107.0","ward_low_range":"14567","ward_high_range":"21851","ward_RO_Code":"4","ward_RO_Division":"RO- Vignananagara","ward_ARO_Code":"12","ward_ARO_ Sub Division":"ARO- Vignananagara","ward_zone":"Zone2","ward_zone_name":"K.R. Pura","ward_join_status":"matched","ward_spatial_match_count":1},"geometry":{"type":"Point","coordinates":[77.67663890000006,12.967444400000034,0]},"id":123},{"type":"Feature","properties":{"fid":124,"OBJECTID":124,"Name":"Placemark","FolderPath":"Document/lakes","SymbolID":0,"AltMode":-1,"Base":0,"Snippet":"","PopupInfo":"","HasLabel":-1,"LabelID":0,"ward_source_id":"ward_369_final.226","ward_source_Name":null,"ward_description":null,"ward_timestamp":null,"ward_begin":null,"ward_end":null,"ward_altitudeMode":null,"ward_tessellate":-1,"ward_extrude":0,"ward_visibility":-1,"ward_drawOrder":null,"ward_icon":null,"ward_Corporation":"East","ward_corporation_kn":"ಪೂರ್ವ","ward_corporation_id":"3","ward_ac":"Mahadevapura","ward_ac_kn":"ಮಹದೇವಪುರ","ward_ac_no":"174","ward_Assembly":"174 - Mahadevapura","ward_id":"36","ward_name":"36 - Bharath Aikya Ward","ward_name_kn":"ಭಾರತ್ ಐಕ್ಯ ವಾರ್ಡ್","ward_TOT_P":"19498.0","ward_TOT_M":"10573.0","ward_TOT_F":"8926.0","ward_SC_P":"1601.0","ward_SC_M":"817.0","ward_SC_F":"784.0","ward_ST_P":"286.0","ward_ST_M":"154.0","ward_ST_F":"132.0","ward_low_range":"14567","ward_high_range":"21851","ward_RO_Code":"7","ward_RO_Division":"RO- Marathahalli","ward_ARO_Code":"19","ward_ARO_ Sub Division":"ARO- Doddane Kundi","ward_zone":"Zone1","ward_zone_name":"Mahadevapura","ward_join_status":"matched","ward_spatial_match_count":1},"geometry":{"type":"Point","coordinates":[77.71275000000009,12.981888900000058,0]},"id":124},{"type":"Feature","properties":{"fid":125,"OBJECTID":125,"Name":"Placemark","FolderPath":"Document/lakes","SymbolID":0,"AltMode":-1,"Base":0,"Snippet":"","PopupInfo":"","HasLabel":-1,"LabelID":0,"ward_source_id":"ward_369_final.227","ward_source_Name":null,"ward_description":null,"ward_timestamp":null,"ward_begin":null,"ward_end":null,"ward_altitudeMode":null,"ward_tessellate":-1,"ward_extrude":0,"ward_visibility":-1,"ward_drawOrder":null,"ward_icon":null,"ward_Corporation":"East","ward_corporation_kn":"ಪೂರ್ವ","ward_corporation_id":"3","ward_ac":"Mahadevapura","ward_ac_kn":"ಮಹದೇವಪುರ","ward_ac_no":"174","ward_Assembly":"174 - Mahadevapura","ward_id":"35","ward_name":"35 - Garudachar Palya","ward_name_kn":"ಗರುಡಾಚಾರ್ ಪಾಳ್ಯ","ward_TOT_P":"20983.0","ward_TOT_M":"11770.0","ward_TOT_F":"9213.0","ward_SC_P":"1513.0","ward_SC_M":"799.0","ward_SC_F":"715.0","ward_ST_P":"433.0","ward_ST_M":"250.0","ward_ST_F":"183.0","ward_low_range":"14567","ward_high_range":"21851","ward_RO_Code":"7","ward_RO_Division":"RO- Marathahalli","ward_ARO_Code":"20","ward_ARO_ Sub Division":"ARO- Garudacharpalya","ward_zone":"Zone1","ward_zone_name":"Mahadevapura","ward_join_status":"matched","ward_spatial_match_count":1},"geometry":{"type":"Point","coordinates":[77.69791670000006,12.986777800000027,0]},"id":125},{"type":"Feature","properties":{"fid":126,"OBJECTID":126,"Name":"Placemark","FolderPath":"Document/lakes","SymbolID":0,"AltMode":-1,"Base":0,"Snippet":"","PopupInfo":"","HasLabel":-1,"LabelID":0,"ward_source_id":"ward_369_final.226","ward_source_Name":null,"ward_description":null,"ward_timestamp":null,"ward_begin":null,"ward_end":null,"ward_altitudeMode":null,"ward_tessellate":-1,"ward_extrude":0,"ward_visibility":-1,"ward_drawOrder":null,"ward_icon":null,"ward_Corporation":"East","ward_corporation_kn":"ಪೂರ್ವ","ward_corporation_id":"3","ward_ac":"Mahadevapura","ward_ac_kn":"ಮಹದೇವಪುರ","ward_ac_no":"174","ward_Assembly":"174 - Mahadevapura","ward_id":"36","ward_name":"36 - Bharath Aikya Ward","ward_name_kn":"ಭಾರತ್ ಐಕ್ಯ ವಾರ್ಡ್","ward_TOT_P":"19498.0","ward_TOT_M":"10573.0","ward_TOT_F":"8926.0","ward_SC_P":"1601.0","ward_SC_M":"817.0","ward_SC_F":"784.0","ward_ST_P":"286.0","ward_ST_M":"154.0","ward_ST_F":"132.0","ward_low_range":"14567","ward_high_range":"21851","ward_RO_Code":"7","ward_RO_Division":"RO- Marathahalli","ward_ARO_Code":"19","ward_ARO_ Sub Division":"ARO- Doddane Kundi","ward_zone":"Zone1","ward_zone_name":"Mahadevapura","ward_join_status":"matched","ward_spatial_match_count":1},"geometry":{"type":"Point","coordinates":[77.71316670000004,12.982361100000048,0]},"id":126},{"type":"Feature","properties":{"fid":127,"OBJECTID":127,"Name":"Placemark","FolderPath":"Document/lakes","SymbolID":0,"AltMode":-1,"Base":0,"Snippet":"","PopupInfo":"","HasLabel":-1,"LabelID":0,"ward_source_id":"ward_369_final.245","ward_source_Name":null,"ward_description":null,"ward_timestamp":null,"ward_begin":null,"ward_end":null,"ward_altitudeMode":null,"ward_tessellate":-1,"ward_extrude":0,"ward_visibility":-1,"ward_drawOrder":null,"ward_icon":null,"ward_Corporation":"East","ward_corporation_kn":"ಪೂರ್ವ","ward_corporation_id":"3","ward_ac":"Mahadevapura","ward_ac_kn":"ಮಹದೇವಪುರ","ward_ac_no":"174","ward_Assembly":"174 - Mahadevapura","ward_id":"30","ward_name":"30 - Belathur","ward_name_kn":"ಬೆಳತ್ತೂರ್","ward_TOT_P":"20869.0","ward_TOT_M":"11556.0","ward_TOT_F":"9313.0","ward_SC_P":"5120.0","ward_SC_M":"2600.0","ward_SC_F":"2520.0","ward_ST_P":"391.0","ward_ST_M":"232.0","ward_ST_F":"159.0","ward_low_range":"14567","ward_high_range":"21851","ward_RO_Code":"6","ward_RO_Division":"RO- Hoodi","ward_ARO_Code":"16","ward_ARO_ Sub Division":"ARO- Hoodi","ward_zone":"Zone1","ward_zone_name":"Mahadevapura","ward_join_status":"matched","ward_spatial_match_count":1},"geometry":{"type":"Point","coordinates":[77.72752780000008,12.99941670000004,0]},"id":127},{"type":"Feature","properties":{"fid":128,"OBJECTID":128,"Name":"Placemark","FolderPath":"Document/lakes","SymbolID":0,"AltMode":-1,"Base":0,"Snippet":"","PopupInfo":"","HasLabel":-1,"LabelID":0,"ward_source_id":"ward_369_final.207","ward_source_Name":null,"ward_description":null,"ward_timestamp":null,"ward_begin":null,"ward_end":null,"ward_altitudeMode":null,"ward_tessellate":-1,"ward_extrude":0,"ward_visibility":-1,"ward_drawOrder":null,"ward_icon":null,"ward_Corporation":"East","ward_corporation_kn":"ಪೂರ್ವ","ward_corporation_id":"3","ward_ac":"Mahadevapura","ward_ac_kn":"ಮಹದೇವಪುರ","ward_ac_no":"174","ward_Assembly":"174 - Mahadevapura","ward_id":"29","ward_name":"29 - Hoodi","ward_name_kn":"ಹೂಡಿ","ward_TOT_P":"20699.0","ward_TOT_M":"12317.0","ward_TOT_F":"8382.0","ward_SC_P":"2088.0","ward_SC_M":"1125.0","ward_SC_F":"963.0","ward_ST_P":"462.0","ward_ST_M":"270.0","ward_ST_F":"192.0","ward_low_range":"14567","ward_high_range":"21851","ward_RO_Code":"6","ward_RO_Division":"RO- Hoodi","ward_ARO_Code":"16","ward_ARO_ Sub Division":"ARO- Hoodi","ward_zone":"Zone1","ward_zone_name":"Mahadevapura","ward_join_status":"matched","ward_spatial_match_count":1},"geometry":{"type":"Point","coordinates":[77.71655560000005,12.999694400000067,0]},"id":128},{"type":"Feature","properties":{"fid":129,"OBJECTID":129,"Name":"Placemark","FolderPath":"Document/lakes","SymbolID":0,"AltMode":-1,"Base":0,"Snippet":"","PopupInfo":"","HasLabel":-1,"LabelID":0,"ward_source_id":"ward_369_final.230","ward_source_Name":null,"ward_description":null,"ward_timestamp":null,"ward_begin":null,"ward_end":null,"ward_altitudeMode":null,"ward_tessellate":-1,"ward_extrude":0,"ward_visibility":-1,"ward_drawOrder":null,"ward_icon":null,"ward_Corporation":"East","ward_corporation_kn":"ಪೂರ್ವ","ward_corporation_id":"3","ward_ac":"Mahadevapura","ward_ac_kn":"ಮಹದೇವಪುರ","ward_ac_no":"174","ward_Assembly":"174 - Mahadevapura","ward_id":"34","ward_name":"34 - Kaveri Nagara","ward_name_kn":"ಕಾವೇರಿ ನಗರ","ward_TOT_P":"20959.0","ward_TOT_M":"11560.0","ward_TOT_F":"9399.0","ward_SC_P":"3849.0","ward_SC_M":"1996.0","ward_SC_F":"1853.0","ward_ST_P":"603.0","ward_ST_M":"350.0","ward_ST_F":"253.0","ward_low_range":"14567","ward_high_range":"21851","ward_RO_Code":"7","ward_RO_Division":"RO- Marathahalli","ward_ARO_Code":"20","ward_ARO_ Sub Division":"ARO- Garudacharpalya","ward_zone":"Zone1","ward_zone_name":"Mahadevapura","ward_join_status":"matched","ward_spatial_match_count":1},"geometry":{"type":"Point","coordinates":[77.72227780000003,12.986777800000027,0]},"id":129},{"type":"Feature","properties":{"fid":130,"OBJECTID":130,"Name":"Placemark","FolderPath":"Document/lakes","SymbolID":0,"AltMode":-1,"Base":0,"Snippet":"","PopupInfo":"","HasLabel":-1,"LabelID":0,"ward_source_id":"ward_369_final.72","ward_source_Name":null,"ward_description":null,"ward_timestamp":null,"ward_begin":null,"ward_end":null,"ward_altitudeMode":null,"ward_tessellate":-1,"ward_extrude":0,"ward_visibility":-1,"ward_drawOrder":null,"ward_icon":null,"ward_Corporation":"East","ward_corporation_kn":"ಪೂರ್ವ","ward_corporation_id":"3","ward_ac":"Mahadevapura","ward_ac_kn":"ಮಹದೇವಪುರ","ward_ac_no":"174","ward_Assembly":"174 - Mahadevapura","ward_id":"28","ward_name":"28 - Byrathi","ward_name_kn":"ಬೈರತಿ","ward_TOT_P":"13969.0","ward_TOT_M":"7227.0","ward_TOT_F":"6742.0","ward_SC_P":"2638.0","ward_SC_M":"1336.0","ward_SC_F":"1302.0","ward_ST_P":"358.0","ward_ST_M":"184.0","ward_ST_F":"174.0","ward_low_range":"14567","ward_high_range":"21851","ward_RO_Code":"6","ward_RO_Division":"RO- Hoodi","ward_ARO_Code":"16","ward_ARO_ Sub Division":"ARO- Hoodi","ward_zone":"Zone1","ward_zone_name":"Mahadevapura","ward_join_status":"matched","ward_spatial_match_count":1},"geometry":{"type":"Point","coordinates":[77.68700000000007,13.026888900000074,0]},"id":130},{"type":"Feature","properties":{"fid":131,"OBJECTID":131,"Name":"Placemark","FolderPath":"Document/lakes","SymbolID":0,"AltMode":-1,"Base":0,"Snippet":"","PopupInfo":"","HasLabel":-1,"LabelID":0,"ward_source_id":"ward_369_final.9","ward_source_Name":null,"ward_description":null,"ward_timestamp":null,"ward_begin":null,"ward_end":null,"ward_altitudeMode":null,"ward_tessellate":-1,"ward_extrude":0,"ward_visibility":-1,"ward_drawOrder":null,"ward_icon":null,"ward_Corporation":"East","ward_corporation_kn":"ಪೂರ್ವ","ward_corporation_id":"3","ward_ac":"K.R. Pura","ward_ac_kn":"ಕೆ.ಆರ್. ಪುರ","ward_ac_no":"151","ward_Assembly":"151 - K.R. Pura","ward_id":"16","ward_name":"16 - Kotthur","ward_name_kn":"ಕೊತ್ತೂರು","ward_TOT_P":"14653.0","ward_TOT_M":"7508.0","ward_TOT_F":"7145.0","ward_SC_P":"3084.0","ward_SC_M":"1565.0","ward_SC_F":"1519.0","ward_ST_P":"243.0","ward_ST_M":"121.0","ward_ST_F":"122.0","ward_low_range":"14567","ward_high_range":"21851","ward_RO_Code":"3","ward_RO_Division":"RO- Ramamurthy Nagara","ward_ARO_Code":"8","ward_ARO_ Sub Division":"ARO- Ramamurthy Nagara","ward_zone":"Zone2","ward_zone_name":"K.R. Pura","ward_join_status":"matched","ward_spatial_match_count":1},"geometry":{"type":"Point","coordinates":[77.67655560000003,13.009138900000039,0]},"id":131},{"type":"Feature","properties":{"fid":132,"OBJECTID":132,"Name":"Placemark","FolderPath":"Document/lakes","SymbolID":0,"AltMode":-1,"Base":0,"Snippet":"","PopupInfo":"","HasLabel":-1,"LabelID":0,"ward_source_id":"ward_369_final.83","ward_source_Name":null,"ward_description":null,"ward_timestamp":null,"ward_begin":null,"ward_end":null,"ward_altitudeMode":null,"ward_tessellate":-1,"ward_extrude":0,"ward_visibility":-1,"ward_drawOrder":null,"ward_icon":null,"ward_Corporation":"East","ward_corporation_kn":"ಪೂರ್ವ","ward_corporation_id":"3","ward_ac":"K.R. Pura","ward_ac_kn":"ಕೆ.ಆರ್. ಪುರ","ward_ac_no":"151","ward_Assembly":"151 - K.R. Pura","ward_id":"10","ward_name":"10 - Basavanapura","ward_name_kn":"ಬಸವನಪುರ","ward_TOT_P":"16224.0","ward_TOT_M":"8392.0","ward_TOT_F":"7833.0","ward_SC_P":"3028.0","ward_SC_M":"1509.0","ward_SC_F":"1520.0","ward_ST_P":"394.0","ward_ST_M":"223.0","ward_ST_F":"172.0","ward_low_range":"14567","ward_high_range":"21851","ward_RO_Code":"2","ward_RO_Division":"RO- KR Pura","ward_ARO_Code":"4","ward_ARO_ Sub Division":"ARO- Basavanapura","ward_zone":"Zone2","ward_zone_name":"K.R. Pura","ward_join_status":"matched","ward_spatial_match_count":1},"geometry":{"type":"Point","coordinates":[77.71330560000007,13.017361100000073,0]},"id":132},{"type":"Feature","properties":{"fid":133,"OBJECTID":133,"Name":"Placemark","FolderPath":"Document/lakes","SymbolID":0,"AltMode":-1,"Base":0,"Snippet":"","PopupInfo":"","HasLabel":-1,"LabelID":0,"ward_source_id":"ward_369_final.14","ward_source_Name":null,"ward_description":null,"ward_timestamp":null,"ward_begin":null,"ward_end":null,"ward_altitudeMode":null,"ward_tessellate":-1,"ward_extrude":0,"ward_visibility":-1,"ward_drawOrder":null,"ward_icon":null,"ward_Corporation":"East","ward_corporation_kn":"ಪೂರ್ವ","ward_corporation_id":"3","ward_ac":"K.R. Pura","ward_ac_kn":"ಕೆ.ಆರ್. ಪುರ","ward_ac_no":"151","ward_Assembly":"151 - K.R. Pura","ward_id":"14","ward_name":"14 - K.R Pura","ward_name_kn":"ಕೆ ಆರ್ ಪುರ","ward_TOT_P":"14930.0","ward_TOT_M":"7717.0","ward_TOT_F":"7213.0","ward_SC_P":"1560.0","ward_SC_M":"794.0","ward_SC_F":"766.0","ward_ST_P":"351.0","ward_ST_M":"194.0","ward_ST_F":"157.0","ward_low_range":"14567","ward_high_range":"21851","ward_RO_Code":"2","ward_RO_Division":"RO- KR Pura","ward_ARO_Code":"6","ward_ARO_ Sub Division":"ARO- KR Pura","ward_zone":"Zone2","ward_zone_name":"K.R. Pura","ward_join_status":"matched","ward_spatial_match_count":1},"geometry":{"type":"Point","coordinates":[77.69413890000004,13.004861100000028,0]},"id":133},{"type":"Feature","properties":{"fid":134,"OBJECTID":134,"Name":"Placemark","FolderPath":"Document/lakes","SymbolID":0,"AltMode":-1,"Base":0,"Snippet":"","PopupInfo":"","HasLabel":-1,"LabelID":0,"ward_source_id":"ward_369_final.17","ward_source_Name":null,"ward_description":null,"ward_timestamp":null,"ward_begin":null,"ward_end":null,"ward_altitudeMode":null,"ward_tessellate":-1,"ward_extrude":0,"ward_visibility":-1,"ward_drawOrder":null,"ward_icon":null,"ward_Corporation":"East","ward_corporation_kn":"ಪೂರ್ವ","ward_corporation_id":"3","ward_ac":"K.R. Pura","ward_ac_kn":"ಕೆ.ಆರ್. ಪುರ","ward_ac_no":"151","ward_Assembly":"151 - K.R. Pura","ward_id":"15","ward_name":"15 - Ramamurthy Nagara","ward_name_kn":"ರಾಮಮೂರ್ತಿ ನಗರ","ward_TOT_P":"17257.0","ward_TOT_M":"8738.0","ward_TOT_F":"8519.0","ward_SC_P":"4017.0","ward_SC_M":"1988.0","ward_SC_F":"2029.0","ward_ST_P":"354.0","ward_ST_M":"193.0","ward_ST_F":"161.0","ward_low_range":"14567","ward_high_range":"21851","ward_RO_Code":"3","ward_RO_Division":"RO- Ramamurthy Nagara","ward_ARO_Code":"8","ward_ARO_ Sub Division":"ARO- Ramamurthy Nagara","ward_zone":"Zone2","ward_zone_name":"K.R. Pura","ward_join_status":"matched","ward_spatial_match_count":1},"geometry":{"type":"Point","coordinates":[77.68519440000006,13.012055600000053,0]},"id":134},{"type":"Feature","properties":{"fid":135,"OBJECTID":135,"Name":"Placemark","FolderPath":"Document/lakes","SymbolID":0,"AltMode":-1,"Base":0,"Snippet":"","PopupInfo":"","HasLabel":-1,"LabelID":0,"ward_source_id":"ward_369_final.242","ward_source_Name":null,"ward_description":null,"ward_timestamp":null,"ward_begin":null,"ward_end":null,"ward_altitudeMode":null,"ward_tessellate":-1,"ward_extrude":0,"ward_visibility":-1,"ward_drawOrder":null,"ward_icon":null,"ward_Corporation":"East","ward_corporation_kn":"ಪೂರ್ವ","ward_corporation_id":"3","ward_ac":"K.R. Pura","ward_ac_kn":"ಕೆ.ಆರ್. ಪುರ","ward_ac_no":"151","ward_Assembly":"151 - K.R. Pura","ward_id":"3","ward_name":"3 - Chellakere","ward_name_kn":"ಚೆಲ್ಲಕೆರೆ","ward_TOT_P":"17010.0","ward_TOT_M":"8884.0","ward_TOT_F":"8126.0","ward_SC_P":"2144.0","ward_SC_M":"1084.0","ward_SC_F":"1060.0","ward_ST_P":"214.0","ward_ST_M":"112.0","ward_ST_F":"103.0","ward_low_range":"14567","ward_high_range":"21851","ward_RO_Code":"1","ward_RO_Division":"RO- Horamavu","ward_ARO_Code":"1","ward_ARO_ Sub Division":"ARO- Chellakere","ward_zone":"Zone2","ward_zone_name":"K.R. Pura","ward_join_status":"matched","ward_spatial_match_count":1},"geometry":{"type":"Point","coordinates":[77.64480560000004,13.026361100000031,0]},"id":135},{"type":"Feature","properties":{"fid":136,"OBJECTID":136,"Name":"Placemark","FolderPath":"Document/lakes","SymbolID":0,"AltMode":-1,"Base":0,"Snippet":"","PopupInfo":"","HasLabel":-1,"LabelID":0,"ward_source_id":"ward_369_final.32","ward_source_Name":null,"ward_description":null,"ward_timestamp":null,"ward_begin":null,"ward_end":null,"ward_altitudeMode":null,"ward_tessellate":-1,"ward_extrude":0,"ward_visibility":-1,"ward_drawOrder":null,"ward_icon":null,"ward_Corporation":"East","ward_corporation_kn":"ಪೂರ್ವ","ward_corporation_id":"3","ward_ac":"K.R. Pura","ward_ac_kn":"ಕೆ.ಆರ್. ಪುರ","ward_ac_no":"151","ward_Assembly":"151 - K.R. Pura","ward_id":"2","ward_name":"2 - Horamavu","ward_name_kn":"ಹೊರಮಾವು","ward_TOT_P":"14756.0","ward_TOT_M":"7729.0","ward_TOT_F":"7027.0","ward_SC_P":"2123.0","ward_SC_M":"1065.0","ward_SC_F":"1058.0","ward_ST_P":"207.0","ward_ST_M":"126.0","ward_ST_F":"81.0","ward_low_range":"14567","ward_high_range":"21851","ward_RO_Code":"1","ward_RO_Division":"RO- Horamavu","ward_ARO_Code":"2","ward_ARO_ Sub Division":"ARO- Horamavu","ward_zone":"Zone2","ward_zone_name":"K.R. Pura","ward_join_status":"matched","ward_spatial_match_count":1},"geometry":{"type":"Point","coordinates":[77.66150000000005,13.047000000000025,0]},"id":136},{"type":"Feature","properties":{"fid":137,"OBJECTID":137,"Name":"Placemark","FolderPath":"Document/lakes","SymbolID":0,"AltMode":-1,"Base":0,"Snippet":"","PopupInfo":"","HasLabel":-1,"LabelID":0,"ward_source_id":"ward_369_final.196","ward_source_Name":null,"ward_description":null,"ward_timestamp":null,"ward_begin":null,"ward_end":null,"ward_altitudeMode":null,"ward_tessellate":-1,"ward_extrude":0,"ward_visibility":-1,"ward_drawOrder":null,"ward_icon":null,"ward_Corporation":"East","ward_corporation_kn":"ಪೂರ್ವ","ward_corporation_id":"3","ward_ac":"K.R. Pura","ward_ac_kn":"ಕೆ.ಆರ್. ಪುರ","ward_ac_no":"151","ward_Assembly":"151 - K.R. Pura","ward_id":"5","ward_name":"5 - Hoysala Nagara East","ward_name_kn":"ಹೊಯ್ಸಳ ನಗರ ಪೂರ್ವ","ward_TOT_P":"18244.0","ward_TOT_M":"9566.0","ward_TOT_F":"8678.0","ward_SC_P":"2204.0","ward_SC_M":"1144.0","ward_SC_F":"1061.0","ward_ST_P":"545.0","ward_ST_M":"290.0","ward_ST_F":"256.0","ward_low_range":"14567","ward_high_range":"21851","ward_RO_Code":"1","ward_RO_Division":"RO- Horamavu","ward_ARO_Code":"3","ward_ARO_ Sub Division":"ARO- Kalkere","ward_zone":"Zone2","ward_zone_name":"K.R. Pura","ward_join_status":"matched","ward_spatial_match_count":1},"geometry":{"type":"Point","coordinates":[77.66658330000007,13.02361110000004,0]},"id":137},{"type":"Feature","properties":{"fid":138,"OBJECTID":138,"Name":"Placemark","FolderPath":"Document/lakes","SymbolID":0,"AltMode":-1,"Base":0,"Snippet":"","PopupInfo":"","HasLabel":-1,"LabelID":0,"ward_source_id":"ward_369_final.32","ward_source_Name":null,"ward_description":null,"ward_timestamp":null,"ward_begin":null,"ward_end":null,"ward_altitudeMode":null,"ward_tessellate":-1,"ward_extrude":0,"ward_visibility":-1,"ward_drawOrder":null,"ward_icon":null,"ward_Corporation":"East","ward_corporation_kn":"ಪೂರ್ವ","ward_corporation_id":"3","ward_ac":"K.R. Pura","ward_ac_kn":"ಕೆ.ಆರ್. ಪುರ","ward_ac_no":"151","ward_Assembly":"151 - K.R. Pura","ward_id":"2","ward_name":"2 - Horamavu","ward_name_kn":"ಹೊರಮಾವು","ward_TOT_P":"14756.0","ward_TOT_M":"7729.0","ward_TOT_F":"7027.0","ward_SC_P":"2123.0","ward_SC_M":"1065.0","ward_SC_F":"1058.0","ward_ST_P":"207.0","ward_ST_M":"126.0","ward_ST_F":"81.0","ward_low_range":"14567","ward_high_range":"21851","ward_RO_Code":"1","ward_RO_Division":"RO- Horamavu","ward_ARO_Code":"2","ward_ARO_ Sub Division":"ARO- Horamavu","ward_zone":"Zone2","ward_zone_name":"K.R. Pura","ward_join_status":"matched","ward_spatial_match_count":1},"geometry":{"type":"Point","coordinates":[77.65783330000005,13.036194400000056,0]},"id":138},{"type":"Feature","properties":{"fid":139,"OBJECTID":139,"Name":"Placemark","FolderPath":"Document/lakes","SymbolID":0,"AltMode":-1,"Base":0,"Snippet":"","PopupInfo":"","HasLabel":-1,"LabelID":0,"ward_source_id":"ward_369_final.39","ward_source_Name":null,"ward_description":null,"ward_timestamp":null,"ward_begin":null,"ward_end":null,"ward_altitudeMode":null,"ward_tessellate":-1,"ward_extrude":0,"ward_visibility":-1,"ward_drawOrder":null,"ward_icon":null,"ward_Corporation":"East","ward_corporation_kn":"ಪೂರ್ವ","ward_corporation_id":"3","ward_ac":"K.R. Pura","ward_ac_kn":"ಕೆ.ಆರ್. ಪುರ","ward_ac_no":"151","ward_Assembly":"151 - K.R. Pura","ward_id":"1","ward_name":"1 - K Narayanapura","ward_name_kn":"ಕೆ ನಾರಾಯಣಪುರ","ward_TOT_P":"15003.0","ward_TOT_M":"7804.0","ward_TOT_F":"7199.0","ward_SC_P":"1413.0","ward_SC_M":"729.0","ward_SC_F":"684.0","ward_ST_P":"316.0","ward_ST_M":"170.0","ward_ST_F":"146.0","ward_low_range":"14567","ward_high_range":"21851","ward_RO_Code":"1","ward_RO_Division":"RO- Horamavu","ward_ARO_Code":"2","ward_ARO_ Sub Division":"ARO- Horamavu","ward_zone":"Zone2","ward_zone_name":"K.R. Pura","ward_join_status":"matched","ward_spatial_match_count":1},"geometry":{"type":"Point","coordinates":[77.64244440000004,13.074888900000076,0]},"id":139},{"type":"Feature","properties":{"fid":140,"OBJECTID":140,"Name":"Placemark","FolderPath":"Document/lakes","SymbolID":0,"AltMode":-1,"Base":0,"Snippet":"","PopupInfo":"","HasLabel":-1,"LabelID":0,"ward_source_id":null,"ward_source_Name":null,"ward_description":null,"ward_timestamp":null,"ward_begin":null,"ward_end":null,"ward_altitudeMode":null,"ward_tessellate":null,"ward_extrude":null,"ward_visibility":null,"ward_drawOrder":null,"ward_icon":null,"ward_Corporation":null,"ward_corporation_kn":null,"ward_corporation_id":null,"ward_ac":null,"ward_ac_kn":null,"ward_ac_no":null,"ward_Assembly":null,"ward_id":null,"ward_name":null,"ward_name_kn":null,"ward_TOT_P":null,"ward_TOT_M":null,"ward_TOT_F":null,"ward_SC_P":null,"ward_SC_M":null,"ward_SC_F":null,"ward_ST_P":null,"ward_ST_M":null,"ward_ST_F":null,"ward_low_range":null,"ward_high_range":null,"ward_RO_Code":null,"ward_RO_Division":null,"ward_ARO_Code":null,"ward_ARO_ Sub Division":null,"ward_zone":null,"ward_zone_name":null,"ward_join_status":"unmatched","ward_spatial_match_count":0},"geometry":{"type":"Point","coordinates":[77.68488890000003,13.047083300000054,0]},"id":140},{"type":"Feature","properties":{"fid":141,"OBJECTID":141,"Name":"Placemark","FolderPath":"Document/lakes","SymbolID":0,"AltMode":-1,"Base":0,"Snippet":"","PopupInfo":"","HasLabel":-1,"LabelID":0,"ward_source_id":"ward_369_final.238","ward_source_Name":null,"ward_description":null,"ward_timestamp":null,"ward_begin":null,"ward_end":null,"ward_altitudeMode":null,"ward_tessellate":-1,"ward_extrude":0,"ward_visibility":-1,"ward_drawOrder":null,"ward_icon":null,"ward_Corporation":"East","ward_corporation_kn":"ಪೂರ್ವ","ward_corporation_id":"3","ward_ac":"K.R. Pura","ward_ac_kn":"ಕೆ.ಆರ್. ಪುರ","ward_ac_no":"151","ward_Assembly":"151 - K.R. Pura","ward_id":"9","ward_name":"9 - Bhattarahalli","ward_name_kn":"ಭಟ್ಟರಹಳ್ಳಿ","ward_TOT_P":"14911.0","ward_TOT_M":"7666.0","ward_TOT_F":"7245.0","ward_SC_P":"1646.0","ward_SC_M":"829.0","ward_SC_F":"817.0","ward_ST_P":"434.0","ward_ST_M":"226.0","ward_ST_F":"208.0","ward_low_range":"14567","ward_high_range":"21851","ward_RO_Code":"2","ward_RO_Division":"RO- KR Pura","ward_ARO_Code":"5","ward_ARO_ Sub Division":"ARO- Bhattarahalli","ward_zone":"Zone2","ward_zone_name":"K.R. Pura","ward_join_status":"matched","ward_spatial_match_count":1},"geometry":{"type":"Point","coordinates":[77.70905560000006,13.024805600000036,0]},"id":141},{"type":"Feature","properties":{"fid":142,"OBJECTID":142,"Name":"Placemark","FolderPath":"Document/lakes","SymbolID":0,"AltMode":-1,"Base":0,"Snippet":"","PopupInfo":"","HasLabel":-1,"LabelID":0,"ward_source_id":"ward_369_final.14","ward_source_Name":null,"ward_description":null,"ward_timestamp":null,"ward_begin":null,"ward_end":null,"ward_altitudeMode":null,"ward_tessellate":-1,"ward_extrude":0,"ward_visibility":-1,"ward_drawOrder":null,"ward_icon":null,"ward_Corporation":"East","ward_corporation_kn":"ಪೂರ್ವ","ward_corporation_id":"3","ward_ac":"K.R. Pura","ward_ac_kn":"ಕೆ.ಆರ್. ಪುರ","ward_ac_no":"151","ward_Assembly":"151 - K.R. Pura","ward_id":"14","ward_name":"14 - K.R Pura","ward_name_kn":"ಕೆ ಆರ್ ಪುರ","ward_TOT_P":"14930.0","ward_TOT_M":"7717.0","ward_TOT_F":"7213.0","ward_SC_P":"1560.0","ward_SC_M":"794.0","ward_SC_F":"766.0","ward_ST_P":"351.0","ward_ST_M":"194.0","ward_ST_F":"157.0","ward_low_range":"14567","ward_high_range":"21851","ward_RO_Code":"2","ward_RO_Division":"RO- KR Pura","ward_ARO_Code":"6","ward_ARO_ Sub Division":"ARO- KR Pura","ward_zone":"Zone2","ward_zone_name":"K.R. Pura","ward_join_status":"matched","ward_spatial_match_count":1},"geometry":{"type":"Point","coordinates":[77.69931670000005,13.014616700000033,0]},"id":142},{"type":"Feature","properties":{"fid":143,"OBJECTID":143,"Name":"Placemark","FolderPath":"Document/lakes","SymbolID":0,"AltMode":-1,"Base":0,"Snippet":"","PopupInfo":"","HasLabel":-1,"LabelID":0,"ward_source_id":"ward_369_final.14","ward_source_Name":null,"ward_description":null,"ward_timestamp":null,"ward_begin":null,"ward_end":null,"ward_altitudeMode":null,"ward_tessellate":-1,"ward_extrude":0,"ward_visibility":-1,"ward_drawOrder":null,"ward_icon":null,"ward_Corporation":"East","ward_corporation_kn":"ಪೂರ್ವ","ward_corporation_id":"3","ward_ac":"K.R. Pura","ward_ac_kn":"ಕೆ.ಆರ್. ಪುರ","ward_ac_no":"151","ward_Assembly":"151 - K.R. Pura","ward_id":"14","ward_name":"14 - K.R Pura","ward_name_kn":"ಕೆ ಆರ್ ಪುರ","ward_TOT_P":"14930.0","ward_TOT_M":"7717.0","ward_TOT_F":"7213.0","ward_SC_P":"1560.0","ward_SC_M":"794.0","ward_SC_F":"766.0","ward_ST_P":"351.0","ward_ST_M":"194.0","ward_ST_F":"157.0","ward_low_range":"14567","ward_high_range":"21851","ward_RO_Code":"2","ward_RO_Division":"RO- KR Pura","ward_ARO_Code":"6","ward_ARO_ Sub Division":"ARO- KR Pura","ward_zone":"Zone2","ward_zone_name":"K.R. Pura","ward_join_status":"matched","ward_spatial_match_count":1},"geometry":{"type":"Point","coordinates":[77.69538890000007,13.00455560000006,0]},"id":143},{"type":"Feature","properties":{"fid":144,"OBJECTID":144,"Name":"Placemark","FolderPath":"Document/lakes","SymbolID":0,"AltMode":-1,"Base":0,"Snippet":"","PopupInfo":"","HasLabel":-1,"LabelID":0,"ward_source_id":"ward_369_final.201","ward_source_Name":null,"ward_description":null,"ward_timestamp":null,"ward_begin":null,"ward_end":null,"ward_altitudeMode":null,"ward_tessellate":-1,"ward_extrude":0,"ward_visibility":-1,"ward_drawOrder":null,"ward_icon":null,"ward_Corporation":"East","ward_corporation_kn":"ಪೂರ್ವ","ward_corporation_id":"3","ward_ac":"K.R. Pura","ward_ac_kn":"ಕೆ.ಆರ್. ಪುರ","ward_ac_no":"151","ward_Assembly":"151 - K.R. Pura","ward_id":"20","ward_name":"20 - A Narayanapura","ward_name_kn":"ಎ ನಾರಾಯಣಪುರ","ward_TOT_P":"21640.0","ward_TOT_M":"11539.0","ward_TOT_F":"10100.0","ward_SC_P":"5958.0","ward_SC_M":"3014.0","ward_SC_F":"2944.0","ward_ST_P":"299.0","ward_ST_M":"158.0","ward_ST_F":"140.0","ward_low_range":"14567","ward_high_range":"21851","ward_RO_Code":"3","ward_RO_Division":"RO- Ramamurthy Nagara","ward_ARO_Code":"7","ward_ARO_ Sub Division":"ARO- A Narayanapura","ward_zone":"Zone2","ward_zone_name":"K.R. Pura","ward_join_status":"matched","ward_spatial_match_count":1},"geometry":{"type":"Point","coordinates":[77.68255560000006,12.99616670000006,0]},"id":144},{"type":"Feature","properties":{"fid":145,"OBJECTID":145,"Name":"Placemark","FolderPath":"Document/lakes","SymbolID":0,"AltMode":-1,"Base":0,"Snippet":"","PopupInfo":"","HasLabel":-1,"LabelID":0,"ward_source_id":"ward_369_final.36","ward_source_Name":null,"ward_description":null,"ward_timestamp":null,"ward_begin":null,"ward_end":null,"ward_altitudeMode":null,"ward_tessellate":-1,"ward_extrude":0,"ward_visibility":-1,"ward_drawOrder":null,"ward_icon":null,"ward_Corporation":"East","ward_corporation_kn":"ಪೂರ್ವ","ward_corporation_id":"3","ward_ac":"K.R. Pura","ward_ac_kn":"ಕೆ.ಆರ್. ಪುರ","ward_ac_no":"151","ward_Assembly":"151 - K.R. Pura","ward_id":"11","ward_name":"11 - Krishnanagar","ward_name_kn":"ಕೃಷ್ಣನಗರ","ward_TOT_P":"16000.0","ward_TOT_M":"8256.0","ward_TOT_F":"7744.0","ward_SC_P":"2548.0","ward_SC_M":"1313.0","ward_SC_F":"1235.0","ward_ST_P":"284.0","ward_ST_M":"149.0","ward_ST_F":"135.0","ward_low_range":"14567","ward_high_range":"21851","ward_RO_Code":"2","ward_RO_Division":"RO- KR Pura","ward_ARO_Code":"4","ward_ARO_ Sub Division":"ARO- Basavanapura","ward_zone":"Zone2","ward_zone_name":"K.R. Pura","ward_join_status":"matched","ward_spatial_match_count":1},"geometry":{"type":"Point","coordinates":[77.71175000000005,13.009555600000056,0]},"id":145},{"type":"Feature","properties":{"fid":146,"OBJECTID":146,"Name":"Placemark","FolderPath":"Document/lakes","SymbolID":0,"AltMode":-1,"Base":0,"Snippet":"","PopupInfo":"","HasLabel":-1,"LabelID":0,"ward_source_id":"ward_369_final.5","ward_source_Name":null,"ward_description":null,"ward_timestamp":null,"ward_begin":null,"ward_end":null,"ward_altitudeMode":null,"ward_tessellate":-1,"ward_extrude":0,"ward_visibility":-1,"ward_drawOrder":null,"ward_icon":null,"ward_Corporation":"North","ward_corporation_kn":"ಉತ್ತರ","ward_corporation_id":"2","ward_ac":"Byatarayanapura","ward_ac_kn":"ಬ್ಯಾಟರಾಯನಪುರ","ward_ac_no":"152","ward_Assembly":"152 - Byatarayanapura","ward_id":"21","ward_name":"21 - Kogilu","ward_name_kn":"ಕೋಗಿಲು","ward_TOT_P":"28728.0","ward_TOT_M":"15084.0","ward_TOT_F":"13643.0","ward_SC_P":"3656.0","ward_SC_M":"1846.0","ward_SC_F":"1811.0","ward_ST_P":"609.0","ward_ST_M":"310.0","ward_ST_F":"299.0","ward_low_range":"19943","ward_high_range":"29914","ward_RO_Code":"2","ward_RO_Division":"RO- Thanisandra","ward_ARO_Code":"5","ward_ARO_ Sub Division":"ARO- Kogilu","ward_zone":"Zone1","ward_zone_name":"Byatarayanapura","ward_join_status":"matched","ward_spatial_match_count":1},"geometry":{"type":"Point","coordinates":[77.62847220000003,13.114638900000045,0]},"id":146},{"type":"Feature","properties":{"fid":147,"OBJECTID":147,"Name":"Placemark","FolderPath":"Document/lakes","SymbolID":0,"AltMode":-1,"Base":0,"Snippet":"","PopupInfo":"","HasLabel":-1,"LabelID":0,"ward_source_id":"ward_369_final.181","ward_source_Name":null,"ward_description":null,"ward_timestamp":null,"ward_begin":null,"ward_end":null,"ward_altitudeMode":null,"ward_tessellate":-1,"ward_extrude":0,"ward_visibility":-1,"ward_drawOrder":null,"ward_icon":null,"ward_Corporation":"North","ward_corporation_kn":"ಉತ್ತರ","ward_corporation_id":"2","ward_ac":"Byatarayanapura","ward_ac_kn":"ಬ್ಯಾಟರಾಯನಪುರ","ward_ac_no":"152","ward_Assembly":"152 - Byatarayanapura","ward_id":"20","ward_name":"20 - Sampigehalli","ward_name_kn":"ಸಂಪಿಗೆಹಳ್ಳಿ","ward_TOT_P":"28461.0","ward_TOT_M":"14733.0","ward_TOT_F":"13727.0","ward_SC_P":"3329.0","ward_SC_M":"1658.0","ward_SC_F":"1672.0","ward_ST_P":"375.0","ward_ST_M":"180.0","ward_ST_F":"195.0","ward_low_range":"19943","ward_high_range":"29914","ward_RO_Code":"2","ward_RO_Division":"RO- Thanisandra","ward_ARO_Code":"5","ward_ARO_ Sub Division":"ARO- Kogilu","ward_zone":"Zone1","ward_zone_name":"Byatarayanapura","ward_join_status":"matched","ward_spatial_match_count":1},"geometry":{"type":"Point","coordinates":[77.62844440000003,13.09286110000005,0]},"id":147},{"type":"Feature","properties":{"fid":148,"OBJECTID":148,"Name":"Placemark","FolderPath":"Document/lakes","SymbolID":0,"AltMode":-1,"Base":0,"Snippet":"","PopupInfo":"","HasLabel":-1,"LabelID":0,"ward_source_id":"ward_369_final.181","ward_source_Name":null,"ward_description":null,"ward_timestamp":null,"ward_begin":null,"ward_end":null,"ward_altitudeMode":null,"ward_tessellate":-1,"ward_extrude":0,"ward_visibility":-1,"ward_drawOrder":null,"ward_icon":null,"ward_Corporation":"North","ward_corporation_kn":"ಉತ್ತರ","ward_corporation_id":"2","ward_ac":"Byatarayanapura","ward_ac_kn":"ಬ್ಯಾಟರಾಯನಪುರ","ward_ac_no":"152","ward_Assembly":"152 - Byatarayanapura","ward_id":"20","ward_name":"20 - Sampigehalli","ward_name_kn":"ಸಂಪಿಗೆಹಳ್ಳಿ","ward_TOT_P":"28461.0","ward_TOT_M":"14733.0","ward_TOT_F":"13727.0","ward_SC_P":"3329.0","ward_SC_M":"1658.0","ward_SC_F":"1672.0","ward_ST_P":"375.0","ward_ST_M":"180.0","ward_ST_F":"195.0","ward_low_range":"19943","ward_high_range":"29914","ward_RO_Code":"2","ward_RO_Division":"RO- Thanisandra","ward_ARO_Code":"5","ward_ARO_ Sub Division":"ARO- Kogilu","ward_zone":"Zone1","ward_zone_name":"Byatarayanapura","ward_join_status":"matched","ward_spatial_match_count":1},"geometry":{"type":"Point","coordinates":[77.62519440000005,13.089527800000042,0]},"id":148},{"type":"Feature","properties":{"fid":149,"OBJECTID":149,"Name":"Placemark","FolderPath":"Document/lakes","SymbolID":0,"AltMode":-1,"Base":0,"Snippet":"","PopupInfo":"","HasLabel":-1,"LabelID":0,"ward_source_id":"ward_369_final.5","ward_source_Name":null,"ward_description":null,"ward_timestamp":null,"ward_begin":null,"ward_end":null,"ward_altitudeMode":null,"ward_tessellate":-1,"ward_extrude":0,"ward_visibility":-1,"ward_drawOrder":null,"ward_icon":null,"ward_Corporation":"North","ward_corporation_kn":"ಉತ್ತರ","ward_corporation_id":"2","ward_ac":"Byatarayanapura","ward_ac_kn":"ಬ್ಯಾಟರಾಯನಪುರ","ward_ac_no":"152","ward_Assembly":"152 - Byatarayanapura","ward_id":"21","ward_name":"21 - Kogilu","ward_name_kn":"ಕೋಗಿಲು","ward_TOT_P":"28728.0","ward_TOT_M":"15084.0","ward_TOT_F":"13643.0","ward_SC_P":"3656.0","ward_SC_M":"1846.0","ward_SC_F":"1811.0","ward_ST_P":"609.0","ward_ST_M":"310.0","ward_ST_F":"299.0","ward_low_range":"19943","ward_high_range":"29914","ward_RO_Code":"2","ward_RO_Division":"RO- Thanisandra","ward_ARO_Code":"5","ward_ARO_ Sub Division":"ARO- Kogilu","ward_zone":"Zone1","ward_zone_name":"Byatarayanapura","ward_join_status":"matched","ward_spatial_match_count":1},"geometry":{"type":"Point","coordinates":[77.61850000000004,13.10963890000005,0]},"id":149},{"type":"Feature","properties":{"fid":150,"OBJECTID":150,"Name":"Placemark","FolderPath":"Document/lakes","SymbolID":0,"AltMode":-1,"Base":0,"Snippet":"","PopupInfo":"","HasLabel":-1,"LabelID":0,"ward_source_id":"ward_369_final.152","ward_source_Name":null,"ward_description":null,"ward_timestamp":null,"ward_begin":null,"ward_end":null,"ward_altitudeMode":null,"ward_tessellate":-1,"ward_extrude":0,"ward_visibility":-1,"ward_drawOrder":null,"ward_icon":null,"ward_Corporation":"North","ward_corporation_kn":"ಉತ್ತರ","ward_corporation_id":"2","ward_ac":"Byatarayanapura","ward_ac_kn":"ಬ್ಯಾಟರಾಯನಪುರ","ward_ac_no":"152","ward_Assembly":"152 - Byatarayanapura","ward_id":"10","ward_name":"10 - Vidyaranyapura","ward_name_kn":"ವಿದ್ಯಾರಣ್ಯಪುರ","ward_TOT_P":"24887.0","ward_TOT_M":"12633.0","ward_TOT_F":"12254.0","ward_SC_P":"1818.0","ward_SC_M":"935.0","ward_SC_F":"883.0","ward_ST_P":"337.0","ward_ST_M":"178.0","ward_ST_F":"158.0","ward_low_range":"19943","ward_high_range":"29914","ward_RO_Code":"1","ward_RO_Division":"RO- Bytarayanapura","ward_ARO_Code":"3","ward_ARO_ Sub Division":"ARO- Vidyaranyapura","ward_zone":"Zone1","ward_zone_name":"Byatarayanapura","ward_join_status":"matched","ward_spatial_match_count":1},"geometry":{"type":"Point","coordinates":[77.55816670000007,13.07185000000004,0]},"id":150},{"type":"Feature","properties":{"fid":151,"OBJECTID":151,"Name":"Placemark","FolderPath":"Document/lakes","SymbolID":0,"AltMode":-1,"Base":0,"Snippet":"","PopupInfo":"","HasLabel":-1,"LabelID":0,"ward_source_id":"ward_369_final.181","ward_source_Name":null,"ward_description":null,"ward_timestamp":null,"ward_begin":null,"ward_end":null,"ward_altitudeMode":null,"ward_tessellate":-1,"ward_extrude":0,"ward_visibility":-1,"ward_drawOrder":null,"ward_icon":null,"ward_Corporation":"North","ward_corporation_kn":"ಉತ್ತರ","ward_corporation_id":"2","ward_ac":"Byatarayanapura","ward_ac_kn":"ಬ್ಯಾಟರಾಯನಪುರ","ward_ac_no":"152","ward_Assembly":"152 - Byatarayanapura","ward_id":"20","ward_name":"20 - Sampigehalli","ward_name_kn":"ಸಂಪಿಗೆಹಳ್ಳಿ","ward_TOT_P":"28461.0","ward_TOT_M":"14733.0","ward_TOT_F":"13727.0","ward_SC_P":"3329.0","ward_SC_M":"1658.0","ward_SC_F":"1672.0","ward_ST_P":"375.0","ward_ST_M":"180.0","ward_ST_F":"195.0","ward_low_range":"19943","ward_high_range":"29914","ward_RO_Code":"2","ward_RO_Division":"RO- Thanisandra","ward_ARO_Code":"5","ward_ARO_ Sub Division":"ARO- Kogilu","ward_zone":"Zone1","ward_zone_name":"Byatarayanapura","ward_join_status":"matched","ward_spatial_match_count":1},"geometry":{"type":"Point","coordinates":[77.62933330000004,13.084555600000044,0]},"id":151},{"type":"Feature","properties":{"fid":152,"OBJECTID":152,"Name":"Placemark","FolderPath":"Document/lakes","SymbolID":0,"AltMode":-1,"Base":0,"Snippet":"","PopupInfo":"","HasLabel":-1,"LabelID":0,"ward_source_id":"ward_369_final.188","ward_source_Name":null,"ward_description":null,"ward_timestamp":null,"ward_begin":null,"ward_end":null,"ward_altitudeMode":null,"ward_tessellate":-1,"ward_extrude":0,"ward_visibility":-1,"ward_drawOrder":null,"ward_icon":null,"ward_Corporation":"North","ward_corporation_kn":"ಉತ್ತರ","ward_corporation_id":"2","ward_ac":"Byatarayanapura","ward_ac_kn":"ಬ್ಯಾಟರಾಯನಪುರ","ward_ac_no":"152","ward_Assembly":"152 - Byatarayanapura","ward_id":"17","ward_name":"17 - Jakkur","ward_name_kn":"ಜಕ್ಕೂರು","ward_TOT_P":"28519.0","ward_TOT_M":"14972.0","ward_TOT_F":"13547.0","ward_SC_P":"3437.0","ward_SC_M":"1712.0","ward_SC_F":"1725.0","ward_ST_P":"797.0","ward_ST_M":"456.0","ward_ST_F":"341.0","ward_low_range":"19943","ward_high_range":"29914","ward_RO_Code":"2","ward_RO_Division":"RO- Thanisandra","ward_ARO_Code":"4","ward_ARO_ Sub Division":"ARO- Jakkur","ward_zone":"Zone1","ward_zone_name":"Byatarayanapura","ward_join_status":"matched","ward_spatial_match_count":1},"geometry":{"type":"Point","coordinates":[77.61125000000004,13.085527800000023,0]},"id":152},{"type":"Feature","properties":{"fid":153,"OBJECTID":153,"Name":"Placemark","FolderPath":"Document/lakes","SymbolID":0,"AltMode":-1,"Base":0,"Snippet":"","PopupInfo":"","HasLabel":-1,"LabelID":0,"ward_source_id":"ward_369_final.150","ward_source_Name":null,"ward_description":null,"ward_timestamp":null,"ward_begin":null,"ward_end":null,"ward_altitudeMode":null,"ward_tessellate":-1,"ward_extrude":0,"ward_visibility":-1,"ward_drawOrder":null,"ward_icon":null,"ward_Corporation":"North","ward_corporation_kn":"ಉತ್ತರ","ward_corporation_id":"2","ward_ac":"Byatarayanapura","ward_ac_kn":"ಬ್ಯಾಟರಾಯನಪುರ","ward_ac_no":"152","ward_Assembly":"152 - Byatarayanapura","ward_id":"8","ward_name":"8 - Singapura","ward_name_kn":"ಸಿಂಗಾಪುರ","ward_TOT_P":"24794.0","ward_TOT_M":"12624.0","ward_TOT_F":"12170.0","ward_SC_P":"2680.0","ward_SC_M":"1318.0","ward_SC_F":"1363.0","ward_ST_P":"585.0","ward_ST_M":"293.0","ward_ST_F":"292.0","ward_low_range":"19943","ward_high_range":"29914","ward_RO_Code":"1","ward_RO_Division":"RO- Bytarayanapura","ward_ARO_Code":"3","ward_ARO_ Sub Division":"ARO- Vidyaranyapura","ward_zone":"Zone1","ward_zone_name":"Byatarayanapura","ward_join_status":"matched","ward_spatial_match_count":1},"geometry":{"type":"Point","coordinates":[77.55410000000006,13.076733300000058,0]},"id":153},{"type":"Feature","properties":{"fid":154,"OBJECTID":154,"Name":"Placemark","FolderPath":"Document/lakes","SymbolID":0,"AltMode":-1,"Base":0,"Snippet":"","PopupInfo":"","HasLabel":-1,"LabelID":0,"ward_source_id":"ward_369_final.195","ward_source_Name":null,"ward_description":null,"ward_timestamp":null,"ward_begin":null,"ward_end":null,"ward_altitudeMode":null,"ward_tessellate":-1,"ward_extrude":0,"ward_visibility":-1,"ward_drawOrder":null,"ward_icon":null,"ward_Corporation":"North","ward_corporation_kn":"ಉತ್ತರ","ward_corporation_id":"2","ward_ac":"Byatarayanapura","ward_ac_kn":"ಬ್ಯಾಟರಾಯನಪುರ","ward_ac_no":"152","ward_Assembly":"152 - Byatarayanapura","ward_id":"11","ward_name":"11 - Doddabommasandra","ward_name_kn":"ದೊಡ್ಡಬೊಮ್ಮಸಂದ್ರ","ward_TOT_P":"25941.0","ward_TOT_M":"13423.0","ward_TOT_F":"12518.0","ward_SC_P":"3007.0","ward_SC_M":"1545.0","ward_SC_F":"1462.0","ward_ST_P":"473.0","ward_ST_M":"259.0","ward_ST_F":"214.0","ward_low_range":"19943","ward_high_range":"29914","ward_RO_Code":"1","ward_RO_Division":"RO- Bytarayanapura","ward_ARO_Code":"2","ward_ARO_ Sub Division":"ARO- Kodigehalli","ward_zone":"Zone1","ward_zone_name":"Byatarayanapura","ward_join_status":"matched","ward_spatial_match_count":1},"geometry":{"type":"Point","coordinates":[77.56402780000008,13.064694400000064,0]},"id":154},{"type":"Feature","properties":{"fid":155,"OBJECTID":155,"Name":"Placemark","FolderPath":"Document/lakes","SymbolID":0,"AltMode":-1,"Base":0,"Snippet":"","PopupInfo":"","HasLabel":-1,"LabelID":0,"ward_source_id":"ward_369_final.5","ward_source_Name":null,"ward_description":null,"ward_timestamp":null,"ward_begin":null,"ward_end":null,"ward_altitudeMode":null,"ward_tessellate":-1,"ward_extrude":0,"ward_visibility":-1,"ward_drawOrder":null,"ward_icon":null,"ward_Corporation":"North","ward_corporation_kn":"ಉತ್ತರ","ward_corporation_id":"2","ward_ac":"Byatarayanapura","ward_ac_kn":"ಬ್ಯಾಟರಾಯನಪುರ","ward_ac_no":"152","ward_Assembly":"152 - Byatarayanapura","ward_id":"21","ward_name":"21 - Kogilu","ward_name_kn":"ಕೋಗಿಲು","ward_TOT_P":"28728.0","ward_TOT_M":"15084.0","ward_TOT_F":"13643.0","ward_SC_P":"3656.0","ward_SC_M":"1846.0","ward_SC_F":"1811.0","ward_ST_P":"609.0","ward_ST_M":"310.0","ward_ST_F":"299.0","ward_low_range":"19943","ward_high_range":"29914","ward_RO_Code":"2","ward_RO_Division":"RO- Thanisandra","ward_ARO_Code":"5","ward_ARO_ Sub Division":"ARO- Kogilu","ward_zone":"Zone1","ward_zone_name":"Byatarayanapura","ward_join_status":"matched","ward_spatial_match_count":1},"geometry":{"type":"Point","coordinates":[77.61647220000003,13.115861100000075,0]},"id":155},{"type":"Feature","properties":{"fid":156,"OBJECTID":156,"Name":"Placemark","FolderPath":"Document/lakes","SymbolID":0,"AltMode":-1,"Base":0,"Snippet":"","PopupInfo":"","HasLabel":-1,"LabelID":0,"ward_source_id":"ward_369_final.188","ward_source_Name":null,"ward_description":null,"ward_timestamp":null,"ward_begin":null,"ward_end":null,"ward_altitudeMode":null,"ward_tessellate":-1,"ward_extrude":0,"ward_visibility":-1,"ward_drawOrder":null,"ward_icon":null,"ward_Corporation":"North","ward_corporation_kn":"ಉತ್ತರ","ward_corporation_id":"2","ward_ac":"Byatarayanapura","ward_ac_kn":"ಬ್ಯಾಟರಾಯನಪುರ","ward_ac_no":"152","ward_Assembly":"152 - Byatarayanapura","ward_id":"17","ward_name":"17 - Jakkur","ward_name_kn":"ಜಕ್ಕೂರು","ward_TOT_P":"28519.0","ward_TOT_M":"14972.0","ward_TOT_F":"13547.0","ward_SC_P":"3437.0","ward_SC_M":"1712.0","ward_SC_F":"1725.0","ward_ST_P":"797.0","ward_ST_M":"456.0","ward_ST_F":"341.0","ward_low_range":"19943","ward_high_range":"29914","ward_RO_Code":"2","ward_RO_Division":"RO- Thanisandra","ward_ARO_Code":"4","ward_ARO_ Sub Division":"ARO- Jakkur","ward_zone":"Zone1","ward_zone_name":"Byatarayanapura","ward_join_status":"matched","ward_spatial_match_count":1},"geometry":{"type":"Point","coordinates":[77.61486110000004,13.061694400000022,0]},"id":156},{"type":"Feature","properties":{"fid":157,"OBJECTID":157,"Name":"Placemark","FolderPath":"Document/lakes","SymbolID":0,"AltMode":-1,"Base":0,"Snippet":"","PopupInfo":"","HasLabel":-1,"LabelID":0,"ward_source_id":"ward_369_final.150","ward_source_Name":null,"ward_description":null,"ward_timestamp":null,"ward_begin":null,"ward_end":null,"ward_altitudeMode":null,"ward_tessellate":-1,"ward_extrude":0,"ward_visibility":-1,"ward_drawOrder":null,"ward_icon":null,"ward_Corporation":"North","ward_corporation_kn":"ಉತ್ತರ","ward_corporation_id":"2","ward_ac":"Byatarayanapura","ward_ac_kn":"ಬ್ಯಾಟರಾಯನಪುರ","ward_ac_no":"152","ward_Assembly":"152 - Byatarayanapura","ward_id":"8","ward_name":"8 - Singapura","ward_name_kn":"ಸಿಂಗಾಪುರ","ward_TOT_P":"24794.0","ward_TOT_M":"12624.0","ward_TOT_F":"12170.0","ward_SC_P":"2680.0","ward_SC_M":"1318.0","ward_SC_F":"1363.0","ward_ST_P":"585.0","ward_ST_M":"293.0","ward_ST_F":"292.0","ward_low_range":"19943","ward_high_range":"29914","ward_RO_Code":"1","ward_RO_Division":"RO- Bytarayanapura","ward_ARO_Code":"3","ward_ARO_ Sub Division":"ARO- Vidyaranyapura","ward_zone":"Zone1","ward_zone_name":"Byatarayanapura","ward_join_status":"matched","ward_spatial_match_count":1},"geometry":{"type":"Point","coordinates":[77.53858330000008,13.085222200000032,0]},"id":157},{"type":"Feature","properties":{"fid":158,"OBJECTID":158,"Name":"Placemark","FolderPath":"Document/lakes","SymbolID":0,"AltMode":-1,"Base":0,"Snippet":"","PopupInfo":"","HasLabel":-1,"LabelID":0,"ward_source_id":"ward_369_final.5","ward_source_Name":null,"ward_description":null,"ward_timestamp":null,"ward_begin":null,"ward_end":null,"ward_altitudeMode":null,"ward_tessellate":-1,"ward_extrude":0,"ward_visibility":-1,"ward_drawOrder":null,"ward_icon":null,"ward_Corporation":"North","ward_corporation_kn":"ಉತ್ತರ","ward_corporation_id":"2","ward_ac":"Byatarayanapura","ward_ac_kn":"ಬ್ಯಾಟರಾಯನಪುರ","ward_ac_no":"152","ward_Assembly":"152 - Byatarayanapura","ward_id":"21","ward_name":"21 - Kogilu","ward_name_kn":"ಕೋಗಿಲು","ward_TOT_P":"28728.0","ward_TOT_M":"15084.0","ward_TOT_F":"13643.0","ward_SC_P":"3656.0","ward_SC_M":"1846.0","ward_SC_F":"1811.0","ward_ST_P":"609.0","ward_ST_M":"310.0","ward_ST_F":"299.0","ward_low_range":"19943","ward_high_range":"29914","ward_RO_Code":"2","ward_RO_Division":"RO- Thanisandra","ward_ARO_Code":"5","ward_ARO_ Sub Division":"ARO- Kogilu","ward_zone":"Zone1","ward_zone_name":"Byatarayanapura","ward_join_status":"matched","ward_spatial_match_count":1},"geometry":{"type":"Point","coordinates":[77.62650000000008,13.105055600000071,0]},"id":158},{"type":"Feature","properties":{"fid":159,"OBJECTID":159,"Name":"Placemark","FolderPath":"Document/lakes","SymbolID":0,"AltMode":-1,"Base":0,"Snippet":"","PopupInfo":"","HasLabel":-1,"LabelID":0,"ward_source_id":"ward_369_final.181","ward_source_Name":null,"ward_description":null,"ward_timestamp":null,"ward_begin":null,"ward_end":null,"ward_altitudeMode":null,"ward_tessellate":-1,"ward_extrude":0,"ward_visibility":-1,"ward_drawOrder":null,"ward_icon":null,"ward_Corporation":"North","ward_corporation_kn":"ಉತ್ತರ","ward_corporation_id":"2","ward_ac":"Byatarayanapura","ward_ac_kn":"ಬ್ಯಾಟರಾಯನಪುರ","ward_ac_no":"152","ward_Assembly":"152 - Byatarayanapura","ward_id":"20","ward_name":"20 - Sampigehalli","ward_name_kn":"ಸಂಪಿಗೆಹಳ್ಳಿ","ward_TOT_P":"28461.0","ward_TOT_M":"14733.0","ward_TOT_F":"13727.0","ward_SC_P":"3329.0","ward_SC_M":"1658.0","ward_SC_F":"1672.0","ward_ST_P":"375.0","ward_ST_M":"180.0","ward_ST_F":"195.0","ward_low_range":"19943","ward_high_range":"29914","ward_RO_Code":"2","ward_RO_Division":"RO- Thanisandra","ward_ARO_Code":"5","ward_ARO_ Sub Division":"ARO- Kogilu","ward_zone":"Zone1","ward_zone_name":"Byatarayanapura","ward_join_status":"matched","ward_spatial_match_count":1},"geometry":{"type":"Point","coordinates":[77.62358330000006,13.077694400000041,0]},"id":159},{"type":"Feature","properties":{"fid":160,"OBJECTID":160,"Name":"Placemark","FolderPath":"Document/lakes","SymbolID":0,"AltMode":-1,"Base":0,"Snippet":"","PopupInfo":"","HasLabel":-1,"LabelID":0,"ward_source_id":"ward_369_final.132","ward_source_Name":null,"ward_description":null,"ward_timestamp":null,"ward_begin":null,"ward_end":null,"ward_altitudeMode":null,"ward_tessellate":-1,"ward_extrude":0,"ward_visibility":-1,"ward_drawOrder":null,"ward_icon":null,"ward_Corporation":"North","ward_corporation_kn":"ಉತ್ತರ","ward_corporation_id":"2","ward_ac":"Byatarayanapura","ward_ac_kn":"ಬ್ಯಾಟರಾಯನಪುರ","ward_ac_no":"152","ward_Assembly":"152 - Byatarayanapura","ward_id":"16","ward_name":"16 - Amruthahalli","ward_name_kn":"ಅಮೃತಹಳ್ಳಿ","ward_TOT_P":"21732.0","ward_TOT_M":"11520.0","ward_TOT_F":"10213.0","ward_SC_P":"2296.0","ward_SC_M":"1168.0","ward_SC_F":"1128.0","ward_ST_P":"967.0","ward_ST_M":"513.0","ward_ST_F":"454.0","ward_low_range":"19943","ward_high_range":"29914","ward_RO_Code":"2","ward_RO_Division":"RO- Thanisandra","ward_ARO_Code":"4","ward_ARO_ Sub Division":"ARO- Jakkur","ward_zone":"Zone1","ward_zone_name":"Byatarayanapura","ward_join_status":"matched","ward_spatial_match_count":1},"geometry":{"type":"Point","coordinates":[77.59911110000007,13.062027800000067,0]},"id":160},{"type":"Feature","properties":{"fid":161,"OBJECTID":161,"Name":"Placemark","FolderPath":"Document/lakes","SymbolID":0,"AltMode":-1,"Base":0,"Snippet":"","PopupInfo":"","HasLabel":-1,"LabelID":0,"ward_source_id":"ward_369_final.146","ward_source_Name":null,"ward_description":null,"ward_timestamp":null,"ward_begin":null,"ward_end":null,"ward_altitudeMode":null,"ward_tessellate":-1,"ward_extrude":0,"ward_visibility":-1,"ward_drawOrder":null,"ward_icon":null,"ward_Corporation":"North","ward_corporation_kn":"ಉತ್ತರ","ward_corporation_id":"2","ward_ac":"Byatarayanapura","ward_ac_kn":"ಬ್ಯಾಟರಾಯನಪುರ","ward_ac_no":"152","ward_Assembly":"152 - Byatarayanapura","ward_id":"14","ward_name":"14 - Rajiv Gandhi Nagar","ward_name_kn":"ರಾಜೀವ್ ಗಾಂಧಿ ನಗರ","ward_TOT_P":"20148.0","ward_TOT_M":"10579.0","ward_TOT_F":"9569.0","ward_SC_P":"2101.0","ward_SC_M":"1086.0","ward_SC_F":"1015.0","ward_ST_P":"751.0","ward_ST_M":"373.0","ward_ST_F":"378.0","ward_low_range":"19943","ward_high_range":"29914","ward_RO_Code":"1","ward_RO_Division":"RO- Bytarayanapura","ward_ARO_Code":"1","ward_ARO_ Sub Division":"ARO- Bytarayanapura","ward_zone":"Zone1","ward_zone_name":"Byatarayanapura","ward_join_status":"matched","ward_spatial_match_count":1},"geometry":{"type":"Point","coordinates":[77.58627780000006,13.04677780000003,0]},"id":161},{"type":"Feature","properties":{"fid":162,"OBJECTID":162,"Name":"Placemark","FolderPath":"Document/lakes","SymbolID":0,"AltMode":-1,"Base":0,"Snippet":"","PopupInfo":"","HasLabel":-1,"LabelID":0,"ward_source_id":"ward_369_final.176","ward_source_Name":null,"ward_description":null,"ward_timestamp":null,"ward_begin":null,"ward_end":null,"ward_altitudeMode":null,"ward_tessellate":-1,"ward_extrude":0,"ward_visibility":-1,"ward_drawOrder":null,"ward_icon":null,"ward_Corporation":"North","ward_corporation_kn":"ಉತ್ತರ","ward_corporation_id":"2","ward_ac":"Byatarayanapura","ward_ac_kn":"ಬ್ಯಾಟರಾಯನಪುರ","ward_ac_no":"152","ward_Assembly":"152 - Byatarayanapura","ward_id":"18","ward_name":"18 - Kempapura","ward_name_kn":"ಕೆಂಪಾಪುರ","ward_TOT_P":"28936.0","ward_TOT_M":"15396.0","ward_TOT_F":"13540.0","ward_SC_P":"2346.0","ward_SC_M":"1197.0","ward_SC_F":"1149.0","ward_ST_P":"554.0","ward_ST_M":"290.0","ward_ST_F":"264.0","ward_low_range":"19943","ward_high_range":"29914","ward_RO_Code":"2","ward_RO_Division":"RO- Thanisandra","ward_ARO_Code":"6","ward_ARO_ Sub Division":"ARO- Thanisandra","ward_zone":"Zone1","ward_zone_name":"Byatarayanapura","ward_join_status":"matched","ward_spatial_match_count":1},"geometry":{"type":"Point","coordinates":[77.60927780000003,13.045250000000067,0]},"id":162},{"type":"Feature","properties":{"fid":163,"OBJECTID":163,"Name":"Placemark","FolderPath":"Document/lakes","SymbolID":0,"AltMode":-1,"Base":0,"Snippet":"","PopupInfo":"","HasLabel":-1,"LabelID":0,"ward_source_id":"ward_369_final.2","ward_source_Name":null,"ward_description":null,"ward_timestamp":null,"ward_begin":null,"ward_end":null,"ward_altitudeMode":null,"ward_tessellate":-1,"ward_extrude":0,"ward_visibility":-1,"ward_drawOrder":null,"ward_icon":null,"ward_Corporation":"North","ward_corporation_kn":"ಉತ್ತರ","ward_corporation_id":"2","ward_ac":"Yelahanka","ward_ac_kn":"ಯಲಹಂಕ","ward_ac_no":"150","ward_Assembly":"150 - Yelahanka","ward_id":"2","ward_name":"2 - Aerocity","ward_name_kn":"ಏರೋಸಿಟಿ","ward_TOT_P":"20655.0","ward_TOT_M":"10844.0","ward_TOT_F":"9810.0","ward_SC_P":"1636.0","ward_SC_M":"846.0","ward_SC_F":"790.0","ward_ST_P":"563.0","ward_ST_M":"292.0","ward_ST_F":"270.0","ward_low_range":"19943","ward_high_range":"29914","ward_RO_Code":"11","ward_RO_Division":"RO- Yelahanka","ward_ARO_Code":"29","ward_ARO_ Sub Division":"ARO- Yelahanka Old Town","ward_zone":"Zone2","ward_zone_name":"Yelahanka","ward_join_status":"matched","ward_spatial_match_count":1},"geometry":{"type":"Point","coordinates":[77.59469440000004,13.112916700000028,0]},"id":163},{"type":"Feature","properties":{"fid":164,"OBJECTID":164,"Name":"Placemark","FolderPath":"Document/lakes","SymbolID":0,"AltMode":-1,"Base":0,"Snippet":"","PopupInfo":"","HasLabel":-1,"LabelID":0,"ward_source_id":null,"ward_source_Name":null,"ward_description":null,"ward_timestamp":null,"ward_begin":null,"ward_end":null,"ward_altitudeMode":null,"ward_tessellate":null,"ward_extrude":null,"ward_visibility":null,"ward_drawOrder":null,"ward_icon":null,"ward_Corporation":null,"ward_corporation_kn":null,"ward_corporation_id":null,"ward_ac":null,"ward_ac_kn":null,"ward_ac_no":null,"ward_Assembly":null,"ward_id":null,"ward_name":null,"ward_name_kn":null,"ward_TOT_P":null,"ward_TOT_M":null,"ward_TOT_F":null,"ward_SC_P":null,"ward_SC_M":null,"ward_SC_F":null,"ward_ST_P":null,"ward_ST_M":null,"ward_ST_F":null,"ward_low_range":null,"ward_high_range":null,"ward_RO_Code":null,"ward_RO_Division":null,"ward_ARO_Code":null,"ward_ARO_ Sub Division":null,"ward_zone":null,"ward_zone_name":null,"ward_join_status":"unmatched","ward_spatial_match_count":0},"geometry":{"type":"Point","coordinates":[77.55636110000006,13.102138900000057,0]},"id":164},{"type":"Feature","properties":{"fid":165,"OBJECTID":165,"Name":"Placemark","FolderPath":"Document/lakes","SymbolID":0,"AltMode":-1,"Base":0,"Snippet":"","PopupInfo":"","HasLabel":-1,"LabelID":0,"ward_source_id":"ward_369_final.85","ward_source_Name":null,"ward_description":null,"ward_timestamp":null,"ward_begin":null,"ward_end":null,"ward_altitudeMode":null,"ward_tessellate":-1,"ward_extrude":0,"ward_visibility":-1,"ward_drawOrder":null,"ward_icon":null,"ward_Corporation":"North","ward_corporation_kn":"ಉತ್ತರ","ward_corporation_id":"2","ward_ac":"Yelahanka","ward_ac_kn":"ಯಲಹಂಕ","ward_ac_no":"150","ward_Assembly":"150 - Yelahanka","ward_id":"6","ward_name":"6 - Doddabettahalli","ward_name_kn":"ದೊಡ್ಡಬೆಟ್ಟಹಳ್ಳಿ","ward_TOT_P":"29553.0","ward_TOT_M":"15685.0","ward_TOT_F":"13868.0","ward_SC_P":"3183.0","ward_SC_M":"1648.0","ward_SC_F":"1536.0","ward_ST_P":"1010.0","ward_ST_M":"517.0","ward_ST_F":"494.0","ward_low_range":"19943","ward_high_range":"29914","ward_RO_Code":"11","ward_RO_Division":"RO- Yelahanka","ward_ARO_Code":"28","ward_ARO_ Sub Division":"ARO- Attur","ward_zone":"Zone2","ward_zone_name":"Yelahanka","ward_join_status":"matched","ward_spatial_match_count":1},"geometry":{"type":"Point","coordinates":[77.56197220000007,13.111250000000041,0]},"id":165},{"type":"Feature","properties":{"fid":166,"OBJECTID":166,"Name":"Placemark","FolderPath":"Document/lakes","SymbolID":0,"AltMode":-1,"Base":0,"Snippet":"","PopupInfo":"","HasLabel":-1,"LabelID":0,"ward_source_id":null,"ward_source_Name":null,"ward_description":null,"ward_timestamp":null,"ward_begin":null,"ward_end":null,"ward_altitudeMode":null,"ward_tessellate":null,"ward_extrude":null,"ward_visibility":null,"ward_drawOrder":null,"ward_icon":null,"ward_Corporation":null,"ward_corporation_kn":null,"ward_corporation_id":null,"ward_ac":null,"ward_ac_kn":null,"ward_ac_no":null,"ward_Assembly":null,"ward_id":null,"ward_name":null,"ward_name_kn":null,"ward_TOT_P":null,"ward_TOT_M":null,"ward_TOT_F":null,"ward_SC_P":null,"ward_SC_M":null,"ward_SC_F":null,"ward_ST_P":null,"ward_ST_M":null,"ward_ST_F":null,"ward_low_range":null,"ward_high_range":null,"ward_RO_Code":null,"ward_RO_Division":null,"ward_ARO_Code":null,"ward_ARO_ Sub Division":null,"ward_zone":null,"ward_zone_name":null,"ward_join_status":"unmatched","ward_spatial_match_count":0},"geometry":{"type":"Point","coordinates":[77.55516670000003,13.11638890000006,0]},"id":166},{"type":"Feature","properties":{"fid":167,"OBJECTID":167,"Name":"Placemark","FolderPath":"Document/lakes","SymbolID":0,"AltMode":-1,"Base":0,"Snippet":"","PopupInfo":"","HasLabel":-1,"LabelID":0,"ward_source_id":"ward_369_final.97","ward_source_Name":null,"ward_description":null,"ward_timestamp":null,"ward_begin":null,"ward_end":null,"ward_altitudeMode":null,"ward_tessellate":-1,"ward_extrude":0,"ward_visibility":-1,"ward_drawOrder":null,"ward_icon":null,"ward_Corporation":"North","ward_corporation_kn":"ಉತ್ತರ","ward_corporation_id":"2","ward_ac":"Yelahanka","ward_ac_kn":"ಯಲಹಂಕ","ward_ac_no":"150","ward_Assembly":"150 - Yelahanka","ward_id":"4","ward_name":"4 - Nyayanga Badavane","ward_name_kn":"ನ್ಯಾಯಾಂಗ ಬಡಾವಣೆ","ward_TOT_P":"20006.0","ward_TOT_M":"10561.0","ward_TOT_F":"9446.0","ward_SC_P":"4044.0","ward_SC_M":"2066.0","ward_SC_F":"1979.0","ward_ST_P":"541.0","ward_ST_M":"288.0","ward_ST_F":"253.0","ward_low_range":"19943","ward_high_range":"29914","ward_RO_Code":"11","ward_RO_Division":"RO- Yelahanka","ward_ARO_Code":"30","ward_ARO_ Sub Division":"ARO- Yelahanka Satellite Town","ward_zone":"Zone2","ward_zone_name":"Yelahanka","ward_join_status":"matched","ward_spatial_match_count":1},"geometry":{"type":"Point","coordinates":[77.58622220000007,13.091611100000023,0]},"id":167},{"type":"Feature","properties":{"fid":168,"OBJECTID":168,"Name":"Placemark","FolderPath":"Document/lakes","SymbolID":0,"AltMode":-1,"Base":0,"Snippet":"","PopupInfo":"","HasLabel":-1,"LabelID":0,"ward_source_id":"ward_369_final.69","ward_source_Name":null,"ward_description":null,"ward_timestamp":null,"ward_begin":null,"ward_end":null,"ward_altitudeMode":null,"ward_tessellate":-1,"ward_extrude":0,"ward_visibility":-1,"ward_drawOrder":null,"ward_icon":null,"ward_Corporation":"South","ward_corporation_kn":"ದಕ್ಷಿಣ","ward_corporation_id":"4","ward_ac":"Bangalore South","ward_ac_kn":"ಬೆಂಗಳೂರು ದಕ್ಷಿಣ","ward_ac_no":"176","ward_Assembly":"176 - Bangalore South","ward_id":"41","ward_name":"41 - Kothanur","ward_name_kn":"ಕೊತ್ತನೂರು","ward_TOT_P":"23161.0","ward_TOT_M":"11793.0","ward_TOT_F":"11368.0","ward_SC_P":"3165.0","ward_SC_M":"1603.0","ward_SC_F":"1562.0","ward_ST_P":"489.0","ward_ST_M":"243.0","ward_ST_F":"245.0","ward_low_range":"18594","ward_high_range":"27891","ward_RO_Code":"5","ward_RO_Division":"RO- Beguru","ward_ARO_Code":"12","ward_ARO_ Sub Division":"ARO- Bheereshwara Nagara","ward_zone":"Zone1","ward_zone_name":"Jayanagar","ward_join_status":"matched","ward_spatial_match_count":1},"geometry":{"type":"Point","coordinates":[77.56622220000008,12.865500000000054,0]},"id":168},{"type":"Feature","properties":{"fid":169,"OBJECTID":169,"Name":"Placemark","FolderPath":"Document/lakes","SymbolID":0,"AltMode":-1,"Base":0,"Snippet":"","PopupInfo":"","HasLabel":-1,"LabelID":0,"ward_source_id":"ward_369_final.277","ward_source_Name":null,"ward_description":null,"ward_timestamp":null,"ward_begin":null,"ward_end":null,"ward_altitudeMode":null,"ward_tessellate":-1,"ward_extrude":0,"ward_visibility":-1,"ward_drawOrder":null,"ward_icon":null,"ward_Corporation":"West","ward_corporation_kn":"ಪಶ್ಚಿಮ","ward_corporation_id":"5","ward_ac":"Yeshwanthapura","ward_ac_kn":"ಯಶವಂತಪುರ","ward_ac_no":"153","ward_Assembly":"153 - Yeshwanthapura","ward_id":"14","ward_name":"14 - Herohalli","ward_name_kn":"ಹೆರೋಹಳ್ಳಿ","ward_TOT_P":"28413.0","ward_TOT_M":"15013.0","ward_TOT_F":"13419.0","ward_SC_P":"2192.0","ward_SC_M":"1099.0","ward_SC_F":"1094.0","ward_ST_P":"490.0","ward_ST_M":"258.0","ward_ST_F":"232.0","ward_low_range":"18949","ward_high_range":"28424","ward_RO_Code":"14","ward_RO_Division":"RO- Herohalli","ward_ARO_Code":"42","ward_ARO_ Sub Division":"ARO- Herohalli","ward_zone":"Zone1","ward_zone_name":"Rajarajeshwarinagar","ward_join_status":"matched","ward_spatial_match_count":1},"geometry":{"type":"Point","coordinates":[77.48972220000007,12.989138900000057,0]},"id":169},{"type":"Feature","properties":{"fid":170,"OBJECTID":170,"Name":"Placemark","FolderPath":"Document/lakes","SymbolID":0,"AltMode":-1,"Base":0,"Snippet":"","PopupInfo":"","HasLabel":-1,"LabelID":0,"ward_source_id":null,"ward_source_Name":null,"ward_description":null,"ward_timestamp":null,"ward_begin":null,"ward_end":null,"ward_altitudeMode":null,"ward_tessellate":null,"ward_extrude":null,"ward_visibility":null,"ward_drawOrder":null,"ward_icon":null,"ward_Corporation":null,"ward_corporation_kn":null,"ward_corporation_id":null,"ward_ac":null,"ward_ac_kn":null,"ward_ac_no":null,"ward_Assembly":null,"ward_id":null,"ward_name":null,"ward_name_kn":null,"ward_TOT_P":null,"ward_TOT_M":null,"ward_TOT_F":null,"ward_SC_P":null,"ward_SC_M":null,"ward_SC_F":null,"ward_ST_P":null,"ward_ST_M":null,"ward_ST_F":null,"ward_low_range":null,"ward_high_range":null,"ward_RO_Code":null,"ward_RO_Division":null,"ward_ARO_Code":null,"ward_ARO_ Sub Division":null,"ward_zone":null,"ward_zone_name":null,"ward_join_status":"unmatched","ward_spatial_match_count":0},"geometry":{"type":"Point","coordinates":[77.45455560000005,13.01244440000005,0]},"id":170},{"type":"Feature","properties":{"fid":171,"OBJECTID":171,"Name":"Placemark","FolderPath":"Document/lakes","SymbolID":0,"AltMode":-1,"Base":0,"Snippet":"","PopupInfo":"","HasLabel":-1,"LabelID":0,"ward_source_id":null,"ward_source_Name":null,"ward_description":null,"ward_timestamp":null,"ward_begin":null,"ward_end":null,"ward_altitudeMode":null,"ward_tessellate":null,"ward_extrude":null,"ward_visibility":null,"ward_drawOrder":null,"ward_icon":null,"ward_Corporation":null,"ward_corporation_kn":null,"ward_corporation_id":null,"ward_ac":null,"ward_ac_kn":null,"ward_ac_no":null,"ward_Assembly":null,"ward_id":null,"ward_name":null,"ward_name_kn":null,"ward_TOT_P":null,"ward_TOT_M":null,"ward_TOT_F":null,"ward_SC_P":null,"ward_SC_M":null,"ward_SC_F":null,"ward_ST_P":null,"ward_ST_M":null,"ward_ST_F":null,"ward_low_range":null,"ward_high_range":null,"ward_RO_Code":null,"ward_RO_Division":null,"ward_ARO_Code":null,"ward_ARO_ Sub Division":null,"ward_zone":null,"ward_zone_name":null,"ward_join_status":"unmatched","ward_spatial_match_count":0},"geometry":{"type":"Point","coordinates":[77.54050000000007,13.094111100000077,0]},"id":171},{"type":"Feature","properties":{"fid":172,"OBJECTID":172,"Name":"Placemark","FolderPath":"Document/lakes","SymbolID":0,"AltMode":-1,"Base":0,"Snippet":"","PopupInfo":"","HasLabel":-1,"LabelID":0,"ward_source_id":"ward_369_final.97","ward_source_Name":null,"ward_description":null,"ward_timestamp":null,"ward_begin":null,"ward_end":null,"ward_altitudeMode":null,"ward_tessellate":-1,"ward_extrude":0,"ward_visibility":-1,"ward_drawOrder":null,"ward_icon":null,"ward_Corporation":"North","ward_corporation_kn":"ಉತ್ತರ","ward_corporation_id":"2","ward_ac":"Yelahanka","ward_ac_kn":"ಯಲಹಂಕ","ward_ac_no":"150","ward_Assembly":"150 - Yelahanka","ward_id":"4","ward_name":"4 - Nyayanga Badavane","ward_name_kn":"ನ್ಯಾಯಾಂಗ ಬಡಾವಣೆ","ward_TOT_P":"20006.0","ward_TOT_M":"10561.0","ward_TOT_F":"9446.0","ward_SC_P":"4044.0","ward_SC_M":"2066.0","ward_SC_F":"1979.0","ward_ST_P":"541.0","ward_ST_M":"288.0","ward_ST_F":"253.0","ward_low_range":"19943","ward_high_range":"29914","ward_RO_Code":"11","ward_RO_Division":"RO- Yelahanka","ward_ARO_Code":"30","ward_ARO_ Sub Division":"ARO- Yelahanka Satellite Town","ward_zone":"Zone2","ward_zone_name":"Yelahanka","ward_join_status":"matched","ward_spatial_match_count":1},"geometry":{"type":"Point","coordinates":[77.59472220000004,13.09125000000006,0]},"id":172},{"type":"Feature","properties":{"fid":173,"OBJECTID":173,"Name":"Placemark","FolderPath":"Document/lakes","SymbolID":0,"AltMode":-1,"Base":0,"Snippet":"","PopupInfo":"","HasLabel":-1,"LabelID":0,"ward_source_id":"ward_369_final.85","ward_source_Name":null,"ward_description":null,"ward_timestamp":null,"ward_begin":null,"ward_end":null,"ward_altitudeMode":null,"ward_tessellate":-1,"ward_extrude":0,"ward_visibility":-1,"ward_drawOrder":null,"ward_icon":null,"ward_Corporation":"North","ward_corporation_kn":"ಉತ್ತರ","ward_corporation_id":"2","ward_ac":"Yelahanka","ward_ac_kn":"ಯಲಹಂಕ","ward_ac_no":"150","ward_Assembly":"150 - Yelahanka","ward_id":"6","ward_name":"6 - Doddabettahalli","ward_name_kn":"ದೊಡ್ಡಬೆಟ್ಟಹಳ್ಳಿ","ward_TOT_P":"29553.0","ward_TOT_M":"15685.0","ward_TOT_F":"13868.0","ward_SC_P":"3183.0","ward_SC_M":"1648.0","ward_SC_F":"1536.0","ward_ST_P":"1010.0","ward_ST_M":"517.0","ward_ST_F":"494.0","ward_low_range":"19943","ward_high_range":"29914","ward_RO_Code":"11","ward_RO_Division":"RO- Yelahanka","ward_ARO_Code":"28","ward_ARO_ Sub Division":"ARO- Attur","ward_zone":"Zone2","ward_zone_name":"Yelahanka","ward_join_status":"matched","ward_spatial_match_count":1},"geometry":{"type":"Point","coordinates":[77.57697220000006,13.111527800000033,0]},"id":173},{"type":"Feature","properties":{"fid":174,"OBJECTID":174,"Name":"Placemark","FolderPath":"Document/lakes","SymbolID":0,"AltMode":-1,"Base":0,"Snippet":"","PopupInfo":"","HasLabel":-1,"LabelID":0,"ward_source_id":"ward_369_final.5","ward_source_Name":null,"ward_description":null,"ward_timestamp":null,"ward_begin":null,"ward_end":null,"ward_altitudeMode":null,"ward_tessellate":-1,"ward_extrude":0,"ward_visibility":-1,"ward_drawOrder":null,"ward_icon":null,"ward_Corporation":"North","ward_corporation_kn":"ಉತ್ತರ","ward_corporation_id":"2","ward_ac":"Byatarayanapura","ward_ac_kn":"ಬ್ಯಾಟರಾಯನಪುರ","ward_ac_no":"152","ward_Assembly":"152 - Byatarayanapura","ward_id":"21","ward_name":"21 - Kogilu","ward_name_kn":"ಕೋಗಿಲು","ward_TOT_P":"28728.0","ward_TOT_M":"15084.0","ward_TOT_F":"13643.0","ward_SC_P":"3656.0","ward_SC_M":"1846.0","ward_SC_F":"1811.0","ward_ST_P":"609.0","ward_ST_M":"310.0","ward_ST_F":"299.0","ward_low_range":"19943","ward_high_range":"29914","ward_RO_Code":"2","ward_RO_Division":"RO- Thanisandra","ward_ARO_Code":"5","ward_ARO_ Sub Division":"ARO- Kogilu","ward_zone":"Zone1","ward_zone_name":"Byatarayanapura","ward_join_status":"matched","ward_spatial_match_count":1},"geometry":{"type":"Point","coordinates":[77.64377780000007,13.103944400000046,0]},"id":174},{"type":"Feature","properties":{"fid":175,"OBJECTID":175,"Name":"Placemark","FolderPath":"Document/lakes","SymbolID":0,"AltMode":-1,"Base":0,"Snippet":"","PopupInfo":"","HasLabel":-1,"LabelID":0,"ward_source_id":"ward_369_final.98","ward_source_Name":null,"ward_description":null,"ward_timestamp":null,"ward_begin":null,"ward_end":null,"ward_altitudeMode":null,"ward_tessellate":-1,"ward_extrude":0,"ward_visibility":-1,"ward_drawOrder":null,"ward_icon":null,"ward_Corporation":"North","ward_corporation_kn":"ಉತ್ತರ","ward_corporation_id":"2","ward_ac":"Dasarahalli","ward_ac_kn":"ದಾಸರಹಳ್ಳಿ","ward_ac_no":"155","ward_Assembly":"155 - Dasarahalli","ward_id":"65","ward_name":"65 - Abbigere","ward_name_kn":"ಅಬ್ಬಿಗೆರೆ","ward_TOT_P":"21241.0","ward_TOT_M":"9098.0","ward_TOT_F":"8247.0","ward_SC_P":"2183.0","ward_SC_M":"1118.0","ward_SC_F":"1065.0","ward_ST_P":"577.0","ward_ST_M":"304.0","ward_ST_F":"273.0","ward_low_range":"19943","ward_high_range":"29914","ward_RO_Code":"3","ward_RO_Division":"RO- Dasarahalli","ward_ARO_Code":"9","ward_ARO_ Sub Division":"ARO- Shetty Halli","ward_zone":"Zone2","ward_zone_name":"Yelahanka","ward_join_status":"matched","ward_spatial_match_count":1},"geometry":{"type":"Point","coordinates":[77.53072220000007,13.086222200000066,0]},"id":175},{"type":"Feature","properties":{"fid":176,"OBJECTID":176,"Name":"Placemark","FolderPath":"Document/lakes","SymbolID":0,"AltMode":-1,"Base":0,"Snippet":"","PopupInfo":"","HasLabel":-1,"LabelID":0,"ward_source_id":null,"ward_source_Name":null,"ward_description":null,"ward_timestamp":null,"ward_begin":null,"ward_end":null,"ward_altitudeMode":null,"ward_tessellate":null,"ward_extrude":null,"ward_visibility":null,"ward_drawOrder":null,"ward_icon":null,"ward_Corporation":null,"ward_corporation_kn":null,"ward_corporation_id":null,"ward_ac":null,"ward_ac_kn":null,"ward_ac_no":null,"ward_Assembly":null,"ward_id":null,"ward_name":null,"ward_name_kn":null,"ward_TOT_P":null,"ward_TOT_M":null,"ward_TOT_F":null,"ward_SC_P":null,"ward_SC_M":null,"ward_SC_F":null,"ward_ST_P":null,"ward_ST_M":null,"ward_ST_F":null,"ward_low_range":null,"ward_high_range":null,"ward_RO_Code":null,"ward_RO_Division":null,"ward_ARO_Code":null,"ward_ARO_ Sub Division":null,"ward_zone":null,"ward_zone_name":null,"ward_join_status":"unmatched","ward_spatial_match_count":0},"geometry":{"type":"Point","coordinates":[77.45961110000007,12.951500000000067,0]},"id":176},{"type":"Feature","properties":{"fid":177,"OBJECTID":177,"Name":"Placemark","FolderPath":"Document/lakes","SymbolID":0,"AltMode":-1,"Base":0,"Snippet":"","PopupInfo":"","HasLabel":-1,"LabelID":0,"ward_source_id":null,"ward_source_Name":null,"ward_description":null,"ward_timestamp":null,"ward_begin":null,"ward_end":null,"ward_altitudeMode":null,"ward_tessellate":null,"ward_extrude":null,"ward_visibility":null,"ward_drawOrder":null,"ward_icon":null,"ward_Corporation":null,"ward_corporation_kn":null,"ward_corporation_id":null,"ward_ac":null,"ward_ac_kn":null,"ward_ac_no":null,"ward_Assembly":null,"ward_id":null,"ward_name":null,"ward_name_kn":null,"ward_TOT_P":null,"ward_TOT_M":null,"ward_TOT_F":null,"ward_SC_P":null,"ward_SC_M":null,"ward_SC_F":null,"ward_ST_P":null,"ward_ST_M":null,"ward_ST_F":null,"ward_low_range":null,"ward_high_range":null,"ward_RO_Code":null,"ward_RO_Division":null,"ward_ARO_Code":null,"ward_ARO_ Sub Division":null,"ward_zone":null,"ward_zone_name":null,"ward_join_status":"unmatched","ward_spatial_match_count":0},"geometry":{"type":"Point","coordinates":[77.46038890000005,12.966444400000057,0]},"id":177},{"type":"Feature","properties":{"fid":178,"OBJECTID":178,"Name":"Placemark","FolderPath":"Document/lakes","SymbolID":0,"AltMode":-1,"Base":0,"Snippet":"","PopupInfo":"","HasLabel":-1,"LabelID":0,"ward_source_id":null,"ward_source_Name":null,"ward_description":null,"ward_timestamp":null,"ward_begin":null,"ward_end":null,"ward_altitudeMode":null,"ward_tessellate":null,"ward_extrude":null,"ward_visibility":null,"ward_drawOrder":null,"ward_icon":null,"ward_Corporation":null,"ward_corporation_kn":null,"ward_corporation_id":null,"ward_ac":null,"ward_ac_kn":null,"ward_ac_no":null,"ward_Assembly":null,"ward_id":null,"ward_name":null,"ward_name_kn":null,"ward_TOT_P":null,"ward_TOT_M":null,"ward_TOT_F":null,"ward_SC_P":null,"ward_SC_M":null,"ward_SC_F":null,"ward_ST_P":null,"ward_ST_M":null,"ward_ST_F":null,"ward_low_range":null,"ward_high_range":null,"ward_RO_Code":null,"ward_RO_Division":null,"ward_ARO_Code":null,"ward_ARO_ Sub Division":null,"ward_zone":null,"ward_zone_name":null,"ward_join_status":"unmatched","ward_spatial_match_count":0},"geometry":{"type":"Point","coordinates":[5.684341886080802e-14,5.684341886080802e-14,0]},"id":178},{"type":"Feature","properties":{"fid":179,"OBJECTID":179,"Name":"Placemark","FolderPath":"Document/lakes","SymbolID":0,"AltMode":-1,"Base":0,"Snippet":"","PopupInfo":"","HasLabel":-1,"LabelID":0,"ward_source_id":"ward_369_final.47","ward_source_Name":null,"ward_description":null,"ward_timestamp":null,"ward_begin":null,"ward_end":null,"ward_altitudeMode":null,"ward_tessellate":-1,"ward_extrude":0,"ward_visibility":-1,"ward_drawOrder":null,"ward_icon":null,"ward_Corporation":"South","ward_corporation_kn":"ದಕ್ಷಿಣ","ward_corporation_id":"4","ward_ac":"Yeshwanthapura","ward_ac_kn":"ಯಶವಂತಪುರ","ward_ac_no":"153","ward_Assembly":"153 - Yeshwanthapura","ward_id":"52","ward_name":"52 - Talagattapura","ward_name_kn":"ತಲಘಟ್ಟಪುರ","ward_TOT_P":"23797.0","ward_TOT_M":"11887.0","ward_TOT_F":"10620.0","ward_SC_P":"3135.0","ward_SC_M":"1606.0","ward_SC_F":"1529.0","ward_ST_P":"401.0","ward_ST_M":"212.0","ward_ST_F":"189.0","ward_low_range":"18594","ward_high_range":"27891","ward_RO_Code":"4","ward_RO_Division":"RO- Anjanapura","ward_ARO_Code":"7","ward_ARO_ Sub Division":"ARO- Anjanapura","ward_zone":"Zone1","ward_zone_name":"Jayanagar","ward_join_status":"matched","ward_spatial_match_count":1},"geometry":{"type":"Point","coordinates":[77.49800000000005,12.874611100000038,0]},"id":179},{"type":"Feature","properties":{"fid":180,"OBJECTID":180,"Name":"Placemark","FolderPath":"Document/lakes","SymbolID":0,"AltMode":-1,"Base":0,"Snippet":"","PopupInfo":"","HasLabel":-1,"LabelID":0,"ward_source_id":"ward_369_final.297","ward_source_Name":null,"ward_description":null,"ward_timestamp":null,"ward_begin":null,"ward_end":null,"ward_altitudeMode":null,"ward_tessellate":-1,"ward_extrude":0,"ward_visibility":-1,"ward_drawOrder":null,"ward_icon":null,"ward_Corporation":"West","ward_corporation_kn":"ಪಶ್ಚಿಮ","ward_corporation_id":"5","ward_ac":"Yeshwanthapura","ward_ac_kn":"ಯಶವಂತಪುರ","ward_ac_no":"153","ward_Assembly":"153 - Yeshwanthapura","ward_id":"18","ward_name":"18 - Kengal Hanumanthaiah West","ward_name_kn":"ಕೆಂಗಲ್ ಹನುಮಂತಯ್ಯ ಪಶ್ಚಿಮ","ward_TOT_P":"21223.0","ward_TOT_M":"10855.0","ward_TOT_F":"10368.0","ward_SC_P":"1960.0","ward_SC_M":"982.0","ward_SC_F":"978.0","ward_ST_P":"754.0","ward_ST_M":"386.0","ward_ST_F":"368.0","ward_low_range":"18949","ward_high_range":"28424","ward_RO_Code":"15","ward_RO_Division":"RO- Kengeri","ward_ARO_Code":"43","ward_ARO_ Sub Division":"ARO- Hemmigepura","ward_zone":"Zone1","ward_zone_name":"Rajarajeshwarinagar","ward_join_status":"matched","ward_spatial_match_count":1},"geometry":{"type":"Point","coordinates":[77.48055560000006,12.92327780000005,0]},"id":180},{"type":"Feature","properties":{"fid":181,"OBJECTID":181,"Name":"Placemark","FolderPath":"Document/lakes","SymbolID":0,"AltMode":-1,"Base":0,"Snippet":"","PopupInfo":"","HasLabel":-1,"LabelID":0,"ward_source_id":null,"ward_source_Name":null,"ward_description":null,"ward_timestamp":null,"ward_begin":null,"ward_end":null,"ward_altitudeMode":null,"ward_tessellate":null,"ward_extrude":null,"ward_visibility":null,"ward_drawOrder":null,"ward_icon":null,"ward_Corporation":null,"ward_corporation_kn":null,"ward_corporation_id":null,"ward_ac":null,"ward_ac_kn":null,"ward_ac_no":null,"ward_Assembly":null,"ward_id":null,"ward_name":null,"ward_name_kn":null,"ward_TOT_P":null,"ward_TOT_M":null,"ward_TOT_F":null,"ward_SC_P":null,"ward_SC_M":null,"ward_SC_F":null,"ward_ST_P":null,"ward_ST_M":null,"ward_ST_F":null,"ward_low_range":null,"ward_high_range":null,"ward_RO_Code":null,"ward_RO_Division":null,"ward_ARO_Code":null,"ward_ARO_ Sub Division":null,"ward_zone":null,"ward_zone_name":null,"ward_join_status":"unmatched","ward_spatial_match_count":0},"geometry":{"type":"Point","coordinates":[77.52750000000003,13.100027800000078,0]},"id":181},{"type":"Feature","properties":{"fid":182,"OBJECTID":182,"Name":"Placemark","FolderPath":"Document/lakes","SymbolID":0,"AltMode":-1,"Base":0,"Snippet":"","PopupInfo":"","HasLabel":-1,"LabelID":0,"ward_source_id":null,"ward_source_Name":null,"ward_description":null,"ward_timestamp":null,"ward_begin":null,"ward_end":null,"ward_altitudeMode":null,"ward_tessellate":null,"ward_extrude":null,"ward_visibility":null,"ward_drawOrder":null,"ward_icon":null,"ward_Corporation":null,"ward_corporation_kn":null,"ward_corporation_id":null,"ward_ac":null,"ward_ac_kn":null,"ward_ac_no":null,"ward_Assembly":null,"ward_id":null,"ward_name":null,"ward_name_kn":null,"ward_TOT_P":null,"ward_TOT_M":null,"ward_TOT_F":null,"ward_SC_P":null,"ward_SC_M":null,"ward_SC_F":null,"ward_ST_P":null,"ward_ST_M":null,"ward_ST_F":null,"ward_low_range":null,"ward_high_range":null,"ward_RO_Code":null,"ward_RO_Division":null,"ward_ARO_Code":null,"ward_ARO_ Sub Division":null,"ward_zone":null,"ward_zone_name":null,"ward_join_status":"unmatched","ward_spatial_match_count":0},"geometry":{"type":"Point","coordinates":[77.43465000000003,12.910183300000028,0]},"id":182},{"type":"Feature","properties":{"fid":183,"OBJECTID":183,"Name":"Placemark","FolderPath":"Document/lakes","SymbolID":0,"AltMode":-1,"Base":0,"Snippet":"","PopupInfo":"","HasLabel":-1,"LabelID":0,"ward_source_id":null,"ward_source_Name":null,"ward_description":null,"ward_timestamp":null,"ward_begin":null,"ward_end":null,"ward_altitudeMode":null,"ward_tessellate":null,"ward_extrude":null,"ward_visibility":null,"ward_drawOrder":null,"ward_icon":null,"ward_Corporation":null,"ward_corporation_kn":null,"ward_corporation_id":null,"ward_ac":null,"ward_ac_kn":null,"ward_ac_no":null,"ward_Assembly":null,"ward_id":null,"ward_name":null,"ward_name_kn":null,"ward_TOT_P":null,"ward_TOT_M":null,"ward_TOT_F":null,"ward_SC_P":null,"ward_SC_M":null,"ward_SC_F":null,"ward_ST_P":null,"ward_ST_M":null,"ward_ST_F":null,"ward_low_range":null,"ward_high_range":null,"ward_RO_Code":null,"ward_RO_Division":null,"ward_ARO_Code":null,"ward_ARO_ Sub Division":null,"ward_zone":null,"ward_zone_name":null,"ward_join_status":"unmatched","ward_spatial_match_count":0},"geometry":{"type":"Point","coordinates":[77.47936110000006,13.051777800000025,0]},"id":183},{"type":"Feature","properties":{"fid":184,"OBJECTID":184,"Name":"Placemark","FolderPath":"Document/lakes","SymbolID":0,"AltMode":-1,"Base":0,"Snippet":"","PopupInfo":"","HasLabel":-1,"LabelID":0,"ward_source_id":null,"ward_source_Name":null,"ward_description":null,"ward_timestamp":null,"ward_begin":null,"ward_end":null,"ward_altitudeMode":null,"ward_tessellate":null,"ward_extrude":null,"ward_visibility":null,"ward_drawOrder":null,"ward_icon":null,"ward_Corporation":null,"ward_corporation_kn":null,"ward_corporation_id":null,"ward_ac":null,"ward_ac_kn":null,"ward_ac_no":null,"ward_Assembly":null,"ward_id":null,"ward_name":null,"ward_name_kn":null,"ward_TOT_P":null,"ward_TOT_M":null,"ward_TOT_F":null,"ward_SC_P":null,"ward_SC_M":null,"ward_SC_F":null,"ward_ST_P":null,"ward_ST_M":null,"ward_ST_F":null,"ward_low_range":null,"ward_high_range":null,"ward_RO_Code":null,"ward_RO_Division":null,"ward_ARO_Code":null,"ward_ARO_ Sub Division":null,"ward_zone":null,"ward_zone_name":null,"ward_join_status":"unmatched","ward_spatial_match_count":0},"geometry":{"type":"Point","coordinates":[77.47171000000003,12.946786100000054,0]},"id":184},{"type":"Feature","properties":{"fid":185,"OBJECTID":185,"Name":"Placemark","FolderPath":"Document/lakes","SymbolID":0,"AltMode":-1,"Base":0,"Snippet":"","PopupInfo":"","HasLabel":-1,"LabelID":0,"ward_source_id":null,"ward_source_Name":null,"ward_description":null,"ward_timestamp":null,"ward_begin":null,"ward_end":null,"ward_altitudeMode":null,"ward_tessellate":null,"ward_extrude":null,"ward_visibility":null,"ward_drawOrder":null,"ward_icon":null,"ward_Corporation":null,"ward_corporation_kn":null,"ward_corporation_id":null,"ward_ac":null,"ward_ac_kn":null,"ward_ac_no":null,"ward_Assembly":null,"ward_id":null,"ward_name":null,"ward_name_kn":null,"ward_TOT_P":null,"ward_TOT_M":null,"ward_TOT_F":null,"ward_SC_P":null,"ward_SC_M":null,"ward_SC_F":null,"ward_ST_P":null,"ward_ST_M":null,"ward_ST_F":null,"ward_low_range":null,"ward_high_range":null,"ward_RO_Code":null,"ward_RO_Division":null,"ward_ARO_Code":null,"ward_ARO_ Sub Division":null,"ward_zone":null,"ward_zone_name":null,"ward_join_status":"unmatched","ward_spatial_match_count":0},"geometry":{"type":"Point","coordinates":[77.65144440000006,13.099777800000027,0]},"id":185},{"type":"Feature","properties":{"fid":186,"OBJECTID":186,"Name":"Placemark","FolderPath":"Document/lakes","SymbolID":0,"AltMode":-1,"Base":0,"Snippet":"","PopupInfo":"","HasLabel":-1,"LabelID":0,"ward_source_id":null,"ward_source_Name":null,"ward_description":null,"ward_timestamp":null,"ward_begin":null,"ward_end":null,"ward_altitudeMode":null,"ward_tessellate":null,"ward_extrude":null,"ward_visibility":null,"ward_drawOrder":null,"ward_icon":null,"ward_Corporation":null,"ward_corporation_kn":null,"ward_corporation_id":null,"ward_ac":null,"ward_ac_kn":null,"ward_ac_no":null,"ward_Assembly":null,"ward_id":null,"ward_name":null,"ward_name_kn":null,"ward_TOT_P":null,"ward_TOT_M":null,"ward_TOT_F":null,"ward_SC_P":null,"ward_SC_M":null,"ward_SC_F":null,"ward_ST_P":null,"ward_ST_M":null,"ward_ST_F":null,"ward_low_range":null,"ward_high_range":null,"ward_RO_Code":null,"ward_RO_Division":null,"ward_ARO_Code":null,"ward_ARO_ Sub Division":null,"ward_zone":null,"ward_zone_name":null,"ward_join_status":"unmatched","ward_spatial_match_count":0},"geometry":{"type":"Point","coordinates":[77.66461110000006,13.087388900000064,0]},"id":186},{"type":"Feature","properties":{"fid":187,"OBJECTID":187,"Name":"Placemark","FolderPath":"Document/lakes","SymbolID":0,"AltMode":-1,"Base":0,"Snippet":"","PopupInfo":"","HasLabel":-1,"LabelID":0,"ward_source_id":null,"ward_source_Name":null,"ward_description":null,"ward_timestamp":null,"ward_begin":null,"ward_end":null,"ward_altitudeMode":null,"ward_tessellate":null,"ward_extrude":null,"ward_visibility":null,"ward_drawOrder":null,"ward_icon":null,"ward_Corporation":null,"ward_corporation_kn":null,"ward_corporation_id":null,"ward_ac":null,"ward_ac_kn":null,"ward_ac_no":null,"ward_Assembly":null,"ward_id":null,"ward_name":null,"ward_name_kn":null,"ward_TOT_P":null,"ward_TOT_M":null,"ward_TOT_F":null,"ward_SC_P":null,"ward_SC_M":null,"ward_SC_F":null,"ward_ST_P":null,"ward_ST_M":null,"ward_ST_F":null,"ward_low_range":null,"ward_high_range":null,"ward_RO_Code":null,"ward_RO_Division":null,"ward_ARO_Code":null,"ward_ARO_ Sub Division":null,"ward_zone":null,"ward_zone_name":null,"ward_join_status":"unmatched","ward_spatial_match_count":0},"geometry":{"type":"Point","coordinates":[77.67461110000005,13.075416700000062,0]},"id":187},{"type":"Feature","properties":{"fid":188,"OBJECTID":188,"Name":"Placemark","FolderPath":"Document/lakes","SymbolID":0,"AltMode":-1,"Base":0,"Snippet":"","PopupInfo":"","HasLabel":-1,"LabelID":0,"ward_source_id":null,"ward_source_Name":null,"ward_description":null,"ward_timestamp":null,"ward_begin":null,"ward_end":null,"ward_altitudeMode":null,"ward_tessellate":null,"ward_extrude":null,"ward_visibility":null,"ward_drawOrder":null,"ward_icon":null,"ward_Corporation":null,"ward_corporation_kn":null,"ward_corporation_id":null,"ward_ac":null,"ward_ac_kn":null,"ward_ac_no":null,"ward_Assembly":null,"ward_id":null,"ward_name":null,"ward_name_kn":null,"ward_TOT_P":null,"ward_TOT_M":null,"ward_TOT_F":null,"ward_SC_P":null,"ward_SC_M":null,"ward_SC_F":null,"ward_ST_P":null,"ward_ST_M":null,"ward_ST_F":null,"ward_low_range":null,"ward_high_range":null,"ward_RO_Code":null,"ward_RO_Division":null,"ward_ARO_Code":null,"ward_ARO_ Sub Division":null,"ward_zone":null,"ward_zone_name":null,"ward_join_status":"unmatched","ward_spatial_match_count":0},"geometry":{"type":"Point","coordinates":[77.68322220000005,13.08791670000005,0]},"id":188},{"type":"Feature","properties":{"fid":189,"OBJECTID":189,"Name":"Placemark","FolderPath":"Document/lakes","SymbolID":0,"AltMode":-1,"Base":0,"Snippet":"","PopupInfo":"","HasLabel":-1,"LabelID":0,"ward_source_id":null,"ward_source_Name":null,"ward_description":null,"ward_timestamp":null,"ward_begin":null,"ward_end":null,"ward_altitudeMode":null,"ward_tessellate":null,"ward_extrude":null,"ward_visibility":null,"ward_drawOrder":null,"ward_icon":null,"ward_Corporation":null,"ward_corporation_kn":null,"ward_corporation_id":null,"ward_ac":null,"ward_ac_kn":null,"ward_ac_no":null,"ward_Assembly":null,"ward_id":null,"ward_name":null,"ward_name_kn":null,"ward_TOT_P":null,"ward_TOT_M":null,"ward_TOT_F":null,"ward_SC_P":null,"ward_SC_M":null,"ward_SC_F":null,"ward_ST_P":null,"ward_ST_M":null,"ward_ST_F":null,"ward_low_range":null,"ward_high_range":null,"ward_RO_Code":null,"ward_RO_Division":null,"ward_ARO_Code":null,"ward_ARO_ Sub Division":null,"ward_zone":null,"ward_zone_name":null,"ward_join_status":"unmatched","ward_spatial_match_count":0},"geometry":{"type":"Point","coordinates":[77.66922220000004,13.102805600000067,0]},"id":189},{"type":"Feature","properties":{"fid":190,"OBJECTID":190,"Name":"Placemark","FolderPath":"Document/lakes","SymbolID":0,"AltMode":-1,"Base":0,"Snippet":"","PopupInfo":"","HasLabel":-1,"LabelID":0,"ward_source_id":"ward_369_final.249","ward_source_Name":null,"ward_description":null,"ward_timestamp":null,"ward_begin":null,"ward_end":null,"ward_altitudeMode":null,"ward_tessellate":-1,"ward_extrude":0,"ward_visibility":-1,"ward_drawOrder":null,"ward_icon":null,"ward_Corporation":"East","ward_corporation_kn":"ಪೂರ್ವ","ward_corporation_id":"3","ward_ac":"K.R. Pura","ward_ac_kn":"ಕೆ.ಆರ್. ಪುರ","ward_ac_no":"151","ward_Assembly":"151 - K.R. Pura","ward_id":"7","ward_name":"7 - K Chennasandra","ward_name_kn":"ಕೆ ಚೆನ್ನಸಂದ್ರ","ward_TOT_P":"14572.0","ward_TOT_M":"7477.0","ward_TOT_F":"7015.0","ward_SC_P":"1778.0","ward_SC_M":"906.0","ward_SC_F":"872.0","ward_ST_P":"684.0","ward_ST_M":"337.0","ward_ST_F":"347.0","ward_low_range":"14567","ward_high_range":"21851","ward_RO_Code":"2","ward_RO_Division":"RO- KR Pura","ward_ARO_Code":"5","ward_ARO_ Sub Division":"ARO- Bhattarahalli","ward_zone":"Zone2","ward_zone_name":"K.R. Pura","ward_join_status":"matched","ward_spatial_match_count":1},"geometry":{"type":"Point","coordinates":[77.68522220000006,13.021250000000066,0]},"id":190},{"type":"Feature","properties":{"fid":191,"OBJECTID":191,"Name":"Placemark","FolderPath":"Document/lakes","SymbolID":0,"AltMode":-1,"Base":0,"Snippet":"","PopupInfo":"","HasLabel":-1,"LabelID":0,"ward_source_id":"ward_369_final.302","ward_source_Name":null,"ward_description":null,"ward_timestamp":null,"ward_begin":null,"ward_end":null,"ward_altitudeMode":null,"ward_tessellate":-1,"ward_extrude":0,"ward_visibility":-1,"ward_drawOrder":null,"ward_icon":null,"ward_Corporation":"Central","ward_corporation_kn":"ಕೇಂದ್ರ","ward_corporation_id":"1","ward_ac":"C.V. Raman Nagar","ward_ac_kn":"ಸಿ.ವಿ. ರಾಮನ್ ನಗರ","ward_ac_no":"161","ward_Assembly":"161 - C.V. Raman Nagar","ward_id":"21","ward_name":"21 - Konena Agrahara","ward_name_kn":"ಕೋನೇನ ಅಗ್ರಹಾರ","ward_TOT_P":"26714.0","ward_TOT_M":"14128.0","ward_TOT_F":"12587.0","ward_SC_P":"3873.0","ward_SC_M":"1959.0","ward_SC_F":"1914.0","ward_ST_P":"251.0","ward_ST_M":"126.0","ward_ST_F":"125.0","ward_low_range":"18853","ward_high_range":"28280","ward_RO_Code":"2","ward_RO_Division":"RO- Jeevan Bhimanagar","ward_ARO_Code":"5","ward_ARO_ Sub Division":"ARO- Konena Agrahara","ward_zone":"Zone1","ward_zone_name":"C.V. Raman Nagar","ward_join_status":"matched","ward_spatial_match_count":1},"geometry":{"type":"Point","coordinates":[77.65861110000003,12.95900000000006,0]},"id":191},{"type":"Feature","properties":{"fid":192,"OBJECTID":192,"Name":"Placemark","FolderPath":"Document/lakes","SymbolID":0,"AltMode":-1,"Base":0,"Snippet":"","PopupInfo":"","HasLabel":-1,"LabelID":0,"ward_source_id":"ward_369_final.20","ward_source_Name":null,"ward_description":null,"ward_timestamp":null,"ward_begin":null,"ward_end":null,"ward_altitudeMode":null,"ward_tessellate":-1,"ward_extrude":0,"ward_visibility":-1,"ward_drawOrder":null,"ward_icon":null,"ward_Corporation":"North","ward_corporation_kn":"ಉತ್ತರ","ward_corporation_id":"2","ward_ac":"Sarvagnanagar","ward_ac_kn":"ಸರ್ವಜ್ಞನಗರ","ward_ac_no":"160","ward_Assembly":"160 - Sarvagnanagar","ward_id":"34","ward_name":"34 - Subbayanapalya","ward_name_kn":"ಸುಬ್ಬಯ್ಯನಪಾಳ್ಯ","ward_TOT_P":"22175.0","ward_TOT_M":"11310.0","ward_TOT_F":"10865.0","ward_SC_P":"2843.0","ward_SC_M":"1457.0","ward_SC_F":"1387.0","ward_ST_P":"469.0","ward_ST_M":"238.0","ward_ST_F":"232.0","ward_low_range":"19943","ward_high_range":"29914","ward_RO_Code":"10","ward_RO_Division":"RO- Maruthi Sevanagar","ward_ARO_Code":"26","ward_ARO_ Sub Division":"ARO- Kammanahalli","ward_zone":"Zone1","ward_zone_name":"Byatarayanapura","ward_join_status":"matched","ward_spatial_match_count":1},"geometry":{"type":"Point","coordinates":[77.63736110000008,13.006777800000066,0]},"id":192},{"type":"Feature","properties":{"fid":193,"OBJECTID":193,"Name":"Placemark","FolderPath":"Document/lakes","SymbolID":0,"AltMode":-1,"Base":0,"Snippet":"","PopupInfo":"","HasLabel":-1,"LabelID":0,"ward_source_id":"ward_369_final.129","ward_source_Name":null,"ward_description":null,"ward_timestamp":null,"ward_begin":null,"ward_end":null,"ward_altitudeMode":null,"ward_tessellate":-1,"ward_extrude":0,"ward_visibility":-1,"ward_drawOrder":null,"ward_icon":null,"ward_Corporation":"North","ward_corporation_kn":"ಉತ್ತರ","ward_corporation_id":"2","ward_ac":"Sarvagnanagar","ward_ac_kn":"ಸರ್ವಜ್ಞನಗರ","ward_ac_no":"160","ward_Assembly":"160 - Sarvagnanagar","ward_id":"35","ward_name":"35 - Kammanahalli","ward_name_kn":"ಕಮ್ಮನಹಳ್ಳಿ","ward_TOT_P":"26646.0","ward_TOT_M":"13448.0","ward_TOT_F":"13198.0","ward_SC_P":"7031.0","ward_SC_M":"3552.0","ward_SC_F":"3479.0","ward_ST_P":"929.0","ward_ST_M":"485.0","ward_ST_F":"444.0","ward_low_range":"19943","ward_high_range":"29914","ward_RO_Code":"10","ward_RO_Division":"RO- Maruthi Sevanagar","ward_ARO_Code":"26","ward_ARO_ Sub Division":"ARO- Kammanahalli","ward_zone":"Zone1","ward_zone_name":"Byatarayanapura","ward_join_status":"matched","ward_spatial_match_count":1},"geometry":{"type":"Point","coordinates":[77.63211110000003,13.007361100000026,0]},"id":193},{"type":"Feature","properties":{"fid":194,"OBJECTID":194,"Name":"Placemark","FolderPath":"Document/lakes","SymbolID":0,"AltMode":-1,"Base":0,"Snippet":"","PopupInfo":"","HasLabel":-1,"LabelID":0,"ward_source_id":null,"ward_source_Name":null,"ward_description":null,"ward_timestamp":null,"ward_begin":null,"ward_end":null,"ward_altitudeMode":null,"ward_tessellate":null,"ward_extrude":null,"ward_visibility":null,"ward_drawOrder":null,"ward_icon":null,"ward_Corporation":null,"ward_corporation_kn":null,"ward_corporation_id":null,"ward_ac":null,"ward_ac_kn":null,"ward_ac_no":null,"ward_Assembly":null,"ward_id":null,"ward_name":null,"ward_name_kn":null,"ward_TOT_P":null,"ward_TOT_M":null,"ward_TOT_F":null,"ward_SC_P":null,"ward_SC_M":null,"ward_SC_F":null,"ward_ST_P":null,"ward_ST_M":null,"ward_ST_F":null,"ward_low_range":null,"ward_high_range":null,"ward_RO_Code":null,"ward_RO_Division":null,"ward_ARO_Code":null,"ward_ARO_ Sub Division":null,"ward_zone":null,"ward_zone_name":null,"ward_join_status":"unmatched","ward_spatial_match_count":0},"geometry":{"type":"Point","coordinates":[77.34502780000008,13.120000000000061,0]},"id":194},{"type":"Feature","properties":{"fid":195,"OBJECTID":195,"Name":"Placemark","FolderPath":"Document/lakes","SymbolID":0,"AltMode":-1,"Base":0,"Snippet":"","PopupInfo":"","HasLabel":-1,"LabelID":0,"ward_source_id":"ward_369_final.154","ward_source_Name":null,"ward_description":null,"ward_timestamp":null,"ward_begin":null,"ward_end":null,"ward_altitudeMode":null,"ward_tessellate":-1,"ward_extrude":0,"ward_visibility":-1,"ward_drawOrder":null,"ward_icon":null,"ward_Corporation":"South","ward_corporation_kn":"ದಕ್ಷಿಣ","ward_corporation_id":"4","ward_ac":"Bommanahalli","ward_ac_kn":"ಬೊಮ್ಮನಹಳ್ಳಿ","ward_ac_no":"175","ward_Assembly":"175 - Bommanahalli","ward_id":"60","ward_name":"60 - Bilekahalli","ward_name_kn":"ಬಿಳೇಕಹಳ್ಳಿ","ward_TOT_P":"25208.0","ward_TOT_M":"13233.0","ward_TOT_F":"11976.0","ward_SC_P":"2135.0","ward_SC_M":"1079.0","ward_SC_F":"1057.0","ward_ST_P":"171.0","ward_ST_M":"88.0","ward_ST_F":"83.0","ward_low_range":"18594","ward_high_range":"27891","ward_RO_Code":"6","ward_RO_Division":"RO- Arakere","ward_ARO_Code":"16","ward_ARO_ Sub Division":"ARO- Bilekanahalli","ward_zone":"Zone2","ward_zone_name":"Bommanahalli","ward_join_status":"matched","ward_spatial_match_count":1},"geometry":{"type":"Point","coordinates":[77.60247220000008,12.907222200000035,0]},"id":195},{"type":"Feature","properties":{"fid":196,"OBJECTID":196,"Name":"Placemark","FolderPath":"Document/lakes","SymbolID":0,"AltMode":-1,"Base":0,"Snippet":"","PopupInfo":"","HasLabel":-1,"LabelID":0,"ward_source_id":"ward_369_final.57","ward_source_Name":null,"ward_description":null,"ward_timestamp":null,"ward_begin":null,"ward_end":null,"ward_altitudeMode":null,"ward_tessellate":-1,"ward_extrude":0,"ward_visibility":-1,"ward_drawOrder":null,"ward_icon":null,"ward_Corporation":"South","ward_corporation_kn":"ದಕ್ಷಿಣ","ward_corporation_id":"4","ward_ac":"Bangalore South","ward_ac_kn":"ಬೆಂಗಳೂರು ದಕ್ಷಿಣ","ward_ac_no":"176","ward_Assembly":"176 - Bangalore South","ward_id":"51","ward_name":"51 - Subramanyapura","ward_name_kn":"ಸುಬ್ರಹ್ಮಣ್ಯಪುರ","ward_TOT_P":"27304.0","ward_TOT_M":"14134.0","ward_TOT_F":"13170.0","ward_SC_P":"2715.0","ward_SC_M":"1359.0","ward_SC_F":"1356.0","ward_ST_P":"433.0","ward_ST_M":"231.0","ward_ST_F":"202.0","ward_low_range":"18594","ward_high_range":"27891","ward_RO_Code":"4","ward_RO_Division":"RO- Anjanapura","ward_ARO_Code":"9","ward_ARO_ Sub Division":"ARO- Uttarahalli","ward_zone":"Zone1","ward_zone_name":"Jayanagar","ward_join_status":"matched","ward_spatial_match_count":1},"geometry":{"type":"Point","coordinates":[77.53407310000006,12.913956900000073,0]},"id":196},{"type":"Feature","properties":{"fid":197,"OBJECTID":197,"Name":"Placemark","FolderPath":"Document/lakes","SymbolID":0,"AltMode":-1,"Base":0,"Snippet":"","PopupInfo":"","HasLabel":-1,"LabelID":0,"ward_source_id":"ward_369_final.95","ward_source_Name":null,"ward_description":null,"ward_timestamp":null,"ward_begin":null,"ward_end":null,"ward_altitudeMode":null,"ward_tessellate":-1,"ward_extrude":0,"ward_visibility":-1,"ward_drawOrder":null,"ward_icon":null,"ward_Corporation":"South","ward_corporation_kn":"ದಕ್ಷಿಣ","ward_corporation_id":"4","ward_ac":"Jayanagar","ward_ac_kn":"ಜಯನಗರ","ward_ac_no":"173","ward_Assembly":"173 - Jayanagar","ward_id":"14","ward_name":"14 - J.P Nagar","ward_name_kn":"ಜೆ.ಪಿ. ನಗರ","ward_TOT_P":"22264.0","ward_TOT_M":"11250.0","ward_TOT_F":"11015.0","ward_SC_P":"1995.0","ward_SC_M":"966.0","ward_SC_F":"1029.0","ward_ST_P":"173.0","ward_ST_M":"89.0","ward_ST_F":"84.0","ward_low_range":"18594","ward_high_range":"27891","ward_RO_Code":"10","ward_RO_Division":"RO- JP Nagar","ward_ARO_Code":"26","ward_ARO_ Sub Division":"ARO- JP Nagar","ward_zone":"Zone1","ward_zone_name":"Jayanagar","ward_join_status":"matched","ward_spatial_match_count":1},"geometry":{"type":"Point","coordinates":[77.59697220000004,12.90336110000004,0]},"id":197},{"type":"Feature","properties":{"fid":198,"OBJECTID":198,"Name":"Placemark","FolderPath":"Document/lakes","SymbolID":0,"AltMode":-1,"Base":0,"Snippet":"","PopupInfo":"","HasLabel":-1,"LabelID":0,"ward_source_id":null,"ward_source_Name":null,"ward_description":null,"ward_timestamp":null,"ward_begin":null,"ward_end":null,"ward_altitudeMode":null,"ward_tessellate":null,"ward_extrude":null,"ward_visibility":null,"ward_drawOrder":null,"ward_icon":null,"ward_Corporation":null,"ward_corporation_kn":null,"ward_corporation_id":null,"ward_ac":null,"ward_ac_kn":null,"ward_ac_no":null,"ward_Assembly":null,"ward_id":null,"ward_name":null,"ward_name_kn":null,"ward_TOT_P":null,"ward_TOT_M":null,"ward_TOT_F":null,"ward_SC_P":null,"ward_SC_M":null,"ward_SC_F":null,"ward_ST_P":null,"ward_ST_M":null,"ward_ST_F":null,"ward_low_range":null,"ward_high_range":null,"ward_RO_Code":null,"ward_RO_Division":null,"ward_ARO_Code":null,"ward_ARO_ Sub Division":null,"ward_zone":null,"ward_zone_name":null,"ward_join_status":"unmatched","ward_spatial_match_count":0},"geometry":{"type":"Point","coordinates":[77.91550000000007,12.915500000000065,0]},"id":198},{"type":"Feature","properties":{"fid":199,"OBJECTID":199,"Name":"Placemark","FolderPath":"Document/lakes","SymbolID":0,"AltMode":-1,"Base":0,"Snippet":"","PopupInfo":"","HasLabel":-1,"LabelID":0,"ward_source_id":"ward_369_final.335","ward_source_Name":null,"ward_description":null,"ward_timestamp":null,"ward_begin":null,"ward_end":null,"ward_altitudeMode":null,"ward_tessellate":-1,"ward_extrude":0,"ward_visibility":-1,"ward_drawOrder":null,"ward_icon":null,"ward_Corporation":"West","ward_corporation_kn":"ಪಶ್ಚಿಮ","ward_corporation_id":"5","ward_ac":"Padmanabanagar","ward_ac_kn":"ಪದ್ಮನಾಭನಗರ","ward_ac_no":"171","ward_Assembly":"171 - Padmanabanagar","ward_id":"110","ward_name":"110 - Chikkalasandra","ward_name_kn":"ಚಿಕ್ಕಲ್ಲಸಂದ್ರ","ward_TOT_P":"20242.0","ward_TOT_M":"10663.0","ward_TOT_F":"9579.0","ward_SC_P":"315.0","ward_SC_M":"175.0","ward_SC_F":"140.0","ward_ST_P":"161.0","ward_ST_M":"95.0","ward_ST_F":"66.0","ward_low_range":"18949","ward_high_range":"28424","ward_RO_Code":"7","ward_RO_Division":"RO- Yediyuru","ward_ARO_Code":"24","ward_ARO_ Sub Division":"ARO- Hosakerehalli","ward_zone":"Zone1","ward_zone_name":"Rajarajeshwarinagar","ward_join_status":"matched","ward_spatial_match_count":1},"geometry":{"type":"Point","coordinates":[77.54705560000008,12.919972200000075,0]},"id":199},{"type":"Feature","properties":{"fid":200,"OBJECTID":200,"Name":"Placemark","FolderPath":"Document/lakes","SymbolID":0,"AltMode":-1,"Base":0,"Snippet":"","PopupInfo":"","HasLabel":-1,"LabelID":0,"ward_source_id":"ward_369_final.102","ward_source_Name":null,"ward_description":null,"ward_timestamp":null,"ward_begin":null,"ward_end":null,"ward_altitudeMode":null,"ward_tessellate":-1,"ward_extrude":0,"ward_visibility":-1,"ward_drawOrder":null,"ward_icon":null,"ward_Corporation":"South","ward_corporation_kn":"ದಕ್ಷಿಣ","ward_corporation_id":"4","ward_ac":"B.T.M Layout","ward_ac_kn":"ಬಿ.ಟಿ.ಎಂ. ಲೇಔಟ್","ward_ac_no":"172","ward_Assembly":"172 - B.T.M Layout","ward_id":"21","ward_name":"21 - Chikka Adugodi","ward_name_kn":"ಚಿಕ್ಕ ಆಡುಗೋಡಿ","ward_TOT_P":"21468.0","ward_TOT_M":"11896.0","ward_TOT_F":"9572.0","ward_SC_P":"2614.0","ward_SC_M":"1351.0","ward_SC_F":"1263.0","ward_ST_P":"227.0","ward_ST_M":"131.0","ward_ST_F":"96.0","ward_low_range":"18594","ward_high_range":"27891","ward_RO_Code":"2","ward_RO_Division":"RO- B.T.M Layout","ward_ARO_Code":"2","ward_ARO_ Sub Division":"ARO- Madiwala","ward_zone":"Zone2","ward_zone_name":"Bommanahalli","ward_join_status":"matched","ward_spatial_match_count":1},"geometry":{"type":"Point","coordinates":[77.61241670000004,12.929083300000059,0]},"id":200},{"type":"Feature","properties":{"fid":201,"OBJECTID":201,"Name":"Placemark","FolderPath":"Document/lakes","SymbolID":0,"AltMode":-1,"Base":0,"Snippet":"","PopupInfo":"","HasLabel":-1,"LabelID":0,"ward_source_id":"ward_369_final.218","ward_source_Name":null,"ward_description":null,"ward_timestamp":null,"ward_begin":null,"ward_end":null,"ward_altitudeMode":null,"ward_tessellate":-1,"ward_extrude":0,"ward_visibility":-1,"ward_drawOrder":null,"ward_icon":null,"ward_Corporation":"West","ward_corporation_kn":"ಪಶ್ಚಿಮ","ward_corporation_id":"5","ward_ac":"Padmanabanagar","ward_ac_kn":"ಪದ್ಮನಾಭನಗರ","ward_ac_no":"171","ward_Assembly":"171 - Padmanabanagar","ward_id":"107","ward_name":"107 - Dharmagiri Ward","ward_name_kn":"ಧರ್ಮಗಿರಿ ವಾರ್ಡ್","ward_TOT_P":"19154.0","ward_TOT_M":"9705.0","ward_TOT_F":"9448.0","ward_SC_P":"1319.0","ward_SC_M":"658.0","ward_SC_F":"661.0","ward_ST_P":"266.0","ward_ST_M":"141.0","ward_ST_F":"125.0","ward_low_range":"18949","ward_high_range":"28424","ward_RO_Code":"7","ward_RO_Division":"RO- Yediyuru","ward_ARO_Code":"23","ward_ARO_ Sub Division":"ARO- Ganesh Mandir","ward_zone":"Zone1","ward_zone_name":"Rajarajeshwarinagar","ward_join_status":"matched","ward_spatial_match_count":1},"geometry":{"type":"Point","coordinates":[77.57186110000004,12.919083300000068,0]},"id":201},{"type":"Feature","properties":{"fid":202,"OBJECTID":202,"Name":"Placemark","FolderPath":"Document/lakes","SymbolID":0,"AltMode":-1,"Base":0,"Snippet":"","PopupInfo":"","HasLabel":-1,"LabelID":0,"ward_source_id":"ward_369_final.62","ward_source_Name":null,"ward_description":null,"ward_timestamp":null,"ward_begin":null,"ward_end":null,"ward_altitudeMode":null,"ward_tessellate":-1,"ward_extrude":0,"ward_visibility":-1,"ward_drawOrder":null,"ward_icon":null,"ward_Corporation":"West","ward_corporation_kn":"ಪಶ್ಚಿಮ","ward_corporation_id":"5","ward_ac":"Rajarajeshwarinagar","ward_ac_kn":"ರಾಜರಾಜೇಶ್ವರಿನಗರ","ward_ac_no":"154","ward_Assembly":"154 - Rajarajeshwarinagar","ward_id":"22","ward_name":"22 - Bangarappa Nagara","ward_name_kn":"ಬಂಗಾರಪ್ಪ ನಗರ","ward_TOT_P":"28414.0","ward_TOT_M":"14846.0","ward_TOT_F":"13669.0","ward_SC_P":"2140.0","ward_SC_M":"1088.0","ward_SC_F":"1052.0","ward_ST_P":"836.0","ward_ST_M":"430.0","ward_ST_F":"406.0","ward_low_range":"18949","ward_high_range":"28424","ward_RO_Code":"11","ward_RO_Division":"RO- Rajarajeswari Nagara","ward_ARO_Code":"35","ward_ARO_ Sub Division":"ARO- Rajarajeswari Nagara","ward_zone":"Zone1","ward_zone_name":"Rajarajeshwarinagar","ward_join_status":"matched","ward_spatial_match_count":1},"geometry":{"type":"Point","coordinates":[77.52330000000006,12.915933300000063,0]},"id":202},{"type":"Feature","properties":{"fid":203,"OBJECTID":203,"Name":"Placemark","FolderPath":"Document/lakes","SymbolID":0,"AltMode":-1,"Base":0,"Snippet":"","PopupInfo":"","HasLabel":-1,"LabelID":0,"ward_source_id":"ward_369_final.62","ward_source_Name":null,"ward_description":null,"ward_timestamp":null,"ward_begin":null,"ward_end":null,"ward_altitudeMode":null,"ward_tessellate":-1,"ward_extrude":0,"ward_visibility":-1,"ward_drawOrder":null,"ward_icon":null,"ward_Corporation":"West","ward_corporation_kn":"ಪಶ್ಚಿಮ","ward_corporation_id":"5","ward_ac":"Rajarajeshwarinagar","ward_ac_kn":"ರಾಜರಾಜೇಶ್ವರಿನಗರ","ward_ac_no":"154","ward_Assembly":"154 - Rajarajeshwarinagar","ward_id":"22","ward_name":"22 - Bangarappa Nagara","ward_name_kn":"ಬಂಗಾರಪ್ಪ ನಗರ","ward_TOT_P":"28414.0","ward_TOT_M":"14846.0","ward_TOT_F":"13669.0","ward_SC_P":"2140.0","ward_SC_M":"1088.0","ward_SC_F":"1052.0","ward_ST_P":"836.0","ward_ST_M":"430.0","ward_ST_F":"406.0","ward_low_range":"18949","ward_high_range":"28424","ward_RO_Code":"11","ward_RO_Division":"RO- Rajarajeswari Nagara","ward_ARO_Code":"35","ward_ARO_ Sub Division":"ARO- Rajarajeswari Nagara","ward_zone":"Zone1","ward_zone_name":"Rajarajeshwarinagar","ward_join_status":"matched","ward_spatial_match_count":1},"geometry":{"type":"Point","coordinates":[77.52966670000006,12.93685000000005,0]},"id":203},{"type":"Feature","properties":{"fid":204,"OBJECTID":204,"Name":"Placemark","FolderPath":"Document/lakes","SymbolID":0,"AltMode":-1,"Base":0,"Snippet":"","PopupInfo":"","HasLabel":-1,"LabelID":0,"ward_source_id":"ward_369_final.291","ward_source_Name":null,"ward_description":null,"ward_timestamp":null,"ward_begin":null,"ward_end":null,"ward_altitudeMode":null,"ward_tessellate":-1,"ward_extrude":0,"ward_visibility":-1,"ward_drawOrder":null,"ward_icon":null,"ward_Corporation":"West","ward_corporation_kn":"ಪಶ್ಚಿಮ","ward_corporation_id":"5","ward_ac":"Rajajinagar","ward_ac_kn":"ರಾಜಾಜಿನಗರ","ward_ac_no":"165","ward_Assembly":"165 - Rajajinagar","ward_id":"68","ward_name":"68 - Kamakshipalya","ward_name_kn":"ಕಾಮಾಕ್ಷಿಪಾಳ್ಯ","ward_TOT_P":"25024.0","ward_TOT_M":"13135.0","ward_TOT_F":"11889.0","ward_SC_P":"2345.0","ward_SC_M":"1207.0","ward_SC_F":"1138.0","ward_ST_P":"419.0","ward_ST_M":"217.0","ward_ST_F":"202.0","ward_low_range":"18949","ward_high_range":"28424","ward_RO_Code":"8","ward_RO_Division":"RO- Basaveshwara Nagara","ward_ARO_Code":"26","ward_ARO_ Sub Division":"ARO- Basaveshwara Nagara","ward_zone":"Zone2","ward_zone_name":"Malleshwaram","ward_join_status":"matched","ward_spatial_match_count":1},"geometry":{"type":"Point","coordinates":[77.52956670000003,12.984050000000025,0]},"id":204},{"type":"Feature","properties":{"fid":205,"OBJECTID":205,"Name":"Placemark","FolderPath":"Document/lakes","SymbolID":0,"AltMode":-1,"Base":0,"Snippet":"","PopupInfo":"","HasLabel":-1,"LabelID":0,"ward_source_id":"ward_369_final.283","ward_source_Name":null,"ward_description":null,"ward_timestamp":null,"ward_begin":null,"ward_end":null,"ward_altitudeMode":null,"ward_tessellate":-1,"ward_extrude":0,"ward_visibility":-1,"ward_drawOrder":null,"ward_icon":null,"ward_Corporation":"West","ward_corporation_kn":"ಪಶ್ಚಿಮ","ward_corporation_id":"5","ward_ac":"Govindraj Nagar","ward_ac_kn":"ಗೋವಿಂದರಾಜ ನಗರ","ward_ac_no":"166","ward_Assembly":"166 - Govindraj Nagar","ward_id":"80","ward_name":"80 - Chandra Layout","ward_name_kn":"ಚಂದ್ರ ಲೇಔಟ್","ward_TOT_P":"26205.0","ward_TOT_M":"13378.0","ward_TOT_F":"12827.0","ward_SC_P":"1810.0","ward_SC_M":"907.0","ward_SC_F":"904.0","ward_ST_P":"361.0","ward_ST_M":"184.0","ward_ST_F":"177.0","ward_low_range":"18949","ward_high_range":"28424","ward_RO_Code":"3","ward_RO_Division":"RO- Chandra Layout","ward_ARO_Code":"9","ward_ARO_ Sub Division":"ARO- Chandra Layout","ward_zone":"Zone2","ward_zone_name":"Malleshwaram","ward_join_status":"matched","ward_spatial_match_count":1},"geometry":{"type":"Point","coordinates":[77.52480000000008,12.957966700000043,0]},"id":205},{"type":"Feature","properties":{"fid":206,"OBJECTID":206,"Name":"Placemark","FolderPath":"Document/lakes","SymbolID":0,"AltMode":-1,"Base":0,"Snippet":"","PopupInfo":"","HasLabel":-1,"LabelID":0,"ward_source_id":"ward_369_final.165","ward_source_Name":null,"ward_description":null,"ward_timestamp":null,"ward_begin":null,"ward_end":null,"ward_altitudeMode":null,"ward_tessellate":-1,"ward_extrude":0,"ward_visibility":-1,"ward_drawOrder":null,"ward_icon":null,"ward_Corporation":"West","ward_corporation_kn":"ಪಶ್ಚಿಮ","ward_corporation_id":"5","ward_ac":"Rajajinagar","ward_ac_kn":"ರಾಜಾಜಿನಗರ","ward_ac_no":"165","ward_Assembly":"165 - Rajajinagar","ward_id":"66","ward_name":"66 - Sane Guruvana Halli","ward_name_kn":"ಸಾಣೆ ಗುರುವನ ಹಳ್ಳಿ","ward_TOT_P":"20561.0","ward_TOT_M":"10679.0","ward_TOT_F":"9882.0","ward_SC_P":"1354.0","ward_SC_M":"688.0","ward_SC_F":"666.0","ward_ST_P":"415.0","ward_ST_M":"207.0","ward_ST_F":"208.0","ward_low_range":"18949","ward_high_range":"28424","ward_RO_Code":"8","ward_RO_Division":"RO- Basaveshwara Nagara","ward_ARO_Code":"27","ward_ARO_ Sub Division":"ARO- Manjunath Nagara","ward_zone":"Zone2","ward_zone_name":"Malleshwaram","ward_join_status":"matched","ward_spatial_match_count":1},"geometry":{"type":"Point","coordinates":[77.54356670000004,12.991016700000046,0]},"id":206},{"type":"Feature","properties":{"fid":207,"OBJECTID":207,"Name":"Placemark","FolderPath":"Document/lakes","SymbolID":0,"AltMode":-1,"Base":0,"Snippet":"","PopupInfo":"","HasLabel":-1,"LabelID":0,"ward_source_id":"ward_369_final.276","ward_source_Name":null,"ward_description":null,"ward_timestamp":null,"ward_begin":null,"ward_end":null,"ward_altitudeMode":null,"ward_tessellate":-1,"ward_extrude":0,"ward_visibility":-1,"ward_drawOrder":null,"ward_icon":null,"ward_Corporation":"West","ward_corporation_kn":"ಪಶ್ಚಿಮ","ward_corporation_id":"5","ward_ac":"Govindraj Nagar","ward_ac_kn":"ಗೋವಿಂದರಾಜ ನಗರ","ward_ac_no":"166","ward_Assembly":"166 - Govindraj Nagar","ward_id":"70","ward_name":"70 - Dr Rajkumar Ward","ward_name_kn":"ಡಾ. ರಾಜ್‌ಕುಮಾರ್ ವಾರ್ಡ್","ward_TOT_P":"24106.0","ward_TOT_M":"12476.0","ward_TOT_F":"11630.0","ward_SC_P":"2155.0","ward_SC_M":"1117.0","ward_SC_F":"1038.0","ward_ST_P":"676.0","ward_ST_M":"352.0","ward_ST_F":"324.0","ward_low_range":"18949","ward_high_range":"28424","ward_RO_Code":"4","ward_RO_Division":"RO- Govindraj Nagar","ward_ARO_Code":"12","ward_ARO_ Sub Division":"ARO- Agrahara Dasarahalli","ward_zone":"Zone2","ward_zone_name":"Malleshwaram","ward_join_status":"matched","ward_spatial_match_count":1},"geometry":{"type":"Point","coordinates":[77.54353330000004,12.983150000000023,0]},"id":207}]}
