{"type":"FeatureCollection","name":"Bengaluru_Master — BBMP_Public_Toilets_Map","crs":{"type":"name","properties":{"name":"urn:ogc:def:crs:OGC:1.3:CRS84"}},"features":[{"type":"Feature","properties":{"fid":1,"OBJECTID":1,"Name":"Placemark","FolderPath":"BBMP Toilets","SymbolID":0,"AltMode":-1,"Base":0,"Snippet":"","PopupInfo":"ム","HasLabel":-1,"LabelID":0,"ward_source_id":"ward_369_final.153","ward_source_Name":null,"ward_description":null,"ward_timestamp":null,"ward_begin":null,"ward_end":null,"ward_altitudeMode":null,"ward_tessellate":-1,"ward_extrude":0,"ward_visibility":-1,"ward_drawOrder":null,"ward_icon":null,"ward_Corporation":"South","ward_corporation_kn":"ದಕ್ಷಿಣ","ward_corporation_id":"4","ward_ac":"Bommanahalli","ward_ac_kn":"ಬೊಮ್ಮನಹಳ್ಳಿ","ward_ac_no":"175","ward_Assembly":"175 - Bommanahalli","ward_id":"61","ward_name":"61 - Kodi Chikkanahalli","ward_name_kn":"ಕೋಡಿ ಚಿಕ್ಕನಹಳ್ಳಿ","ward_TOT_P":"27784.0","ward_TOT_M":"14680.0","ward_TOT_F":"13104.0","ward_SC_P":"4153.0","ward_SC_M":"2097.0","ward_SC_F":"2056.0","ward_ST_P":"534.0","ward_ST_M":"270.0","ward_ST_F":"264.0","ward_low_range":"18594","ward_high_range":"27891","ward_RO_Code":"6","ward_RO_Division":"RO- Arakere","ward_ARO_Code":"16","ward_ARO_ Sub Division":"ARO- Bilekanahalli","ward_zone":"Zone2","ward_zone_name":"Bommanahalli","ward_join_status":"matched","ward_spatial_match_count":1},"geometry":{"type":"Point","coordinates":[77.62284200000005,12.91663710000006,0]},"id":1},{"type":"Feature","properties":{"fid":2,"OBJECTID":2,"Name":"Placemark","FolderPath":"BBMP Toilets","SymbolID":0,"AltMode":-1,"Base":0,"Snippet":"","PopupInfo":"","HasLabel":-1,"LabelID":0,"ward_source_id":"ward_369_final.3","ward_source_Name":null,"ward_description":null,"ward_timestamp":null,"ward_begin":null,"ward_end":null,"ward_altitudeMode":null,"ward_tessellate":-1,"ward_extrude":0,"ward_visibility":-1,"ward_drawOrder":null,"ward_icon":null,"ward_Corporation":"North","ward_corporation_kn":"ಉತ್ತರ","ward_corporation_id":"2","ward_ac":"Yelahanka","ward_ac_kn":"ಯಲಹಂಕ","ward_ac_no":"150","ward_Assembly":"150 - Yelahanka","ward_id":"3","ward_name":"3 - Chowdeshwari ward","ward_name_kn":"ಚೌಡೇಶ್ವರಿ ವಾರ್ಡ್","ward_TOT_P":"26795.0","ward_TOT_M":"14502.0","ward_TOT_F":"12281.0","ward_SC_P":"2432.0","ward_SC_M":"1336.0","ward_SC_F":"1096.0","ward_ST_P":"477.0","ward_ST_M":"264.0","ward_ST_F":"213.0","ward_low_range":"19943","ward_high_range":"29914","ward_RO_Code":"11","ward_RO_Division":"RO- Yelahanka","ward_ARO_Code":"29","ward_ARO_ Sub Division":"ARO- Yelahanka Old Town","ward_zone":"Zone2","ward_zone_name":"Yelahanka","ward_join_status":"matched","ward_spatial_match_count":1},"geometry":{"type":"Point","coordinates":[77.57172170000007,13.130456000000038,0]},"id":2},{"type":"Feature","properties":{"fid":3,"OBJECTID":3,"Name":"Placemark","FolderPath":"BBMP Toilets","SymbolID":0,"AltMode":-1,"Base":0,"Snippet":"","PopupInfo":"","HasLabel":-1,"LabelID":0,"ward_source_id":"ward_369_final.254","ward_source_Name":null,"ward_description":null,"ward_timestamp":null,"ward_begin":null,"ward_end":null,"ward_altitudeMode":null,"ward_tessellate":-1,"ward_extrude":0,"ward_visibility":-1,"ward_drawOrder":null,"ward_icon":null,"ward_Corporation":"West","ward_corporation_kn":"ಪಶ್ಚಿಮ","ward_corporation_id":"5","ward_ac":"Dasarahalli","ward_ac_kn":"ದಾಸರಹಳ್ಳಿ","ward_ac_no":"155","ward_Assembly":"155 - Dasarahalli","ward_id":"4","ward_name":"4 - Parvathi Nagar","ward_name_kn":"ಪಾರ್ವತಿ ನಗರ","ward_TOT_P":"20312.0","ward_TOT_M":"10983.0","ward_TOT_F":"9330.0","ward_SC_P":"850.0","ward_SC_M":"442.0","ward_SC_F":"407.0","ward_ST_P":"442.0","ward_ST_M":"251.0","ward_ST_F":"191.0","ward_low_range":"18949","ward_high_range":"28424","ward_RO_Code":"2","ward_RO_Division":"RO- Hegganahalli","ward_ARO_Code":"7","ward_ARO_ Sub Division":"ARO- Shivapura","ward_zone":"Zone1","ward_zone_name":"Rajarajeshwarinagar","ward_join_status":"matched","ward_spatial_match_count":1},"geometry":{"type":"Point","coordinates":[77.51025960000004,13.023365900000044,0]},"id":3},{"type":"Feature","properties":{"fid":4,"OBJECTID":4,"Name":"Placemark","FolderPath":"BBMP Toilets","SymbolID":0,"AltMode":-1,"Base":0,"Snippet":"","PopupInfo":"","HasLabel":-1,"LabelID":0,"ward_source_id":"ward_369_final.5","ward_source_Name":null,"ward_description":null,"ward_timestamp":null,"ward_begin":null,"ward_end":null,"ward_altitudeMode":null,"ward_tessellate":-1,"ward_extrude":0,"ward_visibility":-1,"ward_drawOrder":null,"ward_icon":null,"ward_Corporation":"North","ward_corporation_kn":"ಉತ್ತರ","ward_corporation_id":"2","ward_ac":"Byatarayanapura","ward_ac_kn":"ಬ್ಯಾಟರಾಯನಪುರ","ward_ac_no":"152","ward_Assembly":"152 - Byatarayanapura","ward_id":"21","ward_name":"21 - Kogilu","ward_name_kn":"ಕೋಗಿಲು","ward_TOT_P":"28728.0","ward_TOT_M":"15084.0","ward_TOT_F":"13643.0","ward_SC_P":"3656.0","ward_SC_M":"1846.0","ward_SC_F":"1811.0","ward_ST_P":"609.0","ward_ST_M":"310.0","ward_ST_F":"299.0","ward_low_range":"19943","ward_high_range":"29914","ward_RO_Code":"2","ward_RO_Division":"RO- Thanisandra","ward_ARO_Code":"5","ward_ARO_ Sub Division":"ARO- Kogilu","ward_zone":"Zone1","ward_zone_name":"Byatarayanapura","ward_join_status":"matched","ward_spatial_match_count":1},"geometry":{"type":"Point","coordinates":[77.63030830000008,13.119523300000026,0]},"id":4},{"type":"Feature","properties":{"fid":5,"OBJECTID":5,"Name":"Placemark","FolderPath":"BBMP Toilets","SymbolID":0,"AltMode":-1,"Base":0,"Snippet":"","PopupInfo":"","HasLabel":-1,"LabelID":0,"ward_source_id":"ward_369_final.61","ward_source_Name":null,"ward_description":null,"ward_timestamp":null,"ward_begin":null,"ward_end":null,"ward_altitudeMode":null,"ward_tessellate":-1,"ward_extrude":0,"ward_visibility":-1,"ward_drawOrder":null,"ward_icon":null,"ward_Corporation":"North","ward_corporation_kn":"ಉತ್ತರ","ward_corporation_id":"2","ward_ac":"Yelahanka","ward_ac_kn":"ಯಲಹಂಕ","ward_ac_no":"150","ward_Assembly":"150 - Yelahanka","ward_id":"5","ward_name":"5 - Yelahanka Satellite Town","ward_name_kn":"ಯಲಹಂಕ ಸ್ಯಾಟಲೈಟ್‌ ಟೌನ್‌","ward_TOT_P":"29889.0","ward_TOT_M":"15351.0","ward_TOT_F":"14528.0","ward_SC_P":"3050.0","ward_SC_M":"1534.0","ward_SC_F":"1516.0","ward_ST_P":"800.0","ward_ST_M":"402.0","ward_ST_F":"397.0","ward_low_range":"19943","ward_high_range":"29914","ward_RO_Code":"11","ward_RO_Division":"RO- Yelahanka","ward_ARO_Code":"30","ward_ARO_ Sub Division":"ARO- Yelahanka Satellite Town","ward_zone":"Zone2","ward_zone_name":"Yelahanka","ward_join_status":"matched","ward_spatial_match_count":1},"geometry":{"type":"Point","coordinates":[77.57673230000006,13.099529500000074,0]},"id":5},{"type":"Feature","properties":{"fid":6,"OBJECTID":6,"Name":"Placemark","FolderPath":"BBMP Toilets","SymbolID":0,"AltMode":-1,"Base":0,"Snippet":"","PopupInfo":"","HasLabel":-1,"LabelID":0,"ward_source_id":"ward_369_final.348","ward_source_Name":null,"ward_description":null,"ward_timestamp":null,"ward_begin":null,"ward_end":null,"ward_altitudeMode":null,"ward_tessellate":-1,"ward_extrude":0,"ward_visibility":-1,"ward_drawOrder":null,"ward_icon":null,"ward_Corporation":"West","ward_corporation_kn":"ಪಶ್ಚಿಮ","ward_corporation_id":"5","ward_ac":"Dasarahalli","ward_ac_kn":"ದಾಸರಹಳ್ಳಿ","ward_ac_no":"155","ward_Assembly":"155 - Dasarahalli","ward_id":"6","ward_name":"6 - Shivapura","ward_name_kn":"ಶಿವಪುರ","ward_TOT_P":"26408.0","ward_TOT_M":"14281.0","ward_TOT_F":"12117.0","ward_SC_P":"3647.0","ward_SC_M":"1945.0","ward_SC_F":"1702.0","ward_ST_P":"958.0","ward_ST_M":"517.0","ward_ST_F":"441.0","ward_low_range":"18949","ward_high_range":"28424","ward_RO_Code":"2","ward_RO_Division":"RO- Hegganahalli","ward_ARO_Code":"7","ward_ARO_ Sub Division":"ARO- Shivapura","ward_zone":"Zone1","ward_zone_name":"Rajarajeshwarinagar","ward_join_status":"matched","ward_spatial_match_count":1},"geometry":{"type":"Point","coordinates":[77.50598160000004,13.011501500000065,0]},"id":6},{"type":"Feature","properties":{"fid":7,"OBJECTID":7,"Name":"Placemark","FolderPath":"BBMP Toilets","SymbolID":0,"AltMode":-1,"Base":0,"Snippet":"","PopupInfo":"","HasLabel":-1,"LabelID":0,"ward_source_id":"ward_369_final.5","ward_source_Name":null,"ward_description":null,"ward_timestamp":null,"ward_begin":null,"ward_end":null,"ward_altitudeMode":null,"ward_tessellate":-1,"ward_extrude":0,"ward_visibility":-1,"ward_drawOrder":null,"ward_icon":null,"ward_Corporation":"North","ward_corporation_kn":"ಉತ್ತರ","ward_corporation_id":"2","ward_ac":"Byatarayanapura","ward_ac_kn":"ಬ್ಯಾಟರಾಯನಪುರ","ward_ac_no":"152","ward_Assembly":"152 - Byatarayanapura","ward_id":"21","ward_name":"21 - Kogilu","ward_name_kn":"ಕೋಗಿಲು","ward_TOT_P":"28728.0","ward_TOT_M":"15084.0","ward_TOT_F":"13643.0","ward_SC_P":"3656.0","ward_SC_M":"1846.0","ward_SC_F":"1811.0","ward_ST_P":"609.0","ward_ST_M":"310.0","ward_ST_F":"299.0","ward_low_range":"19943","ward_high_range":"29914","ward_RO_Code":"2","ward_RO_Division":"RO- Thanisandra","ward_ARO_Code":"5","ward_ARO_ Sub Division":"ARO- Kogilu","ward_zone":"Zone1","ward_zone_name":"Byatarayanapura","ward_join_status":"matched","ward_spatial_match_count":1},"geometry":{"type":"Point","coordinates":[77.62320670000008,13.12131000000005,0]},"id":7},{"type":"Feature","properties":{"fid":8,"OBJECTID":8,"Name":"Placemark","FolderPath":"BBMP Toilets","SymbolID":0,"AltMode":-1,"Base":0,"Snippet":"","PopupInfo":"","HasLabel":-1,"LabelID":0,"ward_source_id":"ward_369_final.8","ward_source_Name":null,"ward_description":null,"ward_timestamp":null,"ward_begin":null,"ward_end":null,"ward_altitudeMode":null,"ward_tessellate":-1,"ward_extrude":0,"ward_visibility":-1,"ward_drawOrder":null,"ward_icon":null,"ward_Corporation":"North","ward_corporation_kn":"ಉತ್ತರ","ward_corporation_id":"2","ward_ac":"Dasarahalli","ward_ac_kn":"ದಾಸರಹಳ್ಳಿ","ward_ac_no":"155","ward_Assembly":"155 - Dasarahalli","ward_id":"72","ward_name":"72 - Dasarahalli","ward_name_kn":"ದಾಸರಹಳ್ಳಿ","ward_TOT_P":"29082.0","ward_TOT_M":"15410.0","ward_TOT_F":"13672.0","ward_SC_P":"2162.0","ward_SC_M":"1116.0","ward_SC_F":"1046.0","ward_ST_P":"521.0","ward_ST_M":"278.0","ward_ST_F":"243.0","ward_low_range":"19943","ward_high_range":"29914","ward_RO_Code":"3","ward_RO_Division":"RO- Dasarahalli","ward_ARO_Code":"8","ward_ARO_ Sub Division":"ARO- Dasarahalli","ward_zone":"Zone2","ward_zone_name":"Yelahanka","ward_join_status":"matched","ward_spatial_match_count":1},"geometry":{"type":"Point","coordinates":[77.51355330000007,13.043153300000029,0]},"id":8},{"type":"Feature","properties":{"fid":9,"OBJECTID":9,"Name":"Placemark","FolderPath":"BBMP Toilets","SymbolID":0,"AltMode":-1,"Base":0,"Snippet":"","PopupInfo":"","HasLabel":-1,"LabelID":0,"ward_source_id":"ward_369_final.5","ward_source_Name":null,"ward_description":null,"ward_timestamp":null,"ward_begin":null,"ward_end":null,"ward_altitudeMode":null,"ward_tessellate":-1,"ward_extrude":0,"ward_visibility":-1,"ward_drawOrder":null,"ward_icon":null,"ward_Corporation":"North","ward_corporation_kn":"ಉತ್ತರ","ward_corporation_id":"2","ward_ac":"Byatarayanapura","ward_ac_kn":"ಬ್ಯಾಟರಾಯನಪುರ","ward_ac_no":"152","ward_Assembly":"152 - Byatarayanapura","ward_id":"21","ward_name":"21 - Kogilu","ward_name_kn":"ಕೋಗಿಲು","ward_TOT_P":"28728.0","ward_TOT_M":"15084.0","ward_TOT_F":"13643.0","ward_SC_P":"3656.0","ward_SC_M":"1846.0","ward_SC_F":"1811.0","ward_ST_P":"609.0","ward_ST_M":"310.0","ward_ST_F":"299.0","ward_low_range":"19943","ward_high_range":"29914","ward_RO_Code":"2","ward_RO_Division":"RO- Thanisandra","ward_ARO_Code":"5","ward_ARO_ Sub Division":"ARO- Kogilu","ward_zone":"Zone1","ward_zone_name":"Byatarayanapura","ward_join_status":"matched","ward_spatial_match_count":1},"geometry":{"type":"Point","coordinates":[77.61824330000007,13.123701700000026,0]},"id":9},{"type":"Feature","properties":{"fid":10,"OBJECTID":10,"Name":"Placemark","FolderPath":"BBMP Toilets","SymbolID":0,"AltMode":-1,"Base":0,"Snippet":"","PopupInfo":"","HasLabel":-1,"LabelID":0,"ward_source_id":"ward_369_final.348","ward_source_Name":null,"ward_description":null,"ward_timestamp":null,"ward_begin":null,"ward_end":null,"ward_altitudeMode":null,"ward_tessellate":-1,"ward_extrude":0,"ward_visibility":-1,"ward_drawOrder":null,"ward_icon":null,"ward_Corporation":"West","ward_corporation_kn":"ಪಶ್ಚಿಮ","ward_corporation_id":"5","ward_ac":"Dasarahalli","ward_ac_kn":"ದಾಸರಹಳ್ಳಿ","ward_ac_no":"155","ward_Assembly":"155 - Dasarahalli","ward_id":"6","ward_name":"6 - Shivapura","ward_name_kn":"ಶಿವಪುರ","ward_TOT_P":"26408.0","ward_TOT_M":"14281.0","ward_TOT_F":"12117.0","ward_SC_P":"3647.0","ward_SC_M":"1945.0","ward_SC_F":"1702.0","ward_ST_P":"958.0","ward_ST_M":"517.0","ward_ST_F":"441.0","ward_low_range":"18949","ward_high_range":"28424","ward_RO_Code":"2","ward_RO_Division":"RO- Hegganahalli","ward_ARO_Code":"7","ward_ARO_ Sub Division":"ARO- Shivapura","ward_zone":"Zone1","ward_zone_name":"Rajarajeshwarinagar","ward_join_status":"matched","ward_spatial_match_count":1},"geometry":{"type":"Point","coordinates":[77.50596180000008,13.009993200000054,0]},"id":10},{"type":"Feature","properties":{"fid":11,"OBJECTID":11,"Name":"Placemark","FolderPath":"BBMP Toilets","SymbolID":0,"AltMode":-1,"Base":0,"Snippet":"","PopupInfo":"","HasLabel":-1,"LabelID":0,"ward_source_id":"ward_369_final.85","ward_source_Name":null,"ward_description":null,"ward_timestamp":null,"ward_begin":null,"ward_end":null,"ward_altitudeMode":null,"ward_tessellate":-1,"ward_extrude":0,"ward_visibility":-1,"ward_drawOrder":null,"ward_icon":null,"ward_Corporation":"North","ward_corporation_kn":"ಉತ್ತರ","ward_corporation_id":"2","ward_ac":"Yelahanka","ward_ac_kn":"ಯಲಹಂಕ","ward_ac_no":"150","ward_Assembly":"150 - Yelahanka","ward_id":"6","ward_name":"6 - Doddabettahalli","ward_name_kn":"ದೊಡ್ಡಬೆಟ್ಟಹಳ್ಳಿ","ward_TOT_P":"29553.0","ward_TOT_M":"15685.0","ward_TOT_F":"13868.0","ward_SC_P":"3183.0","ward_SC_M":"1648.0","ward_SC_F":"1536.0","ward_ST_P":"1010.0","ward_ST_M":"517.0","ward_ST_F":"494.0","ward_low_range":"19943","ward_high_range":"29914","ward_RO_Code":"11","ward_RO_Division":"RO- Yelahanka","ward_ARO_Code":"28","ward_ARO_ Sub Division":"ARO- Attur","ward_zone":"Zone2","ward_zone_name":"Yelahanka","ward_join_status":"matched","ward_spatial_match_count":1},"geometry":{"type":"Point","coordinates":[77.57230900000008,13.106007500000032,0]},"id":11},{"type":"Feature","properties":{"fid":12,"OBJECTID":12,"Name":"Placemark","FolderPath":"BBMP Toilets","SymbolID":0,"AltMode":-1,"Base":0,"Snippet":"","PopupInfo":"","HasLabel":-1,"LabelID":0,"ward_source_id":"ward_369_final.348","ward_source_Name":null,"ward_description":null,"ward_timestamp":null,"ward_begin":null,"ward_end":null,"ward_altitudeMode":null,"ward_tessellate":-1,"ward_extrude":0,"ward_visibility":-1,"ward_drawOrder":null,"ward_icon":null,"ward_Corporation":"West","ward_corporation_kn":"ಪಶ್ಚಿಮ","ward_corporation_id":"5","ward_ac":"Dasarahalli","ward_ac_kn":"ದಾಸರಹಳ್ಳಿ","ward_ac_no":"155","ward_Assembly":"155 - Dasarahalli","ward_id":"6","ward_name":"6 - Shivapura","ward_name_kn":"ಶಿವಪುರ","ward_TOT_P":"26408.0","ward_TOT_M":"14281.0","ward_TOT_F":"12117.0","ward_SC_P":"3647.0","ward_SC_M":"1945.0","ward_SC_F":"1702.0","ward_ST_P":"958.0","ward_ST_M":"517.0","ward_ST_F":"441.0","ward_low_range":"18949","ward_high_range":"28424","ward_RO_Code":"2","ward_RO_Division":"RO- Hegganahalli","ward_ARO_Code":"7","ward_ARO_ Sub Division":"ARO- Shivapura","ward_zone":"Zone1","ward_zone_name":"Rajarajeshwarinagar","ward_join_status":"matched","ward_spatial_match_count":1},"geometry":{"type":"Point","coordinates":[77.50888680000008,13.013545400000055,0]},"id":12},{"type":"Feature","properties":{"fid":13,"OBJECTID":13,"Name":"Placemark","FolderPath":"BBMP Toilets","SymbolID":0,"AltMode":-1,"Base":0,"Snippet":"","PopupInfo":"","HasLabel":-1,"LabelID":0,"ward_source_id":"ward_369_final.8","ward_source_Name":null,"ward_description":null,"ward_timestamp":null,"ward_begin":null,"ward_end":null,"ward_altitudeMode":null,"ward_tessellate":-1,"ward_extrude":0,"ward_visibility":-1,"ward_drawOrder":null,"ward_icon":null,"ward_Corporation":"North","ward_corporation_kn":"ಉತ್ತರ","ward_corporation_id":"2","ward_ac":"Dasarahalli","ward_ac_kn":"ದಾಸರಹಳ್ಳಿ","ward_ac_no":"155","ward_Assembly":"155 - Dasarahalli","ward_id":"72","ward_name":"72 - Dasarahalli","ward_name_kn":"ದಾಸರಹಳ್ಳಿ","ward_TOT_P":"29082.0","ward_TOT_M":"15410.0","ward_TOT_F":"13672.0","ward_SC_P":"2162.0","ward_SC_M":"1116.0","ward_SC_F":"1046.0","ward_ST_P":"521.0","ward_ST_M":"278.0","ward_ST_F":"243.0","ward_low_range":"19943","ward_high_range":"29914","ward_RO_Code":"3","ward_RO_Division":"RO- Dasarahalli","ward_ARO_Code":"8","ward_ARO_ Sub Division":"ARO- Dasarahalli","ward_zone":"Zone2","ward_zone_name":"Yelahanka","ward_join_status":"matched","ward_spatial_match_count":1},"geometry":{"type":"Point","coordinates":[77.52045850000007,13.043822200000022,0]},"id":13},{"type":"Feature","properties":{"fid":14,"OBJECTID":14,"Name":"Placemark","FolderPath":"BBMP Toilets","SymbolID":0,"AltMode":-1,"Base":0,"Snippet":"","PopupInfo":"","HasLabel":-1,"LabelID":0,"ward_source_id":"ward_369_final.73","ward_source_Name":null,"ward_description":null,"ward_timestamp":null,"ward_begin":null,"ward_end":null,"ward_altitudeMode":null,"ward_tessellate":-1,"ward_extrude":0,"ward_visibility":-1,"ward_drawOrder":null,"ward_icon":null,"ward_Corporation":"East","ward_corporation_kn":"ಪೂರ್ವ","ward_corporation_id":"3","ward_ac":"K.R. Pura","ward_ac_kn":"ಕೆ.ಆರ್. ಪುರ","ward_ac_no":"151","ward_Assembly":"151 - K.R. Pura","ward_id":"19","ward_name":"19 - K.S. Nissar Ahmed Ward","ward_name_kn":"ಕೆ. ಎಸ್. ನಿಸಾರ್ ಅಹಮದ್ ವಾರ್ಡ್","ward_TOT_P":"15446.0","ward_TOT_M":"8081.0","ward_TOT_F":"7365.0","ward_SC_P":"1543.0","ward_SC_M":"785.0","ward_SC_F":"757.0","ward_ST_P":"285.0","ward_ST_M":"146.0","ward_ST_F":"139.0","ward_low_range":"14567","ward_high_range":"21851","ward_RO_Code":"3","ward_RO_Division":"RO- Ramamurthy Nagara","ward_ARO_Code":"9","ward_ARO_ Sub Division":"ARO- Vijinapura","ward_zone":"Zone2","ward_zone_name":"K.R. Pura","ward_join_status":"matched","ward_spatial_match_count":1},"geometry":{"type":"Point","coordinates":[77.66785330000005,13.002086700000064,0]},"id":14},{"type":"Feature","properties":{"fid":15,"OBJECTID":15,"Name":"Placemark","FolderPath":"BBMP Toilets","SymbolID":0,"AltMode":-1,"Base":0,"Snippet":"","PopupInfo":"","HasLabel":-1,"LabelID":0,"ward_source_id":"ward_369_final.125","ward_source_Name":null,"ward_description":null,"ward_timestamp":null,"ward_begin":null,"ward_end":null,"ward_altitudeMode":null,"ward_tessellate":-1,"ward_extrude":0,"ward_visibility":-1,"ward_drawOrder":null,"ward_icon":null,"ward_Corporation":"North","ward_corporation_kn":"ಉತ್ತರ","ward_corporation_id":"2","ward_ac":"Byatarayanapura","ward_ac_kn":"ಬ್ಯಾಟರಾಯನಪುರ","ward_ac_no":"152","ward_Assembly":"152 - Byatarayanapura","ward_id":"13","ward_name":"13 - Kodigehalli","ward_name_kn":"ಕೊಡಿಗೆಹಳ್ಳಿ","ward_TOT_P":"28244.0","ward_TOT_M":"14946.0","ward_TOT_F":"13298.0","ward_SC_P":"3414.0","ward_SC_M":"1733.0","ward_SC_F":"1681.0","ward_ST_P":"649.0","ward_ST_M":"351.0","ward_ST_F":"297.0","ward_low_range":"19943","ward_high_range":"29914","ward_RO_Code":"1","ward_RO_Division":"RO- Bytarayanapura","ward_ARO_Code":"2","ward_ARO_ Sub Division":"ARO- Kodigehalli","ward_zone":"Zone1","ward_zone_name":"Byatarayanapura","ward_join_status":"matched","ward_spatial_match_count":1},"geometry":{"type":"Point","coordinates":[77.57432500000004,13.055283300000042,0]},"id":15},{"type":"Feature","properties":{"fid":16,"OBJECTID":16,"Name":"Placemark","FolderPath":"BBMP Toilets","SymbolID":0,"AltMode":-1,"Base":0,"Snippet":"","PopupInfo":"","HasLabel":-1,"LabelID":0,"ward_source_id":"ward_369_final.8","ward_source_Name":null,"ward_description":null,"ward_timestamp":null,"ward_begin":null,"ward_end":null,"ward_altitudeMode":null,"ward_tessellate":-1,"ward_extrude":0,"ward_visibility":-1,"ward_drawOrder":null,"ward_icon":null,"ward_Corporation":"North","ward_corporation_kn":"ಉತ್ತರ","ward_corporation_id":"2","ward_ac":"Dasarahalli","ward_ac_kn":"ದಾಸರಹಳ್ಳಿ","ward_ac_no":"155","ward_Assembly":"155 - Dasarahalli","ward_id":"72","ward_name":"72 - Dasarahalli","ward_name_kn":"ದಾಸರಹಳ್ಳಿ","ward_TOT_P":"29082.0","ward_TOT_M":"15410.0","ward_TOT_F":"13672.0","ward_SC_P":"2162.0","ward_SC_M":"1116.0","ward_SC_F":"1046.0","ward_ST_P":"521.0","ward_ST_M":"278.0","ward_ST_F":"243.0","ward_low_range":"19943","ward_high_range":"29914","ward_RO_Code":"3","ward_RO_Division":"RO- Dasarahalli","ward_ARO_Code":"8","ward_ARO_ Sub Division":"ARO- Dasarahalli","ward_zone":"Zone2","ward_zone_name":"Yelahanka","ward_join_status":"matched","ward_spatial_match_count":1},"geometry":{"type":"Point","coordinates":[77.51814800000005,13.040715400000067,0]},"id":16},{"type":"Feature","properties":{"fid":17,"OBJECTID":17,"Name":"Placemark","FolderPath":"BBMP Toilets","SymbolID":0,"AltMode":-1,"Base":0,"Snippet":"","PopupInfo":"","HasLabel":-1,"LabelID":0,"ward_source_id":"ward_369_final.9","ward_source_Name":null,"ward_description":null,"ward_timestamp":null,"ward_begin":null,"ward_end":null,"ward_altitudeMode":null,"ward_tessellate":-1,"ward_extrude":0,"ward_visibility":-1,"ward_drawOrder":null,"ward_icon":null,"ward_Corporation":"East","ward_corporation_kn":"ಪೂರ್ವ","ward_corporation_id":"3","ward_ac":"K.R. Pura","ward_ac_kn":"ಕೆ.ಆರ್. ಪುರ","ward_ac_no":"151","ward_Assembly":"151 - K.R. Pura","ward_id":"16","ward_name":"16 - Kotthur","ward_name_kn":"ಕೊತ್ತೂರು","ward_TOT_P":"14653.0","ward_TOT_M":"7508.0","ward_TOT_F":"7145.0","ward_SC_P":"3084.0","ward_SC_M":"1565.0","ward_SC_F":"1519.0","ward_ST_P":"243.0","ward_ST_M":"121.0","ward_ST_F":"122.0","ward_low_range":"14567","ward_high_range":"21851","ward_RO_Code":"3","ward_RO_Division":"RO- Ramamurthy Nagara","ward_ARO_Code":"8","ward_ARO_ Sub Division":"ARO- Ramamurthy Nagara","ward_zone":"Zone2","ward_zone_name":"K.R. Pura","ward_join_status":"matched","ward_spatial_match_count":1},"geometry":{"type":"Point","coordinates":[77.67724830000003,13.00093830000003,0]},"id":17},{"type":"Feature","properties":{"fid":18,"OBJECTID":18,"Name":"Placemark","FolderPath":"BBMP Toilets","SymbolID":0,"AltMode":-1,"Base":0,"Snippet":"","PopupInfo":"","HasLabel":-1,"LabelID":0,"ward_source_id":"ward_369_final.28","ward_source_Name":null,"ward_description":null,"ward_timestamp":null,"ward_begin":null,"ward_end":null,"ward_altitudeMode":null,"ward_tessellate":-1,"ward_extrude":0,"ward_visibility":-1,"ward_drawOrder":null,"ward_icon":null,"ward_Corporation":"North","ward_corporation_kn":"ಉತ್ತರ","ward_corporation_id":"2","ward_ac":"Dasarahalli","ward_ac_kn":"ದಾಸರಹಳ್ಳಿ","ward_ac_no":"155","ward_Assembly":"155 - Dasarahalli","ward_id":"71","ward_name":"71 - Nele Maheshwaramma Temple Ward","ward_name_kn":"ನೆಲೆ ಮಹೇಶ್ವರಮ್ಮ ದೇವಸ್ಥಾನ ವಾರ್ಡ್","ward_TOT_P":"27033.0","ward_TOT_M":"14610.0","ward_TOT_F":"12423.0","ward_SC_P":"970.0","ward_SC_M":"519.0","ward_SC_F":"452.0","ward_ST_P":"568.0","ward_ST_M":"304.0","ward_ST_F":"264.0","ward_low_range":"19943","ward_high_range":"29914","ward_RO_Code":"3","ward_RO_Division":"RO- Dasarahalli","ward_ARO_Code":"8","ward_ARO_ Sub Division":"ARO- Dasarahalli","ward_zone":"Zone2","ward_zone_name":"Yelahanka","ward_join_status":"matched","ward_spatial_match_count":1},"geometry":{"type":"Point","coordinates":[77.51033360000008,13.048987700000055,0]},"id":18},{"type":"Feature","properties":{"fid":19,"OBJECTID":19,"Name":"Placemark","FolderPath":"BBMP Toilets","SymbolID":0,"AltMode":-1,"Base":0,"Snippet":"","PopupInfo":"","HasLabel":-1,"LabelID":0,"ward_source_id":"ward_369_final.5","ward_source_Name":null,"ward_description":null,"ward_timestamp":null,"ward_begin":null,"ward_end":null,"ward_altitudeMode":null,"ward_tessellate":-1,"ward_extrude":0,"ward_visibility":-1,"ward_drawOrder":null,"ward_icon":null,"ward_Corporation":"North","ward_corporation_kn":"ಉತ್ತರ","ward_corporation_id":"2","ward_ac":"Byatarayanapura","ward_ac_kn":"ಬ್ಯಾಟರಾಯನಪುರ","ward_ac_no":"152","ward_Assembly":"152 - Byatarayanapura","ward_id":"21","ward_name":"21 - Kogilu","ward_name_kn":"ಕೋಗಿಲು","ward_TOT_P":"28728.0","ward_TOT_M":"15084.0","ward_TOT_F":"13643.0","ward_SC_P":"3656.0","ward_SC_M":"1846.0","ward_SC_F":"1811.0","ward_ST_P":"609.0","ward_ST_M":"310.0","ward_ST_F":"299.0","ward_low_range":"19943","ward_high_range":"29914","ward_RO_Code":"2","ward_RO_Division":"RO- Thanisandra","ward_ARO_Code":"5","ward_ARO_ Sub Division":"ARO- Kogilu","ward_zone":"Zone1","ward_zone_name":"Byatarayanapura","ward_join_status":"matched","ward_spatial_match_count":1},"geometry":{"type":"Point","coordinates":[77.63230500000003,13.122808300000031,0]},"id":19},{"type":"Feature","properties":{"fid":20,"OBJECTID":20,"Name":"Placemark","FolderPath":"BBMP Toilets","SymbolID":0,"AltMode":-1,"Base":0,"Snippet":"","PopupInfo":"","HasLabel":-1,"LabelID":0,"ward_source_id":"ward_369_final.254","ward_source_Name":null,"ward_description":null,"ward_timestamp":null,"ward_begin":null,"ward_end":null,"ward_altitudeMode":null,"ward_tessellate":-1,"ward_extrude":0,"ward_visibility":-1,"ward_drawOrder":null,"ward_icon":null,"ward_Corporation":"West","ward_corporation_kn":"ಪಶ್ಚಿಮ","ward_corporation_id":"5","ward_ac":"Dasarahalli","ward_ac_kn":"ದಾಸರಹಳ್ಳಿ","ward_ac_no":"155","ward_Assembly":"155 - Dasarahalli","ward_id":"4","ward_name":"4 - Parvathi Nagar","ward_name_kn":"ಪಾರ್ವತಿ ನಗರ","ward_TOT_P":"20312.0","ward_TOT_M":"10983.0","ward_TOT_F":"9330.0","ward_SC_P":"850.0","ward_SC_M":"442.0","ward_SC_F":"407.0","ward_ST_P":"442.0","ward_ST_M":"251.0","ward_ST_F":"191.0","ward_low_range":"18949","ward_high_range":"28424","ward_RO_Code":"2","ward_RO_Division":"RO- Hegganahalli","ward_ARO_Code":"7","ward_ARO_ Sub Division":"ARO- Shivapura","ward_zone":"Zone1","ward_zone_name":"Rajarajeshwarinagar","ward_join_status":"matched","ward_spatial_match_count":1},"geometry":{"type":"Point","coordinates":[77.52189330000004,13.023056100000076,0]},"id":20},{"type":"Feature","properties":{"fid":21,"OBJECTID":21,"Name":"Placemark","FolderPath":"BBMP Toilets","SymbolID":0,"AltMode":-1,"Base":0,"Snippet":"","PopupInfo":"","HasLabel":-1,"LabelID":0,"ward_source_id":"ward_369_final.254","ward_source_Name":null,"ward_description":null,"ward_timestamp":null,"ward_begin":null,"ward_end":null,"ward_altitudeMode":null,"ward_tessellate":-1,"ward_extrude":0,"ward_visibility":-1,"ward_drawOrder":null,"ward_icon":null,"ward_Corporation":"West","ward_corporation_kn":"ಪಶ್ಚಿಮ","ward_corporation_id":"5","ward_ac":"Dasarahalli","ward_ac_kn":"ದಾಸರಹಳ್ಳಿ","ward_ac_no":"155","ward_Assembly":"155 - Dasarahalli","ward_id":"4","ward_name":"4 - Parvathi Nagar","ward_name_kn":"ಪಾರ್ವತಿ ನಗರ","ward_TOT_P":"20312.0","ward_TOT_M":"10983.0","ward_TOT_F":"9330.0","ward_SC_P":"850.0","ward_SC_M":"442.0","ward_SC_F":"407.0","ward_ST_P":"442.0","ward_ST_M":"251.0","ward_ST_F":"191.0","ward_low_range":"18949","ward_high_range":"28424","ward_RO_Code":"2","ward_RO_Division":"RO- Hegganahalli","ward_ARO_Code":"7","ward_ARO_ Sub Division":"ARO- Shivapura","ward_zone":"Zone1","ward_zone_name":"Rajarajeshwarinagar","ward_join_status":"matched","ward_spatial_match_count":1},"geometry":{"type":"Point","coordinates":[77.51152500000006,13.024999600000058,0]},"id":21},{"type":"Feature","properties":{"fid":22,"OBJECTID":22,"Name":"Placemark","FolderPath":"BBMP Toilets","SymbolID":0,"AltMode":-1,"Base":0,"Snippet":"","PopupInfo":"","HasLabel":-1,"LabelID":0,"ward_source_id":"ward_369_final.5","ward_source_Name":null,"ward_description":null,"ward_timestamp":null,"ward_begin":null,"ward_end":null,"ward_altitudeMode":null,"ward_tessellate":-1,"ward_extrude":0,"ward_visibility":-1,"ward_drawOrder":null,"ward_icon":null,"ward_Corporation":"North","ward_corporation_kn":"ಉತ್ತರ","ward_corporation_id":"2","ward_ac":"Byatarayanapura","ward_ac_kn":"ಬ್ಯಾಟರಾಯನಪುರ","ward_ac_no":"152","ward_Assembly":"152 - Byatarayanapura","ward_id":"21","ward_name":"21 - Kogilu","ward_name_kn":"ಕೋಗಿಲು","ward_TOT_P":"28728.0","ward_TOT_M":"15084.0","ward_TOT_F":"13643.0","ward_SC_P":"3656.0","ward_SC_M":"1846.0","ward_SC_F":"1811.0","ward_ST_P":"609.0","ward_ST_M":"310.0","ward_ST_F":"299.0","ward_low_range":"19943","ward_high_range":"29914","ward_RO_Code":"2","ward_RO_Division":"RO- Thanisandra","ward_ARO_Code":"5","ward_ARO_ Sub Division":"ARO- Kogilu","ward_zone":"Zone1","ward_zone_name":"Byatarayanapura","ward_join_status":"matched","ward_spatial_match_count":1},"geometry":{"type":"Point","coordinates":[77.61999500000007,13.104420000000061,0]},"id":22},{"type":"Feature","properties":{"fid":23,"OBJECTID":23,"Name":"Placemark","FolderPath":"BBMP Toilets","SymbolID":0,"AltMode":-1,"Base":0,"Snippet":"","PopupInfo":"","HasLabel":-1,"LabelID":0,"ward_source_id":"ward_369_final.2","ward_source_Name":null,"ward_description":null,"ward_timestamp":null,"ward_begin":null,"ward_end":null,"ward_altitudeMode":null,"ward_tessellate":-1,"ward_extrude":0,"ward_visibility":-1,"ward_drawOrder":null,"ward_icon":null,"ward_Corporation":"North","ward_corporation_kn":"ಉತ್ತರ","ward_corporation_id":"2","ward_ac":"Yelahanka","ward_ac_kn":"ಯಲಹಂಕ","ward_ac_no":"150","ward_Assembly":"150 - Yelahanka","ward_id":"2","ward_name":"2 - Aerocity","ward_name_kn":"ಏರೋಸಿಟಿ","ward_TOT_P":"20655.0","ward_TOT_M":"10844.0","ward_TOT_F":"9810.0","ward_SC_P":"1636.0","ward_SC_M":"846.0","ward_SC_F":"790.0","ward_ST_P":"563.0","ward_ST_M":"292.0","ward_ST_F":"270.0","ward_low_range":"19943","ward_high_range":"29914","ward_RO_Code":"11","ward_RO_Division":"RO- Yelahanka","ward_ARO_Code":"29","ward_ARO_ Sub Division":"ARO- Yelahanka Old Town","ward_zone":"Zone2","ward_zone_name":"Yelahanka","ward_join_status":"matched","ward_spatial_match_count":1},"geometry":{"type":"Point","coordinates":[77.62438670000006,13.103623300000038,0]},"id":23},{"type":"Feature","properties":{"fid":24,"OBJECTID":24,"Name":"Placemark","FolderPath":"BBMP Toilets","SymbolID":0,"AltMode":-1,"Base":0,"Snippet":"","PopupInfo":"","HasLabel":-1,"LabelID":0,"ward_source_id":"ward_369_final.275","ward_source_Name":null,"ward_description":null,"ward_timestamp":null,"ward_begin":null,"ward_end":null,"ward_altitudeMode":null,"ward_tessellate":-1,"ward_extrude":0,"ward_visibility":-1,"ward_drawOrder":null,"ward_icon":null,"ward_Corporation":"Central","ward_corporation_kn":"ಕೇಂದ್ರ","ward_corporation_id":"1","ward_ac":"Shanthinagar","ward_ac_kn":"ಶಾಂತಿನಗರ","ward_ac_no":"163","ward_Assembly":"163 - Shanthinagar","ward_id":"25","ward_name":"25 - Ashokanagar","ward_name_kn":"ಅಶೋಕನಗರ","ward_TOT_P":"21804.0","ward_TOT_M":"10895.0","ward_TOT_F":"10909.0","ward_SC_P":"1987.0","ward_SC_M":"931.0","ward_SC_F":"1056.0","ward_ST_P":"311.0","ward_ST_M":"137.0","ward_ST_F":"174.0","ward_low_range":"18853","ward_high_range":"28280","ward_RO_Code":"6","ward_RO_Division":"RO - Shanthinagar","ward_ARO_Code":"21","ward_ARO_ Sub Division":"ARO- Shanthinagar","ward_zone":"Zone1","ward_zone_name":"C.V. Raman Nagar","ward_join_status":"matched","ward_spatial_match_count":1},"geometry":{"type":"Point","coordinates":[77.60950170000007,12.973639400000025,0]},"id":24},{"type":"Feature","properties":{"fid":25,"OBJECTID":25,"Name":"Placemark","FolderPath":"BBMP Toilets","SymbolID":0,"AltMode":-1,"Base":0,"Snippet":"","PopupInfo":"","HasLabel":-1,"LabelID":0,"ward_source_id":"ward_369_final.137","ward_source_Name":null,"ward_description":null,"ward_timestamp":null,"ward_begin":null,"ward_end":null,"ward_altitudeMode":null,"ward_tessellate":-1,"ward_extrude":0,"ward_visibility":-1,"ward_drawOrder":null,"ward_icon":null,"ward_Corporation":"North","ward_corporation_kn":"ಉತ್ತರ","ward_corporation_id":"2","ward_ac":"Byatarayanapura","ward_ac_kn":"ಬ್ಯಾಟರಾಯನಪುರ","ward_ac_no":"152","ward_Assembly":"152 - Byatarayanapura","ward_id":"15","ward_name":"15 - Byatarayanapura","ward_name_kn":"ಬ್ಯಾಟರಾಯನಪುರ","ward_TOT_P":"28870.0","ward_TOT_M":"14792.0","ward_TOT_F":"14079.0","ward_SC_P":"1719.0","ward_SC_M":"907.0","ward_SC_F":"813.0","ward_ST_P":"961.0","ward_ST_M":"506.0","ward_ST_F":"456.0","ward_low_range":"19943","ward_high_range":"29914","ward_RO_Code":"1","ward_RO_Division":"RO- Bytarayanapura","ward_ARO_Code":"1","ward_ARO_ Sub Division":"ARO- Bytarayanapura","ward_zone":"Zone1","ward_zone_name":"Byatarayanapura","ward_join_status":"matched","ward_spatial_match_count":1},"geometry":{"type":"Point","coordinates":[77.58548170000006,13.063411700000074,0]},"id":25},{"type":"Feature","properties":{"fid":26,"OBJECTID":26,"Name":"Placemark","FolderPath":"BBMP Toilets","SymbolID":0,"AltMode":-1,"Base":0,"Snippet":"","PopupInfo":"","HasLabel":-1,"LabelID":0,"ward_source_id":"ward_369_final.137","ward_source_Name":null,"ward_description":null,"ward_timestamp":null,"ward_begin":null,"ward_end":null,"ward_altitudeMode":null,"ward_tessellate":-1,"ward_extrude":0,"ward_visibility":-1,"ward_drawOrder":null,"ward_icon":null,"ward_Corporation":"North","ward_corporation_kn":"ಉತ್ತರ","ward_corporation_id":"2","ward_ac":"Byatarayanapura","ward_ac_kn":"ಬ್ಯಾಟರಾಯನಪುರ","ward_ac_no":"152","ward_Assembly":"152 - Byatarayanapura","ward_id":"15","ward_name":"15 - Byatarayanapura","ward_name_kn":"ಬ್ಯಾಟರಾಯನಪುರ","ward_TOT_P":"28870.0","ward_TOT_M":"14792.0","ward_TOT_F":"14079.0","ward_SC_P":"1719.0","ward_SC_M":"907.0","ward_SC_F":"813.0","ward_ST_P":"961.0","ward_ST_M":"506.0","ward_ST_F":"456.0","ward_low_range":"19943","ward_high_range":"29914","ward_RO_Code":"1","ward_RO_Division":"RO- Bytarayanapura","ward_ARO_Code":"1","ward_ARO_ Sub Division":"ARO- Bytarayanapura","ward_zone":"Zone1","ward_zone_name":"Byatarayanapura","ward_join_status":"matched","ward_spatial_match_count":1},"geometry":{"type":"Point","coordinates":[77.58534330000003,13.062746700000048,0]},"id":26},{"type":"Feature","properties":{"fid":27,"OBJECTID":27,"Name":"Placemark","FolderPath":"BBMP Toilets","SymbolID":0,"AltMode":-1,"Base":0,"Snippet":"","PopupInfo":"","HasLabel":-1,"LabelID":0,"ward_source_id":"ward_369_final.125","ward_source_Name":null,"ward_description":null,"ward_timestamp":null,"ward_begin":null,"ward_end":null,"ward_altitudeMode":null,"ward_tessellate":-1,"ward_extrude":0,"ward_visibility":-1,"ward_drawOrder":null,"ward_icon":null,"ward_Corporation":"North","ward_corporation_kn":"ಉತ್ತರ","ward_corporation_id":"2","ward_ac":"Byatarayanapura","ward_ac_kn":"ಬ್ಯಾಟರಾಯನಪುರ","ward_ac_no":"152","ward_Assembly":"152 - Byatarayanapura","ward_id":"13","ward_name":"13 - Kodigehalli","ward_name_kn":"ಕೊಡಿಗೆಹಳ್ಳಿ","ward_TOT_P":"28244.0","ward_TOT_M":"14946.0","ward_TOT_F":"13298.0","ward_SC_P":"3414.0","ward_SC_M":"1733.0","ward_SC_F":"1681.0","ward_ST_P":"649.0","ward_ST_M":"351.0","ward_ST_F":"297.0","ward_low_range":"19943","ward_high_range":"29914","ward_RO_Code":"1","ward_RO_Division":"RO- Bytarayanapura","ward_ARO_Code":"2","ward_ARO_ Sub Division":"ARO- Kodigehalli","ward_zone":"Zone1","ward_zone_name":"Byatarayanapura","ward_join_status":"matched","ward_spatial_match_count":1},"geometry":{"type":"Point","coordinates":[77.57422330000009,13.047360000000026,0]},"id":27},{"type":"Feature","properties":{"fid":28,"OBJECTID":28,"Name":"Placemark","FolderPath":"BBMP Toilets","SymbolID":0,"AltMode":-1,"Base":0,"Snippet":"","PopupInfo":"","HasLabel":-1,"LabelID":0,"ward_source_id":"ward_369_final.280","ward_source_Name":null,"ward_description":null,"ward_timestamp":null,"ward_begin":null,"ward_end":null,"ward_altitudeMode":null,"ward_tessellate":-1,"ward_extrude":0,"ward_visibility":-1,"ward_drawOrder":null,"ward_icon":null,"ward_Corporation":"West","ward_corporation_kn":"ಪಶ್ಚಿಮ","ward_corporation_id":"5","ward_ac":"Vijayanagar","ward_ac_kn":"ವಿಜಯನಗರ","ward_ac_no":"167","ward_Assembly":"167 - Vijayanagar","ward_id":"82","ward_name":"82 - Attigupe","ward_name_kn":"ಅತ್ತಿಗುಪ್ಪೆ","ward_TOT_P":"24614.0","ward_TOT_M":"12673.0","ward_TOT_F":"11941.0","ward_SC_P":"1632.0","ward_SC_M":"843.0","ward_SC_F":"789.0","ward_ST_P":"258.0","ward_ST_M":"129.0","ward_ST_F":"129.0","ward_low_range":"18949","ward_high_range":"28424","ward_RO_Code":"12","ward_RO_Division":"RO- Hampi Nagar","ward_ARO_Code":"37","ward_ARO_ Sub Division":"ARO- Hampi Nagar","ward_zone":"Zone2","ward_zone_name":"Malleshwaram","ward_join_status":"matched","ward_spatial_match_count":1},"geometry":{"type":"Point","coordinates":[77.52112330000006,12.96175560000006,0]},"id":28},{"type":"Feature","properties":{"fid":29,"OBJECTID":29,"Name":"Placemark","FolderPath":"BBMP Toilets","SymbolID":0,"AltMode":-1,"Base":0,"Snippet":"","PopupInfo":"","HasLabel":-1,"LabelID":0,"ward_source_id":"ward_369_final.345","ward_source_Name":null,"ward_description":null,"ward_timestamp":null,"ward_begin":null,"ward_end":null,"ward_altitudeMode":null,"ward_tessellate":-1,"ward_extrude":0,"ward_visibility":-1,"ward_drawOrder":null,"ward_icon":null,"ward_Corporation":"West","ward_corporation_kn":"ಪಶ್ಚಿಮ","ward_corporation_id":"5","ward_ac":"Govindraj Nagar","ward_ac_kn":"ಗೋವಿಂದರಾಜ ನಗರ","ward_ac_no":"166","ward_Assembly":"166 - Govindraj Nagar","ward_id":"78","ward_name":"78 - Anubhava Nagara","ward_name_kn":"ಅನುಭವ ನಗರ","ward_TOT_P":"23375.0","ward_TOT_M":"12025.0","ward_TOT_F":"11350.0","ward_SC_P":"1045.0","ward_SC_M":"520.0","ward_SC_F":"525.0","ward_ST_P":"317.0","ward_ST_M":"167.0","ward_ST_F":"150.0","ward_low_range":"18949","ward_high_range":"28424","ward_RO_Code":"3","ward_RO_Division":"RO- Chandra Layout","ward_ARO_Code":"11","ward_ARO_ Sub Division":"ARO- Maruthi Mandira","ward_zone":"Zone2","ward_zone_name":"Malleshwaram","ward_join_status":"matched","ward_spatial_match_count":1},"geometry":{"type":"Point","coordinates":[77.52351890000006,12.963774200000046,0]},"id":29},{"type":"Feature","properties":{"fid":30,"OBJECTID":30,"Name":"Placemark","FolderPath":"BBMP Toilets","SymbolID":0,"AltMode":-1,"Base":0,"Snippet":"","PopupInfo":"","HasLabel":-1,"LabelID":0,"ward_source_id":"ward_369_final.94","ward_source_Name":null,"ward_description":null,"ward_timestamp":null,"ward_begin":null,"ward_end":null,"ward_altitudeMode":null,"ward_tessellate":-1,"ward_extrude":0,"ward_visibility":-1,"ward_drawOrder":null,"ward_icon":null,"ward_Corporation":"North","ward_corporation_kn":"ಉತ್ತರ","ward_corporation_id":"2","ward_ac":"Yelahanka","ward_ac_kn":"ಯಲಹಂಕ","ward_ac_no":"150","ward_Assembly":"150 - Yelahanka","ward_id":"1","ward_name":"1 - Raja Kempegowda ward","ward_name_kn":"ರಾಜ ಕೆಂಪೇಗೌಡ ವಾರ್ಡ್","ward_TOT_P":"21561.0","ward_TOT_M":"11217.0","ward_TOT_F":"10344.0","ward_SC_P":"2143.0","ward_SC_M":"1080.0","ward_SC_F":"1063.0","ward_ST_P":"681.0","ward_ST_M":"327.0","ward_ST_F":"353.0","ward_low_range":"19943","ward_high_range":"29914","ward_RO_Code":"11","ward_RO_Division":"RO- Yelahanka","ward_ARO_Code":"29","ward_ARO_ Sub Division":"ARO- Yelahanka Old Town","ward_zone":"Zone2","ward_zone_name":"Yelahanka","ward_join_status":"matched","ward_spatial_match_count":1},"geometry":{"type":"Point","coordinates":[77.59238490000007,13.103622900000062,0]},"id":30},{"type":"Feature","properties":{"fid":31,"OBJECTID":31,"Name":"Placemark","FolderPath":"BBMP Toilets","SymbolID":0,"AltMode":-1,"Base":0,"Snippet":"","PopupInfo":"","HasLabel":-1,"LabelID":0,"ward_source_id":"ward_369_final.324","ward_source_Name":null,"ward_description":null,"ward_timestamp":null,"ward_begin":null,"ward_end":null,"ward_altitudeMode":null,"ward_tessellate":-1,"ward_extrude":0,"ward_visibility":-1,"ward_drawOrder":null,"ward_icon":null,"ward_Corporation":"West","ward_corporation_kn":"ಪಶ್ಚಿಮ","ward_corporation_id":"5","ward_ac":"Govindraj Nagar","ward_ac_kn":"ಗೋವಿಂದರಾಜ ನಗರ","ward_ac_no":"166","ward_Assembly":"166 - Govindraj Nagar","ward_id":"74","ward_name":"74 - Pattegar Palya","ward_name_kn":"ಪಟ್ಟೆಗಾರ್ ಪಾಳ್ಯ","ward_TOT_P":"20465.0","ward_TOT_M":"10741.0","ward_TOT_F":"9723.0","ward_SC_P":"970.0","ward_SC_M":"497.0","ward_SC_F":"472.0","ward_ST_P":"531.0","ward_ST_M":"269.0","ward_ST_F":"261.0","ward_low_range":"18949","ward_high_range":"28424","ward_RO_Code":"4","ward_RO_Division":"RO- Govindraj Nagar","ward_ARO_Code":"13","ward_ARO_ Sub Division":"ARO- Kaveripura","ward_zone":"Zone2","ward_zone_name":"Malleshwaram","ward_join_status":"matched","ward_spatial_match_count":1},"geometry":{"type":"Point","coordinates":[77.52069650000004,12.974377900000036,0]},"id":31},{"type":"Feature","properties":{"fid":32,"OBJECTID":32,"Name":"Placemark","FolderPath":"BBMP Toilets","SymbolID":0,"AltMode":-1,"Base":0,"Snippet":"","PopupInfo":"","HasLabel":-1,"LabelID":0,"ward_source_id":"ward_369_final.345","ward_source_Name":null,"ward_description":null,"ward_timestamp":null,"ward_begin":null,"ward_end":null,"ward_altitudeMode":null,"ward_tessellate":-1,"ward_extrude":0,"ward_visibility":-1,"ward_drawOrder":null,"ward_icon":null,"ward_Corporation":"West","ward_corporation_kn":"ಪಶ್ಚಿಮ","ward_corporation_id":"5","ward_ac":"Govindraj Nagar","ward_ac_kn":"ಗೋವಿಂದರಾಜ ನಗರ","ward_ac_no":"166","ward_Assembly":"166 - Govindraj Nagar","ward_id":"78","ward_name":"78 - Anubhava Nagara","ward_name_kn":"ಅನುಭವ ನಗರ","ward_TOT_P":"23375.0","ward_TOT_M":"12025.0","ward_TOT_F":"11350.0","ward_SC_P":"1045.0","ward_SC_M":"520.0","ward_SC_F":"525.0","ward_ST_P":"317.0","ward_ST_M":"167.0","ward_ST_F":"150.0","ward_low_range":"18949","ward_high_range":"28424","ward_RO_Code":"3","ward_RO_Division":"RO- Chandra Layout","ward_ARO_Code":"11","ward_ARO_ Sub Division":"ARO- Maruthi Mandira","ward_zone":"Zone2","ward_zone_name":"Malleshwaram","ward_join_status":"matched","ward_spatial_match_count":1},"geometry":{"type":"Point","coordinates":[77.51818390000005,12.968298900000036,0]},"id":32},{"type":"Feature","properties":{"fid":33,"OBJECTID":33,"Name":"Placemark","FolderPath":"BBMP Toilets","SymbolID":0,"AltMode":-1,"Base":0,"Snippet":"","PopupInfo":"","HasLabel":-1,"LabelID":0,"ward_source_id":"ward_369_final.2","ward_source_Name":null,"ward_description":null,"ward_timestamp":null,"ward_begin":null,"ward_end":null,"ward_altitudeMode":null,"ward_tessellate":-1,"ward_extrude":0,"ward_visibility":-1,"ward_drawOrder":null,"ward_icon":null,"ward_Corporation":"North","ward_corporation_kn":"ಉತ್ತರ","ward_corporation_id":"2","ward_ac":"Yelahanka","ward_ac_kn":"ಯಲಹಂಕ","ward_ac_no":"150","ward_Assembly":"150 - Yelahanka","ward_id":"2","ward_name":"2 - Aerocity","ward_name_kn":"ಏರೋಸಿಟಿ","ward_TOT_P":"20655.0","ward_TOT_M":"10844.0","ward_TOT_F":"9810.0","ward_SC_P":"1636.0","ward_SC_M":"846.0","ward_SC_F":"790.0","ward_ST_P":"563.0","ward_ST_M":"292.0","ward_ST_F":"270.0","ward_low_range":"19943","ward_high_range":"29914","ward_RO_Code":"11","ward_RO_Division":"RO- Yelahanka","ward_ARO_Code":"29","ward_ARO_ Sub Division":"ARO- Yelahanka Old Town","ward_zone":"Zone2","ward_zone_name":"Yelahanka","ward_join_status":"matched","ward_spatial_match_count":1},"geometry":{"type":"Point","coordinates":[77.60018980000007,13.103959100000054,0]},"id":33},{"type":"Feature","properties":{"fid":34,"OBJECTID":34,"Name":"Placemark","FolderPath":"BBMP Toilets","SymbolID":0,"AltMode":-1,"Base":0,"Snippet":"","PopupInfo":"","HasLabel":-1,"LabelID":0,"ward_source_id":"ward_369_final.195","ward_source_Name":null,"ward_description":null,"ward_timestamp":null,"ward_begin":null,"ward_end":null,"ward_altitudeMode":null,"ward_tessellate":-1,"ward_extrude":0,"ward_visibility":-1,"ward_drawOrder":null,"ward_icon":null,"ward_Corporation":"North","ward_corporation_kn":"ಉತ್ತರ","ward_corporation_id":"2","ward_ac":"Byatarayanapura","ward_ac_kn":"ಬ್ಯಾಟರಾಯನಪುರ","ward_ac_no":"152","ward_Assembly":"152 - Byatarayanapura","ward_id":"11","ward_name":"11 - Doddabommasandra","ward_name_kn":"ದೊಡ್ಡಬೊಮ್ಮಸಂದ್ರ","ward_TOT_P":"25941.0","ward_TOT_M":"13423.0","ward_TOT_F":"12518.0","ward_SC_P":"3007.0","ward_SC_M":"1545.0","ward_SC_F":"1462.0","ward_ST_P":"473.0","ward_ST_M":"259.0","ward_ST_F":"214.0","ward_low_range":"19943","ward_high_range":"29914","ward_RO_Code":"1","ward_RO_Division":"RO- Bytarayanapura","ward_ARO_Code":"2","ward_ARO_ Sub Division":"ARO- Kodigehalli","ward_zone":"Zone1","ward_zone_name":"Byatarayanapura","ward_join_status":"matched","ward_spatial_match_count":1},"geometry":{"type":"Point","coordinates":[77.55928190000003,13.064329800000053,0]},"id":34},{"type":"Feature","properties":{"fid":35,"OBJECTID":35,"Name":"Placemark","FolderPath":"BBMP Toilets","SymbolID":0,"AltMode":-1,"Base":0,"Snippet":"","PopupInfo":"","HasLabel":-1,"LabelID":0,"ward_source_id":"ward_369_final.2","ward_source_Name":null,"ward_description":null,"ward_timestamp":null,"ward_begin":null,"ward_end":null,"ward_altitudeMode":null,"ward_tessellate":-1,"ward_extrude":0,"ward_visibility":-1,"ward_drawOrder":null,"ward_icon":null,"ward_Corporation":"North","ward_corporation_kn":"ಉತ್ತರ","ward_corporation_id":"2","ward_ac":"Yelahanka","ward_ac_kn":"ಯಲಹಂಕ","ward_ac_no":"150","ward_Assembly":"150 - Yelahanka","ward_id":"2","ward_name":"2 - Aerocity","ward_name_kn":"ಏರೋಸಿಟಿ","ward_TOT_P":"20655.0","ward_TOT_M":"10844.0","ward_TOT_F":"9810.0","ward_SC_P":"1636.0","ward_SC_M":"846.0","ward_SC_F":"790.0","ward_ST_P":"563.0","ward_ST_M":"292.0","ward_ST_F":"270.0","ward_low_range":"19943","ward_high_range":"29914","ward_RO_Code":"11","ward_RO_Division":"RO- Yelahanka","ward_ARO_Code":"29","ward_ARO_ Sub Division":"ARO- Yelahanka Old Town","ward_zone":"Zone2","ward_zone_name":"Yelahanka","ward_join_status":"matched","ward_spatial_match_count":1},"geometry":{"type":"Point","coordinates":[77.60273380000007,13.10365420000005,0]},"id":35},{"type":"Feature","properties":{"fid":36,"OBJECTID":36,"Name":"Placemark","FolderPath":"BBMP Toilets","SymbolID":0,"AltMode":-1,"Base":0,"Snippet":"","PopupInfo":"","HasLabel":-1,"LabelID":0,"ward_source_id":"ward_369_final.61","ward_source_Name":null,"ward_description":null,"ward_timestamp":null,"ward_begin":null,"ward_end":null,"ward_altitudeMode":null,"ward_tessellate":-1,"ward_extrude":0,"ward_visibility":-1,"ward_drawOrder":null,"ward_icon":null,"ward_Corporation":"North","ward_corporation_kn":"ಉತ್ತರ","ward_corporation_id":"2","ward_ac":"Yelahanka","ward_ac_kn":"ಯಲಹಂಕ","ward_ac_no":"150","ward_Assembly":"150 - Yelahanka","ward_id":"5","ward_name":"5 - Yelahanka Satellite Town","ward_name_kn":"ಯಲಹಂಕ ಸ್ಯಾಟಲೈಟ್‌ ಟೌನ್‌","ward_TOT_P":"29889.0","ward_TOT_M":"15351.0","ward_TOT_F":"14528.0","ward_SC_P":"3050.0","ward_SC_M":"1534.0","ward_SC_F":"1516.0","ward_ST_P":"800.0","ward_ST_M":"402.0","ward_ST_F":"397.0","ward_low_range":"19943","ward_high_range":"29914","ward_RO_Code":"11","ward_RO_Division":"RO- Yelahanka","ward_ARO_Code":"30","ward_ARO_ Sub Division":"ARO- Yelahanka Satellite Town","ward_zone":"Zone2","ward_zone_name":"Yelahanka","ward_join_status":"matched","ward_spatial_match_count":1},"geometry":{"type":"Point","coordinates":[77.59119100000004,13.097315300000048,0]},"id":36},{"type":"Feature","properties":{"fid":37,"OBJECTID":37,"Name":"Placemark","FolderPath":"BBMP Toilets","SymbolID":0,"AltMode":-1,"Base":0,"Snippet":"","PopupInfo":"","HasLabel":-1,"LabelID":0,"ward_source_id":"ward_369_final.2","ward_source_Name":null,"ward_description":null,"ward_timestamp":null,"ward_begin":null,"ward_end":null,"ward_altitudeMode":null,"ward_tessellate":-1,"ward_extrude":0,"ward_visibility":-1,"ward_drawOrder":null,"ward_icon":null,"ward_Corporation":"North","ward_corporation_kn":"ಉತ್ತರ","ward_corporation_id":"2","ward_ac":"Yelahanka","ward_ac_kn":"ಯಲಹಂಕ","ward_ac_no":"150","ward_Assembly":"150 - Yelahanka","ward_id":"2","ward_name":"2 - Aerocity","ward_name_kn":"ಏರೋಸಿಟಿ","ward_TOT_P":"20655.0","ward_TOT_M":"10844.0","ward_TOT_F":"9810.0","ward_SC_P":"1636.0","ward_SC_M":"846.0","ward_SC_F":"790.0","ward_ST_P":"563.0","ward_ST_M":"292.0","ward_ST_F":"270.0","ward_low_range":"19943","ward_high_range":"29914","ward_RO_Code":"11","ward_RO_Division":"RO- Yelahanka","ward_ARO_Code":"29","ward_ARO_ Sub Division":"ARO- Yelahanka Old Town","ward_zone":"Zone2","ward_zone_name":"Yelahanka","ward_join_status":"matched","ward_spatial_match_count":1},"geometry":{"type":"Point","coordinates":[77.60258890000006,13.10868830000004,0]},"id":37},{"type":"Feature","properties":{"fid":38,"OBJECTID":38,"Name":"Placemark","FolderPath":"BBMP Toilets","SymbolID":0,"AltMode":-1,"Base":0,"Snippet":"","PopupInfo":"","HasLabel":-1,"LabelID":0,"ward_source_id":"ward_369_final.195","ward_source_Name":null,"ward_description":null,"ward_timestamp":null,"ward_begin":null,"ward_end":null,"ward_altitudeMode":null,"ward_tessellate":-1,"ward_extrude":0,"ward_visibility":-1,"ward_drawOrder":null,"ward_icon":null,"ward_Corporation":"North","ward_corporation_kn":"ಉತ್ತರ","ward_corporation_id":"2","ward_ac":"Byatarayanapura","ward_ac_kn":"ಬ್ಯಾಟರಾಯನಪುರ","ward_ac_no":"152","ward_Assembly":"152 - Byatarayanapura","ward_id":"11","ward_name":"11 - Doddabommasandra","ward_name_kn":"ದೊಡ್ಡಬೊಮ್ಮಸಂದ್ರ","ward_TOT_P":"25941.0","ward_TOT_M":"13423.0","ward_TOT_F":"12518.0","ward_SC_P":"3007.0","ward_SC_M":"1545.0","ward_SC_F":"1462.0","ward_ST_P":"473.0","ward_ST_M":"259.0","ward_ST_F":"214.0","ward_low_range":"19943","ward_high_range":"29914","ward_RO_Code":"1","ward_RO_Division":"RO- Bytarayanapura","ward_ARO_Code":"2","ward_ARO_ Sub Division":"ARO- Kodigehalli","ward_zone":"Zone1","ward_zone_name":"Byatarayanapura","ward_join_status":"matched","ward_spatial_match_count":1},"geometry":{"type":"Point","coordinates":[77.56050740000006,13.068679200000076,0]},"id":38},{"type":"Feature","properties":{"fid":39,"OBJECTID":39,"Name":"Placemark","FolderPath":"BBMP Toilets","SymbolID":0,"AltMode":-1,"Base":0,"Snippet":"","PopupInfo":"","HasLabel":-1,"LabelID":0,"ward_source_id":"ward_369_final.61","ward_source_Name":null,"ward_description":null,"ward_timestamp":null,"ward_begin":null,"ward_end":null,"ward_altitudeMode":null,"ward_tessellate":-1,"ward_extrude":0,"ward_visibility":-1,"ward_drawOrder":null,"ward_icon":null,"ward_Corporation":"North","ward_corporation_kn":"ಉತ್ತರ","ward_corporation_id":"2","ward_ac":"Yelahanka","ward_ac_kn":"ಯಲಹಂಕ","ward_ac_no":"150","ward_Assembly":"150 - Yelahanka","ward_id":"5","ward_name":"5 - Yelahanka Satellite Town","ward_name_kn":"ಯಲಹಂಕ ಸ್ಯಾಟಲೈಟ್‌ ಟೌನ್‌","ward_TOT_P":"29889.0","ward_TOT_M":"15351.0","ward_TOT_F":"14528.0","ward_SC_P":"3050.0","ward_SC_M":"1534.0","ward_SC_F":"1516.0","ward_ST_P":"800.0","ward_ST_M":"402.0","ward_ST_F":"397.0","ward_low_range":"19943","ward_high_range":"29914","ward_RO_Code":"11","ward_RO_Division":"RO- Yelahanka","ward_ARO_Code":"30","ward_ARO_ Sub Division":"ARO- Yelahanka Satellite Town","ward_zone":"Zone2","ward_zone_name":"Yelahanka","ward_join_status":"matched","ward_spatial_match_count":1},"geometry":{"type":"Point","coordinates":[77.58890790000004,13.099637600000051,0]},"id":39},{"type":"Feature","properties":{"fid":40,"OBJECTID":40,"Name":"Placemark","FolderPath":"BBMP Toilets","SymbolID":0,"AltMode":-1,"Base":0,"Snippet":"","PopupInfo":"","HasLabel":-1,"LabelID":0,"ward_source_id":"ward_369_final.91","ward_source_Name":null,"ward_description":null,"ward_timestamp":null,"ward_begin":null,"ward_end":null,"ward_altitudeMode":null,"ward_tessellate":-1,"ward_extrude":0,"ward_visibility":-1,"ward_drawOrder":null,"ward_icon":null,"ward_Corporation":"Central","ward_corporation_kn":"ಕೇಂದ್ರ","ward_corporation_id":"1","ward_ac":"Gandhinagara","ward_ac_kn":"ಗಾಂಧಿನಗರ","ward_ac_no":"164","ward_Assembly":"164 - Gandhinagara","ward_id":"62","ward_name":"62 - Swatantra Palya Ward","ward_name_kn":"ಸ್ವತಂತ್ರ ಪಾಳ್ಯ ವಾರ್ಡ್","ward_TOT_P":"28137.0","ward_TOT_M":"14255.0","ward_TOT_F":"13883.0","ward_SC_P":"12723.0","ward_SC_M":"6443.0","ward_SC_F":"6280.0","ward_ST_P":"367.0","ward_ST_M":"198.0","ward_ST_F":"170.0","ward_low_range":"18853","ward_high_range":"28280","ward_RO_Code":"5","ward_RO_Division":"RO - Gandhinagara","ward_ARO_Code":"16","ward_ARO_ Sub Division":"ARO- Okalipuram","ward_zone":"Zone2","ward_zone_name":"Gandhinagara","ward_join_status":"matched","ward_spatial_match_count":1},"geometry":{"type":"Point","coordinates":[77.56725500000005,12.987694900000065,0]},"id":40},{"type":"Feature","properties":{"fid":41,"OBJECTID":41,"Name":"Placemark","FolderPath":"BBMP Toilets","SymbolID":0,"AltMode":-1,"Base":0,"Snippet":"","PopupInfo":"","HasLabel":-1,"LabelID":0,"ward_source_id":"ward_369_final.91","ward_source_Name":null,"ward_description":null,"ward_timestamp":null,"ward_begin":null,"ward_end":null,"ward_altitudeMode":null,"ward_tessellate":-1,"ward_extrude":0,"ward_visibility":-1,"ward_drawOrder":null,"ward_icon":null,"ward_Corporation":"Central","ward_corporation_kn":"ಕೇಂದ್ರ","ward_corporation_id":"1","ward_ac":"Gandhinagara","ward_ac_kn":"ಗಾಂಧಿನಗರ","ward_ac_no":"164","ward_Assembly":"164 - Gandhinagara","ward_id":"62","ward_name":"62 - Swatantra Palya Ward","ward_name_kn":"ಸ್ವತಂತ್ರ ಪಾಳ್ಯ ವಾರ್ಡ್","ward_TOT_P":"28137.0","ward_TOT_M":"14255.0","ward_TOT_F":"13883.0","ward_SC_P":"12723.0","ward_SC_M":"6443.0","ward_SC_F":"6280.0","ward_ST_P":"367.0","ward_ST_M":"198.0","ward_ST_F":"170.0","ward_low_range":"18853","ward_high_range":"28280","ward_RO_Code":"5","ward_RO_Division":"RO - Gandhinagara","ward_ARO_Code":"16","ward_ARO_ Sub Division":"ARO- Okalipuram","ward_zone":"Zone2","ward_zone_name":"Gandhinagara","ward_join_status":"matched","ward_spatial_match_count":1},"geometry":{"type":"Point","coordinates":[77.56760820000005,12.987675600000046,0]},"id":41},{"type":"Feature","properties":{"fid":42,"OBJECTID":42,"Name":"Placemark","FolderPath":"BBMP Toilets","SymbolID":0,"AltMode":-1,"Base":0,"Snippet":"","PopupInfo":"","HasLabel":-1,"LabelID":0,"ward_source_id":"ward_369_final.61","ward_source_Name":null,"ward_description":null,"ward_timestamp":null,"ward_begin":null,"ward_end":null,"ward_altitudeMode":null,"ward_tessellate":-1,"ward_extrude":0,"ward_visibility":-1,"ward_drawOrder":null,"ward_icon":null,"ward_Corporation":"North","ward_corporation_kn":"ಉತ್ತರ","ward_corporation_id":"2","ward_ac":"Yelahanka","ward_ac_kn":"ಯಲಹಂಕ","ward_ac_no":"150","ward_Assembly":"150 - Yelahanka","ward_id":"5","ward_name":"5 - Yelahanka Satellite Town","ward_name_kn":"ಯಲಹಂಕ ಸ್ಯಾಟಲೈಟ್‌ ಟೌನ್‌","ward_TOT_P":"29889.0","ward_TOT_M":"15351.0","ward_TOT_F":"14528.0","ward_SC_P":"3050.0","ward_SC_M":"1534.0","ward_SC_F":"1516.0","ward_ST_P":"800.0","ward_ST_M":"402.0","ward_ST_F":"397.0","ward_low_range":"19943","ward_high_range":"29914","ward_RO_Code":"11","ward_RO_Division":"RO- Yelahanka","ward_ARO_Code":"30","ward_ARO_ Sub Division":"ARO- Yelahanka Satellite Town","ward_zone":"Zone2","ward_zone_name":"Yelahanka","ward_join_status":"matched","ward_spatial_match_count":1},"geometry":{"type":"Point","coordinates":[77.59185920000004,13.097456700000066,0]},"id":42},{"type":"Feature","properties":{"fid":43,"OBJECTID":43,"Name":"Placemark","FolderPath":"BBMP Toilets","SymbolID":0,"AltMode":-1,"Base":0,"Snippet":"","PopupInfo":"","HasLabel":-1,"LabelID":0,"ward_source_id":"ward_369_final.2","ward_source_Name":null,"ward_description":null,"ward_timestamp":null,"ward_begin":null,"ward_end":null,"ward_altitudeMode":null,"ward_tessellate":-1,"ward_extrude":0,"ward_visibility":-1,"ward_drawOrder":null,"ward_icon":null,"ward_Corporation":"North","ward_corporation_kn":"ಉತ್ತರ","ward_corporation_id":"2","ward_ac":"Yelahanka","ward_ac_kn":"ಯಲಹಂಕ","ward_ac_no":"150","ward_Assembly":"150 - Yelahanka","ward_id":"2","ward_name":"2 - Aerocity","ward_name_kn":"ಏರೋಸಿಟಿ","ward_TOT_P":"20655.0","ward_TOT_M":"10844.0","ward_TOT_F":"9810.0","ward_SC_P":"1636.0","ward_SC_M":"846.0","ward_SC_F":"790.0","ward_ST_P":"563.0","ward_ST_M":"292.0","ward_ST_F":"270.0","ward_low_range":"19943","ward_high_range":"29914","ward_RO_Code":"11","ward_RO_Division":"RO- Yelahanka","ward_ARO_Code":"29","ward_ARO_ Sub Division":"ARO- Yelahanka Old Town","ward_zone":"Zone2","ward_zone_name":"Yelahanka","ward_join_status":"matched","ward_spatial_match_count":1},"geometry":{"type":"Point","coordinates":[77.60043230000008,13.096512800000028,0]},"id":43},{"type":"Feature","properties":{"fid":44,"OBJECTID":44,"Name":"Placemark","FolderPath":"BBMP Toilets","SymbolID":0,"AltMode":-1,"Base":0,"Snippet":"","PopupInfo":"","HasLabel":-1,"LabelID":0,"ward_source_id":"ward_369_final.91","ward_source_Name":null,"ward_description":null,"ward_timestamp":null,"ward_begin":null,"ward_end":null,"ward_altitudeMode":null,"ward_tessellate":-1,"ward_extrude":0,"ward_visibility":-1,"ward_drawOrder":null,"ward_icon":null,"ward_Corporation":"Central","ward_corporation_kn":"ಕೇಂದ್ರ","ward_corporation_id":"1","ward_ac":"Gandhinagara","ward_ac_kn":"ಗಾಂಧಿನಗರ","ward_ac_no":"164","ward_Assembly":"164 - Gandhinagara","ward_id":"62","ward_name":"62 - Swatantra Palya Ward","ward_name_kn":"ಸ್ವತಂತ್ರ ಪಾಳ್ಯ ವಾರ್ಡ್","ward_TOT_P":"28137.0","ward_TOT_M":"14255.0","ward_TOT_F":"13883.0","ward_SC_P":"12723.0","ward_SC_M":"6443.0","ward_SC_F":"6280.0","ward_ST_P":"367.0","ward_ST_M":"198.0","ward_ST_F":"170.0","ward_low_range":"18853","ward_high_range":"28280","ward_RO_Code":"5","ward_RO_Division":"RO - Gandhinagara","ward_ARO_Code":"16","ward_ARO_ Sub Division":"ARO- Okalipuram","ward_zone":"Zone2","ward_zone_name":"Gandhinagara","ward_join_status":"matched","ward_spatial_match_count":1},"geometry":{"type":"Point","coordinates":[77.56777110000007,12.987681300000077,0]},"id":44},{"type":"Feature","properties":{"fid":45,"OBJECTID":45,"Name":"Placemark","FolderPath":"BBMP Toilets","SymbolID":0,"AltMode":-1,"Base":0,"Snippet":"","PopupInfo":"","HasLabel":-1,"LabelID":0,"ward_source_id":"ward_369_final.61","ward_source_Name":null,"ward_description":null,"ward_timestamp":null,"ward_begin":null,"ward_end":null,"ward_altitudeMode":null,"ward_tessellate":-1,"ward_extrude":0,"ward_visibility":-1,"ward_drawOrder":null,"ward_icon":null,"ward_Corporation":"North","ward_corporation_kn":"ಉತ್ತರ","ward_corporation_id":"2","ward_ac":"Yelahanka","ward_ac_kn":"ಯಲಹಂಕ","ward_ac_no":"150","ward_Assembly":"150 - Yelahanka","ward_id":"5","ward_name":"5 - Yelahanka Satellite Town","ward_name_kn":"ಯಲಹಂಕ ಸ್ಯಾಟಲೈಟ್‌ ಟೌನ್‌","ward_TOT_P":"29889.0","ward_TOT_M":"15351.0","ward_TOT_F":"14528.0","ward_SC_P":"3050.0","ward_SC_M":"1534.0","ward_SC_F":"1516.0","ward_ST_P":"800.0","ward_ST_M":"402.0","ward_ST_F":"397.0","ward_low_range":"19943","ward_high_range":"29914","ward_RO_Code":"11","ward_RO_Division":"RO- Yelahanka","ward_ARO_Code":"30","ward_ARO_ Sub Division":"ARO- Yelahanka Satellite Town","ward_zone":"Zone2","ward_zone_name":"Yelahanka","ward_join_status":"matched","ward_spatial_match_count":1},"geometry":{"type":"Point","coordinates":[77.58225860000005,13.098829400000056,0]},"id":45},{"type":"Feature","properties":{"fid":46,"OBJECTID":46,"Name":"Placemark","FolderPath":"BBMP Toilets","SymbolID":0,"AltMode":-1,"Base":0,"Snippet":"","PopupInfo":"","HasLabel":-1,"LabelID":0,"ward_source_id":"ward_369_final.182","ward_source_Name":null,"ward_description":null,"ward_timestamp":null,"ward_begin":null,"ward_end":null,"ward_altitudeMode":null,"ward_tessellate":-1,"ward_extrude":0,"ward_visibility":-1,"ward_drawOrder":null,"ward_icon":null,"ward_Corporation":"North","ward_corporation_kn":"ಉತ್ತರ","ward_corporation_id":"2","ward_ac":"Byatarayanapura","ward_ac_kn":"ಬ್ಯಾಟರಾಯನಪುರ","ward_ac_no":"152","ward_Assembly":"152 - Byatarayanapura","ward_id":"12","ward_name":"12 - Thindlu","ward_name_kn":"ತಿಂಡ್ಲು","ward_TOT_P":"24289.0","ward_TOT_M":"12524.0","ward_TOT_F":"11765.0","ward_SC_P":"2074.0","ward_SC_M":"1065.0","ward_SC_F":"1008.0","ward_ST_P":"735.0","ward_ST_M":"374.0","ward_ST_F":"360.0","ward_low_range":"19943","ward_high_range":"29914","ward_RO_Code":"1","ward_RO_Division":"RO- Bytarayanapura","ward_ARO_Code":"2","ward_ARO_ Sub Division":"ARO- Kodigehalli","ward_zone":"Zone1","ward_zone_name":"Byatarayanapura","ward_join_status":"matched","ward_spatial_match_count":1},"geometry":{"type":"Point","coordinates":[77.57085230000007,13.064915800000051,0]},"id":46},{"type":"Feature","properties":{"fid":47,"OBJECTID":47,"Name":"Placemark","FolderPath":"BBMP Toilets","SymbolID":0,"AltMode":-1,"Base":0,"Snippet":"","PopupInfo":"","HasLabel":-1,"LabelID":0,"ward_source_id":"ward_369_final.94","ward_source_Name":null,"ward_description":null,"ward_timestamp":null,"ward_begin":null,"ward_end":null,"ward_altitudeMode":null,"ward_tessellate":-1,"ward_extrude":0,"ward_visibility":-1,"ward_drawOrder":null,"ward_icon":null,"ward_Corporation":"North","ward_corporation_kn":"ಉತ್ತರ","ward_corporation_id":"2","ward_ac":"Yelahanka","ward_ac_kn":"ಯಲಹಂಕ","ward_ac_no":"150","ward_Assembly":"150 - Yelahanka","ward_id":"1","ward_name":"1 - Raja Kempegowda ward","ward_name_kn":"ರಾಜ ಕೆಂಪೇಗೌಡ ವಾರ್ಡ್","ward_TOT_P":"21561.0","ward_TOT_M":"11217.0","ward_TOT_F":"10344.0","ward_SC_P":"2143.0","ward_SC_M":"1080.0","ward_SC_F":"1063.0","ward_ST_P":"681.0","ward_ST_M":"327.0","ward_ST_F":"353.0","ward_low_range":"19943","ward_high_range":"29914","ward_RO_Code":"11","ward_RO_Division":"RO- Yelahanka","ward_ARO_Code":"29","ward_ARO_ Sub Division":"ARO- Yelahanka Old Town","ward_zone":"Zone2","ward_zone_name":"Yelahanka","ward_join_status":"matched","ward_spatial_match_count":1},"geometry":{"type":"Point","coordinates":[77.59668130000006,13.097933600000033,0]},"id":47},{"type":"Feature","properties":{"fid":48,"OBJECTID":48,"Name":"Placemark","FolderPath":"BBMP Toilets","SymbolID":0,"AltMode":-1,"Base":0,"Snippet":"","PopupInfo":"","HasLabel":-1,"LabelID":0,"ward_source_id":"ward_369_final.61","ward_source_Name":null,"ward_description":null,"ward_timestamp":null,"ward_begin":null,"ward_end":null,"ward_altitudeMode":null,"ward_tessellate":-1,"ward_extrude":0,"ward_visibility":-1,"ward_drawOrder":null,"ward_icon":null,"ward_Corporation":"North","ward_corporation_kn":"ಉತ್ತರ","ward_corporation_id":"2","ward_ac":"Yelahanka","ward_ac_kn":"ಯಲಹಂಕ","ward_ac_no":"150","ward_Assembly":"150 - Yelahanka","ward_id":"5","ward_name":"5 - Yelahanka Satellite Town","ward_name_kn":"ಯಲಹಂಕ ಸ್ಯಾಟಲೈಟ್‌ ಟೌನ್‌","ward_TOT_P":"29889.0","ward_TOT_M":"15351.0","ward_TOT_F":"14528.0","ward_SC_P":"3050.0","ward_SC_M":"1534.0","ward_SC_F":"1516.0","ward_ST_P":"800.0","ward_ST_M":"402.0","ward_ST_F":"397.0","ward_low_range":"19943","ward_high_range":"29914","ward_RO_Code":"11","ward_RO_Division":"RO- Yelahanka","ward_ARO_Code":"30","ward_ARO_ Sub Division":"ARO- Yelahanka Satellite Town","ward_zone":"Zone2","ward_zone_name":"Yelahanka","ward_join_status":"matched","ward_spatial_match_count":1},"geometry":{"type":"Point","coordinates":[77.57879020000007,13.095864400000039,0]},"id":48},{"type":"Feature","properties":{"fid":49,"OBJECTID":49,"Name":"Placemark","FolderPath":"BBMP Toilets","SymbolID":0,"AltMode":-1,"Base":0,"Snippet":"","PopupInfo":"","HasLabel":-1,"LabelID":0,"ward_source_id":"ward_369_final.152","ward_source_Name":null,"ward_description":null,"ward_timestamp":null,"ward_begin":null,"ward_end":null,"ward_altitudeMode":null,"ward_tessellate":-1,"ward_extrude":0,"ward_visibility":-1,"ward_drawOrder":null,"ward_icon":null,"ward_Corporation":"North","ward_corporation_kn":"ಉತ್ತರ","ward_corporation_id":"2","ward_ac":"Byatarayanapura","ward_ac_kn":"ಬ್ಯಾಟರಾಯನಪುರ","ward_ac_no":"152","ward_Assembly":"152 - Byatarayanapura","ward_id":"10","ward_name":"10 - Vidyaranyapura","ward_name_kn":"ವಿದ್ಯಾರಣ್ಯಪುರ","ward_TOT_P":"24887.0","ward_TOT_M":"12633.0","ward_TOT_F":"12254.0","ward_SC_P":"1818.0","ward_SC_M":"935.0","ward_SC_F":"883.0","ward_ST_P":"337.0","ward_ST_M":"178.0","ward_ST_F":"158.0","ward_low_range":"19943","ward_high_range":"29914","ward_RO_Code":"1","ward_RO_Division":"RO- Bytarayanapura","ward_ARO_Code":"3","ward_ARO_ Sub Division":"ARO- Vidyaranyapura","ward_zone":"Zone1","ward_zone_name":"Byatarayanapura","ward_join_status":"matched","ward_spatial_match_count":1},"geometry":{"type":"Point","coordinates":[77.55680850000005,13.070941800000071,0]},"id":49},{"type":"Feature","properties":{"fid":50,"OBJECTID":50,"Name":"Placemark","FolderPath":"BBMP Toilets","SymbolID":0,"AltMode":-1,"Base":0,"Snippet":"","PopupInfo":"","HasLabel":-1,"LabelID":0,"ward_source_id":"ward_369_final.3","ward_source_Name":null,"ward_description":null,"ward_timestamp":null,"ward_begin":null,"ward_end":null,"ward_altitudeMode":null,"ward_tessellate":-1,"ward_extrude":0,"ward_visibility":-1,"ward_drawOrder":null,"ward_icon":null,"ward_Corporation":"North","ward_corporation_kn":"ಉತ್ತರ","ward_corporation_id":"2","ward_ac":"Yelahanka","ward_ac_kn":"ಯಲಹಂಕ","ward_ac_no":"150","ward_Assembly":"150 - Yelahanka","ward_id":"3","ward_name":"3 - Chowdeshwari ward","ward_name_kn":"ಚೌಡೇಶ್ವರಿ ವಾರ್ಡ್","ward_TOT_P":"26795.0","ward_TOT_M":"14502.0","ward_TOT_F":"12281.0","ward_SC_P":"2432.0","ward_SC_M":"1336.0","ward_SC_F":"1096.0","ward_ST_P":"477.0","ward_ST_M":"264.0","ward_ST_F":"213.0","ward_low_range":"19943","ward_high_range":"29914","ward_RO_Code":"11","ward_RO_Division":"RO- Yelahanka","ward_ARO_Code":"29","ward_ARO_ Sub Division":"ARO- Yelahanka Old Town","ward_zone":"Zone2","ward_zone_name":"Yelahanka","ward_join_status":"matched","ward_spatial_match_count":1},"geometry":{"type":"Point","coordinates":[77.58062820000004,13.109321500000021,0]},"id":50},{"type":"Feature","properties":{"fid":51,"OBJECTID":51,"Name":"Placemark","FolderPath":"BBMP Toilets","SymbolID":0,"AltMode":-1,"Base":0,"Snippet":"","PopupInfo":"","HasLabel":-1,"LabelID":0,"ward_source_id":"ward_369_final.176","ward_source_Name":null,"ward_description":null,"ward_timestamp":null,"ward_begin":null,"ward_end":null,"ward_altitudeMode":null,"ward_tessellate":-1,"ward_extrude":0,"ward_visibility":-1,"ward_drawOrder":null,"ward_icon":null,"ward_Corporation":"North","ward_corporation_kn":"ಉತ್ತರ","ward_corporation_id":"2","ward_ac":"Byatarayanapura","ward_ac_kn":"ಬ್ಯಾಟರಾಯನಪುರ","ward_ac_no":"152","ward_Assembly":"152 - Byatarayanapura","ward_id":"18","ward_name":"18 - Kempapura","ward_name_kn":"ಕೆಂಪಾಪುರ","ward_TOT_P":"28936.0","ward_TOT_M":"15396.0","ward_TOT_F":"13540.0","ward_SC_P":"2346.0","ward_SC_M":"1197.0","ward_SC_F":"1149.0","ward_ST_P":"554.0","ward_ST_M":"290.0","ward_ST_F":"264.0","ward_low_range":"19943","ward_high_range":"29914","ward_RO_Code":"2","ward_RO_Division":"RO- Thanisandra","ward_ARO_Code":"6","ward_ARO_ Sub Division":"ARO- Thanisandra","ward_zone":"Zone1","ward_zone_name":"Byatarayanapura","ward_join_status":"matched","ward_spatial_match_count":1},"geometry":{"type":"Point","coordinates":[77.59219560000008,13.04206030000006,0]},"id":51},{"type":"Feature","properties":{"fid":52,"OBJECTID":52,"Name":"Placemark","FolderPath":"BBMP Toilets","SymbolID":0,"AltMode":-1,"Base":0,"Snippet":"","PopupInfo":"","HasLabel":-1,"LabelID":0,"ward_source_id":"ward_369_final.97","ward_source_Name":null,"ward_description":null,"ward_timestamp":null,"ward_begin":null,"ward_end":null,"ward_altitudeMode":null,"ward_tessellate":-1,"ward_extrude":0,"ward_visibility":-1,"ward_drawOrder":null,"ward_icon":null,"ward_Corporation":"North","ward_corporation_kn":"ಉತ್ತರ","ward_corporation_id":"2","ward_ac":"Yelahanka","ward_ac_kn":"ಯಲಹಂಕ","ward_ac_no":"150","ward_Assembly":"150 - Yelahanka","ward_id":"4","ward_name":"4 - Nyayanga Badavane","ward_name_kn":"ನ್ಯಾಯಾಂಗ ಬಡಾವಣೆ","ward_TOT_P":"20006.0","ward_TOT_M":"10561.0","ward_TOT_F":"9446.0","ward_SC_P":"4044.0","ward_SC_M":"2066.0","ward_SC_F":"1979.0","ward_ST_P":"541.0","ward_ST_M":"288.0","ward_ST_F":"253.0","ward_low_range":"19943","ward_high_range":"29914","ward_RO_Code":"11","ward_RO_Division":"RO- Yelahanka","ward_ARO_Code":"30","ward_ARO_ Sub Division":"ARO- Yelahanka Satellite Town","ward_zone":"Zone2","ward_zone_name":"Yelahanka","ward_join_status":"matched","ward_spatial_match_count":1},"geometry":{"type":"Point","coordinates":[77.59455560000004,13.092012300000022,0]},"id":52},{"type":"Feature","properties":{"fid":53,"OBJECTID":53,"Name":"Placemark","FolderPath":"BBMP Toilets","SymbolID":0,"AltMode":-1,"Base":0,"Snippet":"","PopupInfo":"","HasLabel":-1,"LabelID":0,"ward_source_id":"ward_369_final.94","ward_source_Name":null,"ward_description":null,"ward_timestamp":null,"ward_begin":null,"ward_end":null,"ward_altitudeMode":null,"ward_tessellate":-1,"ward_extrude":0,"ward_visibility":-1,"ward_drawOrder":null,"ward_icon":null,"ward_Corporation":"North","ward_corporation_kn":"ಉತ್ತರ","ward_corporation_id":"2","ward_ac":"Yelahanka","ward_ac_kn":"ಯಲಹಂಕ","ward_ac_no":"150","ward_Assembly":"150 - Yelahanka","ward_id":"1","ward_name":"1 - Raja Kempegowda ward","ward_name_kn":"ರಾಜ ಕೆಂಪೇಗೌಡ ವಾರ್ಡ್","ward_TOT_P":"21561.0","ward_TOT_M":"11217.0","ward_TOT_F":"10344.0","ward_SC_P":"2143.0","ward_SC_M":"1080.0","ward_SC_F":"1063.0","ward_ST_P":"681.0","ward_ST_M":"327.0","ward_ST_F":"353.0","ward_low_range":"19943","ward_high_range":"29914","ward_RO_Code":"11","ward_RO_Division":"RO- Yelahanka","ward_ARO_Code":"29","ward_ARO_ Sub Division":"ARO- Yelahanka Old Town","ward_zone":"Zone2","ward_zone_name":"Yelahanka","ward_join_status":"matched","ward_spatial_match_count":1},"geometry":{"type":"Point","coordinates":[77.59288700000008,13.09839850000003,0]},"id":53},{"type":"Feature","properties":{"fid":54,"OBJECTID":54,"Name":"Placemark","FolderPath":"BBMP Toilets","SymbolID":0,"AltMode":-1,"Base":0,"Snippet":"","PopupInfo":"","HasLabel":-1,"LabelID":0,"ward_source_id":"ward_369_final.176","ward_source_Name":null,"ward_description":null,"ward_timestamp":null,"ward_begin":null,"ward_end":null,"ward_altitudeMode":null,"ward_tessellate":-1,"ward_extrude":0,"ward_visibility":-1,"ward_drawOrder":null,"ward_icon":null,"ward_Corporation":"North","ward_corporation_kn":"ಉತ್ತರ","ward_corporation_id":"2","ward_ac":"Byatarayanapura","ward_ac_kn":"ಬ್ಯಾಟರಾಯನಪುರ","ward_ac_no":"152","ward_Assembly":"152 - Byatarayanapura","ward_id":"18","ward_name":"18 - Kempapura","ward_name_kn":"ಕೆಂಪಾಪುರ","ward_TOT_P":"28936.0","ward_TOT_M":"15396.0","ward_TOT_F":"13540.0","ward_SC_P":"2346.0","ward_SC_M":"1197.0","ward_SC_F":"1149.0","ward_ST_P":"554.0","ward_ST_M":"290.0","ward_ST_F":"264.0","ward_low_range":"19943","ward_high_range":"29914","ward_RO_Code":"2","ward_RO_Division":"RO- Thanisandra","ward_ARO_Code":"6","ward_ARO_ Sub Division":"ARO- Thanisandra","ward_zone":"Zone1","ward_zone_name":"Byatarayanapura","ward_join_status":"matched","ward_spatial_match_count":1},"geometry":{"type":"Point","coordinates":[77.59029300000003,13.042230800000027,0]},"id":54},{"type":"Feature","properties":{"fid":55,"OBJECTID":55,"Name":"Placemark","FolderPath":"BBMP Toilets","SymbolID":0,"AltMode":-1,"Base":0,"Snippet":"","PopupInfo":"","HasLabel":-1,"LabelID":0,"ward_source_id":"ward_369_final.176","ward_source_Name":null,"ward_description":null,"ward_timestamp":null,"ward_begin":null,"ward_end":null,"ward_altitudeMode":null,"ward_tessellate":-1,"ward_extrude":0,"ward_visibility":-1,"ward_drawOrder":null,"ward_icon":null,"ward_Corporation":"North","ward_corporation_kn":"ಉತ್ತರ","ward_corporation_id":"2","ward_ac":"Byatarayanapura","ward_ac_kn":"ಬ್ಯಾಟರಾಯನಪುರ","ward_ac_no":"152","ward_Assembly":"152 - Byatarayanapura","ward_id":"18","ward_name":"18 - Kempapura","ward_name_kn":"ಕೆಂಪಾಪುರ","ward_TOT_P":"28936.0","ward_TOT_M":"15396.0","ward_TOT_F":"13540.0","ward_SC_P":"2346.0","ward_SC_M":"1197.0","ward_SC_F":"1149.0","ward_ST_P":"554.0","ward_ST_M":"290.0","ward_ST_F":"264.0","ward_low_range":"19943","ward_high_range":"29914","ward_RO_Code":"2","ward_RO_Division":"RO- Thanisandra","ward_ARO_Code":"6","ward_ARO_ Sub Division":"ARO- Thanisandra","ward_zone":"Zone1","ward_zone_name":"Byatarayanapura","ward_join_status":"matched","ward_spatial_match_count":1},"geometry":{"type":"Point","coordinates":[77.59246510000008,13.048295800000062,0]},"id":55},{"type":"Feature","properties":{"fid":56,"OBJECTID":56,"Name":"Placemark","FolderPath":"BBMP Toilets","SymbolID":0,"AltMode":-1,"Base":0,"Snippet":"","PopupInfo":"","HasLabel":-1,"LabelID":0,"ward_source_id":"ward_369_final.248","ward_source_Name":null,"ward_description":null,"ward_timestamp":null,"ward_begin":null,"ward_end":null,"ward_altitudeMode":null,"ward_tessellate":-1,"ward_extrude":0,"ward_visibility":-1,"ward_drawOrder":null,"ward_icon":null,"ward_Corporation":"East","ward_corporation_kn":"ಪೂರ್ವ","ward_corporation_id":"3","ward_ac":"K.R. Pura","ward_ac_kn":"ಕೆ.ಆರ್. ಪುರ","ward_ac_no":"151","ward_Assembly":"151 - K.R. Pura","ward_id":"6","ward_name":"6 - Kalkere","ward_name_kn":"ಕಲ್ಕೆರೆ","ward_TOT_P":"17359.0","ward_TOT_M":"9026.0","ward_TOT_F":"8413.0","ward_SC_P":"2168.0","ward_SC_M":"1106.0","ward_SC_F":"1061.0","ward_ST_P":"122.0","ward_ST_M":"70.0","ward_ST_F":"52.0","ward_low_range":"14567","ward_high_range":"21851","ward_RO_Code":"1","ward_RO_Division":"RO- Horamavu","ward_ARO_Code":"3","ward_ARO_ Sub Division":"ARO- Kalkere","ward_zone":"Zone2","ward_zone_name":"K.R. Pura","ward_join_status":"matched","ward_spatial_match_count":1},"geometry":{"type":"Point","coordinates":[77.67789930000004,13.018326800000068,0]},"id":56},{"type":"Feature","properties":{"fid":57,"OBJECTID":57,"Name":"Placemark","FolderPath":"BBMP Toilets","SymbolID":0,"AltMode":-1,"Base":0,"Snippet":"","PopupInfo":"","HasLabel":-1,"LabelID":0,"ward_source_id":"ward_369_final.101","ward_source_Name":null,"ward_description":null,"ward_timestamp":null,"ward_begin":null,"ward_end":null,"ward_altitudeMode":null,"ward_tessellate":-1,"ward_extrude":0,"ward_visibility":-1,"ward_drawOrder":null,"ward_icon":null,"ward_Corporation":"North","ward_corporation_kn":"ಉತ್ತರ","ward_corporation_id":"2","ward_ac":"Dasarahalli","ward_ac_kn":"ದಾಸರಹಳ್ಳಿ","ward_ac_no":"155","ward_Assembly":"155 - Dasarahalli","ward_id":"67","ward_name":"67 - Shettihalli","ward_name_kn":"ಶೆಟ್ಟಿಹಳ್ಳಿ","ward_TOT_P":"23313.0","ward_TOT_M":"12157.0","ward_TOT_F":"11156.0","ward_SC_P":"4650.0","ward_SC_M":"2349.0","ward_SC_F":"2301.0","ward_ST_P":"546.0","ward_ST_M":"278.0","ward_ST_F":"269.0","ward_low_range":"19943","ward_high_range":"29914","ward_RO_Code":"3","ward_RO_Division":"RO- Dasarahalli","ward_ARO_Code":"9","ward_ARO_ Sub Division":"ARO- Shetty Halli","ward_zone":"Zone2","ward_zone_name":"Yelahanka","ward_join_status":"matched","ward_spatial_match_count":1},"geometry":{"type":"Point","coordinates":[77.53450890000005,13.055017500000076,0]},"id":57},{"type":"Feature","properties":{"fid":58,"OBJECTID":58,"Name":"Placemark","FolderPath":"BBMP Toilets","SymbolID":0,"AltMode":-1,"Base":0,"Snippet":"","PopupInfo":"","HasLabel":-1,"LabelID":0,"ward_source_id":"ward_369_final.17","ward_source_Name":null,"ward_description":null,"ward_timestamp":null,"ward_begin":null,"ward_end":null,"ward_altitudeMode":null,"ward_tessellate":-1,"ward_extrude":0,"ward_visibility":-1,"ward_drawOrder":null,"ward_icon":null,"ward_Corporation":"East","ward_corporation_kn":"ಪೂರ್ವ","ward_corporation_id":"3","ward_ac":"K.R. Pura","ward_ac_kn":"ಕೆ.ಆರ್. ಪುರ","ward_ac_no":"151","ward_Assembly":"151 - K.R. Pura","ward_id":"15","ward_name":"15 - Ramamurthy Nagara","ward_name_kn":"ರಾಮಮೂರ್ತಿ ನಗರ","ward_TOT_P":"17257.0","ward_TOT_M":"8738.0","ward_TOT_F":"8519.0","ward_SC_P":"4017.0","ward_SC_M":"1988.0","ward_SC_F":"2029.0","ward_ST_P":"354.0","ward_ST_M":"193.0","ward_ST_F":"161.0","ward_low_range":"14567","ward_high_range":"21851","ward_RO_Code":"3","ward_RO_Division":"RO- Ramamurthy Nagara","ward_ARO_Code":"8","ward_ARO_ Sub Division":"ARO- Ramamurthy Nagara","ward_zone":"Zone2","ward_zone_name":"K.R. Pura","ward_join_status":"matched","ward_spatial_match_count":1},"geometry":{"type":"Point","coordinates":[77.67850690000006,13.011699700000065,0]},"id":58},{"type":"Feature","properties":{"fid":59,"OBJECTID":59,"Name":"Placemark","FolderPath":"BBMP Toilets","SymbolID":0,"AltMode":-1,"Base":0,"Snippet":"","PopupInfo":"","HasLabel":-1,"LabelID":0,"ward_source_id":"ward_369_final.146","ward_source_Name":null,"ward_description":null,"ward_timestamp":null,"ward_begin":null,"ward_end":null,"ward_altitudeMode":null,"ward_tessellate":-1,"ward_extrude":0,"ward_visibility":-1,"ward_drawOrder":null,"ward_icon":null,"ward_Corporation":"North","ward_corporation_kn":"ಉತ್ತರ","ward_corporation_id":"2","ward_ac":"Byatarayanapura","ward_ac_kn":"ಬ್ಯಾಟರಾಯನಪುರ","ward_ac_no":"152","ward_Assembly":"152 - Byatarayanapura","ward_id":"14","ward_name":"14 - Rajiv Gandhi Nagar","ward_name_kn":"ರಾಜೀವ್ ಗಾಂಧಿ ನಗರ","ward_TOT_P":"20148.0","ward_TOT_M":"10579.0","ward_TOT_F":"9569.0","ward_SC_P":"2101.0","ward_SC_M":"1086.0","ward_SC_F":"1015.0","ward_ST_P":"751.0","ward_ST_M":"373.0","ward_ST_F":"378.0","ward_low_range":"19943","ward_high_range":"29914","ward_RO_Code":"1","ward_RO_Division":"RO- Bytarayanapura","ward_ARO_Code":"1","ward_ARO_ Sub Division":"ARO- Bytarayanapura","ward_zone":"Zone1","ward_zone_name":"Byatarayanapura","ward_join_status":"matched","ward_spatial_match_count":1},"geometry":{"type":"Point","coordinates":[77.59165480000007,13.057491000000027,0]},"id":59},{"type":"Feature","properties":{"fid":60,"OBJECTID":60,"Name":"Placemark","FolderPath":"BBMP Toilets","SymbolID":0,"AltMode":-1,"Base":0,"Snippet":"","PopupInfo":"","HasLabel":-1,"LabelID":0,"ward_source_id":"ward_369_final.146","ward_source_Name":null,"ward_description":null,"ward_timestamp":null,"ward_begin":null,"ward_end":null,"ward_altitudeMode":null,"ward_tessellate":-1,"ward_extrude":0,"ward_visibility":-1,"ward_drawOrder":null,"ward_icon":null,"ward_Corporation":"North","ward_corporation_kn":"ಉತ್ತರ","ward_corporation_id":"2","ward_ac":"Byatarayanapura","ward_ac_kn":"ಬ್ಯಾಟರಾಯನಪುರ","ward_ac_no":"152","ward_Assembly":"152 - Byatarayanapura","ward_id":"14","ward_name":"14 - Rajiv Gandhi Nagar","ward_name_kn":"ರಾಜೀವ್ ಗಾಂಧಿ ನಗರ","ward_TOT_P":"20148.0","ward_TOT_M":"10579.0","ward_TOT_F":"9569.0","ward_SC_P":"2101.0","ward_SC_M":"1086.0","ward_SC_F":"1015.0","ward_ST_P":"751.0","ward_ST_M":"373.0","ward_ST_F":"378.0","ward_low_range":"19943","ward_high_range":"29914","ward_RO_Code":"1","ward_RO_Division":"RO- Bytarayanapura","ward_ARO_Code":"1","ward_ARO_ Sub Division":"ARO- Bytarayanapura","ward_zone":"Zone1","ward_zone_name":"Byatarayanapura","ward_join_status":"matched","ward_spatial_match_count":1},"geometry":{"type":"Point","coordinates":[77.59222560000006,13.058013600000038,0]},"id":60},{"type":"Feature","properties":{"fid":61,"OBJECTID":61,"Name":"Placemark","FolderPath":"BBMP Toilets","SymbolID":0,"AltMode":-1,"Base":0,"Snippet":"","PopupInfo":"","HasLabel":-1,"LabelID":0,"ward_source_id":"ward_369_final.11","ward_source_Name":null,"ward_description":null,"ward_timestamp":null,"ward_begin":null,"ward_end":null,"ward_altitudeMode":null,"ward_tessellate":-1,"ward_extrude":0,"ward_visibility":-1,"ward_drawOrder":null,"ward_icon":null,"ward_Corporation":"North","ward_corporation_kn":"ಉತ್ತರ","ward_corporation_id":"2","ward_ac":"Dasarahalli","ward_ac_kn":"ದಾಸರಹಳ್ಳಿ","ward_ac_no":"155","ward_Assembly":"155 - Dasarahalli","ward_id":"68","ward_name":"68 - Mallasandra","ward_name_kn":"ಮಲ್ಲಸಂದ್ರ","ward_TOT_P":"26890.0","ward_TOT_M":"14180.0","ward_TOT_F":"12710.0","ward_SC_P":"4041.0","ward_SC_M":"2076.0","ward_SC_F":"1965.0","ward_ST_P":"668.0","ward_ST_M":"356.0","ward_ST_F":"313.0","ward_low_range":"19943","ward_high_range":"29914","ward_RO_Code":"3","ward_RO_Division":"RO- Dasarahalli","ward_ARO_Code":"7","ward_ARO_ Sub Division":"ARO- Bagalagunte","ward_zone":"Zone2","ward_zone_name":"Yelahanka","ward_join_status":"matched","ward_spatial_match_count":1},"geometry":{"type":"Point","coordinates":[77.50927170000006,13.05744500000003,0]},"id":61},{"type":"Feature","properties":{"fid":62,"OBJECTID":62,"Name":"Placemark","FolderPath":"BBMP Toilets","SymbolID":0,"AltMode":-1,"Base":0,"Snippet":"","PopupInfo":"","HasLabel":-1,"LabelID":0,"ward_source_id":"ward_369_final.181","ward_source_Name":null,"ward_description":null,"ward_timestamp":null,"ward_begin":null,"ward_end":null,"ward_altitudeMode":null,"ward_tessellate":-1,"ward_extrude":0,"ward_visibility":-1,"ward_drawOrder":null,"ward_icon":null,"ward_Corporation":"North","ward_corporation_kn":"ಉತ್ತರ","ward_corporation_id":"2","ward_ac":"Byatarayanapura","ward_ac_kn":"ಬ್ಯಾಟರಾಯನಪುರ","ward_ac_no":"152","ward_Assembly":"152 - Byatarayanapura","ward_id":"20","ward_name":"20 - Sampigehalli","ward_name_kn":"ಸಂಪಿಗೆಹಳ್ಳಿ","ward_TOT_P":"28461.0","ward_TOT_M":"14733.0","ward_TOT_F":"13727.0","ward_SC_P":"3329.0","ward_SC_M":"1658.0","ward_SC_F":"1672.0","ward_ST_P":"375.0","ward_ST_M":"180.0","ward_ST_F":"195.0","ward_low_range":"19943","ward_high_range":"29914","ward_RO_Code":"2","ward_RO_Division":"RO- Thanisandra","ward_ARO_Code":"5","ward_ARO_ Sub Division":"ARO- Kogilu","ward_zone":"Zone1","ward_zone_name":"Byatarayanapura","ward_join_status":"matched","ward_spatial_match_count":1},"geometry":{"type":"Point","coordinates":[77.62729330000008,13.098333300000036,0]},"id":62},{"type":"Feature","properties":{"fid":63,"OBJECTID":63,"Name":"Placemark","FolderPath":"BBMP Toilets","SymbolID":0,"AltMode":-1,"Base":0,"Snippet":"","PopupInfo":"","HasLabel":-1,"LabelID":0,"ward_source_id":"ward_369_final.181","ward_source_Name":null,"ward_description":null,"ward_timestamp":null,"ward_begin":null,"ward_end":null,"ward_altitudeMode":null,"ward_tessellate":-1,"ward_extrude":0,"ward_visibility":-1,"ward_drawOrder":null,"ward_icon":null,"ward_Corporation":"North","ward_corporation_kn":"ಉತ್ತರ","ward_corporation_id":"2","ward_ac":"Byatarayanapura","ward_ac_kn":"ಬ್ಯಾಟರಾಯನಪುರ","ward_ac_no":"152","ward_Assembly":"152 - Byatarayanapura","ward_id":"20","ward_name":"20 - Sampigehalli","ward_name_kn":"ಸಂಪಿಗೆಹಳ್ಳಿ","ward_TOT_P":"28461.0","ward_TOT_M":"14733.0","ward_TOT_F":"13727.0","ward_SC_P":"3329.0","ward_SC_M":"1658.0","ward_SC_F":"1672.0","ward_ST_P":"375.0","ward_ST_M":"180.0","ward_ST_F":"195.0","ward_low_range":"19943","ward_high_range":"29914","ward_RO_Code":"2","ward_RO_Division":"RO- Thanisandra","ward_ARO_Code":"5","ward_ARO_ Sub Division":"ARO- Kogilu","ward_zone":"Zone1","ward_zone_name":"Byatarayanapura","ward_join_status":"matched","ward_spatial_match_count":1},"geometry":{"type":"Point","coordinates":[77.63009170000004,13.098193300000048,0]},"id":63},{"type":"Feature","properties":{"fid":64,"OBJECTID":64,"Name":"Placemark","FolderPath":"BBMP Toilets","SymbolID":0,"AltMode":-1,"Base":0,"Snippet":"","PopupInfo":"","HasLabel":-1,"LabelID":0,"ward_source_id":"ward_369_final.275","ward_source_Name":null,"ward_description":null,"ward_timestamp":null,"ward_begin":null,"ward_end":null,"ward_altitudeMode":null,"ward_tessellate":-1,"ward_extrude":0,"ward_visibility":-1,"ward_drawOrder":null,"ward_icon":null,"ward_Corporation":"Central","ward_corporation_kn":"ಕೇಂದ್ರ","ward_corporation_id":"1","ward_ac":"Shanthinagar","ward_ac_kn":"ಶಾಂತಿನಗರ","ward_ac_no":"163","ward_Assembly":"163 - Shanthinagar","ward_id":"25","ward_name":"25 - Ashokanagar","ward_name_kn":"ಅಶೋಕನಗರ","ward_TOT_P":"21804.0","ward_TOT_M":"10895.0","ward_TOT_F":"10909.0","ward_SC_P":"1987.0","ward_SC_M":"931.0","ward_SC_F":"1056.0","ward_ST_P":"311.0","ward_ST_M":"137.0","ward_ST_F":"174.0","ward_low_range":"18853","ward_high_range":"28280","ward_RO_Code":"6","ward_RO_Division":"RO - Shanthinagar","ward_ARO_Code":"21","ward_ARO_ Sub Division":"ARO- Shanthinagar","ward_zone":"Zone1","ward_zone_name":"C.V. Raman Nagar","ward_join_status":"matched","ward_spatial_match_count":1},"geometry":{"type":"Point","coordinates":[77.60122570000004,12.973519600000031,0]},"id":64},{"type":"Feature","properties":{"fid":65,"OBJECTID":65,"Name":"Placemark","FolderPath":"BBMP Toilets","SymbolID":0,"AltMode":-1,"Base":0,"Snippet":"","PopupInfo":"","HasLabel":-1,"LabelID":0,"ward_source_id":"ward_369_final.137","ward_source_Name":null,"ward_description":null,"ward_timestamp":null,"ward_begin":null,"ward_end":null,"ward_altitudeMode":null,"ward_tessellate":-1,"ward_extrude":0,"ward_visibility":-1,"ward_drawOrder":null,"ward_icon":null,"ward_Corporation":"North","ward_corporation_kn":"ಉತ್ತರ","ward_corporation_id":"2","ward_ac":"Byatarayanapura","ward_ac_kn":"ಬ್ಯಾಟರಾಯನಪುರ","ward_ac_no":"152","ward_Assembly":"152 - Byatarayanapura","ward_id":"15","ward_name":"15 - Byatarayanapura","ward_name_kn":"ಬ್ಯಾಟರಾಯನಪುರ","ward_TOT_P":"28870.0","ward_TOT_M":"14792.0","ward_TOT_F":"14079.0","ward_SC_P":"1719.0","ward_SC_M":"907.0","ward_SC_F":"813.0","ward_ST_P":"961.0","ward_ST_M":"506.0","ward_ST_F":"456.0","ward_low_range":"19943","ward_high_range":"29914","ward_RO_Code":"1","ward_RO_Division":"RO- Bytarayanapura","ward_ARO_Code":"1","ward_ARO_ Sub Division":"ARO- Bytarayanapura","ward_zone":"Zone1","ward_zone_name":"Byatarayanapura","ward_join_status":"matched","ward_spatial_match_count":1},"geometry":{"type":"Point","coordinates":[77.59392800000006,13.057986800000037,0]},"id":65},{"type":"Feature","properties":{"fid":66,"OBJECTID":66,"Name":"Placemark","FolderPath":"BBMP Toilets","SymbolID":0,"AltMode":-1,"Base":0,"Snippet":"","PopupInfo":"","HasLabel":-1,"LabelID":0,"ward_source_id":"ward_369_final.137","ward_source_Name":null,"ward_description":null,"ward_timestamp":null,"ward_begin":null,"ward_end":null,"ward_altitudeMode":null,"ward_tessellate":-1,"ward_extrude":0,"ward_visibility":-1,"ward_drawOrder":null,"ward_icon":null,"ward_Corporation":"North","ward_corporation_kn":"ಉತ್ತರ","ward_corporation_id":"2","ward_ac":"Byatarayanapura","ward_ac_kn":"ಬ್ಯಾಟರಾಯನಪುರ","ward_ac_no":"152","ward_Assembly":"152 - Byatarayanapura","ward_id":"15","ward_name":"15 - Byatarayanapura","ward_name_kn":"ಬ್ಯಾಟರಾಯನಪುರ","ward_TOT_P":"28870.0","ward_TOT_M":"14792.0","ward_TOT_F":"14079.0","ward_SC_P":"1719.0","ward_SC_M":"907.0","ward_SC_F":"813.0","ward_ST_P":"961.0","ward_ST_M":"506.0","ward_ST_F":"456.0","ward_low_range":"19943","ward_high_range":"29914","ward_RO_Code":"1","ward_RO_Division":"RO- Bytarayanapura","ward_ARO_Code":"1","ward_ARO_ Sub Division":"ARO- Bytarayanapura","ward_zone":"Zone1","ward_zone_name":"Byatarayanapura","ward_join_status":"matched","ward_spatial_match_count":1},"geometry":{"type":"Point","coordinates":[77.59409050000005,13.067139500000053,0]},"id":66},{"type":"Feature","properties":{"fid":67,"OBJECTID":67,"Name":"Placemark","FolderPath":"BBMP Toilets","SymbolID":0,"AltMode":-1,"Base":0,"Snippet":"","PopupInfo":"","HasLabel":-1,"LabelID":0,"ward_source_id":"ward_369_final.5","ward_source_Name":null,"ward_description":null,"ward_timestamp":null,"ward_begin":null,"ward_end":null,"ward_altitudeMode":null,"ward_tessellate":-1,"ward_extrude":0,"ward_visibility":-1,"ward_drawOrder":null,"ward_icon":null,"ward_Corporation":"North","ward_corporation_kn":"ಉತ್ತರ","ward_corporation_id":"2","ward_ac":"Byatarayanapura","ward_ac_kn":"ಬ್ಯಾಟರಾಯನಪುರ","ward_ac_no":"152","ward_Assembly":"152 - Byatarayanapura","ward_id":"21","ward_name":"21 - Kogilu","ward_name_kn":"ಕೋಗಿಲು","ward_TOT_P":"28728.0","ward_TOT_M":"15084.0","ward_TOT_F":"13643.0","ward_SC_P":"3656.0","ward_SC_M":"1846.0","ward_SC_F":"1811.0","ward_ST_P":"609.0","ward_ST_M":"310.0","ward_ST_F":"299.0","ward_low_range":"19943","ward_high_range":"29914","ward_RO_Code":"2","ward_RO_Division":"RO- Thanisandra","ward_ARO_Code":"5","ward_ARO_ Sub Division":"ARO- Kogilu","ward_zone":"Zone1","ward_zone_name":"Byatarayanapura","ward_join_status":"matched","ward_spatial_match_count":1},"geometry":{"type":"Point","coordinates":[77.61566070000003,13.12147310000006,0]},"id":67},{"type":"Feature","properties":{"fid":68,"OBJECTID":68,"Name":"Placemark","FolderPath":"BBMP Toilets","SymbolID":0,"AltMode":-1,"Base":0,"Snippet":"","PopupInfo":"","HasLabel":-1,"LabelID":0,"ward_source_id":"ward_369_final.11","ward_source_Name":null,"ward_description":null,"ward_timestamp":null,"ward_begin":null,"ward_end":null,"ward_altitudeMode":null,"ward_tessellate":-1,"ward_extrude":0,"ward_visibility":-1,"ward_drawOrder":null,"ward_icon":null,"ward_Corporation":"North","ward_corporation_kn":"ಉತ್ತರ","ward_corporation_id":"2","ward_ac":"Dasarahalli","ward_ac_kn":"ದಾಸರಹಳ್ಳಿ","ward_ac_no":"155","ward_Assembly":"155 - Dasarahalli","ward_id":"68","ward_name":"68 - Mallasandra","ward_name_kn":"ಮಲ್ಲಸಂದ್ರ","ward_TOT_P":"26890.0","ward_TOT_M":"14180.0","ward_TOT_F":"12710.0","ward_SC_P":"4041.0","ward_SC_M":"2076.0","ward_SC_F":"1965.0","ward_ST_P":"668.0","ward_ST_M":"356.0","ward_ST_F":"313.0","ward_low_range":"19943","ward_high_range":"29914","ward_RO_Code":"3","ward_RO_Division":"RO- Dasarahalli","ward_ARO_Code":"7","ward_ARO_ Sub Division":"ARO- Bagalagunte","ward_zone":"Zone2","ward_zone_name":"Yelahanka","ward_join_status":"matched","ward_spatial_match_count":1},"geometry":{"type":"Point","coordinates":[77.51185280000004,13.05336120000004,0]},"id":68},{"type":"Feature","properties":{"fid":69,"OBJECTID":69,"Name":"Placemark","FolderPath":"BBMP Toilets","SymbolID":0,"AltMode":-1,"Base":0,"Snippet":"","PopupInfo":"","HasLabel":-1,"LabelID":0,"ward_source_id":"ward_369_final.137","ward_source_Name":null,"ward_description":null,"ward_timestamp":null,"ward_begin":null,"ward_end":null,"ward_altitudeMode":null,"ward_tessellate":-1,"ward_extrude":0,"ward_visibility":-1,"ward_drawOrder":null,"ward_icon":null,"ward_Corporation":"North","ward_corporation_kn":"ಉತ್ತರ","ward_corporation_id":"2","ward_ac":"Byatarayanapura","ward_ac_kn":"ಬ್ಯಾಟರಾಯನಪುರ","ward_ac_no":"152","ward_Assembly":"152 - Byatarayanapura","ward_id":"15","ward_name":"15 - Byatarayanapura","ward_name_kn":"ಬ್ಯಾಟರಾಯನಪುರ","ward_TOT_P":"28870.0","ward_TOT_M":"14792.0","ward_TOT_F":"14079.0","ward_SC_P":"1719.0","ward_SC_M":"907.0","ward_SC_F":"813.0","ward_ST_P":"961.0","ward_ST_M":"506.0","ward_ST_F":"456.0","ward_low_range":"19943","ward_high_range":"29914","ward_RO_Code":"1","ward_RO_Division":"RO- Bytarayanapura","ward_ARO_Code":"1","ward_ARO_ Sub Division":"ARO- Bytarayanapura","ward_zone":"Zone1","ward_zone_name":"Byatarayanapura","ward_join_status":"matched","ward_spatial_match_count":1},"geometry":{"type":"Point","coordinates":[77.59257790000004,13.081231600000024,0]},"id":69},{"type":"Feature","properties":{"fid":70,"OBJECTID":70,"Name":"Placemark","FolderPath":"BBMP Toilets","SymbolID":0,"AltMode":-1,"Base":0,"Snippet":"","PopupInfo":"","HasLabel":-1,"LabelID":0,"ward_source_id":"ward_369_final.195","ward_source_Name":null,"ward_description":null,"ward_timestamp":null,"ward_begin":null,"ward_end":null,"ward_altitudeMode":null,"ward_tessellate":-1,"ward_extrude":0,"ward_visibility":-1,"ward_drawOrder":null,"ward_icon":null,"ward_Corporation":"North","ward_corporation_kn":"ಉತ್ತರ","ward_corporation_id":"2","ward_ac":"Byatarayanapura","ward_ac_kn":"ಬ್ಯಾಟರಾಯನಪುರ","ward_ac_no":"152","ward_Assembly":"152 - Byatarayanapura","ward_id":"11","ward_name":"11 - Doddabommasandra","ward_name_kn":"ದೊಡ್ಡಬೊಮ್ಮಸಂದ್ರ","ward_TOT_P":"25941.0","ward_TOT_M":"13423.0","ward_TOT_F":"12518.0","ward_SC_P":"3007.0","ward_SC_M":"1545.0","ward_SC_F":"1462.0","ward_ST_P":"473.0","ward_ST_M":"259.0","ward_ST_F":"214.0","ward_low_range":"19943","ward_high_range":"29914","ward_RO_Code":"1","ward_RO_Division":"RO- Bytarayanapura","ward_ARO_Code":"2","ward_ARO_ Sub Division":"ARO- Kodigehalli","ward_zone":"Zone1","ward_zone_name":"Byatarayanapura","ward_join_status":"matched","ward_spatial_match_count":1},"geometry":{"type":"Point","coordinates":[77.55936340000005,13.063733400000046,0]},"id":70},{"type":"Feature","properties":{"fid":71,"OBJECTID":71,"Name":"Placemark","FolderPath":"BBMP Toilets","SymbolID":0,"AltMode":-1,"Base":0,"Snippet":"","PopupInfo":"","HasLabel":-1,"LabelID":0,"ward_source_id":"ward_369_final.94","ward_source_Name":null,"ward_description":null,"ward_timestamp":null,"ward_begin":null,"ward_end":null,"ward_altitudeMode":null,"ward_tessellate":-1,"ward_extrude":0,"ward_visibility":-1,"ward_drawOrder":null,"ward_icon":null,"ward_Corporation":"North","ward_corporation_kn":"ಉತ್ತರ","ward_corporation_id":"2","ward_ac":"Yelahanka","ward_ac_kn":"ಯಲಹಂಕ","ward_ac_no":"150","ward_Assembly":"150 - Yelahanka","ward_id":"1","ward_name":"1 - Raja Kempegowda ward","ward_name_kn":"ರಾಜ ಕೆಂಪೇಗೌಡ ವಾರ್ಡ್","ward_TOT_P":"21561.0","ward_TOT_M":"11217.0","ward_TOT_F":"10344.0","ward_SC_P":"2143.0","ward_SC_M":"1080.0","ward_SC_F":"1063.0","ward_ST_P":"681.0","ward_ST_M":"327.0","ward_ST_F":"353.0","ward_low_range":"19943","ward_high_range":"29914","ward_RO_Code":"11","ward_RO_Division":"RO- Yelahanka","ward_ARO_Code":"29","ward_ARO_ Sub Division":"ARO- Yelahanka Old Town","ward_zone":"Zone2","ward_zone_name":"Yelahanka","ward_join_status":"matched","ward_spatial_match_count":1},"geometry":{"type":"Point","coordinates":[77.59646380000004,13.09984380000003,0]},"id":71},{"type":"Feature","properties":{"fid":72,"OBJECTID":72,"Name":"Placemark","FolderPath":"BBMP Toilets","SymbolID":0,"AltMode":-1,"Base":0,"Snippet":"","PopupInfo":"","HasLabel":-1,"LabelID":0,"ward_source_id":"ward_369_final.182","ward_source_Name":null,"ward_description":null,"ward_timestamp":null,"ward_begin":null,"ward_end":null,"ward_altitudeMode":null,"ward_tessellate":-1,"ward_extrude":0,"ward_visibility":-1,"ward_drawOrder":null,"ward_icon":null,"ward_Corporation":"North","ward_corporation_kn":"ಉತ್ತರ","ward_corporation_id":"2","ward_ac":"Byatarayanapura","ward_ac_kn":"ಬ್ಯಾಟರಾಯನಪುರ","ward_ac_no":"152","ward_Assembly":"152 - Byatarayanapura","ward_id":"12","ward_name":"12 - Thindlu","ward_name_kn":"ತಿಂಡ್ಲು","ward_TOT_P":"24289.0","ward_TOT_M":"12524.0","ward_TOT_F":"11765.0","ward_SC_P":"2074.0","ward_SC_M":"1065.0","ward_SC_F":"1008.0","ward_ST_P":"735.0","ward_ST_M":"374.0","ward_ST_F":"360.0","ward_low_range":"19943","ward_high_range":"29914","ward_RO_Code":"1","ward_RO_Division":"RO- Bytarayanapura","ward_ARO_Code":"2","ward_ARO_ Sub Division":"ARO- Kodigehalli","ward_zone":"Zone1","ward_zone_name":"Byatarayanapura","ward_join_status":"matched","ward_spatial_match_count":1},"geometry":{"type":"Point","coordinates":[77.56266480000005,13.069439300000056,0]},"id":72},{"type":"Feature","properties":{"fid":73,"OBJECTID":73,"Name":"Placemark","FolderPath":"BBMP Toilets","SymbolID":0,"AltMode":-1,"Base":0,"Snippet":"","PopupInfo":"","HasLabel":-1,"LabelID":0,"ward_source_id":"ward_369_final.248","ward_source_Name":null,"ward_description":null,"ward_timestamp":null,"ward_begin":null,"ward_end":null,"ward_altitudeMode":null,"ward_tessellate":-1,"ward_extrude":0,"ward_visibility":-1,"ward_drawOrder":null,"ward_icon":null,"ward_Corporation":"East","ward_corporation_kn":"ಪೂರ್ವ","ward_corporation_id":"3","ward_ac":"K.R. Pura","ward_ac_kn":"ಕೆ.ಆರ್. ಪುರ","ward_ac_no":"151","ward_Assembly":"151 - K.R. Pura","ward_id":"6","ward_name":"6 - Kalkere","ward_name_kn":"ಕಲ್ಕೆರೆ","ward_TOT_P":"17359.0","ward_TOT_M":"9026.0","ward_TOT_F":"8413.0","ward_SC_P":"2168.0","ward_SC_M":"1106.0","ward_SC_F":"1061.0","ward_ST_P":"122.0","ward_ST_M":"70.0","ward_ST_F":"52.0","ward_low_range":"14567","ward_high_range":"21851","ward_RO_Code":"1","ward_RO_Division":"RO- Horamavu","ward_ARO_Code":"3","ward_ARO_ Sub Division":"ARO- Kalkere","ward_zone":"Zone2","ward_zone_name":"K.R. Pura","ward_join_status":"matched","ward_spatial_match_count":1},"geometry":{"type":"Point","coordinates":[77.67552540000008,13.037866000000065,0]},"id":73},{"type":"Feature","properties":{"fid":74,"OBJECTID":74,"Name":"Placemark","FolderPath":"BBMP Toilets","SymbolID":0,"AltMode":-1,"Base":0,"Snippet":"","PopupInfo":"","HasLabel":-1,"LabelID":0,"ward_source_id":"ward_369_final.201","ward_source_Name":null,"ward_description":null,"ward_timestamp":null,"ward_begin":null,"ward_end":null,"ward_altitudeMode":null,"ward_tessellate":-1,"ward_extrude":0,"ward_visibility":-1,"ward_drawOrder":null,"ward_icon":null,"ward_Corporation":"East","ward_corporation_kn":"ಪೂರ್ವ","ward_corporation_id":"3","ward_ac":"K.R. Pura","ward_ac_kn":"ಕೆ.ಆರ್. ಪುರ","ward_ac_no":"151","ward_Assembly":"151 - K.R. Pura","ward_id":"20","ward_name":"20 - A Narayanapura","ward_name_kn":"ಎ ನಾರಾಯಣಪುರ","ward_TOT_P":"21640.0","ward_TOT_M":"11539.0","ward_TOT_F":"10100.0","ward_SC_P":"5958.0","ward_SC_M":"3014.0","ward_SC_F":"2944.0","ward_ST_P":"299.0","ward_ST_M":"158.0","ward_ST_F":"140.0","ward_low_range":"14567","ward_high_range":"21851","ward_RO_Code":"3","ward_RO_Division":"RO- Ramamurthy Nagara","ward_ARO_Code":"7","ward_ARO_ Sub Division":"ARO- A Narayanapura","ward_zone":"Zone2","ward_zone_name":"K.R. Pura","ward_join_status":"matched","ward_spatial_match_count":1},"geometry":{"type":"Point","coordinates":[77.67164540000005,12.99709740000003,0]},"id":74},{"type":"Feature","properties":{"fid":75,"OBJECTID":75,"Name":"Placemark","FolderPath":"BBMP Toilets","SymbolID":0,"AltMode":-1,"Base":0,"Snippet":"","PopupInfo":"","HasLabel":-1,"LabelID":0,"ward_source_id":"ward_369_final.94","ward_source_Name":null,"ward_description":null,"ward_timestamp":null,"ward_begin":null,"ward_end":null,"ward_altitudeMode":null,"ward_tessellate":-1,"ward_extrude":0,"ward_visibility":-1,"ward_drawOrder":null,"ward_icon":null,"ward_Corporation":"North","ward_corporation_kn":"ಉತ್ತರ","ward_corporation_id":"2","ward_ac":"Yelahanka","ward_ac_kn":"ಯಲಹಂಕ","ward_ac_no":"150","ward_Assembly":"150 - Yelahanka","ward_id":"1","ward_name":"1 - Raja Kempegowda ward","ward_name_kn":"ರಾಜ ಕೆಂಪೇಗೌಡ ವಾರ್ಡ್","ward_TOT_P":"21561.0","ward_TOT_M":"11217.0","ward_TOT_F":"10344.0","ward_SC_P":"2143.0","ward_SC_M":"1080.0","ward_SC_F":"1063.0","ward_ST_P":"681.0","ward_ST_M":"327.0","ward_ST_F":"353.0","ward_low_range":"19943","ward_high_range":"29914","ward_RO_Code":"11","ward_RO_Division":"RO- Yelahanka","ward_ARO_Code":"29","ward_ARO_ Sub Division":"ARO- Yelahanka Old Town","ward_zone":"Zone2","ward_zone_name":"Yelahanka","ward_join_status":"matched","ward_spatial_match_count":1},"geometry":{"type":"Point","coordinates":[77.59450190000007,13.101017900000045,0]},"id":75},{"type":"Feature","properties":{"fid":76,"OBJECTID":76,"Name":"Placemark","FolderPath":"BBMP Toilets","SymbolID":0,"AltMode":-1,"Base":0,"Snippet":"","PopupInfo":"","HasLabel":-1,"LabelID":0,"ward_source_id":"ward_369_final.152","ward_source_Name":null,"ward_description":null,"ward_timestamp":null,"ward_begin":null,"ward_end":null,"ward_altitudeMode":null,"ward_tessellate":-1,"ward_extrude":0,"ward_visibility":-1,"ward_drawOrder":null,"ward_icon":null,"ward_Corporation":"North","ward_corporation_kn":"ಉತ್ತರ","ward_corporation_id":"2","ward_ac":"Byatarayanapura","ward_ac_kn":"ಬ್ಯಾಟರಾಯನಪುರ","ward_ac_no":"152","ward_Assembly":"152 - Byatarayanapura","ward_id":"10","ward_name":"10 - Vidyaranyapura","ward_name_kn":"ವಿದ್ಯಾರಣ್ಯಪುರ","ward_TOT_P":"24887.0","ward_TOT_M":"12633.0","ward_TOT_F":"12254.0","ward_SC_P":"1818.0","ward_SC_M":"935.0","ward_SC_F":"883.0","ward_ST_P":"337.0","ward_ST_M":"178.0","ward_ST_F":"158.0","ward_low_range":"19943","ward_high_range":"29914","ward_RO_Code":"1","ward_RO_Division":"RO- Bytarayanapura","ward_ARO_Code":"3","ward_ARO_ Sub Division":"ARO- Vidyaranyapura","ward_zone":"Zone1","ward_zone_name":"Byatarayanapura","ward_join_status":"matched","ward_spatial_match_count":1},"geometry":{"type":"Point","coordinates":[77.56666710000007,13.074087600000041,0]},"id":76},{"type":"Feature","properties":{"fid":77,"OBJECTID":77,"Name":"Placemark","FolderPath":"BBMP Toilets","SymbolID":0,"AltMode":-1,"Base":0,"Snippet":"","PopupInfo":"","HasLabel":-1,"LabelID":0,"ward_source_id":"ward_369_final.201","ward_source_Name":null,"ward_description":null,"ward_timestamp":null,"ward_begin":null,"ward_end":null,"ward_altitudeMode":null,"ward_tessellate":-1,"ward_extrude":0,"ward_visibility":-1,"ward_drawOrder":null,"ward_icon":null,"ward_Corporation":"East","ward_corporation_kn":"ಪೂರ್ವ","ward_corporation_id":"3","ward_ac":"K.R. Pura","ward_ac_kn":"ಕೆ.ಆರ್. ಪುರ","ward_ac_no":"151","ward_Assembly":"151 - K.R. Pura","ward_id":"20","ward_name":"20 - A Narayanapura","ward_name_kn":"ಎ ನಾರಾಯಣಪುರ","ward_TOT_P":"21640.0","ward_TOT_M":"11539.0","ward_TOT_F":"10100.0","ward_SC_P":"5958.0","ward_SC_M":"3014.0","ward_SC_F":"2944.0","ward_ST_P":"299.0","ward_ST_M":"158.0","ward_ST_F":"140.0","ward_low_range":"14567","ward_high_range":"21851","ward_RO_Code":"3","ward_RO_Division":"RO- Ramamurthy Nagara","ward_ARO_Code":"7","ward_ARO_ Sub Division":"ARO- A Narayanapura","ward_zone":"Zone2","ward_zone_name":"K.R. Pura","ward_join_status":"matched","ward_spatial_match_count":1},"geometry":{"type":"Point","coordinates":[77.66889700000007,12.996369100000038,0]},"id":77},{"type":"Feature","properties":{"fid":78,"OBJECTID":78,"Name":"Placemark","FolderPath":"BBMP Toilets","SymbolID":0,"AltMode":-1,"Base":0,"Snippet":"","PopupInfo":"","HasLabel":-1,"LabelID":0,"ward_source_id":"ward_369_final.5","ward_source_Name":null,"ward_description":null,"ward_timestamp":null,"ward_begin":null,"ward_end":null,"ward_altitudeMode":null,"ward_tessellate":-1,"ward_extrude":0,"ward_visibility":-1,"ward_drawOrder":null,"ward_icon":null,"ward_Corporation":"North","ward_corporation_kn":"ಉತ್ತರ","ward_corporation_id":"2","ward_ac":"Byatarayanapura","ward_ac_kn":"ಬ್ಯಾಟರಾಯನಪುರ","ward_ac_no":"152","ward_Assembly":"152 - Byatarayanapura","ward_id":"21","ward_name":"21 - Kogilu","ward_name_kn":"ಕೋಗಿಲು","ward_TOT_P":"28728.0","ward_TOT_M":"15084.0","ward_TOT_F":"13643.0","ward_SC_P":"3656.0","ward_SC_M":"1846.0","ward_SC_F":"1811.0","ward_ST_P":"609.0","ward_ST_M":"310.0","ward_ST_F":"299.0","ward_low_range":"19943","ward_high_range":"29914","ward_RO_Code":"2","ward_RO_Division":"RO- Thanisandra","ward_ARO_Code":"5","ward_ARO_ Sub Division":"ARO- Kogilu","ward_zone":"Zone1","ward_zone_name":"Byatarayanapura","ward_join_status":"matched","ward_spatial_match_count":1},"geometry":{"type":"Point","coordinates":[77.62657000000007,13.11642500000005,0]},"id":78},{"type":"Feature","properties":{"fid":79,"OBJECTID":79,"Name":"Placemark","FolderPath":"BBMP Toilets","SymbolID":0,"AltMode":-1,"Base":0,"Snippet":"","PopupInfo":"","HasLabel":-1,"LabelID":0,"ward_source_id":"ward_369_final.5","ward_source_Name":null,"ward_description":null,"ward_timestamp":null,"ward_begin":null,"ward_end":null,"ward_altitudeMode":null,"ward_tessellate":-1,"ward_extrude":0,"ward_visibility":-1,"ward_drawOrder":null,"ward_icon":null,"ward_Corporation":"North","ward_corporation_kn":"ಉತ್ತರ","ward_corporation_id":"2","ward_ac":"Byatarayanapura","ward_ac_kn":"ಬ್ಯಾಟರಾಯನಪುರ","ward_ac_no":"152","ward_Assembly":"152 - Byatarayanapura","ward_id":"21","ward_name":"21 - Kogilu","ward_name_kn":"ಕೋಗಿಲು","ward_TOT_P":"28728.0","ward_TOT_M":"15084.0","ward_TOT_F":"13643.0","ward_SC_P":"3656.0","ward_SC_M":"1846.0","ward_SC_F":"1811.0","ward_ST_P":"609.0","ward_ST_M":"310.0","ward_ST_F":"299.0","ward_low_range":"19943","ward_high_range":"29914","ward_RO_Code":"2","ward_RO_Division":"RO- Thanisandra","ward_ARO_Code":"5","ward_ARO_ Sub Division":"ARO- Kogilu","ward_zone":"Zone1","ward_zone_name":"Byatarayanapura","ward_join_status":"matched","ward_spatial_match_count":1},"geometry":{"type":"Point","coordinates":[77.63134500000007,13.107568300000025,0]},"id":79},{"type":"Feature","properties":{"fid":80,"OBJECTID":80,"Name":"Placemark","FolderPath":"BBMP Toilets","SymbolID":0,"AltMode":-1,"Base":0,"Snippet":"","PopupInfo":"","HasLabel":-1,"LabelID":0,"ward_source_id":"ward_369_final.248","ward_source_Name":null,"ward_description":null,"ward_timestamp":null,"ward_begin":null,"ward_end":null,"ward_altitudeMode":null,"ward_tessellate":-1,"ward_extrude":0,"ward_visibility":-1,"ward_drawOrder":null,"ward_icon":null,"ward_Corporation":"East","ward_corporation_kn":"ಪೂರ್ವ","ward_corporation_id":"3","ward_ac":"K.R. Pura","ward_ac_kn":"ಕೆ.ಆರ್. ಪುರ","ward_ac_no":"151","ward_Assembly":"151 - K.R. Pura","ward_id":"6","ward_name":"6 - Kalkere","ward_name_kn":"ಕಲ್ಕೆರೆ","ward_TOT_P":"17359.0","ward_TOT_M":"9026.0","ward_TOT_F":"8413.0","ward_SC_P":"2168.0","ward_SC_M":"1106.0","ward_SC_F":"1061.0","ward_ST_P":"122.0","ward_ST_M":"70.0","ward_ST_F":"52.0","ward_low_range":"14567","ward_high_range":"21851","ward_RO_Code":"1","ward_RO_Division":"RO- Horamavu","ward_ARO_Code":"3","ward_ARO_ Sub Division":"ARO- Kalkere","ward_zone":"Zone2","ward_zone_name":"K.R. Pura","ward_join_status":"matched","ward_spatial_match_count":1},"geometry":{"type":"Point","coordinates":[77.66960780000005,13.031059000000027,0]},"id":80},{"type":"Feature","properties":{"fid":81,"OBJECTID":81,"Name":"Placemark","FolderPath":"BBMP Toilets","SymbolID":0,"AltMode":-1,"Base":0,"Snippet":"","PopupInfo":"","HasLabel":-1,"LabelID":0,"ward_source_id":"ward_369_final.152","ward_source_Name":null,"ward_description":null,"ward_timestamp":null,"ward_begin":null,"ward_end":null,"ward_altitudeMode":null,"ward_tessellate":-1,"ward_extrude":0,"ward_visibility":-1,"ward_drawOrder":null,"ward_icon":null,"ward_Corporation":"North","ward_corporation_kn":"ಉತ್ತರ","ward_corporation_id":"2","ward_ac":"Byatarayanapura","ward_ac_kn":"ಬ್ಯಾಟರಾಯನಪುರ","ward_ac_no":"152","ward_Assembly":"152 - Byatarayanapura","ward_id":"10","ward_name":"10 - Vidyaranyapura","ward_name_kn":"ವಿದ್ಯಾರಣ್ಯಪುರ","ward_TOT_P":"24887.0","ward_TOT_M":"12633.0","ward_TOT_F":"12254.0","ward_SC_P":"1818.0","ward_SC_M":"935.0","ward_SC_F":"883.0","ward_ST_P":"337.0","ward_ST_M":"178.0","ward_ST_F":"158.0","ward_low_range":"19943","ward_high_range":"29914","ward_RO_Code":"1","ward_RO_Division":"RO- Bytarayanapura","ward_ARO_Code":"3","ward_ARO_ Sub Division":"ARO- Vidyaranyapura","ward_zone":"Zone1","ward_zone_name":"Byatarayanapura","ward_join_status":"matched","ward_spatial_match_count":1},"geometry":{"type":"Point","coordinates":[77.56729030000008,13.07486190000003,0]},"id":81},{"type":"Feature","properties":{"fid":82,"OBJECTID":82,"Name":"Placemark","FolderPath":"BBMP Toilets","SymbolID":0,"AltMode":-1,"Base":0,"Snippet":"","PopupInfo":"","HasLabel":-1,"LabelID":0,"ward_source_id":"ward_369_final.73","ward_source_Name":null,"ward_description":null,"ward_timestamp":null,"ward_begin":null,"ward_end":null,"ward_altitudeMode":null,"ward_tessellate":-1,"ward_extrude":0,"ward_visibility":-1,"ward_drawOrder":null,"ward_icon":null,"ward_Corporation":"East","ward_corporation_kn":"ಪೂರ್ವ","ward_corporation_id":"3","ward_ac":"K.R. Pura","ward_ac_kn":"ಕೆ.ಆರ್. ಪುರ","ward_ac_no":"151","ward_Assembly":"151 - K.R. Pura","ward_id":"19","ward_name":"19 - K.S. Nissar Ahmed Ward","ward_name_kn":"ಕೆ. ಎಸ್. ನಿಸಾರ್ ಅಹಮದ್ ವಾರ್ಡ್","ward_TOT_P":"15446.0","ward_TOT_M":"8081.0","ward_TOT_F":"7365.0","ward_SC_P":"1543.0","ward_SC_M":"785.0","ward_SC_F":"757.0","ward_ST_P":"285.0","ward_ST_M":"146.0","ward_ST_F":"139.0","ward_low_range":"14567","ward_high_range":"21851","ward_RO_Code":"3","ward_RO_Division":"RO- Ramamurthy Nagara","ward_ARO_Code":"9","ward_ARO_ Sub Division":"ARO- Vijinapura","ward_zone":"Zone2","ward_zone_name":"K.R. Pura","ward_join_status":"matched","ward_spatial_match_count":1},"geometry":{"type":"Point","coordinates":[77.66878260000004,12.99664480000007,0]},"id":82},{"type":"Feature","properties":{"fid":83,"OBJECTID":83,"Name":"Placemark","FolderPath":"BBMP Toilets","SymbolID":0,"AltMode":-1,"Base":0,"Snippet":"","PopupInfo":"","HasLabel":-1,"LabelID":0,"ward_source_id":"ward_369_final.94","ward_source_Name":null,"ward_description":null,"ward_timestamp":null,"ward_begin":null,"ward_end":null,"ward_altitudeMode":null,"ward_tessellate":-1,"ward_extrude":0,"ward_visibility":-1,"ward_drawOrder":null,"ward_icon":null,"ward_Corporation":"North","ward_corporation_kn":"ಉತ್ತರ","ward_corporation_id":"2","ward_ac":"Yelahanka","ward_ac_kn":"ಯಲಹಂಕ","ward_ac_no":"150","ward_Assembly":"150 - Yelahanka","ward_id":"1","ward_name":"1 - Raja Kempegowda ward","ward_name_kn":"ರಾಜ ಕೆಂಪೇಗೌಡ ವಾರ್ಡ್","ward_TOT_P":"21561.0","ward_TOT_M":"11217.0","ward_TOT_F":"10344.0","ward_SC_P":"2143.0","ward_SC_M":"1080.0","ward_SC_F":"1063.0","ward_ST_P":"681.0","ward_ST_M":"327.0","ward_ST_F":"353.0","ward_low_range":"19943","ward_high_range":"29914","ward_RO_Code":"11","ward_RO_Division":"RO- Yelahanka","ward_ARO_Code":"29","ward_ARO_ Sub Division":"ARO- Yelahanka Old Town","ward_zone":"Zone2","ward_zone_name":"Yelahanka","ward_join_status":"matched","ward_spatial_match_count":1},"geometry":{"type":"Point","coordinates":[77.59652680000005,13.099762800000065,0]},"id":83},{"type":"Feature","properties":{"fid":84,"OBJECTID":84,"Name":"Placemark","FolderPath":"BBMP Toilets","SymbolID":0,"AltMode":-1,"Base":0,"Snippet":"","PopupInfo":"","HasLabel":-1,"LabelID":0,"ward_source_id":"ward_369_final.193","ward_source_Name":null,"ward_description":null,"ward_timestamp":null,"ward_begin":null,"ward_end":null,"ward_altitudeMode":null,"ward_tessellate":-1,"ward_extrude":0,"ward_visibility":-1,"ward_drawOrder":null,"ward_icon":null,"ward_Corporation":"North","ward_corporation_kn":"ಉತ್ತರ","ward_corporation_id":"2","ward_ac":"Byatarayanapura","ward_ac_kn":"ಬ್ಯಾಟರಾಯನಪುರ","ward_ac_no":"152","ward_Assembly":"152 - Byatarayanapura","ward_id":"9","ward_name":"9 - Kuvempunagara","ward_name_kn":"ಕುವೆಂಪುನಗರ","ward_TOT_P":"25815.0","ward_TOT_M":"13091.0","ward_TOT_F":"12723.0","ward_SC_P":"9151.0","ward_SC_M":"4561.0","ward_SC_F":"4589.0","ward_ST_P":"748.0","ward_ST_M":"361.0","ward_ST_F":"387.0","ward_low_range":"19943","ward_high_range":"29914","ward_RO_Code":"1","ward_RO_Division":"RO- Bytarayanapura","ward_ARO_Code":"3","ward_ARO_ Sub Division":"ARO- Vidyaranyapura","ward_zone":"Zone1","ward_zone_name":"Byatarayanapura","ward_join_status":"matched","ward_spatial_match_count":1},"geometry":{"type":"Point","coordinates":[77.54812410000005,13.08123960000006,0]},"id":84},{"type":"Feature","properties":{"fid":85,"OBJECTID":85,"Name":"Placemark","FolderPath":"BBMP Toilets","SymbolID":0,"AltMode":-1,"Base":0,"Snippet":"","PopupInfo":"","HasLabel":-1,"LabelID":0,"ward_source_id":"ward_369_final.150","ward_source_Name":null,"ward_description":null,"ward_timestamp":null,"ward_begin":null,"ward_end":null,"ward_altitudeMode":null,"ward_tessellate":-1,"ward_extrude":0,"ward_visibility":-1,"ward_drawOrder":null,"ward_icon":null,"ward_Corporation":"North","ward_corporation_kn":"ಉತ್ತರ","ward_corporation_id":"2","ward_ac":"Byatarayanapura","ward_ac_kn":"ಬ್ಯಾಟರಾಯನಪುರ","ward_ac_no":"152","ward_Assembly":"152 - Byatarayanapura","ward_id":"8","ward_name":"8 - Singapura","ward_name_kn":"ಸಿಂಗಾಪುರ","ward_TOT_P":"24794.0","ward_TOT_M":"12624.0","ward_TOT_F":"12170.0","ward_SC_P":"2680.0","ward_SC_M":"1318.0","ward_SC_F":"1363.0","ward_ST_P":"585.0","ward_ST_M":"293.0","ward_ST_F":"292.0","ward_low_range":"19943","ward_high_range":"29914","ward_RO_Code":"1","ward_RO_Division":"RO- Bytarayanapura","ward_ARO_Code":"3","ward_ARO_ Sub Division":"ARO- Vidyaranyapura","ward_zone":"Zone1","ward_zone_name":"Byatarayanapura","ward_join_status":"matched","ward_spatial_match_count":1},"geometry":{"type":"Point","coordinates":[77.54852690000007,13.081136000000072,0]},"id":85},{"type":"Feature","properties":{"fid":86,"OBJECTID":86,"Name":"Placemark","FolderPath":"BBMP Toilets","SymbolID":0,"AltMode":-1,"Base":0,"Snippet":"","PopupInfo":"","HasLabel":-1,"LabelID":0,"ward_source_id":"ward_369_final.150","ward_source_Name":null,"ward_description":null,"ward_timestamp":null,"ward_begin":null,"ward_end":null,"ward_altitudeMode":null,"ward_tessellate":-1,"ward_extrude":0,"ward_visibility":-1,"ward_drawOrder":null,"ward_icon":null,"ward_Corporation":"North","ward_corporation_kn":"ಉತ್ತರ","ward_corporation_id":"2","ward_ac":"Byatarayanapura","ward_ac_kn":"ಬ್ಯಾಟರಾಯನಪುರ","ward_ac_no":"152","ward_Assembly":"152 - Byatarayanapura","ward_id":"8","ward_name":"8 - Singapura","ward_name_kn":"ಸಿಂಗಾಪುರ","ward_TOT_P":"24794.0","ward_TOT_M":"12624.0","ward_TOT_F":"12170.0","ward_SC_P":"2680.0","ward_SC_M":"1318.0","ward_SC_F":"1363.0","ward_ST_P":"585.0","ward_ST_M":"293.0","ward_ST_F":"292.0","ward_low_range":"19943","ward_high_range":"29914","ward_RO_Code":"1","ward_RO_Division":"RO- Bytarayanapura","ward_ARO_Code":"3","ward_ARO_ Sub Division":"ARO- Vidyaranyapura","ward_zone":"Zone1","ward_zone_name":"Byatarayanapura","ward_join_status":"matched","ward_spatial_match_count":1},"geometry":{"type":"Point","coordinates":[77.55362510000003,13.080305900000042,0]},"id":86},{"type":"Feature","properties":{"fid":87,"OBJECTID":87,"Name":"Placemark","FolderPath":"BBMP Toilets","SymbolID":0,"AltMode":-1,"Base":0,"Snippet":"","PopupInfo":"","HasLabel":-1,"LabelID":0,"ward_source_id":"ward_369_final.176","ward_source_Name":null,"ward_description":null,"ward_timestamp":null,"ward_begin":null,"ward_end":null,"ward_altitudeMode":null,"ward_tessellate":-1,"ward_extrude":0,"ward_visibility":-1,"ward_drawOrder":null,"ward_icon":null,"ward_Corporation":"North","ward_corporation_kn":"ಉತ್ತರ","ward_corporation_id":"2","ward_ac":"Byatarayanapura","ward_ac_kn":"ಬ್ಯಾಟರಾಯನಪುರ","ward_ac_no":"152","ward_Assembly":"152 - Byatarayanapura","ward_id":"18","ward_name":"18 - Kempapura","ward_name_kn":"ಕೆಂಪಾಪುರ","ward_TOT_P":"28936.0","ward_TOT_M":"15396.0","ward_TOT_F":"13540.0","ward_SC_P":"2346.0","ward_SC_M":"1197.0","ward_SC_F":"1149.0","ward_ST_P":"554.0","ward_ST_M":"290.0","ward_ST_F":"264.0","ward_low_range":"19943","ward_high_range":"29914","ward_RO_Code":"2","ward_RO_Division":"RO- Thanisandra","ward_ARO_Code":"6","ward_ARO_ Sub Division":"ARO- Thanisandra","ward_zone":"Zone1","ward_zone_name":"Byatarayanapura","ward_join_status":"matched","ward_spatial_match_count":1},"geometry":{"type":"Point","coordinates":[77.62044670000006,13.04168500000003,0]},"id":87},{"type":"Feature","properties":{"fid":88,"OBJECTID":88,"Name":"Placemark","FolderPath":"BBMP Toilets","SymbolID":0,"AltMode":-1,"Base":0,"Snippet":"","PopupInfo":"","HasLabel":-1,"LabelID":0,"ward_source_id":"ward_369_final.147","ward_source_Name":null,"ward_description":null,"ward_timestamp":null,"ward_begin":null,"ward_end":null,"ward_altitudeMode":null,"ward_tessellate":-1,"ward_extrude":0,"ward_visibility":-1,"ward_drawOrder":null,"ward_icon":null,"ward_Corporation":"North","ward_corporation_kn":"ಉತ್ತರ","ward_corporation_id":"2","ward_ac":"Sarvagnanagar","ward_ac_kn":"ಸರ್ವಜ್ಞನಗರ","ward_ac_no":"160","ward_Assembly":"160 - Sarvagnanagar","ward_id":"23","ward_name":"23 - Hennur","ward_name_kn":"ಹೆಣ್ಣೂರು","ward_TOT_P":"21706.0","ward_TOT_M":"11282.0","ward_TOT_F":"10424.0","ward_SC_P":"3064.0","ward_SC_M":"1575.0","ward_SC_F":"1489.0","ward_ST_P":"486.0","ward_ST_M":"263.0","ward_ST_F":"223.0","ward_low_range":"19943","ward_high_range":"29914","ward_RO_Code":"9","ward_RO_Division":"RO- HBR Layout","ward_ARO_Code":"22","ward_ARO_ Sub Division":"ARO- HBR Layout","ward_zone":"Zone1","ward_zone_name":"Byatarayanapura","ward_join_status":"matched","ward_spatial_match_count":1},"geometry":{"type":"Point","coordinates":[77.62479670000005,13.041643300000032,0]},"id":88},{"type":"Feature","properties":{"fid":89,"OBJECTID":89,"Name":"Placemark","FolderPath":"BBMP Toilets","SymbolID":0,"AltMode":-1,"Base":0,"Snippet":"","PopupInfo":"","HasLabel":-1,"LabelID":0,"ward_source_id":"ward_369_final.287","ward_source_Name":null,"ward_description":null,"ward_timestamp":null,"ward_begin":null,"ward_end":null,"ward_altitudeMode":null,"ward_tessellate":-1,"ward_extrude":0,"ward_visibility":-1,"ward_drawOrder":null,"ward_icon":null,"ward_Corporation":"West","ward_corporation_kn":"ಪಶ್ಚಿಮ","ward_corporation_id":"5","ward_ac":"Basavanagudi","ward_ac_kn":"ಬಸವನಗುಡಿ","ward_ac_no":"170","ward_Assembly":"170 - Basavanagudi","ward_id":"97","ward_name":"97 - Srinivasa Nagara","ward_name_kn":"ಶ್ರೀನಿವಾಸ ನಗರ","ward_TOT_P":"25716.0","ward_TOT_M":"13278.0","ward_TOT_F":"12438.0","ward_SC_P":"385.0","ward_SC_M":"195.0","ward_SC_F":"190.0","ward_ST_P":"366.0","ward_ST_M":"202.0","ward_ST_F":"164.0","ward_low_range":"18949","ward_high_range":"28424","ward_RO_Code":"1","ward_RO_Division":"RO- Basavanagudi","ward_ARO_Code":"4","ward_ARO_ Sub Division":"ARO- Srinivasa Nagara","ward_zone":"Zone2","ward_zone_name":"Malleshwaram","ward_join_status":"matched","ward_spatial_match_count":1},"geometry":{"type":"Point","coordinates":[77.55946640000008,12.936634800000036,0]},"id":89},{"type":"Feature","properties":{"fid":90,"OBJECTID":90,"Name":"Placemark","FolderPath":"BBMP Toilets","SymbolID":0,"AltMode":-1,"Base":0,"Snippet":"","PopupInfo":"","HasLabel":-1,"LabelID":0,"ward_source_id":"ward_369_final.326","ward_source_Name":null,"ward_description":null,"ward_timestamp":null,"ward_begin":null,"ward_end":null,"ward_altitudeMode":null,"ward_tessellate":-1,"ward_extrude":0,"ward_visibility":-1,"ward_drawOrder":null,"ward_icon":null,"ward_Corporation":"West","ward_corporation_kn":"ಪಶ್ಚಿಮ","ward_corporation_id":"5","ward_ac":"Basavanagudi","ward_ac_kn":"ಬಸವನಗುಡಿ","ward_ac_no":"170","ward_Assembly":"170 - Basavanagudi","ward_id":"96","ward_name":"96 - Kathriguppe","ward_name_kn":"ಕತ್ರಿಗುಪ್ಪೆ","ward_TOT_P":"27696.0","ward_TOT_M":"14064.0","ward_TOT_F":"13632.0","ward_SC_P":"557.0","ward_SC_M":"294.0","ward_SC_F":"263.0","ward_ST_P":"372.0","ward_ST_M":"179.0","ward_ST_F":"193.0","ward_low_range":"18949","ward_high_range":"28424","ward_RO_Code":"1","ward_RO_Division":"RO- Basavanagudi","ward_ARO_Code":"2","ward_ARO_ Sub Division":"ARO- Katriguppe","ward_zone":"Zone2","ward_zone_name":"Malleshwaram","ward_join_status":"matched","ward_spatial_match_count":1},"geometry":{"type":"Point","coordinates":[77.55709480000007,12.928585200000043,0]},"id":90},{"type":"Feature","properties":{"fid":91,"OBJECTID":91,"Name":"Placemark","FolderPath":"BBMP Toilets","SymbolID":0,"AltMode":-1,"Base":0,"Snippet":"","PopupInfo":"","HasLabel":-1,"LabelID":0,"ward_source_id":"ward_369_final.326","ward_source_Name":null,"ward_description":null,"ward_timestamp":null,"ward_begin":null,"ward_end":null,"ward_altitudeMode":null,"ward_tessellate":-1,"ward_extrude":0,"ward_visibility":-1,"ward_drawOrder":null,"ward_icon":null,"ward_Corporation":"West","ward_corporation_kn":"ಪಶ್ಚಿಮ","ward_corporation_id":"5","ward_ac":"Basavanagudi","ward_ac_kn":"ಬಸವನಗುಡಿ","ward_ac_no":"170","ward_Assembly":"170 - Basavanagudi","ward_id":"96","ward_name":"96 - Kathriguppe","ward_name_kn":"ಕತ್ರಿಗುಪ್ಪೆ","ward_TOT_P":"27696.0","ward_TOT_M":"14064.0","ward_TOT_F":"13632.0","ward_SC_P":"557.0","ward_SC_M":"294.0","ward_SC_F":"263.0","ward_ST_P":"372.0","ward_ST_M":"179.0","ward_ST_F":"193.0","ward_low_range":"18949","ward_high_range":"28424","ward_RO_Code":"1","ward_RO_Division":"RO- Basavanagudi","ward_ARO_Code":"2","ward_ARO_ Sub Division":"ARO- Katriguppe","ward_zone":"Zone2","ward_zone_name":"Malleshwaram","ward_join_status":"matched","ward_spatial_match_count":1},"geometry":{"type":"Point","coordinates":[77.55391800000007,12.926350700000057,0]},"id":91},{"type":"Feature","properties":{"fid":92,"OBJECTID":92,"Name":"Placemark","FolderPath":"BBMP Toilets","SymbolID":0,"AltMode":-1,"Base":0,"Snippet":"","PopupInfo":"","HasLabel":-1,"LabelID":0,"ward_source_id":"ward_369_final.329","ward_source_Name":null,"ward_description":null,"ward_timestamp":null,"ward_begin":null,"ward_end":null,"ward_altitudeMode":null,"ward_tessellate":-1,"ward_extrude":0,"ward_visibility":-1,"ward_drawOrder":null,"ward_icon":null,"ward_Corporation":"West","ward_corporation_kn":"ಪಶ್ಚಿಮ","ward_corporation_id":"5","ward_ac":"Basavanagudi","ward_ac_kn":"ಬಸವನಗುಡಿ","ward_ac_no":"170","ward_Assembly":"170 - Basavanagudi","ward_id":"104","ward_name":"104 - Thyagarajnagar","ward_name_kn":"ತ್ಯಾಗರಾಜನಗರ","ward_TOT_P":"21082.0","ward_TOT_M":"10786.0","ward_TOT_F":"10296.0","ward_SC_P":"2542.0","ward_SC_M":"1275.0","ward_SC_F":"1267.0","ward_ST_P":"661.0","ward_ST_M":"327.0","ward_ST_F":"334.0","ward_low_range":"18949","ward_high_range":"28424","ward_RO_Code":"1","ward_RO_Division":"RO- Basavanagudi","ward_ARO_Code":"4","ward_ARO_ Sub Division":"ARO- Srinivasa Nagara","ward_zone":"Zone2","ward_zone_name":"Malleshwaram","ward_join_status":"matched","ward_spatial_match_count":1},"geometry":{"type":"Point","coordinates":[77.56394650000004,12.93239090000003,0]},"id":92},{"type":"Feature","properties":{"fid":93,"OBJECTID":93,"Name":"Placemark","FolderPath":"BBMP Toilets","SymbolID":0,"AltMode":-1,"Base":0,"Snippet":"","PopupInfo":"","HasLabel":-1,"LabelID":0,"ward_source_id":"ward_369_final.347","ward_source_Name":null,"ward_description":null,"ward_timestamp":null,"ward_begin":null,"ward_end":null,"ward_altitudeMode":null,"ward_tessellate":-1,"ward_extrude":0,"ward_visibility":-1,"ward_drawOrder":null,"ward_icon":null,"ward_Corporation":"West","ward_corporation_kn":"ಪಶ್ಚಿಮ","ward_corporation_id":"5","ward_ac":"Vijayanagar","ward_ac_kn":"ವಿಜಯನಗರ","ward_ac_no":"167","ward_Assembly":"167 - Vijayanagar","ward_id":"84","ward_name":"84 - Hosahalli","ward_name_kn":"ಹೊಸಹಳ್ಳಿ","ward_TOT_P":"27966.0","ward_TOT_M":"14417.0","ward_TOT_F":"13548.0","ward_SC_P":"3020.0","ward_SC_M":"1536.0","ward_SC_F":"1484.0","ward_ST_P":"376.0","ward_ST_M":"194.0","ward_ST_F":"183.0","ward_low_range":"18949","ward_high_range":"28424","ward_RO_Code":"13","ward_RO_Division":"RO- Vijayanagar","ward_ARO_Code":"39","ward_ARO_ Sub Division":"ARO- Hosahalli","ward_zone":"Zone2","ward_zone_name":"Malleshwaram","ward_join_status":"matched","ward_spatial_match_count":1},"geometry":{"type":"Point","coordinates":[77.54274060000006,12.969801800000027,0]},"id":93},{"type":"Feature","properties":{"fid":94,"OBJECTID":94,"Name":"Placemark","FolderPath":"BBMP Toilets","SymbolID":0,"AltMode":-1,"Base":0,"Snippet":"","PopupInfo":"","HasLabel":-1,"LabelID":0,"ward_source_id":"ward_369_final.288","ward_source_Name":null,"ward_description":null,"ward_timestamp":null,"ward_begin":null,"ward_end":null,"ward_altitudeMode":null,"ward_tessellate":-1,"ward_extrude":0,"ward_visibility":-1,"ward_drawOrder":null,"ward_icon":null,"ward_Corporation":"West","ward_corporation_kn":"ಪಶ್ಚಿಮ","ward_corporation_id":"5","ward_ac":"Vijayanagar","ward_ac_kn":"ವಿಜಯನಗರ","ward_ac_no":"167","ward_Assembly":"167 - Vijayanagar","ward_id":"83","ward_name":"83 - Hampi Nagar","ward_name_kn":"ಹಂಪಿ ನಗರ","ward_TOT_P":"23420.0","ward_TOT_M":"12018.0","ward_TOT_F":"11402.0","ward_SC_P":"959.0","ward_SC_M":"488.0","ward_SC_F":"471.0","ward_ST_P":"253.0","ward_ST_M":"121.0","ward_ST_F":"132.0","ward_low_range":"18949","ward_high_range":"28424","ward_RO_Code":"12","ward_RO_Division":"RO- Hampi Nagar","ward_ARO_Code":"37","ward_ARO_ Sub Division":"ARO- Hampi Nagar","ward_zone":"Zone2","ward_zone_name":"Malleshwaram","ward_join_status":"matched","ward_spatial_match_count":1},"geometry":{"type":"Point","coordinates":[77.52943670000008,12.951495100000045,0]},"id":94},{"type":"Feature","properties":{"fid":95,"OBJECTID":95,"Name":"Placemark","FolderPath":"BBMP Toilets","SymbolID":0,"AltMode":-1,"Base":0,"Snippet":"","PopupInfo":"","HasLabel":-1,"LabelID":0,"ward_source_id":"ward_369_final.26","ward_source_Name":null,"ward_description":null,"ward_timestamp":null,"ward_begin":null,"ward_end":null,"ward_altitudeMode":null,"ward_tessellate":-1,"ward_extrude":0,"ward_visibility":-1,"ward_drawOrder":null,"ward_icon":null,"ward_Corporation":"East","ward_corporation_kn":"ಪೂರ್ವ","ward_corporation_id":"3","ward_ac":"K.R. Pura","ward_ac_kn":"ಕೆ.ಆರ್. ಪುರ","ward_ac_no":"151","ward_Assembly":"151 - K.R. Pura","ward_id":"4","ward_name":"4 - Babusab Palya","ward_name_kn":"ಬಾಬುಸಾಬ್ ಪಾಳ್ಯ","ward_TOT_P":"19361.0","ward_TOT_M":"9933.0","ward_TOT_F":"9428.0","ward_SC_P":"1899.0","ward_SC_M":"937.0","ward_SC_F":"962.0","ward_ST_P":"238.0","ward_ST_M":"122.0","ward_ST_F":"115.0","ward_low_range":"14567","ward_high_range":"21851","ward_RO_Code":"1","ward_RO_Division":"RO- Horamavu","ward_ARO_Code":"1","ward_ARO_ Sub Division":"ARO- Chellakere","ward_zone":"Zone2","ward_zone_name":"K.R. Pura","ward_join_status":"matched","ward_spatial_match_count":1},"geometry":{"type":"Point","coordinates":[77.64722920000008,13.02288660000005,0]},"id":95},{"type":"Feature","properties":{"fid":96,"OBJECTID":96,"Name":"Placemark","FolderPath":"BBMP Toilets","SymbolID":0,"AltMode":-1,"Base":0,"Snippet":"","PopupInfo":"","HasLabel":-1,"LabelID":0,"ward_source_id":"ward_369_final.113","ward_source_Name":null,"ward_description":null,"ward_timestamp":null,"ward_begin":null,"ward_end":null,"ward_altitudeMode":null,"ward_tessellate":-1,"ward_extrude":0,"ward_visibility":-1,"ward_drawOrder":null,"ward_icon":null,"ward_Corporation":"North","ward_corporation_kn":"ಉತ್ತರ","ward_corporation_id":"2","ward_ac":"Hebbal","ward_ac_kn":"ಹೆಬ್ಬಾಳ","ward_ac_no":"158","ward_Assembly":"158 - Hebbal","ward_id":"49","ward_name":"49 - Jaya Chamarajendra Nagara","ward_name_kn":"ಜಯ ಚಾಮರಾಜೇಂದ್ರ ನಗರ","ward_TOT_P":"25953.0","ward_TOT_M":"13141.0","ward_TOT_F":"12811.0","ward_SC_P":"2285.0","ward_SC_M":"1164.0","ward_SC_F":"1121.0","ward_ST_P":"247.0","ward_ST_M":"124.0","ward_ST_F":"123.0","ward_low_range":"19943","ward_high_range":"29914","ward_RO_Code":"5","ward_RO_Division":"RO- R.T Nagar","ward_ARO_Code":"13","ward_ARO_ Sub Division":"ARO- R.T Nagar","ward_zone":"Zone2","ward_zone_name":"Yelahanka","ward_join_status":"matched","ward_spatial_match_count":1},"geometry":{"type":"Point","coordinates":[77.59421050000003,13.008620500000063,0]},"id":96},{"type":"Feature","properties":{"fid":97,"OBJECTID":97,"Name":"Placemark","FolderPath":"BBMP Toilets","SymbolID":0,"AltMode":-1,"Base":0,"Snippet":"","PopupInfo":"","HasLabel":-1,"LabelID":0,"ward_source_id":"ward_369_final.183","ward_source_Name":null,"ward_description":null,"ward_timestamp":null,"ward_begin":null,"ward_end":null,"ward_altitudeMode":null,"ward_tessellate":-1,"ward_extrude":0,"ward_visibility":-1,"ward_drawOrder":null,"ward_icon":null,"ward_Corporation":"West","ward_corporation_kn":"ಪಶ್ಚಿಮ","ward_corporation_id":"5","ward_ac":"Vijayanagar","ward_ac_kn":"ವಿಜಯನಗರ","ward_ac_no":"167","ward_Assembly":"167 - Vijayanagar","ward_id":"87","ward_name":"87 - K.P Agrahara","ward_name_kn":"ಕೆ.ಪಿ. ಅಗ್ರಹಾರ","ward_TOT_P":"23555.0","ward_TOT_M":"12024.0","ward_TOT_F":"11451.0","ward_SC_P":"986.0","ward_SC_M":"479.0","ward_SC_F":"507.0","ward_ST_P":"323.0","ward_ST_M":"161.0","ward_ST_F":"162.0","ward_low_range":"18949","ward_high_range":"28424","ward_RO_Code":"13","ward_RO_Division":"RO- Vijayanagar","ward_ARO_Code":"40","ward_ARO_ Sub Division":"ARO- KP Agrahara","ward_zone":"Zone2","ward_zone_name":"Malleshwaram","ward_join_status":"matched","ward_spatial_match_count":1},"geometry":{"type":"Point","coordinates":[77.54862000000008,12.974118300000043,0]},"id":97},{"type":"Feature","properties":{"fid":98,"OBJECTID":98,"Name":"Placemark","FolderPath":"BBMP Toilets","SymbolID":0,"AltMode":-1,"Base":0,"Snippet":"","PopupInfo":"","HasLabel":-1,"LabelID":0,"ward_source_id":"ward_369_final.354","ward_source_Name":null,"ward_description":null,"ward_timestamp":null,"ward_begin":null,"ward_end":null,"ward_altitudeMode":null,"ward_tessellate":-1,"ward_extrude":0,"ward_visibility":-1,"ward_drawOrder":null,"ward_icon":null,"ward_Corporation":"West","ward_corporation_kn":"ಪಶ್ಚಿಮ","ward_corporation_id":"5","ward_ac":"Vijayanagar","ward_ac_kn":"ವಿಜಯನಗರ","ward_ac_no":"167","ward_Assembly":"167 - Vijayanagar","ward_id":"85","ward_name":"85 - Adi Chunchanagiri Ward","ward_name_kn":"ಆದಿ ಚುಂಚನಗಿರಿ ವಾರ್ಡ್","ward_TOT_P":"26463.0","ward_TOT_M":"13516.0","ward_TOT_F":"12947.0","ward_SC_P":"1309.0","ward_SC_M":"655.0","ward_SC_F":"654.0","ward_ST_P":"341.0","ward_ST_M":"178.0","ward_ST_F":"163.0","ward_low_range":"18949","ward_high_range":"28424","ward_RO_Code":"13","ward_RO_Division":"RO- Vijayanagar","ward_ARO_Code":"39","ward_ARO_ Sub Division":"ARO- Hosahalli","ward_zone":"Zone2","ward_zone_name":"Malleshwaram","ward_join_status":"matched","ward_spatial_match_count":1},"geometry":{"type":"Point","coordinates":[77.54713010000006,12.972732600000029,0]},"id":98},{"type":"Feature","properties":{"fid":99,"OBJECTID":99,"Name":"Placemark","FolderPath":"BBMP Toilets","SymbolID":0,"AltMode":-1,"Base":0,"Snippet":"","PopupInfo":"","HasLabel":-1,"LabelID":0,"ward_source_id":"ward_369_final.91","ward_source_Name":null,"ward_description":null,"ward_timestamp":null,"ward_begin":null,"ward_end":null,"ward_altitudeMode":null,"ward_tessellate":-1,"ward_extrude":0,"ward_visibility":-1,"ward_drawOrder":null,"ward_icon":null,"ward_Corporation":"Central","ward_corporation_kn":"ಕೇಂದ್ರ","ward_corporation_id":"1","ward_ac":"Gandhinagara","ward_ac_kn":"ಗಾಂಧಿನಗರ","ward_ac_no":"164","ward_Assembly":"164 - Gandhinagara","ward_id":"62","ward_name":"62 - Swatantra Palya Ward","ward_name_kn":"ಸ್ವತಂತ್ರ ಪಾಳ್ಯ ವಾರ್ಡ್","ward_TOT_P":"28137.0","ward_TOT_M":"14255.0","ward_TOT_F":"13883.0","ward_SC_P":"12723.0","ward_SC_M":"6443.0","ward_SC_F":"6280.0","ward_ST_P":"367.0","ward_ST_M":"198.0","ward_ST_F":"170.0","ward_low_range":"18853","ward_high_range":"28280","ward_RO_Code":"5","ward_RO_Division":"RO - Gandhinagara","ward_ARO_Code":"16","ward_ARO_ Sub Division":"ARO- Okalipuram","ward_zone":"Zone2","ward_zone_name":"Gandhinagara","ward_join_status":"matched","ward_spatial_match_count":1},"geometry":{"type":"Point","coordinates":[77.56874040000008,12.99264130000006,0]},"id":99},{"type":"Feature","properties":{"fid":100,"OBJECTID":100,"Name":"Placemark","FolderPath":"BBMP Toilets","SymbolID":0,"AltMode":-1,"Base":0,"Snippet":"","PopupInfo":"","HasLabel":-1,"LabelID":0,"ward_source_id":"ward_369_final.90","ward_source_Name":null,"ward_description":null,"ward_timestamp":null,"ward_begin":null,"ward_end":null,"ward_altitudeMode":null,"ward_tessellate":-1,"ward_extrude":0,"ward_visibility":-1,"ward_drawOrder":null,"ward_icon":null,"ward_Corporation":"Central","ward_corporation_kn":"ಕೇಂದ್ರ","ward_corporation_id":"1","ward_ac":"Chickpet","ward_ac_kn":"ಚಿಕ್ಕಪೇಟೆ","ward_ac_no":"169","ward_Assembly":"169 - Chickpet","ward_id":"38","ward_name":"38 - Kanakanapalya","ward_name_kn":"ಕನಕನಪಾಳ್ಯ","ward_TOT_P":"20054.0","ward_TOT_M":"10042.0","ward_TOT_F":"10053.0","ward_SC_P":"2136.0","ward_SC_M":"1045.0","ward_SC_F":"1091.0","ward_ST_P":"285.0","ward_ST_M":"140.0","ward_ST_F":"145.0","ward_low_range":"18853","ward_high_range":"28280","ward_RO_Code":"4","ward_RO_Division":"RO - Chickpet","ward_ARO_Code":"10","ward_ARO_ Sub Division":"ARO- Ashoka Pillar","ward_zone":"Zone2","ward_zone_name":"Gandhinagara","ward_join_status":"matched","ward_spatial_match_count":1},"geometry":{"type":"Point","coordinates":[77.58503910000007,12.936786600000062,0]},"id":100},{"type":"Feature","properties":{"fid":101,"OBJECTID":101,"Name":"Placemark","FolderPath":"BBMP Toilets","SymbolID":0,"AltMode":-1,"Base":0,"Snippet":"","PopupInfo":"","HasLabel":-1,"LabelID":0,"ward_source_id":"ward_369_final.266","ward_source_Name":null,"ward_description":null,"ward_timestamp":null,"ward_begin":null,"ward_end":null,"ward_altitudeMode":null,"ward_tessellate":-1,"ward_extrude":0,"ward_visibility":-1,"ward_drawOrder":null,"ward_icon":null,"ward_Corporation":"Central","ward_corporation_kn":"ಕೇಂದ್ರ","ward_corporation_id":"1","ward_ac":"Chickpet","ward_ac_kn":"ಚಿಕ್ಕಪೇಟೆ","ward_ac_no":"169","ward_Assembly":"169 - Chickpet","ward_id":"35","ward_name":"35 - Hombegowda Nagara","ward_name_kn":"ಹೊಂಬೇಗೌಡ ನಗರ","ward_TOT_P":"18866.0","ward_TOT_M":"9795.0","ward_TOT_F":"9011.0","ward_SC_P":"1898.0","ward_SC_M":"948.0","ward_SC_F":"950.0","ward_ST_P":"238.0","ward_ST_M":"126.0","ward_ST_F":"112.0","ward_low_range":"18853","ward_high_range":"28280","ward_RO_Code":"4","ward_RO_Division":"RO - Chickpet","ward_ARO_Code":"12","ward_ARO_ Sub Division":"ARO- Hombegowda Nagar","ward_zone":"Zone2","ward_zone_name":"Gandhinagara","ward_join_status":"matched","ward_spatial_match_count":1},"geometry":{"type":"Point","coordinates":[77.59708790000008,12.948328300000071,0]},"id":101},{"type":"Feature","properties":{"fid":102,"OBJECTID":102,"Name":"Placemark","FolderPath":"BBMP Toilets","SymbolID":0,"AltMode":-1,"Base":0,"Snippet":"","PopupInfo":"","HasLabel":-1,"LabelID":0,"ward_source_id":"ward_369_final.354","ward_source_Name":null,"ward_description":null,"ward_timestamp":null,"ward_begin":null,"ward_end":null,"ward_altitudeMode":null,"ward_tessellate":-1,"ward_extrude":0,"ward_visibility":-1,"ward_drawOrder":null,"ward_icon":null,"ward_Corporation":"West","ward_corporation_kn":"ಪಶ್ಚಿಮ","ward_corporation_id":"5","ward_ac":"Vijayanagar","ward_ac_kn":"ವಿಜಯನಗರ","ward_ac_no":"167","ward_Assembly":"167 - Vijayanagar","ward_id":"85","ward_name":"85 - Adi Chunchanagiri Ward","ward_name_kn":"ಆದಿ ಚುಂಚನಗಿರಿ ವಾರ್ಡ್","ward_TOT_P":"26463.0","ward_TOT_M":"13516.0","ward_TOT_F":"12947.0","ward_SC_P":"1309.0","ward_SC_M":"655.0","ward_SC_F":"654.0","ward_ST_P":"341.0","ward_ST_M":"178.0","ward_ST_F":"163.0","ward_low_range":"18949","ward_high_range":"28424","ward_RO_Code":"13","ward_RO_Division":"RO- Vijayanagar","ward_ARO_Code":"39","ward_ARO_ Sub Division":"ARO- Hosahalli","ward_zone":"Zone2","ward_zone_name":"Malleshwaram","ward_join_status":"matched","ward_spatial_match_count":1},"geometry":{"type":"Point","coordinates":[77.54352900000004,12.971409000000051,0]},"id":102},{"type":"Feature","properties":{"fid":103,"OBJECTID":103,"Name":"Placemark","FolderPath":"BBMP Toilets","SymbolID":0,"AltMode":-1,"Base":0,"Snippet":"","PopupInfo":"","HasLabel":-1,"LabelID":0,"ward_source_id":"ward_369_final.125","ward_source_Name":null,"ward_description":null,"ward_timestamp":null,"ward_begin":null,"ward_end":null,"ward_altitudeMode":null,"ward_tessellate":-1,"ward_extrude":0,"ward_visibility":-1,"ward_drawOrder":null,"ward_icon":null,"ward_Corporation":"North","ward_corporation_kn":"ಉತ್ತರ","ward_corporation_id":"2","ward_ac":"Byatarayanapura","ward_ac_kn":"ಬ್ಯಾಟರಾಯನಪುರ","ward_ac_no":"152","ward_Assembly":"152 - Byatarayanapura","ward_id":"13","ward_name":"13 - Kodigehalli","ward_name_kn":"ಕೊಡಿಗೆಹಳ್ಳಿ","ward_TOT_P":"28244.0","ward_TOT_M":"14946.0","ward_TOT_F":"13298.0","ward_SC_P":"3414.0","ward_SC_M":"1733.0","ward_SC_F":"1681.0","ward_ST_P":"649.0","ward_ST_M":"351.0","ward_ST_F":"297.0","ward_low_range":"19943","ward_high_range":"29914","ward_RO_Code":"1","ward_RO_Division":"RO- Bytarayanapura","ward_ARO_Code":"2","ward_ARO_ Sub Division":"ARO- Kodigehalli","ward_zone":"Zone1","ward_zone_name":"Byatarayanapura","ward_join_status":"matched","ward_spatial_match_count":1},"geometry":{"type":"Point","coordinates":[77.57623500000005,13.059720000000027,0]},"id":103},{"type":"Feature","properties":{"fid":104,"OBJECTID":104,"Name":"Placemark","FolderPath":"BBMP Toilets","SymbolID":0,"AltMode":-1,"Base":0,"Snippet":"","PopupInfo":"","HasLabel":-1,"LabelID":0,"ward_source_id":"ward_369_final.280","ward_source_Name":null,"ward_description":null,"ward_timestamp":null,"ward_begin":null,"ward_end":null,"ward_altitudeMode":null,"ward_tessellate":-1,"ward_extrude":0,"ward_visibility":-1,"ward_drawOrder":null,"ward_icon":null,"ward_Corporation":"West","ward_corporation_kn":"ಪಶ್ಚಿಮ","ward_corporation_id":"5","ward_ac":"Vijayanagar","ward_ac_kn":"ವಿಜಯನಗರ","ward_ac_no":"167","ward_Assembly":"167 - Vijayanagar","ward_id":"82","ward_name":"82 - Attigupe","ward_name_kn":"ಅತ್ತಿಗುಪ್ಪೆ","ward_TOT_P":"24614.0","ward_TOT_M":"12673.0","ward_TOT_F":"11941.0","ward_SC_P":"1632.0","ward_SC_M":"843.0","ward_SC_F":"789.0","ward_ST_P":"258.0","ward_ST_M":"129.0","ward_ST_F":"129.0","ward_low_range":"18949","ward_high_range":"28424","ward_RO_Code":"12","ward_RO_Division":"RO- Hampi Nagar","ward_ARO_Code":"37","ward_ARO_ Sub Division":"ARO- Hampi Nagar","ward_zone":"Zone2","ward_zone_name":"Malleshwaram","ward_join_status":"matched","ward_spatial_match_count":1},"geometry":{"type":"Point","coordinates":[77.52644010000006,12.958727400000043,0]},"id":104},{"type":"Feature","properties":{"fid":105,"OBJECTID":105,"Name":"Placemark","FolderPath":"BBMP Toilets","SymbolID":0,"AltMode":-1,"Base":0,"Snippet":"","PopupInfo":"","HasLabel":-1,"LabelID":0,"ward_source_id":"ward_369_final.34","ward_source_Name":null,"ward_description":null,"ward_timestamp":null,"ward_begin":null,"ward_end":null,"ward_altitudeMode":null,"ward_tessellate":-1,"ward_extrude":0,"ward_visibility":-1,"ward_drawOrder":null,"ward_icon":null,"ward_Corporation":"North","ward_corporation_kn":"ಉತ್ತರ","ward_corporation_id":"2","ward_ac":"Dasarahalli","ward_ac_kn":"ದಾಸರಹಳ್ಳಿ","ward_ac_no":"155","ward_Assembly":"155 - Dasarahalli","ward_id":"66","ward_name":"66 - Kammagondanahalli","ward_name_kn":"ಕಮ್ಮಗೊಂಡನಹಳ್ಳಿ","ward_TOT_P":"20542.0","ward_TOT_M":"10868.0","ward_TOT_F":"9674.0","ward_SC_P":"3515.0","ward_SC_M":"1807.0","ward_SC_F":"1708.0","ward_ST_P":"498.0","ward_ST_M":"259.0","ward_ST_F":"240.0","ward_low_range":"19943","ward_high_range":"29914","ward_RO_Code":"3","ward_RO_Division":"RO- Dasarahalli","ward_ARO_Code":"9","ward_ARO_ Sub Division":"ARO- Shetty Halli","ward_zone":"Zone2","ward_zone_name":"Yelahanka","ward_join_status":"matched","ward_spatial_match_count":1},"geometry":{"type":"Point","coordinates":[77.53020620000007,13.066289600000061,0]},"id":105},{"type":"Feature","properties":{"fid":106,"OBJECTID":106,"Name":"Placemark","FolderPath":"BBMP Toilets","SymbolID":0,"AltMode":-1,"Base":0,"Snippet":"","PopupInfo":"","HasLabel":-1,"LabelID":0,"ward_source_id":"ward_369_final.266","ward_source_Name":null,"ward_description":null,"ward_timestamp":null,"ward_begin":null,"ward_end":null,"ward_altitudeMode":null,"ward_tessellate":-1,"ward_extrude":0,"ward_visibility":-1,"ward_drawOrder":null,"ward_icon":null,"ward_Corporation":"Central","ward_corporation_kn":"ಕೇಂದ್ರ","ward_corporation_id":"1","ward_ac":"Chickpet","ward_ac_kn":"ಚಿಕ್ಕಪೇಟೆ","ward_ac_no":"169","ward_Assembly":"169 - Chickpet","ward_id":"35","ward_name":"35 - Hombegowda Nagara","ward_name_kn":"ಹೊಂಬೇಗೌಡ ನಗರ","ward_TOT_P":"18866.0","ward_TOT_M":"9795.0","ward_TOT_F":"9011.0","ward_SC_P":"1898.0","ward_SC_M":"948.0","ward_SC_F":"950.0","ward_ST_P":"238.0","ward_ST_M":"126.0","ward_ST_F":"112.0","ward_low_range":"18853","ward_high_range":"28280","ward_RO_Code":"4","ward_RO_Division":"RO - Chickpet","ward_ARO_Code":"12","ward_ARO_ Sub Division":"ARO- Hombegowda Nagar","ward_zone":"Zone2","ward_zone_name":"Gandhinagara","ward_join_status":"matched","ward_spatial_match_count":1},"geometry":{"type":"Point","coordinates":[77.59519390000008,12.951114300000029,0]},"id":106},{"type":"Feature","properties":{"fid":107,"OBJECTID":107,"Name":"Placemark","FolderPath":"BBMP Toilets","SymbolID":0,"AltMode":-1,"Base":0,"Snippet":"","PopupInfo":"","HasLabel":-1,"LabelID":0,"ward_source_id":"ward_369_final.90","ward_source_Name":null,"ward_description":null,"ward_timestamp":null,"ward_begin":null,"ward_end":null,"ward_altitudeMode":null,"ward_tessellate":-1,"ward_extrude":0,"ward_visibility":-1,"ward_drawOrder":null,"ward_icon":null,"ward_Corporation":"Central","ward_corporation_kn":"ಕೇಂದ್ರ","ward_corporation_id":"1","ward_ac":"Chickpet","ward_ac_kn":"ಚಿಕ್ಕಪೇಟೆ","ward_ac_no":"169","ward_Assembly":"169 - Chickpet","ward_id":"38","ward_name":"38 - Kanakanapalya","ward_name_kn":"ಕನಕನಪಾಳ್ಯ","ward_TOT_P":"20054.0","ward_TOT_M":"10042.0","ward_TOT_F":"10053.0","ward_SC_P":"2136.0","ward_SC_M":"1045.0","ward_SC_F":"1091.0","ward_ST_P":"285.0","ward_ST_M":"140.0","ward_ST_F":"145.0","ward_low_range":"18853","ward_high_range":"28280","ward_RO_Code":"4","ward_RO_Division":"RO - Chickpet","ward_ARO_Code":"10","ward_ARO_ Sub Division":"ARO- Ashoka Pillar","ward_zone":"Zone2","ward_zone_name":"Gandhinagara","ward_join_status":"matched","ward_spatial_match_count":1},"geometry":{"type":"Point","coordinates":[77.58411940000008,12.940524000000039,0]},"id":107},{"type":"Feature","properties":{"fid":108,"OBJECTID":108,"Name":"Placemark","FolderPath":"BBMP Toilets","SymbolID":0,"AltMode":-1,"Base":0,"Snippet":"","PopupInfo":"","HasLabel":-1,"LabelID":0,"ward_source_id":"ward_369_final.347","ward_source_Name":null,"ward_description":null,"ward_timestamp":null,"ward_begin":null,"ward_end":null,"ward_altitudeMode":null,"ward_tessellate":-1,"ward_extrude":0,"ward_visibility":-1,"ward_drawOrder":null,"ward_icon":null,"ward_Corporation":"West","ward_corporation_kn":"ಪಶ್ಚಿಮ","ward_corporation_id":"5","ward_ac":"Vijayanagar","ward_ac_kn":"ವಿಜಯನಗರ","ward_ac_no":"167","ward_Assembly":"167 - Vijayanagar","ward_id":"84","ward_name":"84 - Hosahalli","ward_name_kn":"ಹೊಸಹಳ್ಳಿ","ward_TOT_P":"27966.0","ward_TOT_M":"14417.0","ward_TOT_F":"13548.0","ward_SC_P":"3020.0","ward_SC_M":"1536.0","ward_SC_F":"1484.0","ward_ST_P":"376.0","ward_ST_M":"194.0","ward_ST_F":"183.0","ward_low_range":"18949","ward_high_range":"28424","ward_RO_Code":"13","ward_RO_Division":"RO- Vijayanagar","ward_ARO_Code":"39","ward_ARO_ Sub Division":"ARO- Hosahalli","ward_zone":"Zone2","ward_zone_name":"Malleshwaram","ward_join_status":"matched","ward_spatial_match_count":1},"geometry":{"type":"Point","coordinates":[77.53911100000005,12.972837800000036,0]},"id":108},{"type":"Feature","properties":{"fid":109,"OBJECTID":109,"Name":"Placemark","FolderPath":"BBMP Toilets","SymbolID":0,"AltMode":-1,"Base":0,"Snippet":"","PopupInfo":"","HasLabel":-1,"LabelID":0,"ward_source_id":"ward_369_final.342","ward_source_Name":null,"ward_description":null,"ward_timestamp":null,"ward_begin":null,"ward_end":null,"ward_altitudeMode":null,"ward_tessellate":-1,"ward_extrude":0,"ward_visibility":-1,"ward_drawOrder":null,"ward_icon":null,"ward_Corporation":"West","ward_corporation_kn":"ಪಶ್ಚಿಮ","ward_corporation_id":"5","ward_ac":"Mahalakshmi Layout","ward_ac_kn":"ಮಹಾಲಕ್ಷ್ಮಿ ಲೇಔಟ್","ward_ac_no":"156","ward_Assembly":"156 - Mahalakshmi Layout","ward_id":"43","ward_name":"43 - Kethamaranahalli","ward_name_kn":"ಕೇತಮಾರನಹಳ್ಳಿ","ward_TOT_P":"28154.0","ward_TOT_M":"14315.0","ward_TOT_F":"13839.0","ward_SC_P":"1329.0","ward_SC_M":"649.0","ward_SC_F":"680.0","ward_ST_P":"346.0","ward_ST_M":"170.0","ward_ST_F":"176.0","ward_low_range":"18949","ward_high_range":"28424","ward_RO_Code":"5","ward_RO_Division":"RO- Mahalakshmi Layout","ward_ARO_Code":"18","ward_ARO_ Sub Division":"ARO- Shankar Mutt","ward_zone":"Zone1","ward_zone_name":"Rajarajeshwarinagar","ward_join_status":"matched","ward_spatial_match_count":1},"geometry":{"type":"Point","coordinates":[77.55154450000003,13.003158100000064,0]},"id":109},{"type":"Feature","properties":{"fid":110,"OBJECTID":110,"Name":"Placemark","FolderPath":"BBMP Toilets","SymbolID":0,"AltMode":-1,"Base":0,"Snippet":"","PopupInfo":"","HasLabel":-1,"LabelID":0,"ward_source_id":"ward_369_final.268","ward_source_Name":null,"ward_description":null,"ward_timestamp":null,"ward_begin":null,"ward_end":null,"ward_altitudeMode":null,"ward_tessellate":-1,"ward_extrude":0,"ward_visibility":-1,"ward_drawOrder":null,"ward_icon":null,"ward_Corporation":"Central","ward_corporation_kn":"ಕೇಂದ್ರ","ward_corporation_id":"1","ward_ac":"Chickpet","ward_ac_kn":"ಚಿಕ್ಕಪೇಟೆ","ward_ac_no":"169","ward_Assembly":"169 - Chickpet","ward_id":"40","ward_name":"40 - Ashoka Pillar","ward_name_kn":"ಅಶೋಕ ಪಿಲ್ಲರ್‌","ward_TOT_P":"18989.0","ward_TOT_M":"9563.0","ward_TOT_F":"9426.0","ward_SC_P":"748.0","ward_SC_M":"376.0","ward_SC_F":"372.0","ward_ST_P":"399.0","ward_ST_M":"202.0","ward_ST_F":"197.0","ward_low_range":"18853","ward_high_range":"28280","ward_RO_Code":"4","ward_RO_Division":"RO - Chickpet","ward_ARO_Code":"10","ward_ARO_ Sub Division":"ARO- Ashoka Pillar","ward_zone":"Zone2","ward_zone_name":"Gandhinagara","ward_join_status":"matched","ward_spatial_match_count":1},"geometry":{"type":"Point","coordinates":[77.58395050000007,12.939791100000036,0]},"id":110},{"type":"Feature","properties":{"fid":111,"OBJECTID":111,"Name":"Placemark","FolderPath":"BBMP Toilets","SymbolID":0,"AltMode":-1,"Base":0,"Snippet":"","PopupInfo":"","HasLabel":-1,"LabelID":0,"ward_source_id":"ward_369_final.218","ward_source_Name":null,"ward_description":null,"ward_timestamp":null,"ward_begin":null,"ward_end":null,"ward_altitudeMode":null,"ward_tessellate":-1,"ward_extrude":0,"ward_visibility":-1,"ward_drawOrder":null,"ward_icon":null,"ward_Corporation":"West","ward_corporation_kn":"ಪಶ್ಚಿಮ","ward_corporation_id":"5","ward_ac":"Padmanabanagar","ward_ac_kn":"ಪದ್ಮನಾಭನಗರ","ward_ac_no":"171","ward_Assembly":"171 - Padmanabanagar","ward_id":"107","ward_name":"107 - Dharmagiri Ward","ward_name_kn":"ಧರ್ಮಗಿರಿ ವಾರ್ಡ್","ward_TOT_P":"19154.0","ward_TOT_M":"9705.0","ward_TOT_F":"9448.0","ward_SC_P":"1319.0","ward_SC_M":"658.0","ward_SC_F":"661.0","ward_ST_P":"266.0","ward_ST_M":"141.0","ward_ST_F":"125.0","ward_low_range":"18949","ward_high_range":"28424","ward_RO_Code":"7","ward_RO_Division":"RO- Yediyuru","ward_ARO_Code":"23","ward_ARO_ Sub Division":"ARO- Ganesh Mandir","ward_zone":"Zone1","ward_zone_name":"Rajarajeshwarinagar","ward_join_status":"matched","ward_spatial_match_count":1},"geometry":{"type":"Point","coordinates":[77.57132500000006,12.921646700000053,0]},"id":111},{"type":"Feature","properties":{"fid":112,"OBJECTID":112,"Name":"Placemark","FolderPath":"BBMP Toilets","SymbolID":0,"AltMode":-1,"Base":0,"Snippet":"","PopupInfo":"","HasLabel":-1,"LabelID":0,"ward_source_id":"ward_369_final.300","ward_source_Name":null,"ward_description":null,"ward_timestamp":null,"ward_begin":null,"ward_end":null,"ward_altitudeMode":null,"ward_tessellate":-1,"ward_extrude":0,"ward_visibility":-1,"ward_drawOrder":null,"ward_icon":null,"ward_Corporation":"West","ward_corporation_kn":"ಪಶ್ಚಿಮ","ward_corporation_id":"5","ward_ac":"Malleshwaram","ward_ac_kn":"ಮಲ್ಲೇಶ್ವರಂ","ward_ac_no":"157","ward_Assembly":"157 - Malleshwaram","ward_id":"55","ward_name":"55 - Subramanyanagara","ward_name_kn":"ಸುಬ್ರಹ್ಮಣ್ಯನಗರ","ward_TOT_P":"27312.0","ward_TOT_M":"13591.0","ward_TOT_F":"13721.0","ward_SC_P":"978.0","ward_SC_M":"471.0","ward_SC_F":"507.0","ward_ST_P":"286.0","ward_ST_M":"148.0","ward_ST_F":"138.0","ward_low_range":"18949","ward_high_range":"28424","ward_RO_Code":"6","ward_RO_Division":"RO- Malleshwaram","ward_ARO_Code":"22","ward_ARO_ Sub Division":"ARO- Subramanyanagara","ward_zone":"Zone2","ward_zone_name":"Malleshwaram","ward_join_status":"matched","ward_spatial_match_count":1},"geometry":{"type":"Point","coordinates":[77.55399680000005,13.004931700000043,0]},"id":112},{"type":"Feature","properties":{"fid":113,"OBJECTID":113,"Name":"Placemark","FolderPath":"BBMP Toilets","SymbolID":0,"AltMode":-1,"Base":0,"Snippet":"","PopupInfo":"","HasLabel":-1,"LabelID":0,"ward_source_id":"ward_369_final.218","ward_source_Name":null,"ward_description":null,"ward_timestamp":null,"ward_begin":null,"ward_end":null,"ward_altitudeMode":null,"ward_tessellate":-1,"ward_extrude":0,"ward_visibility":-1,"ward_drawOrder":null,"ward_icon":null,"ward_Corporation":"West","ward_corporation_kn":"ಪಶ್ಚಿಮ","ward_corporation_id":"5","ward_ac":"Padmanabanagar","ward_ac_kn":"ಪದ್ಮನಾಭನಗರ","ward_ac_no":"171","ward_Assembly":"171 - Padmanabanagar","ward_id":"107","ward_name":"107 - Dharmagiri Ward","ward_name_kn":"ಧರ್ಮಗಿರಿ ವಾರ್ಡ್","ward_TOT_P":"19154.0","ward_TOT_M":"9705.0","ward_TOT_F":"9448.0","ward_SC_P":"1319.0","ward_SC_M":"658.0","ward_SC_F":"661.0","ward_ST_P":"266.0","ward_ST_M":"141.0","ward_ST_F":"125.0","ward_low_range":"18949","ward_high_range":"28424","ward_RO_Code":"7","ward_RO_Division":"RO- Yediyuru","ward_ARO_Code":"23","ward_ARO_ Sub Division":"ARO- Ganesh Mandir","ward_zone":"Zone1","ward_zone_name":"Rajarajeshwarinagar","ward_join_status":"matched","ward_spatial_match_count":1},"geometry":{"type":"Point","coordinates":[77.57123000000007,12.916653300000064,0]},"id":113},{"type":"Feature","properties":{"fid":114,"OBJECTID":114,"Name":"Placemark","FolderPath":"BBMP Toilets","SymbolID":0,"AltMode":-1,"Base":0,"Snippet":"","PopupInfo":"","HasLabel":-1,"LabelID":0,"ward_source_id":"ward_369_final.268","ward_source_Name":null,"ward_description":null,"ward_timestamp":null,"ward_begin":null,"ward_end":null,"ward_altitudeMode":null,"ward_tessellate":-1,"ward_extrude":0,"ward_visibility":-1,"ward_drawOrder":null,"ward_icon":null,"ward_Corporation":"Central","ward_corporation_kn":"ಕೇಂದ್ರ","ward_corporation_id":"1","ward_ac":"Chickpet","ward_ac_kn":"ಚಿಕ್ಕಪೇಟೆ","ward_ac_no":"169","ward_Assembly":"169 - Chickpet","ward_id":"40","ward_name":"40 - Ashoka Pillar","ward_name_kn":"ಅಶೋಕ ಪಿಲ್ಲರ್‌","ward_TOT_P":"18989.0","ward_TOT_M":"9563.0","ward_TOT_F":"9426.0","ward_SC_P":"748.0","ward_SC_M":"376.0","ward_SC_F":"372.0","ward_ST_P":"399.0","ward_ST_M":"202.0","ward_ST_F":"197.0","ward_low_range":"18853","ward_high_range":"28280","ward_RO_Code":"4","ward_RO_Division":"RO - Chickpet","ward_ARO_Code":"10","ward_ARO_ Sub Division":"ARO- Ashoka Pillar","ward_zone":"Zone2","ward_zone_name":"Gandhinagara","ward_join_status":"matched","ward_spatial_match_count":1},"geometry":{"type":"Point","coordinates":[77.58012370000006,12.942091700000049,0]},"id":114},{"type":"Feature","properties":{"fid":115,"OBJECTID":115,"Name":"Placemark","FolderPath":"BBMP Toilets","SymbolID":0,"AltMode":-1,"Base":0,"Snippet":"","PopupInfo":"","HasLabel":-1,"LabelID":0,"ward_source_id":"ward_369_final.342","ward_source_Name":null,"ward_description":null,"ward_timestamp":null,"ward_begin":null,"ward_end":null,"ward_altitudeMode":null,"ward_tessellate":-1,"ward_extrude":0,"ward_visibility":-1,"ward_drawOrder":null,"ward_icon":null,"ward_Corporation":"West","ward_corporation_kn":"ಪಶ್ಚಿಮ","ward_corporation_id":"5","ward_ac":"Mahalakshmi Layout","ward_ac_kn":"ಮಹಾಲಕ್ಷ್ಮಿ ಲೇಔಟ್","ward_ac_no":"156","ward_Assembly":"156 - Mahalakshmi Layout","ward_id":"43","ward_name":"43 - Kethamaranahalli","ward_name_kn":"ಕೇತಮಾರನಹಳ್ಳಿ","ward_TOT_P":"28154.0","ward_TOT_M":"14315.0","ward_TOT_F":"13839.0","ward_SC_P":"1329.0","ward_SC_M":"649.0","ward_SC_F":"680.0","ward_ST_P":"346.0","ward_ST_M":"170.0","ward_ST_F":"176.0","ward_low_range":"18949","ward_high_range":"28424","ward_RO_Code":"5","ward_RO_Division":"RO- Mahalakshmi Layout","ward_ARO_Code":"18","ward_ARO_ Sub Division":"ARO- Shankar Mutt","ward_zone":"Zone1","ward_zone_name":"Rajarajeshwarinagar","ward_join_status":"matched","ward_spatial_match_count":1},"geometry":{"type":"Point","coordinates":[77.55056440000004,13.011044300000037,0]},"id":115},{"type":"Feature","properties":{"fid":116,"OBJECTID":116,"Name":"Placemark","FolderPath":"BBMP Toilets","SymbolID":0,"AltMode":-1,"Base":0,"Snippet":"","PopupInfo":"","HasLabel":-1,"LabelID":0,"ward_source_id":"ward_369_final.266","ward_source_Name":null,"ward_description":null,"ward_timestamp":null,"ward_begin":null,"ward_end":null,"ward_altitudeMode":null,"ward_tessellate":-1,"ward_extrude":0,"ward_visibility":-1,"ward_drawOrder":null,"ward_icon":null,"ward_Corporation":"Central","ward_corporation_kn":"ಕೇಂದ್ರ","ward_corporation_id":"1","ward_ac":"Chickpet","ward_ac_kn":"ಚಿಕ್ಕಪೇಟೆ","ward_ac_no":"169","ward_Assembly":"169 - Chickpet","ward_id":"35","ward_name":"35 - Hombegowda Nagara","ward_name_kn":"ಹೊಂಬೇಗೌಡ ನಗರ","ward_TOT_P":"18866.0","ward_TOT_M":"9795.0","ward_TOT_F":"9011.0","ward_SC_P":"1898.0","ward_SC_M":"948.0","ward_SC_F":"950.0","ward_ST_P":"238.0","ward_ST_M":"126.0","ward_ST_F":"112.0","ward_low_range":"18853","ward_high_range":"28280","ward_RO_Code":"4","ward_RO_Division":"RO - Chickpet","ward_ARO_Code":"12","ward_ARO_ Sub Division":"ARO- Hombegowda Nagar","ward_zone":"Zone2","ward_zone_name":"Gandhinagara","ward_join_status":"matched","ward_spatial_match_count":1},"geometry":{"type":"Point","coordinates":[77.59099700000007,12.95144810000005,0]},"id":116},{"type":"Feature","properties":{"fid":117,"OBJECTID":117,"Name":"Placemark","FolderPath":"BBMP Toilets","SymbolID":0,"AltMode":-1,"Base":0,"Snippet":"","PopupInfo":"","HasLabel":-1,"LabelID":0,"ward_source_id":"ward_369_final.342","ward_source_Name":null,"ward_description":null,"ward_timestamp":null,"ward_begin":null,"ward_end":null,"ward_altitudeMode":null,"ward_tessellate":-1,"ward_extrude":0,"ward_visibility":-1,"ward_drawOrder":null,"ward_icon":null,"ward_Corporation":"West","ward_corporation_kn":"ಪಶ್ಚಿಮ","ward_corporation_id":"5","ward_ac":"Mahalakshmi Layout","ward_ac_kn":"ಮಹಾಲಕ್ಷ್ಮಿ ಲೇಔಟ್","ward_ac_no":"156","ward_Assembly":"156 - Mahalakshmi Layout","ward_id":"43","ward_name":"43 - Kethamaranahalli","ward_name_kn":"ಕೇತಮಾರನಹಳ್ಳಿ","ward_TOT_P":"28154.0","ward_TOT_M":"14315.0","ward_TOT_F":"13839.0","ward_SC_P":"1329.0","ward_SC_M":"649.0","ward_SC_F":"680.0","ward_ST_P":"346.0","ward_ST_M":"170.0","ward_ST_F":"176.0","ward_low_range":"18949","ward_high_range":"28424","ward_RO_Code":"5","ward_RO_Division":"RO- Mahalakshmi Layout","ward_ARO_Code":"18","ward_ARO_ Sub Division":"ARO- Shankar Mutt","ward_zone":"Zone1","ward_zone_name":"Rajarajeshwarinagar","ward_join_status":"matched","ward_spatial_match_count":1},"geometry":{"type":"Point","coordinates":[77.54932830000007,13.004788500000075,0]},"id":117},{"type":"Feature","properties":{"fid":118,"OBJECTID":118,"Name":"Placemark","FolderPath":"BBMP Toilets","SymbolID":0,"AltMode":-1,"Base":0,"Snippet":"","PopupInfo":"","HasLabel":-1,"LabelID":0,"ward_source_id":"ward_369_final.117","ward_source_Name":null,"ward_description":null,"ward_timestamp":null,"ward_begin":null,"ward_end":null,"ward_altitudeMode":null,"ward_tessellate":-1,"ward_extrude":0,"ward_visibility":-1,"ward_drawOrder":null,"ward_icon":null,"ward_Corporation":"South","ward_corporation_kn":"ದಕ್ಷಿಣ","ward_corporation_id":"4","ward_ac":"Jayanagar","ward_ac_kn":"ಜಯನಗರ","ward_ac_no":"173","ward_Assembly":"173 - Jayanagar","ward_id":"12","ward_name":"12 - Pattabhirama Nagara","ward_name_kn":"ಪಟ್ಟಾಭಿರಾಮ ನಗರ","ward_TOT_P":"22547.0","ward_TOT_M":"11236.0","ward_TOT_F":"11311.0","ward_SC_P":"634.0","ward_SC_M":"331.0","ward_SC_F":"302.0","ward_ST_P":"107.0","ward_ST_M":"53.0","ward_ST_F":"54.0","ward_low_range":"18594","ward_high_range":"27891","ward_RO_Code":"9","ward_RO_Division":"RO- Jayanagar","ward_ARO_Code":"24","ward_ARO_ Sub Division":"ARO- Jayanagar","ward_zone":"Zone1","ward_zone_name":"Jayanagar","ward_join_status":"matched","ward_spatial_match_count":1},"geometry":{"type":"Point","coordinates":[77.58122330000003,12.923130000000072,0]},"id":118},{"type":"Feature","properties":{"fid":119,"OBJECTID":119,"Name":"Placemark","FolderPath":"BBMP Toilets","SymbolID":0,"AltMode":-1,"Base":0,"Snippet":"","PopupInfo":"","HasLabel":-1,"LabelID":0,"ward_source_id":"ward_369_final.285","ward_source_Name":null,"ward_description":null,"ward_timestamp":null,"ward_begin":null,"ward_end":null,"ward_altitudeMode":null,"ward_tessellate":-1,"ward_extrude":0,"ward_visibility":-1,"ward_drawOrder":null,"ward_icon":null,"ward_Corporation":"Central","ward_corporation_kn":"ಕೇಂದ್ರ","ward_corporation_id":"1","ward_ac":"Chickpet","ward_ac_kn":"ಚಿಕ್ಕಪೇಟೆ","ward_ac_no":"169","ward_Assembly":"169 - Chickpet","ward_id":"42","ward_name":"42 - Sunkenahalli","ward_name_kn":"ಸುಂಕೇನಹಳ್ಳಿ","ward_TOT_P":"21179.0","ward_TOT_M":"10743.0","ward_TOT_F":"10436.0","ward_SC_P":"273.0","ward_SC_M":"154.0","ward_SC_F":"119.0","ward_ST_P":"131.0","ward_ST_M":"65.0","ward_ST_F":"67.0","ward_low_range":"18853","ward_high_range":"28280","ward_RO_Code":"4","ward_RO_Division":"RO - Chickpet","ward_ARO_Code":"13","ward_ARO_ Sub Division":"ARO- V.V Puram","ward_zone":"Zone2","ward_zone_name":"Gandhinagara","ward_join_status":"matched","ward_spatial_match_count":1},"geometry":{"type":"Point","coordinates":[77.57726320000006,12.94348750000006,0]},"id":119},{"type":"Feature","properties":{"fid":120,"OBJECTID":120,"Name":"Placemark","FolderPath":"BBMP Toilets","SymbolID":0,"AltMode":-1,"Base":0,"Snippet":"","PopupInfo":"","HasLabel":-1,"LabelID":0,"ward_source_id":"ward_369_final.342","ward_source_Name":null,"ward_description":null,"ward_timestamp":null,"ward_begin":null,"ward_end":null,"ward_altitudeMode":null,"ward_tessellate":-1,"ward_extrude":0,"ward_visibility":-1,"ward_drawOrder":null,"ward_icon":null,"ward_Corporation":"West","ward_corporation_kn":"ಪಶ್ಚಿಮ","ward_corporation_id":"5","ward_ac":"Mahalakshmi Layout","ward_ac_kn":"ಮಹಾಲಕ್ಷ್ಮಿ ಲೇಔಟ್","ward_ac_no":"156","ward_Assembly":"156 - Mahalakshmi Layout","ward_id":"43","ward_name":"43 - Kethamaranahalli","ward_name_kn":"ಕೇತಮಾರನಹಳ್ಳಿ","ward_TOT_P":"28154.0","ward_TOT_M":"14315.0","ward_TOT_F":"13839.0","ward_SC_P":"1329.0","ward_SC_M":"649.0","ward_SC_F":"680.0","ward_ST_P":"346.0","ward_ST_M":"170.0","ward_ST_F":"176.0","ward_low_range":"18949","ward_high_range":"28424","ward_RO_Code":"5","ward_RO_Division":"RO- Mahalakshmi Layout","ward_ARO_Code":"18","ward_ARO_ Sub Division":"ARO- Shankar Mutt","ward_zone":"Zone1","ward_zone_name":"Rajarajeshwarinagar","ward_join_status":"matched","ward_spatial_match_count":1},"geometry":{"type":"Point","coordinates":[77.54919500000005,13.003763500000048,0]},"id":120},{"type":"Feature","properties":{"fid":121,"OBJECTID":121,"Name":"Placemark","FolderPath":"BBMP Toilets","SymbolID":0,"AltMode":-1,"Base":0,"Snippet":"","PopupInfo":"","HasLabel":-1,"LabelID":0,"ward_source_id":"ward_369_final.336","ward_source_Name":null,"ward_description":null,"ward_timestamp":null,"ward_begin":null,"ward_end":null,"ward_altitudeMode":null,"ward_tessellate":-1,"ward_extrude":0,"ward_visibility":-1,"ward_drawOrder":null,"ward_icon":null,"ward_Corporation":"West","ward_corporation_kn":"ಪಶ್ಚಿಮ","ward_corporation_id":"5","ward_ac":"Padmanabanagar","ward_ac_kn":"ಪದ್ಮನಾಭನಗರ","ward_ac_no":"171","ward_Assembly":"171 - Padmanabanagar","ward_id":"106","ward_name":"106 - Devagiri Temple Ward","ward_name_kn":"ದೇವಗಿರಿ ದೇವಸ್ಥಾನ ವಾರ್ಡ್","ward_TOT_P":"19352.0","ward_TOT_M":"9698.0","ward_TOT_F":"9654.0","ward_SC_P":"1603.0","ward_SC_M":"790.0","ward_SC_F":"813.0","ward_ST_P":"323.0","ward_ST_M":"163.0","ward_ST_F":"160.0","ward_low_range":"18949","ward_high_range":"28424","ward_RO_Code":"7","ward_RO_Division":"RO- Yediyuru","ward_ARO_Code":"25","ward_ARO_ Sub Division":"ARO- Yediyuru","ward_zone":"Zone1","ward_zone_name":"Rajarajeshwarinagar","ward_join_status":"matched","ward_spatial_match_count":1},"geometry":{"type":"Point","coordinates":[77.57681500000007,12.927088300000037,0]},"id":121},{"type":"Feature","properties":{"fid":122,"OBJECTID":122,"Name":"Placemark","FolderPath":"BBMP Toilets","SymbolID":0,"AltMode":-1,"Base":0,"Snippet":"","PopupInfo":"","HasLabel":-1,"LabelID":0,"ward_source_id":"ward_369_final.316","ward_source_Name":null,"ward_description":null,"ward_timestamp":null,"ward_begin":null,"ward_end":null,"ward_altitudeMode":null,"ward_tessellate":-1,"ward_extrude":0,"ward_visibility":-1,"ward_drawOrder":null,"ward_icon":null,"ward_Corporation":"West","ward_corporation_kn":"ಪಶ್ಚಿಮ","ward_corporation_id":"5","ward_ac":"Dasarahalli","ward_ac_kn":"ದಾಸರಹಳ್ಳಿ","ward_ac_no":"155","ward_Assembly":"155 - Dasarahalli","ward_id":"2","ward_name":"2 - Chokkasandra","ward_name_kn":"ಚೊಕ್ಕಸಂದ್ರ","ward_TOT_P":"27117.0","ward_TOT_M":"15167.0","ward_TOT_F":"11949.0","ward_SC_P":"1593.0","ward_SC_M":"837.0","ward_SC_F":"756.0","ward_ST_P":"699.0","ward_ST_M":"390.0","ward_ST_F":"310.0","ward_low_range":"18949","ward_high_range":"28424","ward_RO_Code":"2","ward_RO_Division":"RO- Hegganahalli","ward_ARO_Code":"6","ward_ARO_ Sub Division":"ARO- Nagasandra","ward_zone":"Zone1","ward_zone_name":"Rajarajeshwarinagar","ward_join_status":"matched","ward_spatial_match_count":1},"geometry":{"type":"Point","coordinates":[77.51774170000004,13.035353300000054,0]},"id":122},{"type":"Feature","properties":{"fid":123,"OBJECTID":123,"Name":"Placemark","FolderPath":"BBMP Toilets","SymbolID":0,"AltMode":-1,"Base":0,"Snippet":"","PopupInfo":"","HasLabel":-1,"LabelID":0,"ward_source_id":"ward_369_final.200","ward_source_Name":null,"ward_description":null,"ward_timestamp":null,"ward_begin":null,"ward_end":null,"ward_altitudeMode":null,"ward_tessellate":-1,"ward_extrude":0,"ward_visibility":-1,"ward_drawOrder":null,"ward_icon":null,"ward_Corporation":"East","ward_corporation_kn":"ಪೂರ್ವ","ward_corporation_id":"3","ward_ac":"Mahadevapura","ward_ac_kn":"ಮಹದೇವಪುರ","ward_ac_no":"174","ward_Assembly":"174 - Mahadevapura","ward_id":"47","ward_name":"47 - Bellanduru","ward_name_kn":"ಬೆಳ್ಳಂದೂರು","ward_TOT_P":"16685.0","ward_TOT_M":"9216.0","ward_TOT_F":"7469.0","ward_SC_P":"741.0","ward_SC_M":"370.0","ward_SC_F":"371.0","ward_ST_P":"453.0","ward_ST_M":"243.0","ward_ST_F":"210.0","ward_low_range":"14567","ward_high_range":"21851","ward_RO_Code":"5","ward_RO_Division":"RO- Bellanduru","ward_ARO_Code":"13","ward_ARO_ Sub Division":"ARO- Bellanduru","ward_zone":"Zone1","ward_zone_name":"Mahadevapura","ward_join_status":"matched","ward_spatial_match_count":1},"geometry":{"type":"Point","coordinates":[77.67648950000006,12.92622270000004,0]},"id":123},{"type":"Feature","properties":{"fid":124,"OBJECTID":124,"Name":"Placemark","FolderPath":"BBMP Toilets","SymbolID":0,"AltMode":-1,"Base":0,"Snippet":"","PopupInfo":"","HasLabel":-1,"LabelID":0,"ward_source_id":"ward_369_final.134","ward_source_Name":null,"ward_description":null,"ward_timestamp":null,"ward_begin":null,"ward_end":null,"ward_altitudeMode":null,"ward_tessellate":-1,"ward_extrude":0,"ward_visibility":-1,"ward_drawOrder":null,"ward_icon":null,"ward_Corporation":"North","ward_corporation_kn":"ಉತ್ತರ","ward_corporation_id":"2","ward_ac":"Pulakeshinagar","ward_ac_kn":"ಪುಲಕೇಶಿನಗರ","ward_ac_no":"159","ward_Assembly":"159 - Pulakeshinagar","ward_id":"47","ward_name":"47 - Pulakeshi Nagar","ward_name_kn":"ಪುಲಕೇಶಿ ನಗರ","ward_TOT_P":"21148.0","ward_TOT_M":"10628.0","ward_TOT_F":"10520.0","ward_SC_P":"1328.0","ward_SC_M":"673.0","ward_SC_F":"655.0","ward_ST_P":"325.0","ward_ST_M":"164.0","ward_ST_F":"161.0","ward_low_range":"19943","ward_high_range":"29914","ward_RO_Code":"7","ward_RO_Division":"RO- Pulikeshinagar","ward_ARO_Code":"18","ward_ARO_ Sub Division":"ARO- Pulikeshinagar","ward_zone":"Zone1","ward_zone_name":"Byatarayanapura","ward_join_status":"matched","ward_spatial_match_count":1},"geometry":{"type":"Point","coordinates":[77.61471010000008,12.991755300000023,0]},"id":124},{"type":"Feature","properties":{"fid":125,"OBJECTID":125,"Name":"Placemark","FolderPath":"BBMP Toilets","SymbolID":0,"AltMode":-1,"Base":0,"Snippet":"","PopupInfo":"","HasLabel":-1,"LabelID":0,"ward_source_id":"ward_369_final.316","ward_source_Name":null,"ward_description":null,"ward_timestamp":null,"ward_begin":null,"ward_end":null,"ward_altitudeMode":null,"ward_tessellate":-1,"ward_extrude":0,"ward_visibility":-1,"ward_drawOrder":null,"ward_icon":null,"ward_Corporation":"West","ward_corporation_kn":"ಪಶ್ಚಿಮ","ward_corporation_id":"5","ward_ac":"Dasarahalli","ward_ac_kn":"ದಾಸರಹಳ್ಳಿ","ward_ac_no":"155","ward_Assembly":"155 - Dasarahalli","ward_id":"2","ward_name":"2 - Chokkasandra","ward_name_kn":"ಚೊಕ್ಕಸಂದ್ರ","ward_TOT_P":"27117.0","ward_TOT_M":"15167.0","ward_TOT_F":"11949.0","ward_SC_P":"1593.0","ward_SC_M":"837.0","ward_SC_F":"756.0","ward_ST_P":"699.0","ward_ST_M":"390.0","ward_ST_F":"310.0","ward_low_range":"18949","ward_high_range":"28424","ward_RO_Code":"2","ward_RO_Division":"RO- Hegganahalli","ward_ARO_Code":"6","ward_ARO_ Sub Division":"ARO- Nagasandra","ward_zone":"Zone1","ward_zone_name":"Rajarajeshwarinagar","ward_join_status":"matched","ward_spatial_match_count":1},"geometry":{"type":"Point","coordinates":[77.50785670000005,13.044800000000066,0]},"id":125},{"type":"Feature","properties":{"fid":126,"OBJECTID":126,"Name":"Placemark","FolderPath":"BBMP Toilets","SymbolID":0,"AltMode":-1,"Base":0,"Snippet":"","PopupInfo":"","HasLabel":-1,"LabelID":0,"ward_source_id":"ward_369_final.183","ward_source_Name":null,"ward_description":null,"ward_timestamp":null,"ward_begin":null,"ward_end":null,"ward_altitudeMode":null,"ward_tessellate":-1,"ward_extrude":0,"ward_visibility":-1,"ward_drawOrder":null,"ward_icon":null,"ward_Corporation":"West","ward_corporation_kn":"ಪಶ್ಚಿಮ","ward_corporation_id":"5","ward_ac":"Vijayanagar","ward_ac_kn":"ವಿಜಯನಗರ","ward_ac_no":"167","ward_Assembly":"167 - Vijayanagar","ward_id":"87","ward_name":"87 - K.P Agrahara","ward_name_kn":"ಕೆ.ಪಿ. ಅಗ್ರಹಾರ","ward_TOT_P":"23555.0","ward_TOT_M":"12024.0","ward_TOT_F":"11451.0","ward_SC_P":"986.0","ward_SC_M":"479.0","ward_SC_F":"507.0","ward_ST_P":"323.0","ward_ST_M":"161.0","ward_ST_F":"162.0","ward_low_range":"18949","ward_high_range":"28424","ward_RO_Code":"13","ward_RO_Division":"RO- Vijayanagar","ward_ARO_Code":"40","ward_ARO_ Sub Division":"ARO- KP Agrahara","ward_zone":"Zone2","ward_zone_name":"Malleshwaram","ward_join_status":"matched","ward_spatial_match_count":1},"geometry":{"type":"Point","coordinates":[77.55195630000003,12.973314500000072,0]},"id":126},{"type":"Feature","properties":{"fid":127,"OBJECTID":127,"Name":"Placemark","FolderPath":"BBMP Toilets","SymbolID":0,"AltMode":-1,"Base":0,"Snippet":"","PopupInfo":"","HasLabel":-1,"LabelID":0,"ward_source_id":"ward_369_final.44","ward_source_Name":null,"ward_description":null,"ward_timestamp":null,"ward_begin":null,"ward_end":null,"ward_altitudeMode":null,"ward_tessellate":-1,"ward_extrude":0,"ward_visibility":-1,"ward_drawOrder":null,"ward_icon":null,"ward_Corporation":"Central","ward_corporation_kn":"ಕೇಂದ್ರ","ward_corporation_id":"1","ward_ac":"Gandhinagara","ward_ac_kn":"ಗಾಂಧಿನಗರ","ward_ac_no":"164","ward_Assembly":"164 - Gandhinagara","ward_id":"63","ward_name":"63 - Okalipuram","ward_name_kn":"ಓಕಳಿಪುರಂ","ward_TOT_P":"27815.0","ward_TOT_M":"14222.0","ward_TOT_F":"13593.0","ward_SC_P":"3976.0","ward_SC_M":"1968.0","ward_SC_F":"2007.0","ward_ST_P":"245.0","ward_ST_M":"112.0","ward_ST_F":"133.0","ward_low_range":"18853","ward_high_range":"28280","ward_RO_Code":"5","ward_RO_Division":"RO - Gandhinagara","ward_ARO_Code":"16","ward_ARO_ Sub Division":"ARO- Okalipuram","ward_zone":"Zone2","ward_zone_name":"Gandhinagara","ward_join_status":"matched","ward_spatial_match_count":1},"geometry":{"type":"Point","coordinates":[77.56564400000008,12.98660330000007,0]},"id":127},{"type":"Feature","properties":{"fid":128,"OBJECTID":128,"Name":"Placemark","FolderPath":"BBMP Toilets","SymbolID":0,"AltMode":-1,"Base":0,"Snippet":"","PopupInfo":"","HasLabel":-1,"LabelID":0,"ward_source_id":"ward_369_final.44","ward_source_Name":null,"ward_description":null,"ward_timestamp":null,"ward_begin":null,"ward_end":null,"ward_altitudeMode":null,"ward_tessellate":-1,"ward_extrude":0,"ward_visibility":-1,"ward_drawOrder":null,"ward_icon":null,"ward_Corporation":"Central","ward_corporation_kn":"ಕೇಂದ್ರ","ward_corporation_id":"1","ward_ac":"Gandhinagara","ward_ac_kn":"ಗಾಂಧಿನಗರ","ward_ac_no":"164","ward_Assembly":"164 - Gandhinagara","ward_id":"63","ward_name":"63 - Okalipuram","ward_name_kn":"ಓಕಳಿಪುರಂ","ward_TOT_P":"27815.0","ward_TOT_M":"14222.0","ward_TOT_F":"13593.0","ward_SC_P":"3976.0","ward_SC_M":"1968.0","ward_SC_F":"2007.0","ward_ST_P":"245.0","ward_ST_M":"112.0","ward_ST_F":"133.0","ward_low_range":"18853","ward_high_range":"28280","ward_RO_Code":"5","ward_RO_Division":"RO - Gandhinagara","ward_ARO_Code":"16","ward_ARO_ Sub Division":"ARO- Okalipuram","ward_zone":"Zone2","ward_zone_name":"Gandhinagara","ward_join_status":"matched","ward_spatial_match_count":1},"geometry":{"type":"Point","coordinates":[77.56566260000005,12.986611100000061,0]},"id":128},{"type":"Feature","properties":{"fid":129,"OBJECTID":129,"Name":"Placemark","FolderPath":"BBMP Toilets","SymbolID":0,"AltMode":-1,"Base":0,"Snippet":"","PopupInfo":"","HasLabel":-1,"LabelID":0,"ward_source_id":"ward_369_final.284","ward_source_Name":null,"ward_description":null,"ward_timestamp":null,"ward_begin":null,"ward_end":null,"ward_altitudeMode":null,"ward_tessellate":-1,"ward_extrude":0,"ward_visibility":-1,"ward_drawOrder":null,"ward_icon":null,"ward_Corporation":"West","ward_corporation_kn":"ಪಶ್ಚಿಮ","ward_corporation_id":"5","ward_ac":"Basavanagudi","ward_ac_kn":"ಬಸವನಗುಡಿ","ward_ac_no":"170","ward_Assembly":"170 - Basavanagudi","ward_id":"95","ward_name":"95 - Swamy Vivekananda Ward","ward_name_kn":"ಸ್ವಾಮಿ ವಿವೇಕಾನಂದ ವಾರ್ಡ್","ward_TOT_P":"28152.0","ward_TOT_M":"14070.0","ward_TOT_F":"14081.0","ward_SC_P":"445.0","ward_SC_M":"224.0","ward_SC_F":"221.0","ward_ST_P":"226.0","ward_ST_M":"115.0","ward_ST_F":"111.0","ward_low_range":"18949","ward_high_range":"28424","ward_RO_Code":"1","ward_RO_Division":"RO- Basavanagudi","ward_ARO_Code":"2","ward_ARO_ Sub Division":"ARO- Katriguppe","ward_zone":"Zone2","ward_zone_name":"Malleshwaram","ward_join_status":"matched","ward_spatial_match_count":1},"geometry":{"type":"Point","coordinates":[77.53955000000008,12.934018600000059,0]},"id":129},{"type":"Feature","properties":{"fid":130,"OBJECTID":130,"Name":"Placemark","FolderPath":"BBMP Toilets","SymbolID":0,"AltMode":-1,"Base":0,"Snippet":"","PopupInfo":"","HasLabel":-1,"LabelID":0,"ward_source_id":"ward_369_final.205","ward_source_Name":null,"ward_description":null,"ward_timestamp":null,"ward_begin":null,"ward_end":null,"ward_altitudeMode":null,"ward_tessellate":-1,"ward_extrude":0,"ward_visibility":-1,"ward_drawOrder":null,"ward_icon":null,"ward_Corporation":"East","ward_corporation_kn":"ಪೂರ್ವ","ward_corporation_id":"3","ward_ac":"Mahadevapura","ward_ac_kn":"ಮಹದೇವಪುರ","ward_ac_no":"174","ward_Assembly":"174 - Mahadevapura","ward_id":"49","ward_name":"49 - Shivanasamudra Ward","ward_name_kn":"ಶಿವನಸಮುದ್ರ ವಾರ್ಡ್","ward_TOT_P":"15012.0","ward_TOT_M":"8198.0","ward_TOT_F":"6814.0","ward_SC_P":"1608.0","ward_SC_M":"834.0","ward_SC_F":"774.0","ward_ST_P":"286.0","ward_ST_M":"156.0","ward_ST_F":"130.0","ward_low_range":"14567","ward_high_range":"21851","ward_RO_Code":"5","ward_RO_Division":"RO- Bellanduru","ward_ARO_Code":"14","ward_ARO_ Sub Division":"ARO- Gunjur","ward_zone":"Zone1","ward_zone_name":"Mahadevapura","ward_join_status":"matched","ward_spatial_match_count":1},"geometry":{"type":"Point","coordinates":[77.69190270000007,12.926113600000065,0]},"id":130},{"type":"Feature","properties":{"fid":131,"OBJECTID":131,"Name":"Placemark","FolderPath":"BBMP Toilets","SymbolID":0,"AltMode":-1,"Base":0,"Snippet":"","PopupInfo":"","HasLabel":-1,"LabelID":0,"ward_source_id":"ward_369_final.343","ward_source_Name":null,"ward_description":null,"ward_timestamp":null,"ward_begin":null,"ward_end":null,"ward_altitudeMode":null,"ward_tessellate":-1,"ward_extrude":0,"ward_visibility":-1,"ward_drawOrder":null,"ward_icon":null,"ward_Corporation":"West","ward_corporation_kn":"ಪಶ್ಚಿಮ","ward_corporation_id":"5","ward_ac":"Dasarahalli","ward_ac_kn":"ದಾಸರಹಳ್ಳಿ","ward_ac_no":"155","ward_Assembly":"155 - Dasarahalli","ward_id":"1","ward_name":"1 - Nagasandra","ward_name_kn":"ನಾಗಸಂದ್ರ","ward_TOT_P":"24974.0","ward_TOT_M":"13670.0","ward_TOT_F":"11304.0","ward_SC_P":"1743.0","ward_SC_M":"953.0","ward_SC_F":"790.0","ward_ST_P":"817.0","ward_ST_M":"456.0","ward_ST_F":"361.0","ward_low_range":"18949","ward_high_range":"28424","ward_RO_Code":"2","ward_RO_Division":"RO- Hegganahalli","ward_ARO_Code":"6","ward_ARO_ Sub Division":"ARO- Nagasandra","ward_zone":"Zone1","ward_zone_name":"Rajarajeshwarinagar","ward_join_status":"matched","ward_spatial_match_count":1},"geometry":{"type":"Point","coordinates":[77.50503670000006,13.04490670000007,0]},"id":131},{"type":"Feature","properties":{"fid":132,"OBJECTID":132,"Name":"Placemark","FolderPath":"BBMP Toilets","SymbolID":0,"AltMode":-1,"Base":0,"Snippet":"","PopupInfo":"","HasLabel":-1,"LabelID":0,"ward_source_id":"ward_369_final.134","ward_source_Name":null,"ward_description":null,"ward_timestamp":null,"ward_begin":null,"ward_end":null,"ward_altitudeMode":null,"ward_tessellate":-1,"ward_extrude":0,"ward_visibility":-1,"ward_drawOrder":null,"ward_icon":null,"ward_Corporation":"North","ward_corporation_kn":"ಉತ್ತರ","ward_corporation_id":"2","ward_ac":"Pulakeshinagar","ward_ac_kn":"ಪುಲಕೇಶಿನಗರ","ward_ac_no":"159","ward_Assembly":"159 - Pulakeshinagar","ward_id":"47","ward_name":"47 - Pulakeshi Nagar","ward_name_kn":"ಪುಲಕೇಶಿ ನಗರ","ward_TOT_P":"21148.0","ward_TOT_M":"10628.0","ward_TOT_F":"10520.0","ward_SC_P":"1328.0","ward_SC_M":"673.0","ward_SC_F":"655.0","ward_ST_P":"325.0","ward_ST_M":"164.0","ward_ST_F":"161.0","ward_low_range":"19943","ward_high_range":"29914","ward_RO_Code":"7","ward_RO_Division":"RO- Pulikeshinagar","ward_ARO_Code":"18","ward_ARO_ Sub Division":"ARO- Pulikeshinagar","ward_zone":"Zone1","ward_zone_name":"Byatarayanapura","ward_join_status":"matched","ward_spatial_match_count":1},"geometry":{"type":"Point","coordinates":[77.61396190000005,12.991185400000063,0]},"id":132},{"type":"Feature","properties":{"fid":133,"OBJECTID":133,"Name":"Placemark","FolderPath":"BBMP Toilets","SymbolID":0,"AltMode":-1,"Base":0,"Snippet":"","PopupInfo":"","HasLabel":-1,"LabelID":0,"ward_source_id":"ward_369_final.134","ward_source_Name":null,"ward_description":null,"ward_timestamp":null,"ward_begin":null,"ward_end":null,"ward_altitudeMode":null,"ward_tessellate":-1,"ward_extrude":0,"ward_visibility":-1,"ward_drawOrder":null,"ward_icon":null,"ward_Corporation":"North","ward_corporation_kn":"ಉತ್ತರ","ward_corporation_id":"2","ward_ac":"Pulakeshinagar","ward_ac_kn":"ಪುಲಕೇಶಿನಗರ","ward_ac_no":"159","ward_Assembly":"159 - Pulakeshinagar","ward_id":"47","ward_name":"47 - Pulakeshi Nagar","ward_name_kn":"ಪುಲಕೇಶಿ ನಗರ","ward_TOT_P":"21148.0","ward_TOT_M":"10628.0","ward_TOT_F":"10520.0","ward_SC_P":"1328.0","ward_SC_M":"673.0","ward_SC_F":"655.0","ward_ST_P":"325.0","ward_ST_M":"164.0","ward_ST_F":"161.0","ward_low_range":"19943","ward_high_range":"29914","ward_RO_Code":"7","ward_RO_Division":"RO- Pulikeshinagar","ward_ARO_Code":"18","ward_ARO_ Sub Division":"ARO- Pulikeshinagar","ward_zone":"Zone1","ward_zone_name":"Byatarayanapura","ward_join_status":"matched","ward_spatial_match_count":1},"geometry":{"type":"Point","coordinates":[77.61178240000004,12.996628900000076,0]},"id":133},{"type":"Feature","properties":{"fid":134,"OBJECTID":134,"Name":"Placemark","FolderPath":"BBMP Toilets","SymbolID":0,"AltMode":-1,"Base":0,"Snippet":"","PopupInfo":"","HasLabel":-1,"LabelID":0,"ward_source_id":"ward_369_final.343","ward_source_Name":null,"ward_description":null,"ward_timestamp":null,"ward_begin":null,"ward_end":null,"ward_altitudeMode":null,"ward_tessellate":-1,"ward_extrude":0,"ward_visibility":-1,"ward_drawOrder":null,"ward_icon":null,"ward_Corporation":"West","ward_corporation_kn":"ಪಶ್ಚಿಮ","ward_corporation_id":"5","ward_ac":"Dasarahalli","ward_ac_kn":"ದಾಸರಹಳ್ಳಿ","ward_ac_no":"155","ward_Assembly":"155 - Dasarahalli","ward_id":"1","ward_name":"1 - Nagasandra","ward_name_kn":"ನಾಗಸಂದ್ರ","ward_TOT_P":"24974.0","ward_TOT_M":"13670.0","ward_TOT_F":"11304.0","ward_SC_P":"1743.0","ward_SC_M":"953.0","ward_SC_F":"790.0","ward_ST_P":"817.0","ward_ST_M":"456.0","ward_ST_F":"361.0","ward_low_range":"18949","ward_high_range":"28424","ward_RO_Code":"2","ward_RO_Division":"RO- Hegganahalli","ward_ARO_Code":"6","ward_ARO_ Sub Division":"ARO- Nagasandra","ward_zone":"Zone1","ward_zone_name":"Rajarajeshwarinagar","ward_join_status":"matched","ward_spatial_match_count":1},"geometry":{"type":"Point","coordinates":[77.50194500000003,13.046401700000047,0]},"id":134},{"type":"Feature","properties":{"fid":135,"OBJECTID":135,"Name":"Placemark","FolderPath":"BBMP Toilets","SymbolID":0,"AltMode":-1,"Base":0,"Snippet":"","PopupInfo":"","HasLabel":-1,"LabelID":0,"ward_source_id":"ward_369_final.39","ward_source_Name":null,"ward_description":null,"ward_timestamp":null,"ward_begin":null,"ward_end":null,"ward_altitudeMode":null,"ward_tessellate":-1,"ward_extrude":0,"ward_visibility":-1,"ward_drawOrder":null,"ward_icon":null,"ward_Corporation":"East","ward_corporation_kn":"ಪೂರ್ವ","ward_corporation_id":"3","ward_ac":"K.R. Pura","ward_ac_kn":"ಕೆ.ಆರ್. ಪುರ","ward_ac_no":"151","ward_Assembly":"151 - K.R. Pura","ward_id":"1","ward_name":"1 - K Narayanapura","ward_name_kn":"ಕೆ ನಾರಾಯಣಪುರ","ward_TOT_P":"15003.0","ward_TOT_M":"7804.0","ward_TOT_F":"7199.0","ward_SC_P":"1413.0","ward_SC_M":"729.0","ward_SC_F":"684.0","ward_ST_P":"316.0","ward_ST_M":"170.0","ward_ST_F":"146.0","ward_low_range":"14567","ward_high_range":"21851","ward_RO_Code":"1","ward_RO_Division":"RO- Horamavu","ward_ARO_Code":"2","ward_ARO_ Sub Division":"ARO- Horamavu","ward_zone":"Zone2","ward_zone_name":"K.R. Pura","ward_join_status":"matched","ward_spatial_match_count":1},"geometry":{"type":"Point","coordinates":[77.64887940000006,13.059239000000048,0]},"id":135},{"type":"Feature","properties":{"fid":136,"OBJECTID":136,"Name":"Placemark","FolderPath":"BBMP Toilets","SymbolID":0,"AltMode":-1,"Base":0,"Snippet":"","PopupInfo":"","HasLabel":-1,"LabelID":0,"ward_source_id":"ward_369_final.284","ward_source_Name":null,"ward_description":null,"ward_timestamp":null,"ward_begin":null,"ward_end":null,"ward_altitudeMode":null,"ward_tessellate":-1,"ward_extrude":0,"ward_visibility":-1,"ward_drawOrder":null,"ward_icon":null,"ward_Corporation":"West","ward_corporation_kn":"ಪಶ್ಚಿಮ","ward_corporation_id":"5","ward_ac":"Basavanagudi","ward_ac_kn":"ಬಸವನಗುಡಿ","ward_ac_no":"170","ward_Assembly":"170 - Basavanagudi","ward_id":"95","ward_name":"95 - Swamy Vivekananda Ward","ward_name_kn":"ಸ್ವಾಮಿ ವಿವೇಕಾನಂದ ವಾರ್ಡ್","ward_TOT_P":"28152.0","ward_TOT_M":"14070.0","ward_TOT_F":"14081.0","ward_SC_P":"445.0","ward_SC_M":"224.0","ward_SC_F":"221.0","ward_ST_P":"226.0","ward_ST_M":"115.0","ward_ST_F":"111.0","ward_low_range":"18949","ward_high_range":"28424","ward_RO_Code":"1","ward_RO_Division":"RO- Basavanagudi","ward_ARO_Code":"2","ward_ARO_ Sub Division":"ARO- Katriguppe","ward_zone":"Zone2","ward_zone_name":"Malleshwaram","ward_join_status":"matched","ward_spatial_match_count":1},"geometry":{"type":"Point","coordinates":[77.54429830000004,12.932628000000022,0]},"id":136},{"type":"Feature","properties":{"fid":137,"OBJECTID":137,"Name":"Placemark","FolderPath":"BBMP Toilets","SymbolID":0,"AltMode":-1,"Base":0,"Snippet":"","PopupInfo":"","HasLabel":-1,"LabelID":0,"ward_source_id":"ward_369_final.134","ward_source_Name":null,"ward_description":null,"ward_timestamp":null,"ward_begin":null,"ward_end":null,"ward_altitudeMode":null,"ward_tessellate":-1,"ward_extrude":0,"ward_visibility":-1,"ward_drawOrder":null,"ward_icon":null,"ward_Corporation":"North","ward_corporation_kn":"ಉತ್ತರ","ward_corporation_id":"2","ward_ac":"Pulakeshinagar","ward_ac_kn":"ಪುಲಕೇಶಿನಗರ","ward_ac_no":"159","ward_Assembly":"159 - Pulakeshinagar","ward_id":"47","ward_name":"47 - Pulakeshi Nagar","ward_name_kn":"ಪುಲಕೇಶಿ ನಗರ","ward_TOT_P":"21148.0","ward_TOT_M":"10628.0","ward_TOT_F":"10520.0","ward_SC_P":"1328.0","ward_SC_M":"673.0","ward_SC_F":"655.0","ward_ST_P":"325.0","ward_ST_M":"164.0","ward_ST_F":"161.0","ward_low_range":"19943","ward_high_range":"29914","ward_RO_Code":"7","ward_RO_Division":"RO- Pulikeshinagar","ward_ARO_Code":"18","ward_ARO_ Sub Division":"ARO- Pulikeshinagar","ward_zone":"Zone1","ward_zone_name":"Byatarayanapura","ward_join_status":"matched","ward_spatial_match_count":1},"geometry":{"type":"Point","coordinates":[77.61165080000006,13.000063900000043,0]},"id":137},{"type":"Feature","properties":{"fid":138,"OBJECTID":138,"Name":"Placemark","FolderPath":"BBMP Toilets","SymbolID":0,"AltMode":-1,"Base":0,"Snippet":"","PopupInfo":"","HasLabel":-1,"LabelID":0,"ward_source_id":"ward_369_final.103","ward_source_Name":null,"ward_description":null,"ward_timestamp":null,"ward_begin":null,"ward_end":null,"ward_altitudeMode":null,"ward_tessellate":-1,"ward_extrude":0,"ward_visibility":-1,"ward_drawOrder":null,"ward_icon":null,"ward_Corporation":"North","ward_corporation_kn":"ಉತ್ತರ","ward_corporation_id":"2","ward_ac":"Yelahanka","ward_ac_kn":"ಯಲಹಂಕ","ward_ac_no":"150","ward_Assembly":"150 - Yelahanka","ward_id":"7","ward_name":"7 - Attur","ward_name_kn":"ಅಟ್ಟುರು","ward_TOT_P":"26922.0","ward_TOT_M":"13982.0","ward_TOT_F":"12940.0","ward_SC_P":"2897.0","ward_SC_M":"1435.0","ward_SC_F":"1461.0","ward_ST_P":"663.0","ward_ST_M":"338.0","ward_ST_F":"324.0","ward_low_range":"19943","ward_high_range":"29914","ward_RO_Code":"11","ward_RO_Division":"RO- Yelahanka","ward_ARO_Code":"28","ward_ARO_ Sub Division":"ARO- Attur","ward_zone":"Zone2","ward_zone_name":"Yelahanka","ward_join_status":"matched","ward_spatial_match_count":1},"geometry":{"type":"Point","coordinates":[77.56617690000007,13.102641800000072,0]},"id":138},{"type":"Feature","properties":{"fid":139,"OBJECTID":139,"Name":"Placemark","FolderPath":"BBMP Toilets","SymbolID":0,"AltMode":-1,"Base":0,"Snippet":"","PopupInfo":"","HasLabel":-1,"LabelID":0,"ward_source_id":"ward_369_final.96","ward_source_Name":null,"ward_description":null,"ward_timestamp":null,"ward_begin":null,"ward_end":null,"ward_altitudeMode":null,"ward_tessellate":-1,"ward_extrude":0,"ward_visibility":-1,"ward_drawOrder":null,"ward_icon":null,"ward_Corporation":"South","ward_corporation_kn":"ದಕ್ಷಿಣ","ward_corporation_id":"4","ward_ac":"B.T.M Layout","ward_ac_kn":"ಬಿ.ಟಿ.ಎಂ. ಲೇಔಟ್","ward_ac_no":"172","ward_Assembly":"172 - B.T.M Layout","ward_id":"27","ward_name":"27 - Sri Lakshmi Devi Ward","ward_name_kn":"ಶ್ರೀ ಲಕ್ಷ್ಮೀದೇವಿ ವಾರ್ಡ್","ward_TOT_P":"19844.0","ward_TOT_M":"10463.0","ward_TOT_F":"9381.0","ward_SC_P":"2001.0","ward_SC_M":"1035.0","ward_SC_F":"966.0","ward_ST_P":"315.0","ward_ST_M":"155.0","ward_ST_F":"162.0","ward_low_range":"18594","ward_high_range":"27891","ward_RO_Code":"3","ward_RO_Division":"RO- Kormangala","ward_ARO_Code":"4","ward_ARO_ Sub Division":"ARO- Ejipura","ward_zone":"Zone2","ward_zone_name":"Bommanahalli","ward_join_status":"matched","ward_spatial_match_count":1},"geometry":{"type":"Point","coordinates":[77.63075130000004,12.938597100000038,0]},"id":139},{"type":"Feature","properties":{"fid":140,"OBJECTID":140,"Name":"Placemark","FolderPath":"BBMP Toilets","SymbolID":0,"AltMode":-1,"Base":0,"Snippet":"","PopupInfo":"","HasLabel":-1,"LabelID":0,"ward_source_id":"ward_369_final.285","ward_source_Name":null,"ward_description":null,"ward_timestamp":null,"ward_begin":null,"ward_end":null,"ward_altitudeMode":null,"ward_tessellate":-1,"ward_extrude":0,"ward_visibility":-1,"ward_drawOrder":null,"ward_icon":null,"ward_Corporation":"Central","ward_corporation_kn":"ಕೇಂದ್ರ","ward_corporation_id":"1","ward_ac":"Chickpet","ward_ac_kn":"ಚಿಕ್ಕಪೇಟೆ","ward_ac_no":"169","ward_Assembly":"169 - Chickpet","ward_id":"42","ward_name":"42 - Sunkenahalli","ward_name_kn":"ಸುಂಕೇನಹಳ್ಳಿ","ward_TOT_P":"21179.0","ward_TOT_M":"10743.0","ward_TOT_F":"10436.0","ward_SC_P":"273.0","ward_SC_M":"154.0","ward_SC_F":"119.0","ward_ST_P":"131.0","ward_ST_M":"65.0","ward_ST_F":"67.0","ward_low_range":"18853","ward_high_range":"28280","ward_RO_Code":"4","ward_RO_Division":"RO - Chickpet","ward_ARO_Code":"13","ward_ARO_ Sub Division":"ARO- V.V Puram","ward_zone":"Zone2","ward_zone_name":"Gandhinagara","ward_join_status":"matched","ward_spatial_match_count":1},"geometry":{"type":"Point","coordinates":[77.57339670000005,12.950680000000034,0]},"id":140},{"type":"Feature","properties":{"fid":141,"OBJECTID":141,"Name":"Placemark","FolderPath":"BBMP Toilets","SymbolID":0,"AltMode":-1,"Base":0,"Snippet":"","PopupInfo":"","HasLabel":-1,"LabelID":0,"ward_source_id":"ward_369_final.134","ward_source_Name":null,"ward_description":null,"ward_timestamp":null,"ward_begin":null,"ward_end":null,"ward_altitudeMode":null,"ward_tessellate":-1,"ward_extrude":0,"ward_visibility":-1,"ward_drawOrder":null,"ward_icon":null,"ward_Corporation":"North","ward_corporation_kn":"ಉತ್ತರ","ward_corporation_id":"2","ward_ac":"Pulakeshinagar","ward_ac_kn":"ಪುಲಕೇಶಿನಗರ","ward_ac_no":"159","ward_Assembly":"159 - Pulakeshinagar","ward_id":"47","ward_name":"47 - Pulakeshi Nagar","ward_name_kn":"ಪುಲಕೇಶಿ ನಗರ","ward_TOT_P":"21148.0","ward_TOT_M":"10628.0","ward_TOT_F":"10520.0","ward_SC_P":"1328.0","ward_SC_M":"673.0","ward_SC_F":"655.0","ward_ST_P":"325.0","ward_ST_M":"164.0","ward_ST_F":"161.0","ward_low_range":"19943","ward_high_range":"29914","ward_RO_Code":"7","ward_RO_Division":"RO- Pulikeshinagar","ward_ARO_Code":"18","ward_ARO_ Sub Division":"ARO- Pulikeshinagar","ward_zone":"Zone1","ward_zone_name":"Byatarayanapura","ward_join_status":"matched","ward_spatial_match_count":1},"geometry":{"type":"Point","coordinates":[77.61175670000006,13.000390000000039,0]},"id":141},{"type":"Feature","properties":{"fid":142,"OBJECTID":142,"Name":"Placemark","FolderPath":"BBMP Toilets","SymbolID":0,"AltMode":-1,"Base":0,"Snippet":"","PopupInfo":"","HasLabel":-1,"LabelID":0,"ward_source_id":"ward_369_final.44","ward_source_Name":null,"ward_description":null,"ward_timestamp":null,"ward_begin":null,"ward_end":null,"ward_altitudeMode":null,"ward_tessellate":-1,"ward_extrude":0,"ward_visibility":-1,"ward_drawOrder":null,"ward_icon":null,"ward_Corporation":"Central","ward_corporation_kn":"ಕೇಂದ್ರ","ward_corporation_id":"1","ward_ac":"Gandhinagara","ward_ac_kn":"ಗಾಂಧಿನಗರ","ward_ac_no":"164","ward_Assembly":"164 - Gandhinagara","ward_id":"63","ward_name":"63 - Okalipuram","ward_name_kn":"ಓಕಳಿಪುರಂ","ward_TOT_P":"27815.0","ward_TOT_M":"14222.0","ward_TOT_F":"13593.0","ward_SC_P":"3976.0","ward_SC_M":"1968.0","ward_SC_F":"2007.0","ward_ST_P":"245.0","ward_ST_M":"112.0","ward_ST_F":"133.0","ward_low_range":"18853","ward_high_range":"28280","ward_RO_Code":"5","ward_RO_Division":"RO - Gandhinagara","ward_ARO_Code":"16","ward_ARO_ Sub Division":"ARO- Okalipuram","ward_zone":"Zone2","ward_zone_name":"Gandhinagara","ward_join_status":"matched","ward_spatial_match_count":1},"geometry":{"type":"Point","coordinates":[77.56330570000006,12.987810000000025,0]},"id":142},{"type":"Feature","properties":{"fid":143,"OBJECTID":143,"Name":"Placemark","FolderPath":"BBMP Toilets","SymbolID":0,"AltMode":-1,"Base":0,"Snippet":"","PopupInfo":"","HasLabel":-1,"LabelID":0,"ward_source_id":"ward_369_final.285","ward_source_Name":null,"ward_description":null,"ward_timestamp":null,"ward_begin":null,"ward_end":null,"ward_altitudeMode":null,"ward_tessellate":-1,"ward_extrude":0,"ward_visibility":-1,"ward_drawOrder":null,"ward_icon":null,"ward_Corporation":"Central","ward_corporation_kn":"ಕೇಂದ್ರ","ward_corporation_id":"1","ward_ac":"Chickpet","ward_ac_kn":"ಚಿಕ್ಕಪೇಟೆ","ward_ac_no":"169","ward_Assembly":"169 - Chickpet","ward_id":"42","ward_name":"42 - Sunkenahalli","ward_name_kn":"ಸುಂಕೇನಹಳ್ಳಿ","ward_TOT_P":"21179.0","ward_TOT_M":"10743.0","ward_TOT_F":"10436.0","ward_SC_P":"273.0","ward_SC_M":"154.0","ward_SC_F":"119.0","ward_ST_P":"131.0","ward_ST_M":"65.0","ward_ST_F":"67.0","ward_low_range":"18853","ward_high_range":"28280","ward_RO_Code":"4","ward_RO_Division":"RO - Chickpet","ward_ARO_Code":"13","ward_ARO_ Sub Division":"ARO- V.V Puram","ward_zone":"Zone2","ward_zone_name":"Gandhinagara","ward_join_status":"matched","ward_spatial_match_count":1},"geometry":{"type":"Point","coordinates":[77.57320170000008,12.948146700000052,0]},"id":143},{"type":"Feature","properties":{"fid":144,"OBJECTID":144,"Name":"Placemark","FolderPath":"BBMP Toilets","SymbolID":0,"AltMode":-1,"Base":0,"Snippet":"","PopupInfo":"","HasLabel":-1,"LabelID":0,"ward_source_id":"ward_369_final.285","ward_source_Name":null,"ward_description":null,"ward_timestamp":null,"ward_begin":null,"ward_end":null,"ward_altitudeMode":null,"ward_tessellate":-1,"ward_extrude":0,"ward_visibility":-1,"ward_drawOrder":null,"ward_icon":null,"ward_Corporation":"Central","ward_corporation_kn":"ಕೇಂದ್ರ","ward_corporation_id":"1","ward_ac":"Chickpet","ward_ac_kn":"ಚಿಕ್ಕಪೇಟೆ","ward_ac_no":"169","ward_Assembly":"169 - Chickpet","ward_id":"42","ward_name":"42 - Sunkenahalli","ward_name_kn":"ಸುಂಕೇನಹಳ್ಳಿ","ward_TOT_P":"21179.0","ward_TOT_M":"10743.0","ward_TOT_F":"10436.0","ward_SC_P":"273.0","ward_SC_M":"154.0","ward_SC_F":"119.0","ward_ST_P":"131.0","ward_ST_M":"65.0","ward_ST_F":"67.0","ward_low_range":"18853","ward_high_range":"28280","ward_RO_Code":"4","ward_RO_Division":"RO - Chickpet","ward_ARO_Code":"13","ward_ARO_ Sub Division":"ARO- V.V Puram","ward_zone":"Zone2","ward_zone_name":"Gandhinagara","ward_join_status":"matched","ward_spatial_match_count":1},"geometry":{"type":"Point","coordinates":[77.57122670000007,12.945585000000051,0]},"id":144},{"type":"Feature","properties":{"fid":145,"OBJECTID":145,"Name":"Placemark","FolderPath":"BBMP Toilets","SymbolID":0,"AltMode":-1,"Base":0,"Snippet":"","PopupInfo":"","HasLabel":-1,"LabelID":0,"ward_source_id":"ward_369_final.285","ward_source_Name":null,"ward_description":null,"ward_timestamp":null,"ward_begin":null,"ward_end":null,"ward_altitudeMode":null,"ward_tessellate":-1,"ward_extrude":0,"ward_visibility":-1,"ward_drawOrder":null,"ward_icon":null,"ward_Corporation":"Central","ward_corporation_kn":"ಕೇಂದ್ರ","ward_corporation_id":"1","ward_ac":"Chickpet","ward_ac_kn":"ಚಿಕ್ಕಪೇಟೆ","ward_ac_no":"169","ward_Assembly":"169 - Chickpet","ward_id":"42","ward_name":"42 - Sunkenahalli","ward_name_kn":"ಸುಂಕೇನಹಳ್ಳಿ","ward_TOT_P":"21179.0","ward_TOT_M":"10743.0","ward_TOT_F":"10436.0","ward_SC_P":"273.0","ward_SC_M":"154.0","ward_SC_F":"119.0","ward_ST_P":"131.0","ward_ST_M":"65.0","ward_ST_F":"67.0","ward_low_range":"18853","ward_high_range":"28280","ward_RO_Code":"4","ward_RO_Division":"RO - Chickpet","ward_ARO_Code":"13","ward_ARO_ Sub Division":"ARO- V.V Puram","ward_zone":"Zone2","ward_zone_name":"Gandhinagara","ward_join_status":"matched","ward_spatial_match_count":1},"geometry":{"type":"Point","coordinates":[77.57000500000004,12.945530000000076,0]},"id":145},{"type":"Feature","properties":{"fid":146,"OBJECTID":146,"Name":"Placemark","FolderPath":"BBMP Toilets","SymbolID":0,"AltMode":-1,"Base":0,"Snippet":"","PopupInfo":"","HasLabel":-1,"LabelID":0,"ward_source_id":"ward_369_final.44","ward_source_Name":null,"ward_description":null,"ward_timestamp":null,"ward_begin":null,"ward_end":null,"ward_altitudeMode":null,"ward_tessellate":-1,"ward_extrude":0,"ward_visibility":-1,"ward_drawOrder":null,"ward_icon":null,"ward_Corporation":"Central","ward_corporation_kn":"ಕೇಂದ್ರ","ward_corporation_id":"1","ward_ac":"Gandhinagara","ward_ac_kn":"ಗಾಂಧಿನಗರ","ward_ac_no":"164","ward_Assembly":"164 - Gandhinagara","ward_id":"63","ward_name":"63 - Okalipuram","ward_name_kn":"ಓಕಳಿಪುರಂ","ward_TOT_P":"27815.0","ward_TOT_M":"14222.0","ward_TOT_F":"13593.0","ward_SC_P":"3976.0","ward_SC_M":"1968.0","ward_SC_F":"2007.0","ward_ST_P":"245.0","ward_ST_M":"112.0","ward_ST_F":"133.0","ward_low_range":"18853","ward_high_range":"28280","ward_RO_Code":"5","ward_RO_Division":"RO - Gandhinagara","ward_ARO_Code":"16","ward_ARO_ Sub Division":"ARO- Okalipuram","ward_zone":"Zone2","ward_zone_name":"Gandhinagara","ward_join_status":"matched","ward_spatial_match_count":1},"geometry":{"type":"Point","coordinates":[77.56651200000005,12.986785500000053,0]},"id":146},{"type":"Feature","properties":{"fid":147,"OBJECTID":147,"Name":"Placemark","FolderPath":"BBMP Toilets","SymbolID":0,"AltMode":-1,"Base":0,"Snippet":"","PopupInfo":"","HasLabel":-1,"LabelID":0,"ward_source_id":"ward_369_final.266","ward_source_Name":null,"ward_description":null,"ward_timestamp":null,"ward_begin":null,"ward_end":null,"ward_altitudeMode":null,"ward_tessellate":-1,"ward_extrude":0,"ward_visibility":-1,"ward_drawOrder":null,"ward_icon":null,"ward_Corporation":"Central","ward_corporation_kn":"ಕೇಂದ್ರ","ward_corporation_id":"1","ward_ac":"Chickpet","ward_ac_kn":"ಚಿಕ್ಕಪೇಟೆ","ward_ac_no":"169","ward_Assembly":"169 - Chickpet","ward_id":"35","ward_name":"35 - Hombegowda Nagara","ward_name_kn":"ಹೊಂಬೇಗೌಡ ನಗರ","ward_TOT_P":"18866.0","ward_TOT_M":"9795.0","ward_TOT_F":"9011.0","ward_SC_P":"1898.0","ward_SC_M":"948.0","ward_SC_F":"950.0","ward_ST_P":"238.0","ward_ST_M":"126.0","ward_ST_F":"112.0","ward_low_range":"18853","ward_high_range":"28280","ward_RO_Code":"4","ward_RO_Division":"RO - Chickpet","ward_ARO_Code":"12","ward_ARO_ Sub Division":"ARO- Hombegowda Nagar","ward_zone":"Zone2","ward_zone_name":"Gandhinagara","ward_join_status":"matched","ward_spatial_match_count":1},"geometry":{"type":"Point","coordinates":[77.59170140000003,12.95366260000003,0]},"id":147},{"type":"Feature","properties":{"fid":148,"OBJECTID":148,"Name":"Placemark","FolderPath":"BBMP Toilets","SymbolID":0,"AltMode":-1,"Base":0,"Snippet":"","PopupInfo":"","HasLabel":-1,"LabelID":0,"ward_source_id":"ward_369_final.196","ward_source_Name":null,"ward_description":null,"ward_timestamp":null,"ward_begin":null,"ward_end":null,"ward_altitudeMode":null,"ward_tessellate":-1,"ward_extrude":0,"ward_visibility":-1,"ward_drawOrder":null,"ward_icon":null,"ward_Corporation":"East","ward_corporation_kn":"ಪೂರ್ವ","ward_corporation_id":"3","ward_ac":"K.R. Pura","ward_ac_kn":"ಕೆ.ಆರ್. ಪುರ","ward_ac_no":"151","ward_Assembly":"151 - K.R. Pura","ward_id":"5","ward_name":"5 - Hoysala Nagara East","ward_name_kn":"ಹೊಯ್ಸಳ ನಗರ ಪೂರ್ವ","ward_TOT_P":"18244.0","ward_TOT_M":"9566.0","ward_TOT_F":"8678.0","ward_SC_P":"2204.0","ward_SC_M":"1144.0","ward_SC_F":"1061.0","ward_ST_P":"545.0","ward_ST_M":"290.0","ward_ST_F":"256.0","ward_low_range":"14567","ward_high_range":"21851","ward_RO_Code":"1","ward_RO_Division":"RO- Horamavu","ward_ARO_Code":"3","ward_ARO_ Sub Division":"ARO- Kalkere","ward_zone":"Zone2","ward_zone_name":"K.R. Pura","ward_join_status":"matched","ward_spatial_match_count":1},"geometry":{"type":"Point","coordinates":[77.66667830000006,13.015403100000071,0]},"id":148},{"type":"Feature","properties":{"fid":149,"OBJECTID":149,"Name":"Placemark","FolderPath":"BBMP Toilets","SymbolID":0,"AltMode":-1,"Base":0,"Snippet":"","PopupInfo":"","HasLabel":-1,"LabelID":0,"ward_source_id":"ward_369_final.285","ward_source_Name":null,"ward_description":null,"ward_timestamp":null,"ward_begin":null,"ward_end":null,"ward_altitudeMode":null,"ward_tessellate":-1,"ward_extrude":0,"ward_visibility":-1,"ward_drawOrder":null,"ward_icon":null,"ward_Corporation":"Central","ward_corporation_kn":"ಕೇಂದ್ರ","ward_corporation_id":"1","ward_ac":"Chickpet","ward_ac_kn":"ಚಿಕ್ಕಪೇಟೆ","ward_ac_no":"169","ward_Assembly":"169 - Chickpet","ward_id":"42","ward_name":"42 - Sunkenahalli","ward_name_kn":"ಸುಂಕೇನಹಳ್ಳಿ","ward_TOT_P":"21179.0","ward_TOT_M":"10743.0","ward_TOT_F":"10436.0","ward_SC_P":"273.0","ward_SC_M":"154.0","ward_SC_F":"119.0","ward_ST_P":"131.0","ward_ST_M":"65.0","ward_ST_F":"67.0","ward_low_range":"18853","ward_high_range":"28280","ward_RO_Code":"4","ward_RO_Division":"RO - Chickpet","ward_ARO_Code":"13","ward_ARO_ Sub Division":"ARO- V.V Puram","ward_zone":"Zone2","ward_zone_name":"Gandhinagara","ward_join_status":"matched","ward_spatial_match_count":1},"geometry":{"type":"Point","coordinates":[77.56592500000005,12.94342830000005,0]},"id":149},{"type":"Feature","properties":{"fid":150,"OBJECTID":150,"Name":"Placemark","FolderPath":"BBMP Toilets","SymbolID":0,"AltMode":-1,"Base":0,"Snippet":"","PopupInfo":"","HasLabel":-1,"LabelID":0,"ward_source_id":"ward_369_final.206","ward_source_Name":null,"ward_description":null,"ward_timestamp":null,"ward_begin":null,"ward_end":null,"ward_altitudeMode":null,"ward_tessellate":-1,"ward_extrude":0,"ward_visibility":-1,"ward_drawOrder":null,"ward_icon":null,"ward_Corporation":"East","ward_corporation_kn":"ಪೂರ್ವ","ward_corporation_id":"3","ward_ac":"K.R. Pura","ward_ac_kn":"ಕೆ.ಆರ್. ಪುರ","ward_ac_no":"151","ward_Assembly":"151 - K.R. Pura","ward_id":"18","ward_name":"18 - Dooravaninagar","ward_name_kn":"ದೂರವಾಣಿನಗರ","ward_TOT_P":"14677.0","ward_TOT_M":"7550.0","ward_TOT_F":"7128.0","ward_SC_P":"2377.0","ward_SC_M":"1200.0","ward_SC_F":"1177.0","ward_ST_P":"267.0","ward_ST_M":"138.0","ward_ST_F":"129.0","ward_low_range":"14567","ward_high_range":"21851","ward_RO_Code":"3","ward_RO_Division":"RO- Ramamurthy Nagara","ward_ARO_Code":"8","ward_ARO_ Sub Division":"ARO- Ramamurthy Nagara","ward_zone":"Zone2","ward_zone_name":"K.R. Pura","ward_join_status":"matched","ward_spatial_match_count":1},"geometry":{"type":"Point","coordinates":[77.66666800000007,13.012406000000055,0]},"id":150},{"type":"Feature","properties":{"fid":151,"OBJECTID":151,"Name":"Placemark","FolderPath":"BBMP Toilets","SymbolID":0,"AltMode":-1,"Base":0,"Snippet":"","PopupInfo":"","HasLabel":-1,"LabelID":0,"ward_source_id":"ward_369_final.253","ward_source_Name":null,"ward_description":null,"ward_timestamp":null,"ward_begin":null,"ward_end":null,"ward_altitudeMode":null,"ward_tessellate":-1,"ward_extrude":0,"ward_visibility":-1,"ward_drawOrder":null,"ward_icon":null,"ward_Corporation":"Central","ward_corporation_kn":"ಕೇಂದ್ರ","ward_corporation_id":"1","ward_ac":"Chickpet","ward_ac_kn":"ಚಿಕ್ಕಪೇಟೆ","ward_ac_no":"169","ward_Assembly":"169 - Chickpet","ward_id":"43","ward_name":"43 - Devaraj Urs Ward","ward_name_kn":"ದೇವರಾಜ ಅರಸು ವಾರ್ಡ್‌","ward_TOT_P":"19525.0","ward_TOT_M":"9934.0","ward_TOT_F":"9592.0","ward_SC_P":"1201.0","ward_SC_M":"594.0","ward_SC_F":"607.0","ward_ST_P":"247.0","ward_ST_M":"118.0","ward_ST_F":"129.0","ward_low_range":"18853","ward_high_range":"28280","ward_RO_Code":"4","ward_RO_Division":"RO - Chickpet","ward_ARO_Code":"13","ward_ARO_ Sub Division":"ARO- V.V Puram","ward_zone":"Zone2","ward_zone_name":"Gandhinagara","ward_join_status":"matched","ward_spatial_match_count":1},"geometry":{"type":"Point","coordinates":[77.56496000000004,12.949766700000055,0]},"id":151},{"type":"Feature","properties":{"fid":152,"OBJECTID":152,"Name":"Placemark","FolderPath":"BBMP Toilets","SymbolID":0,"AltMode":-1,"Base":0,"Snippet":"","PopupInfo":"","HasLabel":-1,"LabelID":0,"ward_source_id":"ward_369_final.134","ward_source_Name":null,"ward_description":null,"ward_timestamp":null,"ward_begin":null,"ward_end":null,"ward_altitudeMode":null,"ward_tessellate":-1,"ward_extrude":0,"ward_visibility":-1,"ward_drawOrder":null,"ward_icon":null,"ward_Corporation":"North","ward_corporation_kn":"ಉತ್ತರ","ward_corporation_id":"2","ward_ac":"Pulakeshinagar","ward_ac_kn":"ಪುಲಕೇಶಿನಗರ","ward_ac_no":"159","ward_Assembly":"159 - Pulakeshinagar","ward_id":"47","ward_name":"47 - Pulakeshi Nagar","ward_name_kn":"ಪುಲಕೇಶಿ ನಗರ","ward_TOT_P":"21148.0","ward_TOT_M":"10628.0","ward_TOT_F":"10520.0","ward_SC_P":"1328.0","ward_SC_M":"673.0","ward_SC_F":"655.0","ward_ST_P":"325.0","ward_ST_M":"164.0","ward_ST_F":"161.0","ward_low_range":"19943","ward_high_range":"29914","ward_RO_Code":"7","ward_RO_Division":"RO- Pulikeshinagar","ward_ARO_Code":"18","ward_ARO_ Sub Division":"ARO- Pulikeshinagar","ward_zone":"Zone1","ward_zone_name":"Byatarayanapura","ward_join_status":"matched","ward_spatial_match_count":1},"geometry":{"type":"Point","coordinates":[77.61159080000004,12.999819600000023,0]},"id":152},{"type":"Feature","properties":{"fid":153,"OBJECTID":153,"Name":"Placemark","FolderPath":"BBMP Toilets","SymbolID":0,"AltMode":-1,"Base":0,"Snippet":"","PopupInfo":"","HasLabel":-1,"LabelID":0,"ward_source_id":"ward_369_final.266","ward_source_Name":null,"ward_description":null,"ward_timestamp":null,"ward_begin":null,"ward_end":null,"ward_altitudeMode":null,"ward_tessellate":-1,"ward_extrude":0,"ward_visibility":-1,"ward_drawOrder":null,"ward_icon":null,"ward_Corporation":"Central","ward_corporation_kn":"ಕೇಂದ್ರ","ward_corporation_id":"1","ward_ac":"Chickpet","ward_ac_kn":"ಚಿಕ್ಕಪೇಟೆ","ward_ac_no":"169","ward_Assembly":"169 - Chickpet","ward_id":"35","ward_name":"35 - Hombegowda Nagara","ward_name_kn":"ಹೊಂಬೇಗೌಡ ನಗರ","ward_TOT_P":"18866.0","ward_TOT_M":"9795.0","ward_TOT_F":"9011.0","ward_SC_P":"1898.0","ward_SC_M":"948.0","ward_SC_F":"950.0","ward_ST_P":"238.0","ward_ST_M":"126.0","ward_ST_F":"112.0","ward_low_range":"18853","ward_high_range":"28280","ward_RO_Code":"4","ward_RO_Division":"RO - Chickpet","ward_ARO_Code":"12","ward_ARO_ Sub Division":"ARO- Hombegowda Nagar","ward_zone":"Zone2","ward_zone_name":"Gandhinagara","ward_join_status":"matched","ward_spatial_match_count":1},"geometry":{"type":"Point","coordinates":[77.59189620000006,12.95418200000006,0]},"id":153},{"type":"Feature","properties":{"fid":154,"OBJECTID":154,"Name":"Placemark","FolderPath":"BBMP Toilets","SymbolID":0,"AltMode":-1,"Base":0,"Snippet":"","PopupInfo":"","HasLabel":-1,"LabelID":0,"ward_source_id":"ward_369_final.285","ward_source_Name":null,"ward_description":null,"ward_timestamp":null,"ward_begin":null,"ward_end":null,"ward_altitudeMode":null,"ward_tessellate":-1,"ward_extrude":0,"ward_visibility":-1,"ward_drawOrder":null,"ward_icon":null,"ward_Corporation":"Central","ward_corporation_kn":"ಕೇಂದ್ರ","ward_corporation_id":"1","ward_ac":"Chickpet","ward_ac_kn":"ಚಿಕ್ಕಪೇಟೆ","ward_ac_no":"169","ward_Assembly":"169 - Chickpet","ward_id":"42","ward_name":"42 - Sunkenahalli","ward_name_kn":"ಸುಂಕೇನಹಳ್ಳಿ","ward_TOT_P":"21179.0","ward_TOT_M":"10743.0","ward_TOT_F":"10436.0","ward_SC_P":"273.0","ward_SC_M":"154.0","ward_SC_F":"119.0","ward_ST_P":"131.0","ward_ST_M":"65.0","ward_ST_F":"67.0","ward_low_range":"18853","ward_high_range":"28280","ward_RO_Code":"4","ward_RO_Division":"RO - Chickpet","ward_ARO_Code":"13","ward_ARO_ Sub Division":"ARO- V.V Puram","ward_zone":"Zone2","ward_zone_name":"Gandhinagara","ward_join_status":"matched","ward_spatial_match_count":1},"geometry":{"type":"Point","coordinates":[77.56703590000006,12.952276900000072,0]},"id":154},{"type":"Feature","properties":{"fid":155,"OBJECTID":155,"Name":"Placemark","FolderPath":"BBMP Toilets","SymbolID":0,"AltMode":-1,"Base":0,"Snippet":"","PopupInfo":"","HasLabel":-1,"LabelID":0,"ward_source_id":"ward_369_final.253","ward_source_Name":null,"ward_description":null,"ward_timestamp":null,"ward_begin":null,"ward_end":null,"ward_altitudeMode":null,"ward_tessellate":-1,"ward_extrude":0,"ward_visibility":-1,"ward_drawOrder":null,"ward_icon":null,"ward_Corporation":"Central","ward_corporation_kn":"ಕೇಂದ್ರ","ward_corporation_id":"1","ward_ac":"Chickpet","ward_ac_kn":"ಚಿಕ್ಕಪೇಟೆ","ward_ac_no":"169","ward_Assembly":"169 - Chickpet","ward_id":"43","ward_name":"43 - Devaraj Urs Ward","ward_name_kn":"ದೇವರಾಜ ಅರಸು ವಾರ್ಡ್‌","ward_TOT_P":"19525.0","ward_TOT_M":"9934.0","ward_TOT_F":"9592.0","ward_SC_P":"1201.0","ward_SC_M":"594.0","ward_SC_F":"607.0","ward_ST_P":"247.0","ward_ST_M":"118.0","ward_ST_F":"129.0","ward_low_range":"18853","ward_high_range":"28280","ward_RO_Code":"4","ward_RO_Division":"RO - Chickpet","ward_ARO_Code":"13","ward_ARO_ Sub Division":"ARO- V.V Puram","ward_zone":"Zone2","ward_zone_name":"Gandhinagara","ward_join_status":"matched","ward_spatial_match_count":1},"geometry":{"type":"Point","coordinates":[77.56737830000003,12.953466700000035,0]},"id":155},{"type":"Feature","properties":{"fid":156,"OBJECTID":156,"Name":"Placemark","FolderPath":"BBMP Toilets","SymbolID":0,"AltMode":-1,"Base":0,"Snippet":"","PopupInfo":"","HasLabel":-1,"LabelID":0,"ward_source_id":"ward_369_final.284","ward_source_Name":null,"ward_description":null,"ward_timestamp":null,"ward_begin":null,"ward_end":null,"ward_altitudeMode":null,"ward_tessellate":-1,"ward_extrude":0,"ward_visibility":-1,"ward_drawOrder":null,"ward_icon":null,"ward_Corporation":"West","ward_corporation_kn":"ಪಶ್ಚಿಮ","ward_corporation_id":"5","ward_ac":"Basavanagudi","ward_ac_kn":"ಬಸವನಗುಡಿ","ward_ac_no":"170","ward_Assembly":"170 - Basavanagudi","ward_id":"95","ward_name":"95 - Swamy Vivekananda Ward","ward_name_kn":"ಸ್ವಾಮಿ ವಿವೇಕಾನಂದ ವಾರ್ಡ್","ward_TOT_P":"28152.0","ward_TOT_M":"14070.0","ward_TOT_F":"14081.0","ward_SC_P":"445.0","ward_SC_M":"224.0","ward_SC_F":"221.0","ward_ST_P":"226.0","ward_ST_M":"115.0","ward_ST_F":"111.0","ward_low_range":"18949","ward_high_range":"28424","ward_RO_Code":"1","ward_RO_Division":"RO- Basavanagudi","ward_ARO_Code":"2","ward_ARO_ Sub Division":"ARO- Katriguppe","ward_zone":"Zone2","ward_zone_name":"Malleshwaram","ward_join_status":"matched","ward_spatial_match_count":1},"geometry":{"type":"Point","coordinates":[77.54218240000006,12.943165000000022,0]},"id":156},{"type":"Feature","properties":{"fid":157,"OBJECTID":157,"Name":"Placemark","FolderPath":"BBMP Toilets","SymbolID":0,"AltMode":-1,"Base":0,"Snippet":"","PopupInfo":"","HasLabel":-1,"LabelID":0,"ward_source_id":"ward_369_final.346","ward_source_Name":null,"ward_description":null,"ward_timestamp":null,"ward_begin":null,"ward_end":null,"ward_altitudeMode":null,"ward_tessellate":-1,"ward_extrude":0,"ward_visibility":-1,"ward_drawOrder":null,"ward_icon":null,"ward_Corporation":"West","ward_corporation_kn":"ಪಶ್ಚಿಮ","ward_corporation_id":"5","ward_ac":"Vijayanagar","ward_ac_kn":"ವಿಜಯನಗರ","ward_ac_no":"167","ward_Assembly":"167 - Vijayanagar","ward_id":"94","ward_name":"94 - Deepanjali Nagara","ward_name_kn":"ದೀಪಾಂಜಲಿ ನಗರ","ward_TOT_P":"27561.0","ward_TOT_M":"14457.0","ward_TOT_F":"13104.0","ward_SC_P":"3449.0","ward_SC_M":"1812.0","ward_SC_F":"1637.0","ward_ST_P":"586.0","ward_ST_M":"316.0","ward_ST_F":"269.0","ward_low_range":"18949","ward_high_range":"28424","ward_RO_Code":"12","ward_RO_Division":"RO- Hampi Nagar","ward_ARO_Code":"37","ward_ARO_ Sub Division":"ARO- Hampi Nagar","ward_zone":"Zone2","ward_zone_name":"Malleshwaram","ward_join_status":"matched","ward_spatial_match_count":1},"geometry":{"type":"Point","coordinates":[77.53930640000004,12.934395900000027,0]},"id":157},{"type":"Feature","properties":{"fid":158,"OBJECTID":158,"Name":"Placemark","FolderPath":"BBMP Toilets","SymbolID":0,"AltMode":-1,"Base":0,"Snippet":"","PopupInfo":"","HasLabel":-1,"LabelID":0,"ward_source_id":"ward_369_final.10","ward_source_Name":null,"ward_description":null,"ward_timestamp":null,"ward_begin":null,"ward_end":null,"ward_altitudeMode":null,"ward_tessellate":-1,"ward_extrude":0,"ward_visibility":-1,"ward_drawOrder":null,"ward_icon":null,"ward_Corporation":"North","ward_corporation_kn":"ಉತ್ತರ","ward_corporation_id":"2","ward_ac":"Dasarahalli","ward_ac_kn":"ದಾಸರಹಳ್ಳಿ","ward_ac_no":"155","ward_Assembly":"155 - Dasarahalli","ward_id":"69","ward_name":"69 - Bagalagunte","ward_name_kn":"ಬಾಗಲಗುಂಟೆ","ward_TOT_P":"28685.0","ward_TOT_M":"14976.0","ward_TOT_F":"13709.0","ward_SC_P":"1422.0","ward_SC_M":"734.0","ward_SC_F":"688.0","ward_ST_P":"794.0","ward_ST_M":"393.0","ward_ST_F":"400.0","ward_low_range":"19943","ward_high_range":"29914","ward_RO_Code":"3","ward_RO_Division":"RO- Dasarahalli","ward_ARO_Code":"7","ward_ARO_ Sub Division":"ARO- Bagalagunte","ward_zone":"Zone2","ward_zone_name":"Yelahanka","ward_join_status":"matched","ward_spatial_match_count":1},"geometry":{"type":"Point","coordinates":[77.50796400000007,13.055534000000023,0]},"id":158},{"type":"Feature","properties":{"fid":159,"OBJECTID":159,"Name":"Placemark","FolderPath":"BBMP Toilets","SymbolID":0,"AltMode":-1,"Base":0,"Snippet":"","PopupInfo":"","HasLabel":-1,"LabelID":0,"ward_source_id":"ward_369_final.10","ward_source_Name":null,"ward_description":null,"ward_timestamp":null,"ward_begin":null,"ward_end":null,"ward_altitudeMode":null,"ward_tessellate":-1,"ward_extrude":0,"ward_visibility":-1,"ward_drawOrder":null,"ward_icon":null,"ward_Corporation":"North","ward_corporation_kn":"ಉತ್ತರ","ward_corporation_id":"2","ward_ac":"Dasarahalli","ward_ac_kn":"ದಾಸರಹಳ್ಳಿ","ward_ac_no":"155","ward_Assembly":"155 - Dasarahalli","ward_id":"69","ward_name":"69 - Bagalagunte","ward_name_kn":"ಬಾಗಲಗುಂಟೆ","ward_TOT_P":"28685.0","ward_TOT_M":"14976.0","ward_TOT_F":"13709.0","ward_SC_P":"1422.0","ward_SC_M":"734.0","ward_SC_F":"688.0","ward_ST_P":"794.0","ward_ST_M":"393.0","ward_ST_F":"400.0","ward_low_range":"19943","ward_high_range":"29914","ward_RO_Code":"3","ward_RO_Division":"RO- Dasarahalli","ward_ARO_Code":"7","ward_ARO_ Sub Division":"ARO- Bagalagunte","ward_zone":"Zone2","ward_zone_name":"Yelahanka","ward_join_status":"matched","ward_spatial_match_count":1},"geometry":{"type":"Point","coordinates":[77.50710620000007,13.055484700000022,0]},"id":159},{"type":"Feature","properties":{"fid":160,"OBJECTID":160,"Name":"Placemark","FolderPath":"BBMP Toilets","SymbolID":0,"AltMode":-1,"Base":0,"Snippet":"","PopupInfo":"","HasLabel":-1,"LabelID":0,"ward_source_id":"ward_369_final.284","ward_source_Name":null,"ward_description":null,"ward_timestamp":null,"ward_begin":null,"ward_end":null,"ward_altitudeMode":null,"ward_tessellate":-1,"ward_extrude":0,"ward_visibility":-1,"ward_drawOrder":null,"ward_icon":null,"ward_Corporation":"West","ward_corporation_kn":"ಪಶ್ಚಿಮ","ward_corporation_id":"5","ward_ac":"Basavanagudi","ward_ac_kn":"ಬಸವನಗುಡಿ","ward_ac_no":"170","ward_Assembly":"170 - Basavanagudi","ward_id":"95","ward_name":"95 - Swamy Vivekananda Ward","ward_name_kn":"ಸ್ವಾಮಿ ವಿವೇಕಾನಂದ ವಾರ್ಡ್","ward_TOT_P":"28152.0","ward_TOT_M":"14070.0","ward_TOT_F":"14081.0","ward_SC_P":"445.0","ward_SC_M":"224.0","ward_SC_F":"221.0","ward_ST_P":"226.0","ward_ST_M":"115.0","ward_ST_F":"111.0","ward_low_range":"18949","ward_high_range":"28424","ward_RO_Code":"1","ward_RO_Division":"RO- Basavanagudi","ward_ARO_Code":"2","ward_ARO_ Sub Division":"ARO- Katriguppe","ward_zone":"Zone2","ward_zone_name":"Malleshwaram","ward_join_status":"matched","ward_spatial_match_count":1},"geometry":{"type":"Point","coordinates":[77.54745370000006,12.935820800000045,0]},"id":160},{"type":"Feature","properties":{"fid":161,"OBJECTID":161,"Name":"Placemark","FolderPath":"BBMP Toilets","SymbolID":0,"AltMode":-1,"Base":0,"Snippet":"","PopupInfo":"","HasLabel":-1,"LabelID":0,"ward_source_id":"ward_369_final.247","ward_source_Name":null,"ward_description":null,"ward_timestamp":null,"ward_begin":null,"ward_end":null,"ward_altitudeMode":null,"ward_tessellate":-1,"ward_extrude":0,"ward_visibility":-1,"ward_drawOrder":null,"ward_icon":null,"ward_Corporation":"West","ward_corporation_kn":"ಪಶ್ಚಿಮ","ward_corporation_id":"5","ward_ac":"Mahalakshmi Layout","ward_ac_kn":"ಮಹಾಲಕ್ಷ್ಮಿ ಲೇಔಟ್","ward_ac_no":"156","ward_Assembly":"156 - Mahalakshmi Layout","ward_id":"41","ward_name":"41 - Nagapura","ward_name_kn":"ನಾಗಪುರ","ward_TOT_P":"26591.0","ward_TOT_M":"13419.0","ward_TOT_F":"13172.0","ward_SC_P":"1680.0","ward_SC_M":"850.0","ward_SC_F":"829.0","ward_ST_P":"398.0","ward_ST_M":"199.0","ward_ST_F":"199.0","ward_low_range":"18949","ward_high_range":"28424","ward_RO_Code":"5","ward_RO_Division":"RO- Mahalakshmi Layout","ward_ARO_Code":"16","ward_ARO_ Sub Division":"ARO- Mahalakshmipuram","ward_zone":"Zone1","ward_zone_name":"Rajarajeshwarinagar","ward_join_status":"matched","ward_spatial_match_count":1},"geometry":{"type":"Point","coordinates":[77.54302320000005,13.003532000000064,0]},"id":161},{"type":"Feature","properties":{"fid":162,"OBJECTID":162,"Name":"Placemark","FolderPath":"BBMP Toilets","SymbolID":0,"AltMode":-1,"Base":0,"Snippet":"","PopupInfo":"","HasLabel":-1,"LabelID":0,"ward_source_id":"ward_369_final.12","ward_source_Name":null,"ward_description":null,"ward_timestamp":null,"ward_begin":null,"ward_end":null,"ward_altitudeMode":null,"ward_tessellate":-1,"ward_extrude":0,"ward_visibility":-1,"ward_drawOrder":null,"ward_icon":null,"ward_Corporation":"North","ward_corporation_kn":"ಉತ್ತರ","ward_corporation_id":"2","ward_ac":"Dasarahalli","ward_ac_kn":"ದಾಸರಹಳ್ಳಿ","ward_ac_no":"155","ward_Assembly":"155 - Dasarahalli","ward_id":"70","ward_name":"70 - Manjunatha Nagar","ward_name_kn":"ಮಂಜುನಾಥ ನಗರ","ward_TOT_P":"27870.0","ward_TOT_M":"14552.0","ward_TOT_F":"13319.0","ward_SC_P":"1944.0","ward_SC_M":"991.0","ward_SC_F":"953.0","ward_ST_P":"987.0","ward_ST_M":"499.0","ward_ST_F":"488.0","ward_low_range":"19943","ward_high_range":"29914","ward_RO_Code":"3","ward_RO_Division":"RO- Dasarahalli","ward_ARO_Code":"7","ward_ARO_ Sub Division":"ARO- Bagalagunte","ward_zone":"Zone2","ward_zone_name":"Yelahanka","ward_join_status":"matched","ward_spatial_match_count":1},"geometry":{"type":"Point","coordinates":[77.50697450000007,13.045919300000037,0]},"id":162},{"type":"Feature","properties":{"fid":163,"OBJECTID":163,"Name":"Placemark","FolderPath":"BBMP Toilets","SymbolID":0,"AltMode":-1,"Base":0,"Snippet":"","PopupInfo":"","HasLabel":-1,"LabelID":0,"ward_source_id":"ward_369_final.247","ward_source_Name":null,"ward_description":null,"ward_timestamp":null,"ward_begin":null,"ward_end":null,"ward_altitudeMode":null,"ward_tessellate":-1,"ward_extrude":0,"ward_visibility":-1,"ward_drawOrder":null,"ward_icon":null,"ward_Corporation":"West","ward_corporation_kn":"ಪಶ್ಚಿಮ","ward_corporation_id":"5","ward_ac":"Mahalakshmi Layout","ward_ac_kn":"ಮಹಾಲಕ್ಷ್ಮಿ ಲೇಔಟ್","ward_ac_no":"156","ward_Assembly":"156 - Mahalakshmi Layout","ward_id":"41","ward_name":"41 - Nagapura","ward_name_kn":"ನಾಗಪುರ","ward_TOT_P":"26591.0","ward_TOT_M":"13419.0","ward_TOT_F":"13172.0","ward_SC_P":"1680.0","ward_SC_M":"850.0","ward_SC_F":"829.0","ward_ST_P":"398.0","ward_ST_M":"199.0","ward_ST_F":"199.0","ward_low_range":"18949","ward_high_range":"28424","ward_RO_Code":"5","ward_RO_Division":"RO- Mahalakshmi Layout","ward_ARO_Code":"16","ward_ARO_ Sub Division":"ARO- Mahalakshmipuram","ward_zone":"Zone1","ward_zone_name":"Rajarajeshwarinagar","ward_join_status":"matched","ward_spatial_match_count":1},"geometry":{"type":"Point","coordinates":[77.54101530000008,13.004923000000076,0]},"id":163},{"type":"Feature","properties":{"fid":164,"OBJECTID":164,"Name":"Placemark","FolderPath":"BBMP Toilets","SymbolID":0,"AltMode":-1,"Base":0,"Snippet":"","PopupInfo":"","HasLabel":-1,"LabelID":0,"ward_source_id":"ward_369_final.284","ward_source_Name":null,"ward_description":null,"ward_timestamp":null,"ward_begin":null,"ward_end":null,"ward_altitudeMode":null,"ward_tessellate":-1,"ward_extrude":0,"ward_visibility":-1,"ward_drawOrder":null,"ward_icon":null,"ward_Corporation":"West","ward_corporation_kn":"ಪಶ್ಚಿಮ","ward_corporation_id":"5","ward_ac":"Basavanagudi","ward_ac_kn":"ಬಸವನಗುಡಿ","ward_ac_no":"170","ward_Assembly":"170 - Basavanagudi","ward_id":"95","ward_name":"95 - Swamy Vivekananda Ward","ward_name_kn":"ಸ್ವಾಮಿ ವಿವೇಕಾನಂದ ವಾರ್ಡ್","ward_TOT_P":"28152.0","ward_TOT_M":"14070.0","ward_TOT_F":"14081.0","ward_SC_P":"445.0","ward_SC_M":"224.0","ward_SC_F":"221.0","ward_ST_P":"226.0","ward_ST_M":"115.0","ward_ST_F":"111.0","ward_low_range":"18949","ward_high_range":"28424","ward_RO_Code":"1","ward_RO_Division":"RO- Basavanagudi","ward_ARO_Code":"2","ward_ARO_ Sub Division":"ARO- Katriguppe","ward_zone":"Zone2","ward_zone_name":"Malleshwaram","ward_join_status":"matched","ward_spatial_match_count":1},"geometry":{"type":"Point","coordinates":[77.54939130000008,12.937761300000034,0]},"id":164},{"type":"Feature","properties":{"fid":165,"OBJECTID":165,"Name":"Placemark","FolderPath":"BBMP Toilets","SymbolID":0,"AltMode":-1,"Base":0,"Snippet":"","PopupInfo":"","HasLabel":-1,"LabelID":0,"ward_source_id":"ward_369_final.342","ward_source_Name":null,"ward_description":null,"ward_timestamp":null,"ward_begin":null,"ward_end":null,"ward_altitudeMode":null,"ward_tessellate":-1,"ward_extrude":0,"ward_visibility":-1,"ward_drawOrder":null,"ward_icon":null,"ward_Corporation":"West","ward_corporation_kn":"ಪಶ್ಚಿಮ","ward_corporation_id":"5","ward_ac":"Mahalakshmi Layout","ward_ac_kn":"ಮಹಾಲಕ್ಷ್ಮಿ ಲೇಔಟ್","ward_ac_no":"156","ward_Assembly":"156 - Mahalakshmi Layout","ward_id":"43","ward_name":"43 - Kethamaranahalli","ward_name_kn":"ಕೇತಮಾರನಹಳ್ಳಿ","ward_TOT_P":"28154.0","ward_TOT_M":"14315.0","ward_TOT_F":"13839.0","ward_SC_P":"1329.0","ward_SC_M":"649.0","ward_SC_F":"680.0","ward_ST_P":"346.0","ward_ST_M":"170.0","ward_ST_F":"176.0","ward_low_range":"18949","ward_high_range":"28424","ward_RO_Code":"5","ward_RO_Division":"RO- Mahalakshmi Layout","ward_ARO_Code":"18","ward_ARO_ Sub Division":"ARO- Shankar Mutt","ward_zone":"Zone1","ward_zone_name":"Rajarajeshwarinagar","ward_join_status":"matched","ward_spatial_match_count":1},"geometry":{"type":"Point","coordinates":[77.54202700000008,12.999771100000032,0]},"id":165},{"type":"Feature","properties":{"fid":166,"OBJECTID":166,"Name":"Placemark","FolderPath":"BBMP Toilets","SymbolID":0,"AltMode":-1,"Base":0,"Snippet":"","PopupInfo":"","HasLabel":-1,"LabelID":0,"ward_source_id":"ward_369_final.12","ward_source_Name":null,"ward_description":null,"ward_timestamp":null,"ward_begin":null,"ward_end":null,"ward_altitudeMode":null,"ward_tessellate":-1,"ward_extrude":0,"ward_visibility":-1,"ward_drawOrder":null,"ward_icon":null,"ward_Corporation":"North","ward_corporation_kn":"ಉತ್ತರ","ward_corporation_id":"2","ward_ac":"Dasarahalli","ward_ac_kn":"ದಾಸರಹಳ್ಳಿ","ward_ac_no":"155","ward_Assembly":"155 - Dasarahalli","ward_id":"70","ward_name":"70 - Manjunatha Nagar","ward_name_kn":"ಮಂಜುನಾಥ ನಗರ","ward_TOT_P":"27870.0","ward_TOT_M":"14552.0","ward_TOT_F":"13319.0","ward_SC_P":"1944.0","ward_SC_M":"991.0","ward_SC_F":"953.0","ward_ST_P":"987.0","ward_ST_M":"499.0","ward_ST_F":"488.0","ward_low_range":"19943","ward_high_range":"29914","ward_RO_Code":"3","ward_RO_Division":"RO- Dasarahalli","ward_ARO_Code":"7","ward_ARO_ Sub Division":"ARO- Bagalagunte","ward_zone":"Zone2","ward_zone_name":"Yelahanka","ward_join_status":"matched","ward_spatial_match_count":1},"geometry":{"type":"Point","coordinates":[77.49585990000008,13.05257400000005,0]},"id":166},{"type":"Feature","properties":{"fid":167,"OBJECTID":167,"Name":"Placemark","FolderPath":"BBMP Toilets","SymbolID":0,"AltMode":-1,"Base":0,"Snippet":"","PopupInfo":"","HasLabel":-1,"LabelID":0,"ward_source_id":"ward_369_final.342","ward_source_Name":null,"ward_description":null,"ward_timestamp":null,"ward_begin":null,"ward_end":null,"ward_altitudeMode":null,"ward_tessellate":-1,"ward_extrude":0,"ward_visibility":-1,"ward_drawOrder":null,"ward_icon":null,"ward_Corporation":"West","ward_corporation_kn":"ಪಶ್ಚಿಮ","ward_corporation_id":"5","ward_ac":"Mahalakshmi Layout","ward_ac_kn":"ಮಹಾಲಕ್ಷ್ಮಿ ಲೇಔಟ್","ward_ac_no":"156","ward_Assembly":"156 - Mahalakshmi Layout","ward_id":"43","ward_name":"43 - Kethamaranahalli","ward_name_kn":"ಕೇತಮಾರನಹಳ್ಳಿ","ward_TOT_P":"28154.0","ward_TOT_M":"14315.0","ward_TOT_F":"13839.0","ward_SC_P":"1329.0","ward_SC_M":"649.0","ward_SC_F":"680.0","ward_ST_P":"346.0","ward_ST_M":"170.0","ward_ST_F":"176.0","ward_low_range":"18949","ward_high_range":"28424","ward_RO_Code":"5","ward_RO_Division":"RO- Mahalakshmi Layout","ward_ARO_Code":"18","ward_ARO_ Sub Division":"ARO- Shankar Mutt","ward_zone":"Zone1","ward_zone_name":"Rajarajeshwarinagar","ward_join_status":"matched","ward_spatial_match_count":1},"geometry":{"type":"Point","coordinates":[77.54233860000005,12.998654600000066,0]},"id":167},{"type":"Feature","properties":{"fid":168,"OBJECTID":168,"Name":"Placemark","FolderPath":"BBMP Toilets","SymbolID":0,"AltMode":-1,"Base":0,"Snippet":"","PopupInfo":"","HasLabel":-1,"LabelID":0,"ward_source_id":"ward_369_final.10","ward_source_Name":null,"ward_description":null,"ward_timestamp":null,"ward_begin":null,"ward_end":null,"ward_altitudeMode":null,"ward_tessellate":-1,"ward_extrude":0,"ward_visibility":-1,"ward_drawOrder":null,"ward_icon":null,"ward_Corporation":"North","ward_corporation_kn":"ಉತ್ತರ","ward_corporation_id":"2","ward_ac":"Dasarahalli","ward_ac_kn":"ದಾಸರಹಳ್ಳಿ","ward_ac_no":"155","ward_Assembly":"155 - Dasarahalli","ward_id":"69","ward_name":"69 - Bagalagunte","ward_name_kn":"ಬಾಗಲಗುಂಟೆ","ward_TOT_P":"28685.0","ward_TOT_M":"14976.0","ward_TOT_F":"13709.0","ward_SC_P":"1422.0","ward_SC_M":"734.0","ward_SC_F":"688.0","ward_ST_P":"794.0","ward_ST_M":"393.0","ward_ST_F":"400.0","ward_low_range":"19943","ward_high_range":"29914","ward_RO_Code":"3","ward_RO_Division":"RO- Dasarahalli","ward_ARO_Code":"7","ward_ARO_ Sub Division":"ARO- Bagalagunte","ward_zone":"Zone2","ward_zone_name":"Yelahanka","ward_join_status":"matched","ward_spatial_match_count":1},"geometry":{"type":"Point","coordinates":[77.49935580000005,13.060938700000065,0]},"id":168},{"type":"Feature","properties":{"fid":169,"OBJECTID":169,"Name":"Placemark","FolderPath":"BBMP Toilets","SymbolID":0,"AltMode":-1,"Base":0,"Snippet":"","PopupInfo":"","HasLabel":-1,"LabelID":0,"ward_source_id":"ward_369_final.266","ward_source_Name":null,"ward_description":null,"ward_timestamp":null,"ward_begin":null,"ward_end":null,"ward_altitudeMode":null,"ward_tessellate":-1,"ward_extrude":0,"ward_visibility":-1,"ward_drawOrder":null,"ward_icon":null,"ward_Corporation":"Central","ward_corporation_kn":"ಕೇಂದ್ರ","ward_corporation_id":"1","ward_ac":"Chickpet","ward_ac_kn":"ಚಿಕ್ಕಪೇಟೆ","ward_ac_no":"169","ward_Assembly":"169 - Chickpet","ward_id":"35","ward_name":"35 - Hombegowda Nagara","ward_name_kn":"ಹೊಂಬೇಗೌಡ ನಗರ","ward_TOT_P":"18866.0","ward_TOT_M":"9795.0","ward_TOT_F":"9011.0","ward_SC_P":"1898.0","ward_SC_M":"948.0","ward_SC_F":"950.0","ward_ST_P":"238.0","ward_ST_M":"126.0","ward_ST_F":"112.0","ward_low_range":"18853","ward_high_range":"28280","ward_RO_Code":"4","ward_RO_Division":"RO - Chickpet","ward_ARO_Code":"12","ward_ARO_ Sub Division":"ARO- Hombegowda Nagar","ward_zone":"Zone2","ward_zone_name":"Gandhinagara","ward_join_status":"matched","ward_spatial_match_count":1},"geometry":{"type":"Point","coordinates":[77.59353700000008,12.948977400000047,0]},"id":169},{"type":"Feature","properties":{"fid":170,"OBJECTID":170,"Name":"Placemark","FolderPath":"BBMP Toilets","SymbolID":0,"AltMode":-1,"Base":0,"Snippet":"","PopupInfo":"","HasLabel":-1,"LabelID":0,"ward_source_id":"ward_369_final.266","ward_source_Name":null,"ward_description":null,"ward_timestamp":null,"ward_begin":null,"ward_end":null,"ward_altitudeMode":null,"ward_tessellate":-1,"ward_extrude":0,"ward_visibility":-1,"ward_drawOrder":null,"ward_icon":null,"ward_Corporation":"Central","ward_corporation_kn":"ಕೇಂದ್ರ","ward_corporation_id":"1","ward_ac":"Chickpet","ward_ac_kn":"ಚಿಕ್ಕಪೇಟೆ","ward_ac_no":"169","ward_Assembly":"169 - Chickpet","ward_id":"35","ward_name":"35 - Hombegowda Nagara","ward_name_kn":"ಹೊಂಬೇಗೌಡ ನಗರ","ward_TOT_P":"18866.0","ward_TOT_M":"9795.0","ward_TOT_F":"9011.0","ward_SC_P":"1898.0","ward_SC_M":"948.0","ward_SC_F":"950.0","ward_ST_P":"238.0","ward_ST_M":"126.0","ward_ST_F":"112.0","ward_low_range":"18853","ward_high_range":"28280","ward_RO_Code":"4","ward_RO_Division":"RO - Chickpet","ward_ARO_Code":"12","ward_ARO_ Sub Division":"ARO- Hombegowda Nagar","ward_zone":"Zone2","ward_zone_name":"Gandhinagara","ward_join_status":"matched","ward_spatial_match_count":1},"geometry":{"type":"Point","coordinates":[77.59393350000005,12.948226400000067,0]},"id":170},{"type":"Feature","properties":{"fid":171,"OBJECTID":171,"Name":"Placemark","FolderPath":"BBMP Toilets","SymbolID":0,"AltMode":-1,"Base":0,"Snippet":"","PopupInfo":"","HasLabel":-1,"LabelID":0,"ward_source_id":"ward_369_final.274","ward_source_Name":null,"ward_description":null,"ward_timestamp":null,"ward_begin":null,"ward_end":null,"ward_altitudeMode":null,"ward_tessellate":-1,"ward_extrude":0,"ward_visibility":-1,"ward_drawOrder":null,"ward_icon":null,"ward_Corporation":"Central","ward_corporation_kn":"ಕೇಂದ್ರ","ward_corporation_id":"1","ward_ac":"Chickpet","ward_ac_kn":"ಚಿಕ್ಕಪೇಟೆ","ward_ac_no":"169","ward_Assembly":"169 - Chickpet","ward_id":"39","ward_name":"39 - Venkat Reddy Nagara","ward_name_kn":"ವೆಂಕಟ ರೆಡ್ಡಿ ನಗರ","ward_TOT_P":"18888.0","ward_TOT_M":"9496.0","ward_TOT_F":"9392.0","ward_SC_P":"5627.0","ward_SC_M":"2799.0","ward_SC_F":"2829.0","ward_ST_P":"419.0","ward_ST_M":"211.0","ward_ST_F":"208.0","ward_low_range":"18853","ward_high_range":"28280","ward_RO_Code":"4","ward_RO_Division":"RO - Chickpet","ward_ARO_Code":"10","ward_ARO_ Sub Division":"ARO- Ashoka Pillar","ward_zone":"Zone2","ward_zone_name":"Gandhinagara","ward_join_status":"matched","ward_spatial_match_count":1},"geometry":{"type":"Point","coordinates":[77.59150610000006,12.945239300000026,0]},"id":171},{"type":"Feature","properties":{"fid":172,"OBJECTID":172,"Name":"Placemark","FolderPath":"BBMP Toilets","SymbolID":0,"AltMode":-1,"Base":0,"Snippet":"","PopupInfo":"","HasLabel":-1,"LabelID":0,"ward_source_id":"ward_369_final.200","ward_source_Name":null,"ward_description":null,"ward_timestamp":null,"ward_begin":null,"ward_end":null,"ward_altitudeMode":null,"ward_tessellate":-1,"ward_extrude":0,"ward_visibility":-1,"ward_drawOrder":null,"ward_icon":null,"ward_Corporation":"East","ward_corporation_kn":"ಪೂರ್ವ","ward_corporation_id":"3","ward_ac":"Mahadevapura","ward_ac_kn":"ಮಹದೇವಪುರ","ward_ac_no":"174","ward_Assembly":"174 - Mahadevapura","ward_id":"47","ward_name":"47 - Bellanduru","ward_name_kn":"ಬೆಳ್ಳಂದೂರು","ward_TOT_P":"16685.0","ward_TOT_M":"9216.0","ward_TOT_F":"7469.0","ward_SC_P":"741.0","ward_SC_M":"370.0","ward_SC_F":"371.0","ward_ST_P":"453.0","ward_ST_M":"243.0","ward_ST_F":"210.0","ward_low_range":"14567","ward_high_range":"21851","ward_RO_Code":"5","ward_RO_Division":"RO- Bellanduru","ward_ARO_Code":"13","ward_ARO_ Sub Division":"ARO- Bellanduru","ward_zone":"Zone1","ward_zone_name":"Mahadevapura","ward_join_status":"matched","ward_spatial_match_count":1},"geometry":{"type":"Point","coordinates":[77.67518920000003,12.926546500000029,0]},"id":172},{"type":"Feature","properties":{"fid":173,"OBJECTID":173,"Name":"Placemark","FolderPath":"BBMP Toilets","SymbolID":0,"AltMode":-1,"Base":0,"Snippet":"","PopupInfo":"","HasLabel":-1,"LabelID":0,"ward_source_id":"ward_369_final.113","ward_source_Name":null,"ward_description":null,"ward_timestamp":null,"ward_begin":null,"ward_end":null,"ward_altitudeMode":null,"ward_tessellate":-1,"ward_extrude":0,"ward_visibility":-1,"ward_drawOrder":null,"ward_icon":null,"ward_Corporation":"North","ward_corporation_kn":"ಉತ್ತರ","ward_corporation_id":"2","ward_ac":"Hebbal","ward_ac_kn":"ಹೆಬ್ಬಾಳ","ward_ac_no":"158","ward_Assembly":"158 - Hebbal","ward_id":"49","ward_name":"49 - Jaya Chamarajendra Nagara","ward_name_kn":"ಜಯ ಚಾಮರಾಜೇಂದ್ರ ನಗರ","ward_TOT_P":"25953.0","ward_TOT_M":"13141.0","ward_TOT_F":"12811.0","ward_SC_P":"2285.0","ward_SC_M":"1164.0","ward_SC_F":"1121.0","ward_ST_P":"247.0","ward_ST_M":"124.0","ward_ST_F":"123.0","ward_low_range":"19943","ward_high_range":"29914","ward_RO_Code":"5","ward_RO_Division":"RO- R.T Nagar","ward_ARO_Code":"13","ward_ARO_ Sub Division":"ARO- R.T Nagar","ward_zone":"Zone2","ward_zone_name":"Yelahanka","ward_join_status":"matched","ward_spatial_match_count":1},"geometry":{"type":"Point","coordinates":[77.59471530000008,13.009258900000077,0]},"id":173},{"type":"Feature","properties":{"fid":174,"OBJECTID":174,"Name":"Placemark","FolderPath":"BBMP Toilets","SymbolID":0,"AltMode":-1,"Base":0,"Snippet":"","PopupInfo":"","HasLabel":-1,"LabelID":0,"ward_source_id":"ward_369_final.311","ward_source_Name":null,"ward_description":null,"ward_timestamp":null,"ward_begin":null,"ward_end":null,"ward_altitudeMode":null,"ward_tessellate":-1,"ward_extrude":0,"ward_visibility":-1,"ward_drawOrder":null,"ward_icon":null,"ward_Corporation":"West","ward_corporation_kn":"ಪಶ್ಚಿಮ","ward_corporation_id":"5","ward_ac":"Vijayanagar","ward_ac_kn":"ವಿಜಯನಗರ","ward_ac_no":"167","ward_Assembly":"167 - Vijayanagar","ward_id":"90","ward_name":"90 - Krishnadevaraya ward","ward_name_kn":"ಕೃಷ್ಣದೇವರಾಯ ವಾರ್ಡ್","ward_TOT_P":"28148.0","ward_TOT_M":"14478.0","ward_TOT_F":"13669.0","ward_SC_P":"3804.0","ward_SC_M":"1945.0","ward_SC_F":"1859.0","ward_ST_P":"448.0","ward_ST_M":"232.0","ward_ST_F":"216.0","ward_low_range":"18949","ward_high_range":"28424","ward_RO_Code":"13","ward_RO_Division":"RO- Vijayanagar","ward_ARO_Code":"38","ward_ARO_ Sub Division":"ARO- Gali Anjaneya Temple","ward_zone":"Zone2","ward_zone_name":"Malleshwaram","ward_join_status":"matched","ward_spatial_match_count":1},"geometry":{"type":"Point","coordinates":[77.53776570000008,12.963561500000026,0]},"id":174},{"type":"Feature","properties":{"fid":175,"OBJECTID":175,"Name":"Placemark","FolderPath":"BBMP Toilets","SymbolID":0,"AltMode":-1,"Base":0,"Snippet":"","PopupInfo":"","HasLabel":-1,"LabelID":0,"ward_source_id":"ward_369_final.339","ward_source_Name":null,"ward_description":null,"ward_timestamp":null,"ward_begin":null,"ward_end":null,"ward_altitudeMode":null,"ward_tessellate":-1,"ward_extrude":0,"ward_visibility":-1,"ward_drawOrder":null,"ward_icon":null,"ward_Corporation":"West","ward_corporation_kn":"ಪಶ್ಚಿಮ","ward_corporation_id":"5","ward_ac":"Vijayanagar","ward_ac_kn":"ವಿಜಯನಗರ","ward_ac_no":"167","ward_Assembly":"167 - Vijayanagar","ward_id":"91","ward_name":"91 - Gali Anjaneya Temple Ward","ward_name_kn":"ಗಾಳಿ ಆಂಜನೇಯ ದೇವಸ್ಥಾನ ವಾರ್ಡ್","ward_TOT_P":"22841.0","ward_TOT_M":"11807.0","ward_TOT_F":"11034.0","ward_SC_P":"2269.0","ward_SC_M":"1187.0","ward_SC_F":"1082.0","ward_ST_P":"688.0","ward_ST_M":"367.0","ward_ST_F":"321.0","ward_low_range":"18949","ward_high_range":"28424","ward_RO_Code":"13","ward_RO_Division":"RO- Vijayanagar","ward_ARO_Code":"38","ward_ARO_ Sub Division":"ARO- Gali Anjaneya Temple","ward_zone":"Zone2","ward_zone_name":"Malleshwaram","ward_join_status":"matched","ward_spatial_match_count":1},"geometry":{"type":"Point","coordinates":[77.53545230000003,12.958847900000023,0]},"id":175},{"type":"Feature","properties":{"fid":176,"OBJECTID":176,"Name":"Placemark","FolderPath":"BBMP Toilets","SymbolID":0,"AltMode":-1,"Base":0,"Snippet":"","PopupInfo":"","HasLabel":-1,"LabelID":0,"ward_source_id":"ward_369_final.160","ward_source_Name":null,"ward_description":null,"ward_timestamp":null,"ward_begin":null,"ward_end":null,"ward_altitudeMode":null,"ward_tessellate":-1,"ward_extrude":0,"ward_visibility":-1,"ward_drawOrder":null,"ward_icon":null,"ward_Corporation":"Central","ward_corporation_kn":"ಕೇಂದ್ರ","ward_corporation_id":"1","ward_ac":"Chickpet","ward_ac_kn":"ಚಿಕ್ಕಪೇಟೆ","ward_ac_no":"169","ward_Assembly":"169 - Chickpet","ward_id":"34","ward_name":"34 - D.V Gundappa Ward","ward_name_kn":"ಡಿ.ವಿ. ಗುಂಡಪ್ಪ ವಾರ್ಡ್","ward_TOT_P":"20279.0","ward_TOT_M":"10418.0","ward_TOT_F":"9986.0","ward_SC_P":"5426.0","ward_SC_M":"2672.0","ward_SC_F":"2754.0","ward_ST_P":"102.0","ward_ST_M":"47.0","ward_ST_F":"55.0","ward_low_range":"18853","ward_high_range":"28280","ward_RO_Code":"4","ward_RO_Division":"RO - Chickpet","ward_ARO_Code":"11","ward_ARO_ Sub Division":"ARO- Dharmaraya Swamy Temple","ward_zone":"Zone2","ward_zone_name":"Gandhinagara","ward_join_status":"matched","ward_spatial_match_count":1},"geometry":{"type":"Point","coordinates":[77.57672340000005,12.959791900000027,0]},"id":176},{"type":"Feature","properties":{"fid":177,"OBJECTID":177,"Name":"Placemark","FolderPath":"BBMP Toilets","SymbolID":0,"AltMode":-1,"Base":0,"Snippet":"","PopupInfo":"","HasLabel":-1,"LabelID":0,"ward_source_id":"ward_369_final.209","ward_source_Name":null,"ward_description":null,"ward_timestamp":null,"ward_begin":null,"ward_end":null,"ward_altitudeMode":null,"ward_tessellate":-1,"ward_extrude":0,"ward_visibility":-1,"ward_drawOrder":null,"ward_icon":null,"ward_Corporation":"South","ward_corporation_kn":"ದಕ್ಷಿಣ","ward_corporation_id":"4","ward_ac":"Jayanagar","ward_ac_kn":"ಜಯನಗರ","ward_ac_no":"173","ward_Assembly":"173 - Jayanagar","ward_id":"16","ward_name":"16 - Sarakki","ward_name_kn":"ಸಾರಕ್ಕಿ","ward_TOT_P":"23257.0","ward_TOT_M":"11949.0","ward_TOT_F":"11308.0","ward_SC_P":"1315.0","ward_SC_M":"643.0","ward_SC_F":"672.0","ward_ST_P":"495.0","ward_ST_M":"260.0","ward_ST_F":"235.0","ward_low_range":"18594","ward_high_range":"27891","ward_RO_Code":"10","ward_RO_Division":"RO- JP Nagar","ward_ARO_Code":"27","ward_ARO_ Sub Division":"ARO- Sarakki","ward_zone":"Zone1","ward_zone_name":"Jayanagar","ward_join_status":"matched","ward_spatial_match_count":1},"geometry":{"type":"Point","coordinates":[77.57416170000005,12.911315000000059,0]},"id":177},{"type":"Feature","properties":{"fid":178,"OBJECTID":178,"Name":"Placemark","FolderPath":"BBMP Toilets","SymbolID":0,"AltMode":-1,"Base":0,"Snippet":"","PopupInfo":"","HasLabel":-1,"LabelID":0,"ward_source_id":"ward_369_final.244","ward_source_Name":null,"ward_description":null,"ward_timestamp":null,"ward_begin":null,"ward_end":null,"ward_altitudeMode":null,"ward_tessellate":-1,"ward_extrude":0,"ward_visibility":-1,"ward_drawOrder":null,"ward_icon":null,"ward_Corporation":"East","ward_corporation_kn":"ಪೂರ್ವ","ward_corporation_id":"3","ward_ac":"Mahadevapura","ward_ac_kn":"ಮಹದೇವಪುರ","ward_ac_no":"174","ward_Assembly":"174 - Mahadevapura","ward_id":"44","ward_name":"44 - Ashwath Nagar","ward_name_kn":"ಅಶ್ವಥ್ ನಗರ","ward_TOT_P":"15851.0","ward_TOT_M":"8359.0","ward_TOT_F":"7491.0","ward_SC_P":"3638.0","ward_SC_M":"1827.0","ward_SC_F":"1812.0","ward_ST_P":"515.0","ward_ST_M":"254.0","ward_ST_F":"261.0","ward_low_range":"14567","ward_high_range":"21851","ward_RO_Code":"7","ward_RO_Division":"RO- Marathahalli","ward_ARO_Code":"21","ward_ARO_ Sub Division":"ARO- Marathahalli","ward_zone":"Zone1","ward_zone_name":"Mahadevapura","ward_join_status":"matched","ward_spatial_match_count":1},"geometry":{"type":"Point","coordinates":[77.69158790000006,12.955908700000066,0]},"id":178},{"type":"Feature","properties":{"fid":179,"OBJECTID":179,"Name":"Placemark","FolderPath":"BBMP Toilets","SymbolID":0,"AltMode":-1,"Base":0,"Snippet":"","PopupInfo":"","HasLabel":-1,"LabelID":0,"ward_source_id":"ward_369_final.160","ward_source_Name":null,"ward_description":null,"ward_timestamp":null,"ward_begin":null,"ward_end":null,"ward_altitudeMode":null,"ward_tessellate":-1,"ward_extrude":0,"ward_visibility":-1,"ward_drawOrder":null,"ward_icon":null,"ward_Corporation":"Central","ward_corporation_kn":"ಕೇಂದ್ರ","ward_corporation_id":"1","ward_ac":"Chickpet","ward_ac_kn":"ಚಿಕ್ಕಪೇಟೆ","ward_ac_no":"169","ward_Assembly":"169 - Chickpet","ward_id":"34","ward_name":"34 - D.V Gundappa Ward","ward_name_kn":"ಡಿ.ವಿ. ಗುಂಡಪ್ಪ ವಾರ್ಡ್","ward_TOT_P":"20279.0","ward_TOT_M":"10418.0","ward_TOT_F":"9986.0","ward_SC_P":"5426.0","ward_SC_M":"2672.0","ward_SC_F":"2754.0","ward_ST_P":"102.0","ward_ST_M":"47.0","ward_ST_F":"55.0","ward_low_range":"18853","ward_high_range":"28280","ward_RO_Code":"4","ward_RO_Division":"RO - Chickpet","ward_ARO_Code":"11","ward_ARO_ Sub Division":"ARO- Dharmaraya Swamy Temple","ward_zone":"Zone2","ward_zone_name":"Gandhinagara","ward_join_status":"matched","ward_spatial_match_count":1},"geometry":{"type":"Point","coordinates":[77.57756640000008,12.959125700000072,0]},"id":179},{"type":"Feature","properties":{"fid":180,"OBJECTID":180,"Name":"Placemark","FolderPath":"BBMP Toilets","SymbolID":0,"AltMode":-1,"Base":0,"Snippet":"","PopupInfo":"","HasLabel":-1,"LabelID":0,"ward_source_id":"ward_369_final.209","ward_source_Name":null,"ward_description":null,"ward_timestamp":null,"ward_begin":null,"ward_end":null,"ward_altitudeMode":null,"ward_tessellate":-1,"ward_extrude":0,"ward_visibility":-1,"ward_drawOrder":null,"ward_icon":null,"ward_Corporation":"South","ward_corporation_kn":"ದಕ್ಷಿಣ","ward_corporation_id":"4","ward_ac":"Jayanagar","ward_ac_kn":"ಜಯನಗರ","ward_ac_no":"173","ward_Assembly":"173 - Jayanagar","ward_id":"16","ward_name":"16 - Sarakki","ward_name_kn":"ಸಾರಕ್ಕಿ","ward_TOT_P":"23257.0","ward_TOT_M":"11949.0","ward_TOT_F":"11308.0","ward_SC_P":"1315.0","ward_SC_M":"643.0","ward_SC_F":"672.0","ward_ST_P":"495.0","ward_ST_M":"260.0","ward_ST_F":"235.0","ward_low_range":"18594","ward_high_range":"27891","ward_RO_Code":"10","ward_RO_Division":"RO- JP Nagar","ward_ARO_Code":"27","ward_ARO_ Sub Division":"ARO- Sarakki","ward_zone":"Zone1","ward_zone_name":"Jayanagar","ward_join_status":"matched","ward_spatial_match_count":1},"geometry":{"type":"Point","coordinates":[77.57857170000005,12.907176700000036,0]},"id":180},{"type":"Feature","properties":{"fid":181,"OBJECTID":181,"Name":"Placemark","FolderPath":"BBMP Toilets","SymbolID":0,"AltMode":-1,"Base":0,"Snippet":"","PopupInfo":"","HasLabel":-1,"LabelID":0,"ward_source_id":"ward_369_final.113","ward_source_Name":null,"ward_description":null,"ward_timestamp":null,"ward_begin":null,"ward_end":null,"ward_altitudeMode":null,"ward_tessellate":-1,"ward_extrude":0,"ward_visibility":-1,"ward_drawOrder":null,"ward_icon":null,"ward_Corporation":"North","ward_corporation_kn":"ಉತ್ತರ","ward_corporation_id":"2","ward_ac":"Hebbal","ward_ac_kn":"ಹೆಬ್ಬಾಳ","ward_ac_no":"158","ward_Assembly":"158 - Hebbal","ward_id":"49","ward_name":"49 - Jaya Chamarajendra Nagara","ward_name_kn":"ಜಯ ಚಾಮರಾಜೇಂದ್ರ ನಗರ","ward_TOT_P":"25953.0","ward_TOT_M":"13141.0","ward_TOT_F":"12811.0","ward_SC_P":"2285.0","ward_SC_M":"1164.0","ward_SC_F":"1121.0","ward_ST_P":"247.0","ward_ST_M":"124.0","ward_ST_F":"123.0","ward_low_range":"19943","ward_high_range":"29914","ward_RO_Code":"5","ward_RO_Division":"RO- R.T Nagar","ward_ARO_Code":"13","ward_ARO_ Sub Division":"ARO- R.T Nagar","ward_zone":"Zone2","ward_zone_name":"Yelahanka","ward_join_status":"matched","ward_spatial_match_count":1},"geometry":{"type":"Point","coordinates":[77.59416540000007,13.00980960000004,0]},"id":181},{"type":"Feature","properties":{"fid":182,"OBJECTID":182,"Name":"Placemark","FolderPath":"BBMP Toilets","SymbolID":0,"AltMode":-1,"Base":0,"Snippet":"","PopupInfo":"","HasLabel":-1,"LabelID":0,"ward_source_id":"ward_369_final.48","ward_source_Name":null,"ward_description":null,"ward_timestamp":null,"ward_begin":null,"ward_end":null,"ward_altitudeMode":null,"ward_tessellate":-1,"ward_extrude":0,"ward_visibility":-1,"ward_drawOrder":null,"ward_icon":null,"ward_Corporation":"East","ward_corporation_kn":"ಪೂರ್ವ","ward_corporation_id":"3","ward_ac":"Mahadevapura","ward_ac_kn":"ಮಹದೇವಪುರ","ward_ac_no":"174","ward_Assembly":"174 - Mahadevapura","ward_id":"45","ward_name":"45 - Marathahalli","ward_name_kn":"ಮಾರತಹಳ್ಳಿ","ward_TOT_P":"17823.0","ward_TOT_M":"10496.0","ward_TOT_F":"7327.0","ward_SC_P":"1250.0","ward_SC_M":"655.0","ward_SC_F":"595.0","ward_ST_P":"188.0","ward_ST_M":"101.0","ward_ST_F":"88.0","ward_low_range":"14567","ward_high_range":"21851","ward_RO_Code":"7","ward_RO_Division":"RO- Marathahalli","ward_ARO_Code":"21","ward_ARO_ Sub Division":"ARO- Marathahalli","ward_zone":"Zone1","ward_zone_name":"Mahadevapura","ward_join_status":"matched","ward_spatial_match_count":1},"geometry":{"type":"Point","coordinates":[77.69094960000007,12.955398800000069,0]},"id":182},{"type":"Feature","properties":{"fid":183,"OBJECTID":183,"Name":"Placemark","FolderPath":"BBMP Toilets","SymbolID":0,"AltMode":-1,"Base":0,"Snippet":"","PopupInfo":"","HasLabel":-1,"LabelID":0,"ward_source_id":"ward_369_final.160","ward_source_Name":null,"ward_description":null,"ward_timestamp":null,"ward_begin":null,"ward_end":null,"ward_altitudeMode":null,"ward_tessellate":-1,"ward_extrude":0,"ward_visibility":-1,"ward_drawOrder":null,"ward_icon":null,"ward_Corporation":"Central","ward_corporation_kn":"ಕೇಂದ್ರ","ward_corporation_id":"1","ward_ac":"Chickpet","ward_ac_kn":"ಚಿಕ್ಕಪೇಟೆ","ward_ac_no":"169","ward_Assembly":"169 - Chickpet","ward_id":"34","ward_name":"34 - D.V Gundappa Ward","ward_name_kn":"ಡಿ.ವಿ. ಗುಂಡಪ್ಪ ವಾರ್ಡ್","ward_TOT_P":"20279.0","ward_TOT_M":"10418.0","ward_TOT_F":"9986.0","ward_SC_P":"5426.0","ward_SC_M":"2672.0","ward_SC_F":"2754.0","ward_ST_P":"102.0","ward_ST_M":"47.0","ward_ST_F":"55.0","ward_low_range":"18853","ward_high_range":"28280","ward_RO_Code":"4","ward_RO_Division":"RO - Chickpet","ward_ARO_Code":"11","ward_ARO_ Sub Division":"ARO- Dharmaraya Swamy Temple","ward_zone":"Zone2","ward_zone_name":"Gandhinagara","ward_join_status":"matched","ward_spatial_match_count":1},"geometry":{"type":"Point","coordinates":[77.57735070000007,12.961590600000022,0]},"id":183},{"type":"Feature","properties":{"fid":184,"OBJECTID":184,"Name":"Placemark","FolderPath":"BBMP Toilets","SymbolID":0,"AltMode":-1,"Base":0,"Snippet":"","PopupInfo":"","HasLabel":-1,"LabelID":0,"ward_source_id":"ward_369_final.48","ward_source_Name":null,"ward_description":null,"ward_timestamp":null,"ward_begin":null,"ward_end":null,"ward_altitudeMode":null,"ward_tessellate":-1,"ward_extrude":0,"ward_visibility":-1,"ward_drawOrder":null,"ward_icon":null,"ward_Corporation":"East","ward_corporation_kn":"ಪೂರ್ವ","ward_corporation_id":"3","ward_ac":"Mahadevapura","ward_ac_kn":"ಮಹದೇವಪುರ","ward_ac_no":"174","ward_Assembly":"174 - Mahadevapura","ward_id":"45","ward_name":"45 - Marathahalli","ward_name_kn":"ಮಾರತಹಳ್ಳಿ","ward_TOT_P":"17823.0","ward_TOT_M":"10496.0","ward_TOT_F":"7327.0","ward_SC_P":"1250.0","ward_SC_M":"655.0","ward_SC_F":"595.0","ward_ST_P":"188.0","ward_ST_M":"101.0","ward_ST_F":"88.0","ward_low_range":"14567","ward_high_range":"21851","ward_RO_Code":"7","ward_RO_Division":"RO- Marathahalli","ward_ARO_Code":"21","ward_ARO_ Sub Division":"ARO- Marathahalli","ward_zone":"Zone1","ward_zone_name":"Mahadevapura","ward_join_status":"matched","ward_spatial_match_count":1},"geometry":{"type":"Point","coordinates":[77.69749500000006,12.95664370000003,0]},"id":184},{"type":"Feature","properties":{"fid":185,"OBJECTID":185,"Name":"Placemark","FolderPath":"BBMP Toilets","SymbolID":0,"AltMode":-1,"Base":0,"Snippet":"","PopupInfo":"","HasLabel":-1,"LabelID":0,"ward_source_id":"ward_369_final.112","ward_source_Name":null,"ward_description":null,"ward_timestamp":null,"ward_begin":null,"ward_end":null,"ward_altitudeMode":null,"ward_tessellate":-1,"ward_extrude":0,"ward_visibility":-1,"ward_drawOrder":null,"ward_icon":null,"ward_Corporation":"Central","ward_corporation_kn":"ಕೇಂದ್ರ","ward_corporation_id":"1","ward_ac":"Chickpet","ward_ac_kn":"ಚಿಕ್ಕಪೇಟೆ","ward_ac_no":"169","ward_Assembly":"169 - Chickpet","ward_id":"36","ward_name":"36 - Someshwara Nagara","ward_name_kn":"ಸೋಮೇಶ್ವರ ನಗರ","ward_TOT_P":"18863.0","ward_TOT_M":"9580.0","ward_TOT_F":"9243.0","ward_SC_P":"1521.0","ward_SC_M":"754.0","ward_SC_F":"767.0","ward_ST_P":"335.0","ward_ST_M":"163.0","ward_ST_F":"172.0","ward_low_range":"18853","ward_high_range":"28280","ward_RO_Code":"4","ward_RO_Division":"RO - Chickpet","ward_ARO_Code":"12","ward_ARO_ Sub Division":"ARO- Hombegowda Nagar","ward_zone":"Zone2","ward_zone_name":"Gandhinagara","ward_join_status":"matched","ward_spatial_match_count":1},"geometry":{"type":"Point","coordinates":[77.59718980000008,12.944107200000076,0]},"id":185},{"type":"Feature","properties":{"fid":186,"OBJECTID":186,"Name":"Placemark","FolderPath":"BBMP Toilets","SymbolID":0,"AltMode":-1,"Base":0,"Snippet":"","PopupInfo":"","HasLabel":-1,"LabelID":0,"ward_source_id":"ward_369_final.209","ward_source_Name":null,"ward_description":null,"ward_timestamp":null,"ward_begin":null,"ward_end":null,"ward_altitudeMode":null,"ward_tessellate":-1,"ward_extrude":0,"ward_visibility":-1,"ward_drawOrder":null,"ward_icon":null,"ward_Corporation":"South","ward_corporation_kn":"ದಕ್ಷಿಣ","ward_corporation_id":"4","ward_ac":"Jayanagar","ward_ac_kn":"ಜಯನಗರ","ward_ac_no":"173","ward_Assembly":"173 - Jayanagar","ward_id":"16","ward_name":"16 - Sarakki","ward_name_kn":"ಸಾರಕ್ಕಿ","ward_TOT_P":"23257.0","ward_TOT_M":"11949.0","ward_TOT_F":"11308.0","ward_SC_P":"1315.0","ward_SC_M":"643.0","ward_SC_F":"672.0","ward_ST_P":"495.0","ward_ST_M":"260.0","ward_ST_F":"235.0","ward_low_range":"18594","ward_high_range":"27891","ward_RO_Code":"10","ward_RO_Division":"RO- JP Nagar","ward_ARO_Code":"27","ward_ARO_ Sub Division":"ARO- Sarakki","ward_zone":"Zone1","ward_zone_name":"Jayanagar","ward_join_status":"matched","ward_spatial_match_count":1},"geometry":{"type":"Point","coordinates":[77.57951670000006,12.90678500000007,0]},"id":186},{"type":"Feature","properties":{"fid":187,"OBJECTID":187,"Name":"Placemark","FolderPath":"BBMP Toilets","SymbolID":0,"AltMode":-1,"Base":0,"Snippet":"","PopupInfo":"","HasLabel":-1,"LabelID":0,"ward_source_id":"ward_369_final.270","ward_source_Name":null,"ward_description":null,"ward_timestamp":null,"ward_begin":null,"ward_end":null,"ward_altitudeMode":null,"ward_tessellate":-1,"ward_extrude":0,"ward_visibility":-1,"ward_drawOrder":null,"ward_icon":null,"ward_Corporation":"Central","ward_corporation_kn":"ಕೇಂದ್ರ","ward_corporation_id":"1","ward_ac":"Chamrajapet","ward_ac_kn":"ಚಾಮರಾಜಪೇಟೆ","ward_ac_no":"168","ward_Assembly":"168 - Chamrajapet","ward_id":"45","ward_name":"45 - K.R Market","ward_name_kn":"ಕೆ.ಆರ್. ಮಾರುಕಟ್ಟೆ","ward_TOT_P":"22413.0","ward_TOT_M":"11685.0","ward_TOT_F":"10728.0","ward_SC_P":"4963.0","ward_SC_M":"2481.0","ward_SC_F":"2482.0","ward_ST_P":"251.0","ward_ST_M":"119.0","ward_ST_F":"133.0","ward_low_range":"18853","ward_high_range":"28280","ward_RO_Code":"3","ward_RO_Division":"RO - Chamrajapet","ward_ARO_Code":"7","ward_ARO_ Sub Division":"ARO- Chamarajpet","ward_zone":"Zone2","ward_zone_name":"Gandhinagara","ward_join_status":"matched","ward_spatial_match_count":1},"geometry":{"type":"Point","coordinates":[77.57552110000006,12.961926700000049,0]},"id":187},{"type":"Feature","properties":{"fid":188,"OBJECTID":188,"Name":"Placemark","FolderPath":"BBMP Toilets","SymbolID":0,"AltMode":-1,"Base":0,"Snippet":"","PopupInfo":"","HasLabel":-1,"LabelID":0,"ward_source_id":"ward_369_final.244","ward_source_Name":null,"ward_description":null,"ward_timestamp":null,"ward_begin":null,"ward_end":null,"ward_altitudeMode":null,"ward_tessellate":-1,"ward_extrude":0,"ward_visibility":-1,"ward_drawOrder":null,"ward_icon":null,"ward_Corporation":"East","ward_corporation_kn":"ಪೂರ್ವ","ward_corporation_id":"3","ward_ac":"Mahadevapura","ward_ac_kn":"ಮಹದೇವಪುರ","ward_ac_no":"174","ward_Assembly":"174 - Mahadevapura","ward_id":"44","ward_name":"44 - Ashwath Nagar","ward_name_kn":"ಅಶ್ವಥ್ ನಗರ","ward_TOT_P":"15851.0","ward_TOT_M":"8359.0","ward_TOT_F":"7491.0","ward_SC_P":"3638.0","ward_SC_M":"1827.0","ward_SC_F":"1812.0","ward_ST_P":"515.0","ward_ST_M":"254.0","ward_ST_F":"261.0","ward_low_range":"14567","ward_high_range":"21851","ward_RO_Code":"7","ward_RO_Division":"RO- Marathahalli","ward_ARO_Code":"21","ward_ARO_ Sub Division":"ARO- Marathahalli","ward_zone":"Zone1","ward_zone_name":"Mahadevapura","ward_join_status":"matched","ward_spatial_match_count":1},"geometry":{"type":"Point","coordinates":[77.70134650000006,12.956971400000043,0]},"id":188},{"type":"Feature","properties":{"fid":189,"OBJECTID":189,"Name":"Placemark","FolderPath":"BBMP Toilets","SymbolID":0,"AltMode":-1,"Base":0,"Snippet":"","PopupInfo":"","HasLabel":-1,"LabelID":0,"ward_source_id":"ward_369_final.186","ward_source_Name":null,"ward_description":null,"ward_timestamp":null,"ward_begin":null,"ward_end":null,"ward_altitudeMode":null,"ward_tessellate":-1,"ward_extrude":0,"ward_visibility":-1,"ward_drawOrder":null,"ward_icon":null,"ward_Corporation":"West","ward_corporation_kn":"ಪಶ್ಚಿಮ","ward_corporation_id":"5","ward_ac":"Basavanagudi","ward_ac_kn":"ಬಸವನಗುಡಿ","ward_ac_no":"170","ward_Assembly":"170 - Basavanagudi","ward_id":"102","ward_name":"102 - Hanumanthanagar","ward_name_kn":"ಹನುಮಂತನಗರ","ward_TOT_P":"24583.0","ward_TOT_M":"12375.0","ward_TOT_F":"12208.0","ward_SC_P":"255.0","ward_SC_M":"131.0","ward_SC_F":"124.0","ward_ST_P":"221.0","ward_ST_M":"110.0","ward_ST_F":"112.0","ward_low_range":"18949","ward_high_range":"28424","ward_RO_Code":"1","ward_RO_Division":"RO- Basavanagudi","ward_ARO_Code":"1","ward_ARO_ Sub Division":"ARO- Hanumanthanagar","ward_zone":"Zone2","ward_zone_name":"Malleshwaram","ward_join_status":"matched","ward_spatial_match_count":1},"geometry":{"type":"Point","coordinates":[77.55477010000004,12.944607500000075,0]},"id":189},{"type":"Feature","properties":{"fid":190,"OBJECTID":190,"Name":"Placemark","FolderPath":"BBMP Toilets","SymbolID":0,"AltMode":-1,"Base":0,"Snippet":"","PopupInfo":"","HasLabel":-1,"LabelID":0,"ward_source_id":"ward_369_final.160","ward_source_Name":null,"ward_description":null,"ward_timestamp":null,"ward_begin":null,"ward_end":null,"ward_altitudeMode":null,"ward_tessellate":-1,"ward_extrude":0,"ward_visibility":-1,"ward_drawOrder":null,"ward_icon":null,"ward_Corporation":"Central","ward_corporation_kn":"ಕೇಂದ್ರ","ward_corporation_id":"1","ward_ac":"Chickpet","ward_ac_kn":"ಚಿಕ್ಕಪೇಟೆ","ward_ac_no":"169","ward_Assembly":"169 - Chickpet","ward_id":"34","ward_name":"34 - D.V Gundappa Ward","ward_name_kn":"ಡಿ.ವಿ. ಗುಂಡಪ್ಪ ವಾರ್ಡ್","ward_TOT_P":"20279.0","ward_TOT_M":"10418.0","ward_TOT_F":"9986.0","ward_SC_P":"5426.0","ward_SC_M":"2672.0","ward_SC_F":"2754.0","ward_ST_P":"102.0","ward_ST_M":"47.0","ward_ST_F":"55.0","ward_low_range":"18853","ward_high_range":"28280","ward_RO_Code":"4","ward_RO_Division":"RO - Chickpet","ward_ARO_Code":"11","ward_ARO_ Sub Division":"ARO- Dharmaraya Swamy Temple","ward_zone":"Zone2","ward_zone_name":"Gandhinagara","ward_join_status":"matched","ward_spatial_match_count":1},"geometry":{"type":"Point","coordinates":[77.57561800000008,12.959545300000059,0]},"id":190},{"type":"Feature","properties":{"fid":191,"OBJECTID":191,"Name":"Placemark","FolderPath":"BBMP Toilets","SymbolID":0,"AltMode":-1,"Base":0,"Snippet":"","PopupInfo":"","HasLabel":-1,"LabelID":0,"ward_source_id":"ward_369_final.361","ward_source_Name":null,"ward_description":null,"ward_timestamp":null,"ward_begin":null,"ward_end":null,"ward_altitudeMode":null,"ward_tessellate":-1,"ward_extrude":0,"ward_visibility":-1,"ward_drawOrder":null,"ward_icon":null,"ward_Corporation":"West","ward_corporation_kn":"ಪಶ್ಚಿಮ","ward_corporation_id":"5","ward_ac":"Basavanagudi","ward_ac_kn":"ಬಸವನಗುಡಿ","ward_ac_no":"170","ward_Assembly":"170 - Basavanagudi","ward_id":"98","ward_name":"98 - Ashoka Nagara","ward_name_kn":"ಅಶೋಕ ನಗರ","ward_TOT_P":"28420.0","ward_TOT_M":"14813.0","ward_TOT_F":"13607.0","ward_SC_P":"367.0","ward_SC_M":"188.0","ward_SC_F":"179.0","ward_ST_P":"224.0","ward_ST_M":"120.0","ward_ST_F":"104.0","ward_low_range":"18949","ward_high_range":"28424","ward_RO_Code":"1","ward_RO_Division":"RO- Basavanagudi","ward_ARO_Code":"1","ward_ARO_ Sub Division":"ARO- Hanumanthanagar","ward_zone":"Zone2","ward_zone_name":"Malleshwaram","ward_join_status":"matched","ward_spatial_match_count":1},"geometry":{"type":"Point","coordinates":[77.55473080000007,12.941829700000028,0]},"id":191},{"type":"Feature","properties":{"fid":192,"OBJECTID":192,"Name":"Placemark","FolderPath":"BBMP Toilets","SymbolID":0,"AltMode":-1,"Base":0,"Snippet":"","PopupInfo":"","HasLabel":-1,"LabelID":0,"ward_source_id":"ward_369_final.74","ward_source_Name":null,"ward_description":null,"ward_timestamp":null,"ward_begin":null,"ward_end":null,"ward_altitudeMode":null,"ward_tessellate":-1,"ward_extrude":0,"ward_visibility":-1,"ward_drawOrder":null,"ward_icon":null,"ward_Corporation":"South","ward_corporation_kn":"ದಕ್ಷಿಣ","ward_corporation_id":"4","ward_ac":"Jayanagar","ward_ac_kn":"ಜಯನಗರ","ward_ac_no":"173","ward_Assembly":"173 - Jayanagar","ward_id":"15","ward_name":"15 - Shakambarinagara","ward_name_kn":"ಶಾಕಂಭರಿನಗರ","ward_TOT_P":"25845.0","ward_TOT_M":"13244.0","ward_TOT_F":"12600.0","ward_SC_P":"1060.0","ward_SC_M":"532.0","ward_SC_F":"527.0","ward_ST_P":"211.0","ward_ST_M":"102.0","ward_ST_F":"109.0","ward_low_range":"18594","ward_high_range":"27891","ward_RO_Code":"10","ward_RO_Division":"RO- JP Nagar","ward_ARO_Code":"27","ward_ARO_ Sub Division":"ARO- Sarakki","ward_zone":"Zone1","ward_zone_name":"Jayanagar","ward_join_status":"matched","ward_spatial_match_count":1},"geometry":{"type":"Point","coordinates":[77.59064170000005,12.906458300000054,0]},"id":192},{"type":"Feature","properties":{"fid":193,"OBJECTID":193,"Name":"Placemark","FolderPath":"BBMP Toilets","SymbolID":0,"AltMode":-1,"Base":0,"Snippet":"","PopupInfo":"","HasLabel":-1,"LabelID":0,"ward_source_id":"ward_369_final.361","ward_source_Name":null,"ward_description":null,"ward_timestamp":null,"ward_begin":null,"ward_end":null,"ward_altitudeMode":null,"ward_tessellate":-1,"ward_extrude":0,"ward_visibility":-1,"ward_drawOrder":null,"ward_icon":null,"ward_Corporation":"West","ward_corporation_kn":"ಪಶ್ಚಿಮ","ward_corporation_id":"5","ward_ac":"Basavanagudi","ward_ac_kn":"ಬಸವನಗುಡಿ","ward_ac_no":"170","ward_Assembly":"170 - Basavanagudi","ward_id":"98","ward_name":"98 - Ashoka Nagara","ward_name_kn":"ಅಶೋಕ ನಗರ","ward_TOT_P":"28420.0","ward_TOT_M":"14813.0","ward_TOT_F":"13607.0","ward_SC_P":"367.0","ward_SC_M":"188.0","ward_SC_F":"179.0","ward_ST_P":"224.0","ward_ST_M":"120.0","ward_ST_F":"104.0","ward_low_range":"18949","ward_high_range":"28424","ward_RO_Code":"1","ward_RO_Division":"RO- Basavanagudi","ward_ARO_Code":"1","ward_ARO_ Sub Division":"ARO- Hanumanthanagar","ward_zone":"Zone2","ward_zone_name":"Malleshwaram","ward_join_status":"matched","ward_spatial_match_count":1},"geometry":{"type":"Point","coordinates":[77.55364370000007,12.93865900000003,0]},"id":193},{"type":"Feature","properties":{"fid":194,"OBJECTID":194,"Name":"Placemark","FolderPath":"BBMP Toilets","SymbolID":0,"AltMode":-1,"Base":0,"Snippet":"","PopupInfo":"","HasLabel":-1,"LabelID":0,"ward_source_id":"ward_369_final.160","ward_source_Name":null,"ward_description":null,"ward_timestamp":null,"ward_begin":null,"ward_end":null,"ward_altitudeMode":null,"ward_tessellate":-1,"ward_extrude":0,"ward_visibility":-1,"ward_drawOrder":null,"ward_icon":null,"ward_Corporation":"Central","ward_corporation_kn":"ಕೇಂದ್ರ","ward_corporation_id":"1","ward_ac":"Chickpet","ward_ac_kn":"ಚಿಕ್ಕಪೇಟೆ","ward_ac_no":"169","ward_Assembly":"169 - Chickpet","ward_id":"34","ward_name":"34 - D.V Gundappa Ward","ward_name_kn":"ಡಿ.ವಿ. ಗುಂಡಪ್ಪ ವಾರ್ಡ್","ward_TOT_P":"20279.0","ward_TOT_M":"10418.0","ward_TOT_F":"9986.0","ward_SC_P":"5426.0","ward_SC_M":"2672.0","ward_SC_F":"2754.0","ward_ST_P":"102.0","ward_ST_M":"47.0","ward_ST_F":"55.0","ward_low_range":"18853","ward_high_range":"28280","ward_RO_Code":"4","ward_RO_Division":"RO - Chickpet","ward_ARO_Code":"11","ward_ARO_ Sub Division":"ARO- Dharmaraya Swamy Temple","ward_zone":"Zone2","ward_zone_name":"Gandhinagara","ward_join_status":"matched","ward_spatial_match_count":1},"geometry":{"type":"Point","coordinates":[77.57585690000008,12.95937820000006,0]},"id":194},{"type":"Feature","properties":{"fid":195,"OBJECTID":195,"Name":"Placemark","FolderPath":"BBMP Toilets","SymbolID":0,"AltMode":-1,"Base":0,"Snippet":"","PopupInfo":"","HasLabel":-1,"LabelID":0,"ward_source_id":"ward_369_final.255","ward_source_Name":null,"ward_description":null,"ward_timestamp":null,"ward_begin":null,"ward_end":null,"ward_altitudeMode":null,"ward_tessellate":-1,"ward_extrude":0,"ward_visibility":-1,"ward_drawOrder":null,"ward_icon":null,"ward_Corporation":"West","ward_corporation_kn":"ಪಶ್ಚಿಮ","ward_corporation_id":"5","ward_ac":"Yeshwanthapura","ward_ac_kn":"ಯಶವಂತಪುರ","ward_ac_no":"153","ward_Assembly":"153 - Yeshwanthapura","ward_id":"15","ward_name":"15 - Byadarahalli","ward_name_kn":"ಬ್ಯಾಡರಹಳ್ಳಿ","ward_TOT_P":"22784.0","ward_TOT_M":"12186.0","ward_TOT_F":"10598.0","ward_SC_P":"1045.0","ward_SC_M":"532.0","ward_SC_F":"513.0","ward_ST_P":"943.0","ward_ST_M":"488.0","ward_ST_F":"455.0","ward_low_range":"18949","ward_high_range":"28424","ward_RO_Code":"14","ward_RO_Division":"RO- Herohalli","ward_ARO_Code":"42","ward_ARO_ Sub Division":"ARO- Herohalli","ward_zone":"Zone1","ward_zone_name":"Rajarajeshwarinagar","ward_join_status":"matched","ward_spatial_match_count":1},"geometry":{"type":"Point","coordinates":[77.48162410000003,12.985115600000029,0]},"id":195},{"type":"Feature","properties":{"fid":196,"OBJECTID":196,"Name":"Placemark","FolderPath":"BBMP Toilets","SymbolID":0,"AltMode":-1,"Base":0,"Snippet":"","PopupInfo":"","HasLabel":-1,"LabelID":0,"ward_source_id":"ward_369_final.346","ward_source_Name":null,"ward_description":null,"ward_timestamp":null,"ward_begin":null,"ward_end":null,"ward_altitudeMode":null,"ward_tessellate":-1,"ward_extrude":0,"ward_visibility":-1,"ward_drawOrder":null,"ward_icon":null,"ward_Corporation":"West","ward_corporation_kn":"ಪಶ್ಚಿಮ","ward_corporation_id":"5","ward_ac":"Vijayanagar","ward_ac_kn":"ವಿಜಯನಗರ","ward_ac_no":"167","ward_Assembly":"167 - Vijayanagar","ward_id":"94","ward_name":"94 - Deepanjali Nagara","ward_name_kn":"ದೀಪಾಂಜಲಿ ನಗರ","ward_TOT_P":"27561.0","ward_TOT_M":"14457.0","ward_TOT_F":"13104.0","ward_SC_P":"3449.0","ward_SC_M":"1812.0","ward_SC_F":"1637.0","ward_ST_P":"586.0","ward_ST_M":"316.0","ward_ST_F":"269.0","ward_low_range":"18949","ward_high_range":"28424","ward_RO_Code":"12","ward_RO_Division":"RO- Hampi Nagar","ward_ARO_Code":"37","ward_ARO_ Sub Division":"ARO- Hampi Nagar","ward_zone":"Zone2","ward_zone_name":"Malleshwaram","ward_join_status":"matched","ward_spatial_match_count":1},"geometry":{"type":"Point","coordinates":[77.53672500000005,12.951718200000073,0]},"id":196},{"type":"Feature","properties":{"fid":197,"OBJECTID":197,"Name":"Placemark","FolderPath":"BBMP Toilets","SymbolID":0,"AltMode":-1,"Base":0,"Snippet":"","PopupInfo":"","HasLabel":-1,"LabelID":0,"ward_source_id":"ward_369_final.255","ward_source_Name":null,"ward_description":null,"ward_timestamp":null,"ward_begin":null,"ward_end":null,"ward_altitudeMode":null,"ward_tessellate":-1,"ward_extrude":0,"ward_visibility":-1,"ward_drawOrder":null,"ward_icon":null,"ward_Corporation":"West","ward_corporation_kn":"ಪಶ್ಚಿಮ","ward_corporation_id":"5","ward_ac":"Yeshwanthapura","ward_ac_kn":"ಯಶವಂತಪುರ","ward_ac_no":"153","ward_Assembly":"153 - Yeshwanthapura","ward_id":"15","ward_name":"15 - Byadarahalli","ward_name_kn":"ಬ್ಯಾಡರಹಳ್ಳಿ","ward_TOT_P":"22784.0","ward_TOT_M":"12186.0","ward_TOT_F":"10598.0","ward_SC_P":"1045.0","ward_SC_M":"532.0","ward_SC_F":"513.0","ward_ST_P":"943.0","ward_ST_M":"488.0","ward_ST_F":"455.0","ward_low_range":"18949","ward_high_range":"28424","ward_RO_Code":"14","ward_RO_Division":"RO- Herohalli","ward_ARO_Code":"42","ward_ARO_ Sub Division":"ARO- Herohalli","ward_zone":"Zone1","ward_zone_name":"Rajarajeshwarinagar","ward_join_status":"matched","ward_spatial_match_count":1},"geometry":{"type":"Point","coordinates":[77.47789490000008,12.985981000000038,0]},"id":197},{"type":"Feature","properties":{"fid":198,"OBJECTID":198,"Name":"Placemark","FolderPath":"BBMP Toilets","SymbolID":0,"AltMode":-1,"Base":0,"Snippet":"","PopupInfo":"","HasLabel":-1,"LabelID":0,"ward_source_id":"ward_369_final.117","ward_source_Name":null,"ward_description":null,"ward_timestamp":null,"ward_begin":null,"ward_end":null,"ward_altitudeMode":null,"ward_tessellate":-1,"ward_extrude":0,"ward_visibility":-1,"ward_drawOrder":null,"ward_icon":null,"ward_Corporation":"South","ward_corporation_kn":"ದಕ್ಷಿಣ","ward_corporation_id":"4","ward_ac":"Jayanagar","ward_ac_kn":"ಜಯನಗರ","ward_ac_no":"173","ward_Assembly":"173 - Jayanagar","ward_id":"12","ward_name":"12 - Pattabhirama Nagara","ward_name_kn":"ಪಟ್ಟಾಭಿರಾಮ ನಗರ","ward_TOT_P":"22547.0","ward_TOT_M":"11236.0","ward_TOT_F":"11311.0","ward_SC_P":"634.0","ward_SC_M":"331.0","ward_SC_F":"302.0","ward_ST_P":"107.0","ward_ST_M":"53.0","ward_ST_F":"54.0","ward_low_range":"18594","ward_high_range":"27891","ward_RO_Code":"9","ward_RO_Division":"RO- Jayanagar","ward_ARO_Code":"24","ward_ARO_ Sub Division":"ARO- Jayanagar","ward_zone":"Zone1","ward_zone_name":"Jayanagar","ward_join_status":"matched","ward_spatial_match_count":1},"geometry":{"type":"Point","coordinates":[77.59182110000006,12.918966000000069,0]},"id":198},{"type":"Feature","properties":{"fid":199,"OBJECTID":199,"Name":"Placemark","FolderPath":"BBMP Toilets","SymbolID":0,"AltMode":-1,"Base":0,"Snippet":"","PopupInfo":"","HasLabel":-1,"LabelID":0,"ward_source_id":"ward_369_final.112","ward_source_Name":null,"ward_description":null,"ward_timestamp":null,"ward_begin":null,"ward_end":null,"ward_altitudeMode":null,"ward_tessellate":-1,"ward_extrude":0,"ward_visibility":-1,"ward_drawOrder":null,"ward_icon":null,"ward_Corporation":"Central","ward_corporation_kn":"ಕೇಂದ್ರ","ward_corporation_id":"1","ward_ac":"Chickpet","ward_ac_kn":"ಚಿಕ್ಕಪೇಟೆ","ward_ac_no":"169","ward_Assembly":"169 - Chickpet","ward_id":"36","ward_name":"36 - Someshwara Nagara","ward_name_kn":"ಸೋಮೇಶ್ವರ ನಗರ","ward_TOT_P":"18863.0","ward_TOT_M":"9580.0","ward_TOT_F":"9243.0","ward_SC_P":"1521.0","ward_SC_M":"754.0","ward_SC_F":"767.0","ward_ST_P":"335.0","ward_ST_M":"163.0","ward_ST_F":"172.0","ward_low_range":"18853","ward_high_range":"28280","ward_RO_Code":"4","ward_RO_Division":"RO - Chickpet","ward_ARO_Code":"12","ward_ARO_ Sub Division":"ARO- Hombegowda Nagar","ward_zone":"Zone2","ward_zone_name":"Gandhinagara","ward_join_status":"matched","ward_spatial_match_count":1},"geometry":{"type":"Point","coordinates":[77.59545070000007,12.94570740000006,0]},"id":199},{"type":"Feature","properties":{"fid":200,"OBJECTID":200,"Name":"Placemark","FolderPath":"BBMP Toilets","SymbolID":0,"AltMode":-1,"Base":0,"Snippet":"","PopupInfo":"","HasLabel":-1,"LabelID":0,"ward_source_id":"ward_369_final.350","ward_source_Name":null,"ward_description":null,"ward_timestamp":null,"ward_begin":null,"ward_end":null,"ward_altitudeMode":null,"ward_tessellate":-1,"ward_extrude":0,"ward_visibility":-1,"ward_drawOrder":null,"ward_icon":null,"ward_Corporation":"West","ward_corporation_kn":"ಪಶ್ಚಿಮ","ward_corporation_id":"5","ward_ac":"Mahalakshmi Layout","ward_ac_kn":"ಮಹಾಲಕ್ಷ್ಮಿ ಲೇಔಟ್","ward_ac_no":"156","ward_Assembly":"156 - Mahalakshmi Layout","ward_id":"44","ward_name":"44 - Shankar Mutt","ward_name_kn":"ಶಂಕರ ಮಠ","ward_TOT_P":"28358.0","ward_TOT_M":"14578.0","ward_TOT_F":"13779.0","ward_SC_P":"3191.0","ward_SC_M":"1653.0","ward_SC_F":"1538.0","ward_ST_P":"428.0","ward_ST_M":"213.0","ward_ST_F":"215.0","ward_low_range":"18949","ward_high_range":"28424","ward_RO_Code":"5","ward_RO_Division":"RO- Mahalakshmi Layout","ward_ARO_Code":"18","ward_ARO_ Sub Division":"ARO- Shankar Mutt","ward_zone":"Zone1","ward_zone_name":"Rajarajeshwarinagar","ward_join_status":"matched","ward_spatial_match_count":1},"geometry":{"type":"Point","coordinates":[77.53143810000006,12.999758300000053,0]},"id":200},{"type":"Feature","properties":{"fid":201,"OBJECTID":201,"Name":"Placemark","FolderPath":"BBMP Toilets","SymbolID":0,"AltMode":-1,"Base":0,"Snippet":"","PopupInfo":"","HasLabel":-1,"LabelID":0,"ward_source_id":"ward_369_final.148","ward_source_Name":null,"ward_description":null,"ward_timestamp":null,"ward_begin":null,"ward_end":null,"ward_altitudeMode":null,"ward_tessellate":-1,"ward_extrude":0,"ward_visibility":-1,"ward_drawOrder":null,"ward_icon":null,"ward_Corporation":"South","ward_corporation_kn":"ದಕ್ಷಿಣ","ward_corporation_id":"4","ward_ac":"B.T.M Layout","ward_ac_kn":"ಬಿ.ಟಿ.ಎಂ. ಲೇಔಟ್","ward_ac_no":"172","ward_Assembly":"172 - B.T.M Layout","ward_id":"26","ward_name":"26 - Ejipura","ward_name_kn":"ಈಜಿಪುರ","ward_TOT_P":"22239.0","ward_TOT_M":"11476.0","ward_TOT_F":"10764.0","ward_SC_P":"4155.0","ward_SC_M":"2089.0","ward_SC_F":"2067.0","ward_ST_P":"359.0","ward_ST_M":"176.0","ward_ST_F":"183.0","ward_low_range":"18594","ward_high_range":"27891","ward_RO_Code":"3","ward_RO_Division":"RO- Kormangala","ward_ARO_Code":"4","ward_ARO_ Sub Division":"ARO- Ejipura","ward_zone":"Zone2","ward_zone_name":"Bommanahalli","ward_join_status":"matched","ward_spatial_match_count":1},"geometry":{"type":"Point","coordinates":[77.62092390000004,12.949353100000053,0]},"id":201},{"type":"Feature","properties":{"fid":202,"OBJECTID":202,"Name":"Placemark","FolderPath":"BBMP Toilets","SymbolID":0,"AltMode":-1,"Base":0,"Snippet":"","PopupInfo":"","HasLabel":-1,"LabelID":0,"ward_source_id":"ward_369_final.89","ward_source_Name":null,"ward_description":null,"ward_timestamp":null,"ward_begin":null,"ward_end":null,"ward_altitudeMode":null,"ward_tessellate":-1,"ward_extrude":0,"ward_visibility":-1,"ward_drawOrder":null,"ward_icon":null,"ward_Corporation":"Central","ward_corporation_kn":"ಕೇಂದ್ರ","ward_corporation_id":"1","ward_ac":"Chickpet","ward_ac_kn":"ಚಿಕ್ಕಪೇಟೆ","ward_ac_no":"169","ward_Assembly":"169 - Chickpet","ward_id":"33","ward_name":"33 - Dharmaraya Swamy Temple Ward","ward_name_kn":"ಧರ್ಮರಾಯ ಸ್ವಾಮಿ ದೇವಸ್ಥಾನ ವಾರ್ಡ್","ward_TOT_P":"18905.0","ward_TOT_M":"9868.0","ward_TOT_F":"9092.0","ward_SC_P":"677.0","ward_SC_M":"334.0","ward_SC_F":"343.0","ward_ST_P":"131.0","ward_ST_M":"70.0","ward_ST_F":"62.0","ward_low_range":"18853","ward_high_range":"28280","ward_RO_Code":"4","ward_RO_Division":"RO - Chickpet","ward_ARO_Code":"11","ward_ARO_ Sub Division":"ARO- Dharmaraya Swamy Temple","ward_zone":"Zone2","ward_zone_name":"Gandhinagara","ward_join_status":"matched","ward_spatial_match_count":1},"geometry":{"type":"Point","coordinates":[77.57799190000003,12.966081900000063,0]},"id":202},{"type":"Feature","properties":{"fid":203,"OBJECTID":203,"Name":"Placemark","FolderPath":"BBMP Toilets","SymbolID":0,"AltMode":-1,"Base":0,"Snippet":"","PopupInfo":"","HasLabel":-1,"LabelID":0,"ward_source_id":"ward_369_final.113","ward_source_Name":null,"ward_description":null,"ward_timestamp":null,"ward_begin":null,"ward_end":null,"ward_altitudeMode":null,"ward_tessellate":-1,"ward_extrude":0,"ward_visibility":-1,"ward_drawOrder":null,"ward_icon":null,"ward_Corporation":"North","ward_corporation_kn":"ಉತ್ತರ","ward_corporation_id":"2","ward_ac":"Hebbal","ward_ac_kn":"ಹೆಬ್ಬಾಳ","ward_ac_no":"158","ward_Assembly":"158 - Hebbal","ward_id":"49","ward_name":"49 - Jaya Chamarajendra Nagara","ward_name_kn":"ಜಯ ಚಾಮರಾಜೇಂದ್ರ ನಗರ","ward_TOT_P":"25953.0","ward_TOT_M":"13141.0","ward_TOT_F":"12811.0","ward_SC_P":"2285.0","ward_SC_M":"1164.0","ward_SC_F":"1121.0","ward_ST_P":"247.0","ward_ST_M":"124.0","ward_ST_F":"123.0","ward_low_range":"19943","ward_high_range":"29914","ward_RO_Code":"5","ward_RO_Division":"RO- R.T Nagar","ward_ARO_Code":"13","ward_ARO_ Sub Division":"ARO- R.T Nagar","ward_zone":"Zone2","ward_zone_name":"Yelahanka","ward_join_status":"matched","ward_spatial_match_count":1},"geometry":{"type":"Point","coordinates":[77.60038810000003,13.022158000000047,0]},"id":203},{"type":"Feature","properties":{"fid":204,"OBJECTID":204,"Name":"Placemark","FolderPath":"BBMP Toilets","SymbolID":0,"AltMode":-1,"Base":0,"Snippet":"","PopupInfo":"","HasLabel":-1,"LabelID":0,"ward_source_id":"ward_369_final.349","ward_source_Name":null,"ward_description":null,"ward_timestamp":null,"ward_begin":null,"ward_end":null,"ward_altitudeMode":null,"ward_tessellate":-1,"ward_extrude":0,"ward_visibility":-1,"ward_drawOrder":null,"ward_icon":null,"ward_Corporation":"West","ward_corporation_kn":"ಪಶ್ಚಿಮ","ward_corporation_id":"5","ward_ac":"Mahalakshmi Layout","ward_ac_kn":"ಮಹಾಲಕ್ಷ್ಮಿ ಲೇಔಟ್","ward_ac_no":"156","ward_Assembly":"156 - Mahalakshmi Layout","ward_id":"42","ward_name":"42 - Raja Mayura Varma Ward","ward_name_kn":"ರಾಜ ಮಯೂರ ವರ್ಮಾ ವಾರ್ಡ್","ward_TOT_P":"27523.0","ward_TOT_M":"14371.0","ward_TOT_F":"13152.0","ward_SC_P":"896.0","ward_SC_M":"454.0","ward_SC_F":"441.0","ward_ST_P":"279.0","ward_ST_M":"148.0","ward_ST_F":"131.0","ward_low_range":"18949","ward_high_range":"28424","ward_RO_Code":"5","ward_RO_Division":"RO- Mahalakshmi Layout","ward_ARO_Code":"18","ward_ARO_ Sub Division":"ARO- Shankar Mutt","ward_zone":"Zone1","ward_zone_name":"Rajarajeshwarinagar","ward_join_status":"matched","ward_spatial_match_count":1},"geometry":{"type":"Point","coordinates":[77.53536960000008,13.000733600000046,0]},"id":204},{"type":"Feature","properties":{"fid":205,"OBJECTID":205,"Name":"Placemark","FolderPath":"BBMP Toilets","SymbolID":0,"AltMode":-1,"Base":0,"Snippet":"","PopupInfo":"","HasLabel":-1,"LabelID":0,"ward_source_id":"ward_369_final.110","ward_source_Name":null,"ward_description":null,"ward_timestamp":null,"ward_begin":null,"ward_end":null,"ward_altitudeMode":null,"ward_tessellate":-1,"ward_extrude":0,"ward_visibility":-1,"ward_drawOrder":null,"ward_icon":null,"ward_Corporation":"South","ward_corporation_kn":"ದಕ್ಷಿಣ","ward_corporation_id":"4","ward_ac":"B.T.M Layout","ward_ac_kn":"ಬಿ.ಟಿ.ಎಂ. ಲೇಔಟ್","ward_ac_no":"172","ward_Assembly":"172 - B.T.M Layout","ward_id":"25","ward_name":"25 - National Games Village","ward_name_kn":"ನ್ಯಾಷನಲ್ ಗೇಮ್ಸ್ ವಿಲೇಜ್","ward_TOT_P":"19407.0","ward_TOT_M":"9949.0","ward_TOT_F":"9459.0","ward_SC_P":"6281.0","ward_SC_M":"3167.0","ward_SC_F":"3115.0","ward_ST_P":"630.0","ward_ST_M":"326.0","ward_ST_F":"304.0","ward_low_range":"18594","ward_high_range":"27891","ward_RO_Code":"3","ward_RO_Division":"RO- Kormangala","ward_ARO_Code":"4","ward_ARO_ Sub Division":"ARO- Ejipura","ward_zone":"Zone2","ward_zone_name":"Bommanahalli","ward_join_status":"matched","ward_spatial_match_count":1},"geometry":{"type":"Point","coordinates":[77.62470870000004,12.942997900000023,0]},"id":205},{"type":"Feature","properties":{"fid":206,"OBJECTID":206,"Name":"Placemark","FolderPath":"BBMP Toilets","SymbolID":0,"AltMode":-1,"Base":0,"Snippet":"","PopupInfo":"","HasLabel":-1,"LabelID":0,"ward_source_id":"ward_369_final.77","ward_source_Name":null,"ward_description":null,"ward_timestamp":null,"ward_begin":null,"ward_end":null,"ward_altitudeMode":null,"ward_tessellate":-1,"ward_extrude":0,"ward_visibility":-1,"ward_drawOrder":null,"ward_icon":null,"ward_Corporation":"Central","ward_corporation_kn":"ಕೇಂದ್ರ","ward_corporation_id":"1","ward_ac":"Shivajinagar","ward_ac_kn":"ಶಿವಾಜಿನಗರ","ward_ac_no":"162","ward_Assembly":"162 - Shivajinagar","ward_id":"4","ward_name":"4 - Sampangirama Nagar","ward_name_kn":"ಸಂಪಂಗಿರಾಮ ನಗರ","ward_TOT_P":"27874.0","ward_TOT_M":"13872.0","ward_TOT_F":"14002.0","ward_SC_P":"1810.0","ward_SC_M":"884.0","ward_SC_F":"926.0","ward_ST_P":"224.0","ward_ST_M":"92.0","ward_ST_F":"132.0","ward_low_range":"18853","ward_high_range":"28280","ward_RO_Code":"7","ward_RO_Division":"RO- Shivajinagar","ward_ARO_Code":"24","ward_ARO_ Sub Division":"ARO- Vasanthanagar","ward_zone":"Zone2","ward_zone_name":"Gandhinagara","ward_join_status":"matched","ward_spatial_match_count":1},"geometry":{"type":"Point","coordinates":[77.58379110000004,12.97103050000004,0]},"id":206},{"type":"Feature","properties":{"fid":207,"OBJECTID":207,"Name":"Placemark","FolderPath":"BBMP Toilets","SymbolID":0,"AltMode":-1,"Base":0,"Snippet":"","PopupInfo":"","HasLabel":-1,"LabelID":0,"ward_source_id":"ward_369_final.35","ward_source_Name":null,"ward_description":null,"ward_timestamp":null,"ward_begin":null,"ward_end":null,"ward_altitudeMode":null,"ward_tessellate":-1,"ward_extrude":0,"ward_visibility":-1,"ward_drawOrder":null,"ward_icon":null,"ward_Corporation":"South","ward_corporation_kn":"ದಕ್ಷಿಣ","ward_corporation_id":"4","ward_ac":"Jayanagar","ward_ac_kn":"ಜಯನಗರ","ward_ac_no":"173","ward_Assembly":"173 - Jayanagar","ward_id":"10","ward_name":"10 - Abdul Kalam Nagar","ward_name_kn":"ಅಬ್ದುಲ್ ಕಲಾಂ ನಗರ","ward_TOT_P":"23124.0","ward_TOT_M":"11865.0","ward_TOT_F":"11259.0","ward_SC_P":"1506.0","ward_SC_M":"768.0","ward_SC_F":"738.0","ward_ST_P":"217.0","ward_ST_M":"104.0","ward_ST_F":"114.0","ward_low_range":"18594","ward_high_range":"27891","ward_RO_Code":"9","ward_RO_Division":"RO- Jayanagar","ward_ARO_Code":"25","ward_ARO_ Sub Division":"ARO- NAL Layout","ward_zone":"Zone1","ward_zone_name":"Jayanagar","ward_join_status":"matched","ward_spatial_match_count":1},"geometry":{"type":"Point","coordinates":[77.59748630000007,12.923266700000056,0]},"id":207},{"type":"Feature","properties":{"fid":208,"OBJECTID":208,"Name":"Placemark","FolderPath":"BBMP Toilets","SymbolID":0,"AltMode":-1,"Base":0,"Snippet":"","PopupInfo":"","HasLabel":-1,"LabelID":0,"ward_source_id":"ward_369_final.346","ward_source_Name":null,"ward_description":null,"ward_timestamp":null,"ward_begin":null,"ward_end":null,"ward_altitudeMode":null,"ward_tessellate":-1,"ward_extrude":0,"ward_visibility":-1,"ward_drawOrder":null,"ward_icon":null,"ward_Corporation":"West","ward_corporation_kn":"ಪಶ್ಚಿಮ","ward_corporation_id":"5","ward_ac":"Vijayanagar","ward_ac_kn":"ವಿಜಯನಗರ","ward_ac_no":"167","ward_Assembly":"167 - Vijayanagar","ward_id":"94","ward_name":"94 - Deepanjali Nagara","ward_name_kn":"ದೀಪಾಂಜಲಿ ನಗರ","ward_TOT_P":"27561.0","ward_TOT_M":"14457.0","ward_TOT_F":"13104.0","ward_SC_P":"3449.0","ward_SC_M":"1812.0","ward_SC_F":"1637.0","ward_ST_P":"586.0","ward_ST_M":"316.0","ward_ST_F":"269.0","ward_low_range":"18949","ward_high_range":"28424","ward_RO_Code":"12","ward_RO_Division":"RO- Hampi Nagar","ward_ARO_Code":"37","ward_ARO_ Sub Division":"ARO- Hampi Nagar","ward_zone":"Zone2","ward_zone_name":"Malleshwaram","ward_join_status":"matched","ward_spatial_match_count":1},"geometry":{"type":"Point","coordinates":[77.53294870000008,12.94806600000004,0]},"id":208},{"type":"Feature","properties":{"fid":209,"OBJECTID":209,"Name":"Placemark","FolderPath":"BBMP Toilets","SymbolID":0,"AltMode":-1,"Base":0,"Snippet":"","PopupInfo":"","HasLabel":-1,"LabelID":0,"ward_source_id":"ward_369_final.288","ward_source_Name":null,"ward_description":null,"ward_timestamp":null,"ward_begin":null,"ward_end":null,"ward_altitudeMode":null,"ward_tessellate":-1,"ward_extrude":0,"ward_visibility":-1,"ward_drawOrder":null,"ward_icon":null,"ward_Corporation":"West","ward_corporation_kn":"ಪಶ್ಚಿಮ","ward_corporation_id":"5","ward_ac":"Vijayanagar","ward_ac_kn":"ವಿಜಯನಗರ","ward_ac_no":"167","ward_Assembly":"167 - Vijayanagar","ward_id":"83","ward_name":"83 - Hampi Nagar","ward_name_kn":"ಹಂಪಿ ನಗರ","ward_TOT_P":"23420.0","ward_TOT_M":"12018.0","ward_TOT_F":"11402.0","ward_SC_P":"959.0","ward_SC_M":"488.0","ward_SC_F":"471.0","ward_ST_P":"253.0","ward_ST_M":"121.0","ward_ST_F":"132.0","ward_low_range":"18949","ward_high_range":"28424","ward_RO_Code":"12","ward_RO_Division":"RO- Hampi Nagar","ward_ARO_Code":"37","ward_ARO_ Sub Division":"ARO- Hampi Nagar","ward_zone":"Zone2","ward_zone_name":"Malleshwaram","ward_join_status":"matched","ward_spatial_match_count":1},"geometry":{"type":"Point","coordinates":[77.53432180000004,12.963353600000062,0]},"id":209},{"type":"Feature","properties":{"fid":210,"OBJECTID":210,"Name":"Placemark","FolderPath":"BBMP Toilets","SymbolID":0,"AltMode":-1,"Base":0,"Snippet":"","PopupInfo":"","HasLabel":-1,"LabelID":0,"ward_source_id":"ward_369_final.247","ward_source_Name":null,"ward_description":null,"ward_timestamp":null,"ward_begin":null,"ward_end":null,"ward_altitudeMode":null,"ward_tessellate":-1,"ward_extrude":0,"ward_visibility":-1,"ward_drawOrder":null,"ward_icon":null,"ward_Corporation":"West","ward_corporation_kn":"ಪಶ್ಚಿಮ","ward_corporation_id":"5","ward_ac":"Mahalakshmi Layout","ward_ac_kn":"ಮಹಾಲಕ್ಷ್ಮಿ ಲೇಔಟ್","ward_ac_no":"156","ward_Assembly":"156 - Mahalakshmi Layout","ward_id":"41","ward_name":"41 - Nagapura","ward_name_kn":"ನಾಗಪುರ","ward_TOT_P":"26591.0","ward_TOT_M":"13419.0","ward_TOT_F":"13172.0","ward_SC_P":"1680.0","ward_SC_M":"850.0","ward_SC_F":"829.0","ward_ST_P":"398.0","ward_ST_M":"199.0","ward_ST_F":"199.0","ward_low_range":"18949","ward_high_range":"28424","ward_RO_Code":"5","ward_RO_Division":"RO- Mahalakshmi Layout","ward_ARO_Code":"16","ward_ARO_ Sub Division":"ARO- Mahalakshmipuram","ward_zone":"Zone1","ward_zone_name":"Rajarajeshwarinagar","ward_join_status":"matched","ward_spatial_match_count":1},"geometry":{"type":"Point","coordinates":[77.54641690000005,12.999204100000043,0]},"id":210},{"type":"Feature","properties":{"fid":211,"OBJECTID":211,"Name":"Placemark","FolderPath":"BBMP Toilets","SymbolID":0,"AltMode":-1,"Base":0,"Snippet":"","PopupInfo":"","HasLabel":-1,"LabelID":0,"ward_source_id":"ward_369_final.350","ward_source_Name":null,"ward_description":null,"ward_timestamp":null,"ward_begin":null,"ward_end":null,"ward_altitudeMode":null,"ward_tessellate":-1,"ward_extrude":0,"ward_visibility":-1,"ward_drawOrder":null,"ward_icon":null,"ward_Corporation":"West","ward_corporation_kn":"ಪಶ್ಚಿಮ","ward_corporation_id":"5","ward_ac":"Mahalakshmi Layout","ward_ac_kn":"ಮಹಾಲಕ್ಷ್ಮಿ ಲೇಔಟ್","ward_ac_no":"156","ward_Assembly":"156 - Mahalakshmi Layout","ward_id":"44","ward_name":"44 - Shankar Mutt","ward_name_kn":"ಶಂಕರ ಮಠ","ward_TOT_P":"28358.0","ward_TOT_M":"14578.0","ward_TOT_F":"13779.0","ward_SC_P":"3191.0","ward_SC_M":"1653.0","ward_SC_F":"1538.0","ward_ST_P":"428.0","ward_ST_M":"213.0","ward_ST_F":"215.0","ward_low_range":"18949","ward_high_range":"28424","ward_RO_Code":"5","ward_RO_Division":"RO- Mahalakshmi Layout","ward_ARO_Code":"18","ward_ARO_ Sub Division":"ARO- Shankar Mutt","ward_zone":"Zone1","ward_zone_name":"Rajarajeshwarinagar","ward_join_status":"matched","ward_spatial_match_count":1},"geometry":{"type":"Point","coordinates":[77.53593600000005,12.99815280000007,0]},"id":211},{"type":"Feature","properties":{"fid":212,"OBJECTID":212,"Name":"Placemark","FolderPath":"BBMP Toilets","SymbolID":0,"AltMode":-1,"Base":0,"Snippet":"","PopupInfo":"","HasLabel":-1,"LabelID":0,"ward_source_id":"ward_369_final.89","ward_source_Name":null,"ward_description":null,"ward_timestamp":null,"ward_begin":null,"ward_end":null,"ward_altitudeMode":null,"ward_tessellate":-1,"ward_extrude":0,"ward_visibility":-1,"ward_drawOrder":null,"ward_icon":null,"ward_Corporation":"Central","ward_corporation_kn":"ಕೇಂದ್ರ","ward_corporation_id":"1","ward_ac":"Chickpet","ward_ac_kn":"ಚಿಕ್ಕಪೇಟೆ","ward_ac_no":"169","ward_Assembly":"169 - Chickpet","ward_id":"33","ward_name":"33 - Dharmaraya Swamy Temple Ward","ward_name_kn":"ಧರ್ಮರಾಯ ಸ್ವಾಮಿ ದೇವಸ್ಥಾನ ವಾರ್ಡ್","ward_TOT_P":"18905.0","ward_TOT_M":"9868.0","ward_TOT_F":"9092.0","ward_SC_P":"677.0","ward_SC_M":"334.0","ward_SC_F":"343.0","ward_ST_P":"131.0","ward_ST_M":"70.0","ward_ST_F":"62.0","ward_low_range":"18853","ward_high_range":"28280","ward_RO_Code":"4","ward_RO_Division":"RO - Chickpet","ward_ARO_Code":"11","ward_ARO_ Sub Division":"ARO- Dharmaraya Swamy Temple","ward_zone":"Zone2","ward_zone_name":"Gandhinagara","ward_join_status":"matched","ward_spatial_match_count":1},"geometry":{"type":"Point","coordinates":[77.58464620000007,12.966767400000037,0]},"id":212},{"type":"Feature","properties":{"fid":213,"OBJECTID":213,"Name":"Placemark","FolderPath":"BBMP Toilets","SymbolID":0,"AltMode":-1,"Base":0,"Snippet":"","PopupInfo":"","HasLabel":-1,"LabelID":0,"ward_source_id":"ward_369_final.88","ward_source_Name":null,"ward_description":null,"ward_timestamp":null,"ward_begin":null,"ward_end":null,"ward_altitudeMode":null,"ward_tessellate":-1,"ward_extrude":0,"ward_visibility":-1,"ward_drawOrder":null,"ward_icon":null,"ward_Corporation":"South","ward_corporation_kn":"ದಕ್ಷಿಣ","ward_corporation_id":"4","ward_ac":"Jayanagar","ward_ac_kn":"ಜಯನಗರ","ward_ac_no":"173","ward_Assembly":"173 - Jayanagar","ward_id":"11","ward_name":"11 - Jayanagar East","ward_name_kn":"ಜಯನಗರ ಪೂರ್ವ","ward_TOT_P":"22697.0","ward_TOT_M":"11806.0","ward_TOT_F":"10891.0","ward_SC_P":"2874.0","ward_SC_M":"1414.0","ward_SC_F":"1460.0","ward_ST_P":"325.0","ward_ST_M":"177.0","ward_ST_F":"148.0","ward_low_range":"18594","ward_high_range":"27891","ward_RO_Code":"9","ward_RO_Division":"RO- Jayanagar","ward_ARO_Code":"24","ward_ARO_ Sub Division":"ARO- Jayanagar","ward_zone":"Zone1","ward_zone_name":"Jayanagar","ward_join_status":"matched","ward_spatial_match_count":1},"geometry":{"type":"Point","coordinates":[77.60002220000007,12.92002720000005,0]},"id":213},{"type":"Feature","properties":{"fid":214,"OBJECTID":214,"Name":"Placemark","FolderPath":"BBMP Toilets","SymbolID":0,"AltMode":-1,"Base":0,"Snippet":"","PopupInfo":"","HasLabel":-1,"LabelID":0,"ward_source_id":"ward_369_final.121","ward_source_Name":null,"ward_description":null,"ward_timestamp":null,"ward_begin":null,"ward_end":null,"ward_altitudeMode":null,"ward_tessellate":-1,"ward_extrude":0,"ward_visibility":-1,"ward_drawOrder":null,"ward_icon":null,"ward_Corporation":"South","ward_corporation_kn":"ದಕ್ಷಿಣ","ward_corporation_id":"4","ward_ac":"B.T.M Layout","ward_ac_kn":"ಬಿ.ಟಿ.ಎಂ. ಲೇಔಟ್","ward_ac_no":"172","ward_Assembly":"172 - B.T.M Layout","ward_id":"17","ward_name":"17 - N.S Palya","ward_name_kn":"ಎನ್.ಎಸ್. ಪಾಳ್ಯ","ward_TOT_P":"26701.0","ward_TOT_M":"14888.0","ward_TOT_F":"11813.0","ward_SC_P":"2487.0","ward_SC_M":"1276.0","ward_SC_F":"1210.0","ward_ST_P":"467.0","ward_ST_M":"233.0","ward_ST_F":"234.0","ward_low_range":"18594","ward_high_range":"27891","ward_RO_Code":"2","ward_RO_Division":"RO- B.T.M Layout","ward_ARO_Code":"3","ward_ARO_ Sub Division":"ARO- New Tavarekere","ward_zone":"Zone2","ward_zone_name":"Bommanahalli","ward_join_status":"matched","ward_spatial_match_count":1},"geometry":{"type":"Point","coordinates":[77.61114000000003,12.907583300000056,0]},"id":214},{"type":"Feature","properties":{"fid":215,"OBJECTID":215,"Name":"Placemark","FolderPath":"BBMP Toilets","SymbolID":0,"AltMode":-1,"Base":0,"Snippet":"","PopupInfo":"","HasLabel":-1,"LabelID":0,"ward_source_id":"ward_369_final.113","ward_source_Name":null,"ward_description":null,"ward_timestamp":null,"ward_begin":null,"ward_end":null,"ward_altitudeMode":null,"ward_tessellate":-1,"ward_extrude":0,"ward_visibility":-1,"ward_drawOrder":null,"ward_icon":null,"ward_Corporation":"North","ward_corporation_kn":"ಉತ್ತರ","ward_corporation_id":"2","ward_ac":"Hebbal","ward_ac_kn":"ಹೆಬ್ಬಾಳ","ward_ac_no":"158","ward_Assembly":"158 - Hebbal","ward_id":"49","ward_name":"49 - Jaya Chamarajendra Nagara","ward_name_kn":"ಜಯ ಚಾಮರಾಜೇಂದ್ರ ನಗರ","ward_TOT_P":"25953.0","ward_TOT_M":"13141.0","ward_TOT_F":"12811.0","ward_SC_P":"2285.0","ward_SC_M":"1164.0","ward_SC_F":"1121.0","ward_ST_P":"247.0","ward_ST_M":"124.0","ward_ST_F":"123.0","ward_low_range":"19943","ward_high_range":"29914","ward_RO_Code":"5","ward_RO_Division":"RO- R.T Nagar","ward_ARO_Code":"13","ward_ARO_ Sub Division":"ARO- R.T Nagar","ward_zone":"Zone2","ward_zone_name":"Yelahanka","ward_join_status":"matched","ward_spatial_match_count":1},"geometry":{"type":"Point","coordinates":[77.59608630000008,13.01964490000006,0]},"id":215},{"type":"Feature","properties":{"fid":216,"OBJECTID":216,"Name":"Placemark","FolderPath":"BBMP Toilets","SymbolID":0,"AltMode":-1,"Base":0,"Snippet":"","PopupInfo":"","HasLabel":-1,"LabelID":0,"ward_source_id":"ward_369_final.342","ward_source_Name":null,"ward_description":null,"ward_timestamp":null,"ward_begin":null,"ward_end":null,"ward_altitudeMode":null,"ward_tessellate":-1,"ward_extrude":0,"ward_visibility":-1,"ward_drawOrder":null,"ward_icon":null,"ward_Corporation":"West","ward_corporation_kn":"ಪಶ್ಚಿಮ","ward_corporation_id":"5","ward_ac":"Mahalakshmi Layout","ward_ac_kn":"ಮಹಾಲಕ್ಷ್ಮಿ ಲೇಔಟ್","ward_ac_no":"156","ward_Assembly":"156 - Mahalakshmi Layout","ward_id":"43","ward_name":"43 - Kethamaranahalli","ward_name_kn":"ಕೇತಮಾರನಹಳ್ಳಿ","ward_TOT_P":"28154.0","ward_TOT_M":"14315.0","ward_TOT_F":"13839.0","ward_SC_P":"1329.0","ward_SC_M":"649.0","ward_SC_F":"680.0","ward_ST_P":"346.0","ward_ST_M":"170.0","ward_ST_F":"176.0","ward_low_range":"18949","ward_high_range":"28424","ward_RO_Code":"5","ward_RO_Division":"RO- Mahalakshmi Layout","ward_ARO_Code":"18","ward_ARO_ Sub Division":"ARO- Shankar Mutt","ward_zone":"Zone1","ward_zone_name":"Rajarajeshwarinagar","ward_join_status":"matched","ward_spatial_match_count":1},"geometry":{"type":"Point","coordinates":[77.54925820000005,12.997848800000043,0]},"id":216},{"type":"Feature","properties":{"fid":217,"OBJECTID":217,"Name":"Placemark","FolderPath":"BBMP Toilets","SymbolID":0,"AltMode":-1,"Base":0,"Snippet":"","PopupInfo":"","HasLabel":-1,"LabelID":0,"ward_source_id":"ward_369_final.346","ward_source_Name":null,"ward_description":null,"ward_timestamp":null,"ward_begin":null,"ward_end":null,"ward_altitudeMode":null,"ward_tessellate":-1,"ward_extrude":0,"ward_visibility":-1,"ward_drawOrder":null,"ward_icon":null,"ward_Corporation":"West","ward_corporation_kn":"ಪಶ್ಚಿಮ","ward_corporation_id":"5","ward_ac":"Vijayanagar","ward_ac_kn":"ವಿಜಯನಗರ","ward_ac_no":"167","ward_Assembly":"167 - Vijayanagar","ward_id":"94","ward_name":"94 - Deepanjali Nagara","ward_name_kn":"ದೀಪಾಂಜಲಿ ನಗರ","ward_TOT_P":"27561.0","ward_TOT_M":"14457.0","ward_TOT_F":"13104.0","ward_SC_P":"3449.0","ward_SC_M":"1812.0","ward_SC_F":"1637.0","ward_ST_P":"586.0","ward_ST_M":"316.0","ward_ST_F":"269.0","ward_low_range":"18949","ward_high_range":"28424","ward_RO_Code":"12","ward_RO_Division":"RO- Hampi Nagar","ward_ARO_Code":"37","ward_ARO_ Sub Division":"ARO- Hampi Nagar","ward_zone":"Zone2","ward_zone_name":"Malleshwaram","ward_join_status":"matched","ward_spatial_match_count":1},"geometry":{"type":"Point","coordinates":[77.53362700000008,12.94721560000005,0]},"id":217},{"type":"Feature","properties":{"fid":218,"OBJECTID":218,"Name":"Placemark","FolderPath":"BBMP Toilets","SymbolID":0,"AltMode":-1,"Base":0,"Snippet":"","PopupInfo":"","HasLabel":-1,"LabelID":0,"ward_source_id":"ward_369_final.89","ward_source_Name":null,"ward_description":null,"ward_timestamp":null,"ward_begin":null,"ward_end":null,"ward_altitudeMode":null,"ward_tessellate":-1,"ward_extrude":0,"ward_visibility":-1,"ward_drawOrder":null,"ward_icon":null,"ward_Corporation":"Central","ward_corporation_kn":"ಕೇಂದ್ರ","ward_corporation_id":"1","ward_ac":"Chickpet","ward_ac_kn":"ಚಿಕ್ಕಪೇಟೆ","ward_ac_no":"169","ward_Assembly":"169 - Chickpet","ward_id":"33","ward_name":"33 - Dharmaraya Swamy Temple Ward","ward_name_kn":"ಧರ್ಮರಾಯ ಸ್ವಾಮಿ ದೇವಸ್ಥಾನ ವಾರ್ಡ್","ward_TOT_P":"18905.0","ward_TOT_M":"9868.0","ward_TOT_F":"9092.0","ward_SC_P":"677.0","ward_SC_M":"334.0","ward_SC_F":"343.0","ward_ST_P":"131.0","ward_ST_M":"70.0","ward_ST_F":"62.0","ward_low_range":"18853","ward_high_range":"28280","ward_RO_Code":"4","ward_RO_Division":"RO - Chickpet","ward_ARO_Code":"11","ward_ARO_ Sub Division":"ARO- Dharmaraya Swamy Temple","ward_zone":"Zone2","ward_zone_name":"Gandhinagara","ward_join_status":"matched","ward_spatial_match_count":1},"geometry":{"type":"Point","coordinates":[77.58350380000007,12.964000200000044,0]},"id":218},{"type":"Feature","properties":{"fid":219,"OBJECTID":219,"Name":"Placemark","FolderPath":"BBMP Toilets","SymbolID":0,"AltMode":-1,"Base":0,"Snippet":"","PopupInfo":"","HasLabel":-1,"LabelID":0,"ward_source_id":"ward_369_final.90","ward_source_Name":null,"ward_description":null,"ward_timestamp":null,"ward_begin":null,"ward_end":null,"ward_altitudeMode":null,"ward_tessellate":-1,"ward_extrude":0,"ward_visibility":-1,"ward_drawOrder":null,"ward_icon":null,"ward_Corporation":"Central","ward_corporation_kn":"ಕೇಂದ್ರ","ward_corporation_id":"1","ward_ac":"Chickpet","ward_ac_kn":"ಚಿಕ್ಕಪೇಟೆ","ward_ac_no":"169","ward_Assembly":"169 - Chickpet","ward_id":"38","ward_name":"38 - Kanakanapalya","ward_name_kn":"ಕನಕನಪಾಳ್ಯ","ward_TOT_P":"20054.0","ward_TOT_M":"10042.0","ward_TOT_F":"10053.0","ward_SC_P":"2136.0","ward_SC_M":"1045.0","ward_SC_F":"1091.0","ward_ST_P":"285.0","ward_ST_M":"140.0","ward_ST_F":"145.0","ward_low_range":"18853","ward_high_range":"28280","ward_RO_Code":"4","ward_RO_Division":"RO - Chickpet","ward_ARO_Code":"10","ward_ARO_ Sub Division":"ARO- Ashoka Pillar","ward_zone":"Zone2","ward_zone_name":"Gandhinagara","ward_join_status":"matched","ward_spatial_match_count":1},"geometry":{"type":"Point","coordinates":[77.58451830000007,12.943598300000076,0]},"id":219},{"type":"Feature","properties":{"fid":220,"OBJECTID":220,"Name":"Placemark","FolderPath":"BBMP Toilets","SymbolID":0,"AltMode":-1,"Base":0,"Snippet":"","PopupInfo":"","HasLabel":-1,"LabelID":0,"ward_source_id":"ward_369_final.346","ward_source_Name":null,"ward_description":null,"ward_timestamp":null,"ward_begin":null,"ward_end":null,"ward_altitudeMode":null,"ward_tessellate":-1,"ward_extrude":0,"ward_visibility":-1,"ward_drawOrder":null,"ward_icon":null,"ward_Corporation":"West","ward_corporation_kn":"ಪಶ್ಚಿಮ","ward_corporation_id":"5","ward_ac":"Vijayanagar","ward_ac_kn":"ವಿಜಯನಗರ","ward_ac_no":"167","ward_Assembly":"167 - Vijayanagar","ward_id":"94","ward_name":"94 - Deepanjali Nagara","ward_name_kn":"ದೀಪಾಂಜಲಿ ನಗರ","ward_TOT_P":"27561.0","ward_TOT_M":"14457.0","ward_TOT_F":"13104.0","ward_SC_P":"3449.0","ward_SC_M":"1812.0","ward_SC_F":"1637.0","ward_ST_P":"586.0","ward_ST_M":"316.0","ward_ST_F":"269.0","ward_low_range":"18949","ward_high_range":"28424","ward_RO_Code":"12","ward_RO_Division":"RO- Hampi Nagar","ward_ARO_Code":"37","ward_ARO_ Sub Division":"ARO- Hampi Nagar","ward_zone":"Zone2","ward_zone_name":"Malleshwaram","ward_join_status":"matched","ward_spatial_match_count":1},"geometry":{"type":"Point","coordinates":[77.53246220000005,12.946707300000071,0]},"id":220},{"type":"Feature","properties":{"fid":221,"OBJECTID":221,"Name":"Placemark","FolderPath":"BBMP Toilets","SymbolID":0,"AltMode":-1,"Base":0,"Snippet":"","PopupInfo":"","HasLabel":-1,"LabelID":0,"ward_source_id":"ward_369_final.268","ward_source_Name":null,"ward_description":null,"ward_timestamp":null,"ward_begin":null,"ward_end":null,"ward_altitudeMode":null,"ward_tessellate":-1,"ward_extrude":0,"ward_visibility":-1,"ward_drawOrder":null,"ward_icon":null,"ward_Corporation":"Central","ward_corporation_kn":"ಕೇಂದ್ರ","ward_corporation_id":"1","ward_ac":"Chickpet","ward_ac_kn":"ಚಿಕ್ಕಪೇಟೆ","ward_ac_no":"169","ward_Assembly":"169 - Chickpet","ward_id":"40","ward_name":"40 - Ashoka Pillar","ward_name_kn":"ಅಶೋಕ ಪಿಲ್ಲರ್‌","ward_TOT_P":"18989.0","ward_TOT_M":"9563.0","ward_TOT_F":"9426.0","ward_SC_P":"748.0","ward_SC_M":"376.0","ward_SC_F":"372.0","ward_ST_P":"399.0","ward_ST_M":"202.0","ward_ST_F":"197.0","ward_low_range":"18853","ward_high_range":"28280","ward_RO_Code":"4","ward_RO_Division":"RO - Chickpet","ward_ARO_Code":"10","ward_ARO_ Sub Division":"ARO- Ashoka Pillar","ward_zone":"Zone2","ward_zone_name":"Gandhinagara","ward_join_status":"matched","ward_spatial_match_count":1},"geometry":{"type":"Point","coordinates":[77.58020670000008,12.947900000000061,0]},"id":221},{"type":"Feature","properties":{"fid":222,"OBJECTID":222,"Name":"Placemark","FolderPath":"BBMP Toilets","SymbolID":0,"AltMode":-1,"Base":0,"Snippet":"","PopupInfo":"","HasLabel":-1,"LabelID":0,"ward_source_id":"ward_369_final.117","ward_source_Name":null,"ward_description":null,"ward_timestamp":null,"ward_begin":null,"ward_end":null,"ward_altitudeMode":null,"ward_tessellate":-1,"ward_extrude":0,"ward_visibility":-1,"ward_drawOrder":null,"ward_icon":null,"ward_Corporation":"South","ward_corporation_kn":"ದಕ್ಷಿಣ","ward_corporation_id":"4","ward_ac":"Jayanagar","ward_ac_kn":"ಜಯನಗರ","ward_ac_no":"173","ward_Assembly":"173 - Jayanagar","ward_id":"12","ward_name":"12 - Pattabhirama Nagara","ward_name_kn":"ಪಟ್ಟಾಭಿರಾಮ ನಗರ","ward_TOT_P":"22547.0","ward_TOT_M":"11236.0","ward_TOT_F":"11311.0","ward_SC_P":"634.0","ward_SC_M":"331.0","ward_SC_F":"302.0","ward_ST_P":"107.0","ward_ST_M":"53.0","ward_ST_F":"54.0","ward_low_range":"18594","ward_high_range":"27891","ward_RO_Code":"9","ward_RO_Division":"RO- Jayanagar","ward_ARO_Code":"24","ward_ARO_ Sub Division":"ARO- Jayanagar","ward_zone":"Zone1","ward_zone_name":"Jayanagar","ward_join_status":"matched","ward_spatial_match_count":1},"geometry":{"type":"Point","coordinates":[77.59223680000008,12.917166000000066,0]},"id":222},{"type":"Feature","properties":{"fid":223,"OBJECTID":223,"Name":"Placemark","FolderPath":"BBMP Toilets","SymbolID":0,"AltMode":-1,"Base":0,"Snippet":"","PopupInfo":"","HasLabel":-1,"LabelID":0,"ward_source_id":"ward_369_final.95","ward_source_Name":null,"ward_description":null,"ward_timestamp":null,"ward_begin":null,"ward_end":null,"ward_altitudeMode":null,"ward_tessellate":-1,"ward_extrude":0,"ward_visibility":-1,"ward_drawOrder":null,"ward_icon":null,"ward_Corporation":"South","ward_corporation_kn":"ದಕ್ಷಿಣ","ward_corporation_id":"4","ward_ac":"Jayanagar","ward_ac_kn":"ಜಯನಗರ","ward_ac_no":"173","ward_Assembly":"173 - Jayanagar","ward_id":"14","ward_name":"14 - J.P Nagar","ward_name_kn":"ಜೆ.ಪಿ. ನಗರ","ward_TOT_P":"22264.0","ward_TOT_M":"11250.0","ward_TOT_F":"11015.0","ward_SC_P":"1995.0","ward_SC_M":"966.0","ward_SC_F":"1029.0","ward_ST_P":"173.0","ward_ST_M":"89.0","ward_ST_F":"84.0","ward_low_range":"18594","ward_high_range":"27891","ward_RO_Code":"10","ward_RO_Division":"RO- JP Nagar","ward_ARO_Code":"26","ward_ARO_ Sub Division":"ARO- JP Nagar","ward_zone":"Zone1","ward_zone_name":"Jayanagar","ward_join_status":"matched","ward_spatial_match_count":1},"geometry":{"type":"Point","coordinates":[77.59755070000006,12.916599400000052,0]},"id":223},{"type":"Feature","properties":{"fid":224,"OBJECTID":224,"Name":"Placemark","FolderPath":"BBMP Toilets","SymbolID":0,"AltMode":-1,"Base":0,"Snippet":"","PopupInfo":"","HasLabel":-1,"LabelID":0,"ward_source_id":"ward_369_final.89","ward_source_Name":null,"ward_description":null,"ward_timestamp":null,"ward_begin":null,"ward_end":null,"ward_altitudeMode":null,"ward_tessellate":-1,"ward_extrude":0,"ward_visibility":-1,"ward_drawOrder":null,"ward_icon":null,"ward_Corporation":"Central","ward_corporation_kn":"ಕೇಂದ್ರ","ward_corporation_id":"1","ward_ac":"Chickpet","ward_ac_kn":"ಚಿಕ್ಕಪೇಟೆ","ward_ac_no":"169","ward_Assembly":"169 - Chickpet","ward_id":"33","ward_name":"33 - Dharmaraya Swamy Temple Ward","ward_name_kn":"ಧರ್ಮರಾಯ ಸ್ವಾಮಿ ದೇವಸ್ಥಾನ ವಾರ್ಡ್","ward_TOT_P":"18905.0","ward_TOT_M":"9868.0","ward_TOT_F":"9092.0","ward_SC_P":"677.0","ward_SC_M":"334.0","ward_SC_F":"343.0","ward_ST_P":"131.0","ward_ST_M":"70.0","ward_ST_F":"62.0","ward_low_range":"18853","ward_high_range":"28280","ward_RO_Code":"4","ward_RO_Division":"RO - Chickpet","ward_ARO_Code":"11","ward_ARO_ Sub Division":"ARO- Dharmaraya Swamy Temple","ward_zone":"Zone2","ward_zone_name":"Gandhinagara","ward_join_status":"matched","ward_spatial_match_count":1},"geometry":{"type":"Point","coordinates":[77.58448540000006,12.964241400000049,0]},"id":224},{"type":"Feature","properties":{"fid":225,"OBJECTID":225,"Name":"Placemark","FolderPath":"BBMP Toilets","SymbolID":0,"AltMode":-1,"Base":0,"Snippet":"","PopupInfo":"","HasLabel":-1,"LabelID":0,"ward_source_id":"ward_369_final.33","ward_source_Name":null,"ward_description":null,"ward_timestamp":null,"ward_begin":null,"ward_end":null,"ward_altitudeMode":null,"ward_tessellate":-1,"ward_extrude":0,"ward_visibility":-1,"ward_drawOrder":null,"ward_icon":null,"ward_Corporation":"North","ward_corporation_kn":"ಉತ್ತರ","ward_corporation_id":"2","ward_ac":"Hebbal","ward_ac_kn":"ಹೆಬ್ಬಾಳ","ward_ac_no":"158","ward_Assembly":"158 - Hebbal","ward_id":"50","ward_name":"50 - Dinnur","ward_name_kn":"ದಿಣ್ಣೂರು","ward_TOT_P":"27395.0","ward_TOT_M":"14274.0","ward_TOT_F":"13111.0","ward_SC_P":"1690.0","ward_SC_M":"867.0","ward_SC_F":"823.0","ward_ST_P":"357.0","ward_ST_M":"181.0","ward_ST_F":"177.0","ward_low_range":"19943","ward_high_range":"29914","ward_RO_Code":"5","ward_RO_Division":"RO- R.T Nagar","ward_ARO_Code":"13","ward_ARO_ Sub Division":"ARO- R.T Nagar","ward_zone":"Zone2","ward_zone_name":"Yelahanka","ward_join_status":"matched","ward_spatial_match_count":1},"geometry":{"type":"Point","coordinates":[77.59433010000004,13.020766600000059,0]},"id":225},{"type":"Feature","properties":{"fid":226,"OBJECTID":226,"Name":"Placemark","FolderPath":"BBMP Toilets","SymbolID":0,"AltMode":-1,"Base":0,"Snippet":"","PopupInfo":"","HasLabel":-1,"LabelID":0,"ward_source_id":"ward_369_final.16","ward_source_Name":null,"ward_description":null,"ward_timestamp":null,"ward_begin":null,"ward_end":null,"ward_altitudeMode":null,"ward_tessellate":-1,"ward_extrude":0,"ward_visibility":-1,"ward_drawOrder":null,"ward_icon":null,"ward_Corporation":"Central","ward_corporation_kn":"ಕೇಂದ್ರ","ward_corporation_id":"1","ward_ac":"Chickpet","ward_ac_kn":"ಚಿಕ್ಕಪೇಟೆ","ward_ac_no":"169","ward_Assembly":"169 - Chickpet","ward_id":"41","ward_name":"41 - V.V Puram","ward_name_kn":"ವಿ.ವಿ. ಪುರಂ","ward_TOT_P":"19813.0","ward_TOT_M":"9965.0","ward_TOT_F":"9848.0","ward_SC_P":"1271.0","ward_SC_M":"615.0","ward_SC_F":"655.0","ward_ST_P":"481.0","ward_ST_M":"238.0","ward_ST_F":"243.0","ward_low_range":"18853","ward_high_range":"28280","ward_RO_Code":"4","ward_RO_Division":"RO - Chickpet","ward_ARO_Code":"13","ward_ARO_ Sub Division":"ARO- V.V Puram","ward_zone":"Zone2","ward_zone_name":"Gandhinagara","ward_join_status":"matched","ward_spatial_match_count":1},"geometry":{"type":"Point","coordinates":[77.57670830000006,12.951635000000067,0]},"id":226},{"type":"Feature","properties":{"fid":227,"OBJECTID":227,"Name":"Placemark","FolderPath":"BBMP Toilets","SymbolID":0,"AltMode":-1,"Base":0,"Snippet":"","PopupInfo":"","HasLabel":-1,"LabelID":0,"ward_source_id":"ward_369_final.285","ward_source_Name":null,"ward_description":null,"ward_timestamp":null,"ward_begin":null,"ward_end":null,"ward_altitudeMode":null,"ward_tessellate":-1,"ward_extrude":0,"ward_visibility":-1,"ward_drawOrder":null,"ward_icon":null,"ward_Corporation":"Central","ward_corporation_kn":"ಕೇಂದ್ರ","ward_corporation_id":"1","ward_ac":"Chickpet","ward_ac_kn":"ಚಿಕ್ಕಪೇಟೆ","ward_ac_no":"169","ward_Assembly":"169 - Chickpet","ward_id":"42","ward_name":"42 - Sunkenahalli","ward_name_kn":"ಸುಂಕೇನಹಳ್ಳಿ","ward_TOT_P":"21179.0","ward_TOT_M":"10743.0","ward_TOT_F":"10436.0","ward_SC_P":"273.0","ward_SC_M":"154.0","ward_SC_F":"119.0","ward_ST_P":"131.0","ward_ST_M":"65.0","ward_ST_F":"67.0","ward_low_range":"18853","ward_high_range":"28280","ward_RO_Code":"4","ward_RO_Division":"RO - Chickpet","ward_ARO_Code":"13","ward_ARO_ Sub Division":"ARO- V.V Puram","ward_zone":"Zone2","ward_zone_name":"Gandhinagara","ward_join_status":"matched","ward_spatial_match_count":1},"geometry":{"type":"Point","coordinates":[77.56762170000007,12.955043300000057,0]},"id":227},{"type":"Feature","properties":{"fid":228,"OBJECTID":228,"Name":"Placemark","FolderPath":"BBMP Toilets","SymbolID":0,"AltMode":-1,"Base":0,"Snippet":"","PopupInfo":"","HasLabel":-1,"LabelID":0,"ward_source_id":"ward_369_final.247","ward_source_Name":null,"ward_description":null,"ward_timestamp":null,"ward_begin":null,"ward_end":null,"ward_altitudeMode":null,"ward_tessellate":-1,"ward_extrude":0,"ward_visibility":-1,"ward_drawOrder":null,"ward_icon":null,"ward_Corporation":"West","ward_corporation_kn":"ಪಶ್ಚಿಮ","ward_corporation_id":"5","ward_ac":"Mahalakshmi Layout","ward_ac_kn":"ಮಹಾಲಕ್ಷ್ಮಿ ಲೇಔಟ್","ward_ac_no":"156","ward_Assembly":"156 - Mahalakshmi Layout","ward_id":"41","ward_name":"41 - Nagapura","ward_name_kn":"ನಾಗಪುರ","ward_TOT_P":"26591.0","ward_TOT_M":"13419.0","ward_TOT_F":"13172.0","ward_SC_P":"1680.0","ward_SC_M":"850.0","ward_SC_F":"829.0","ward_ST_P":"398.0","ward_ST_M":"199.0","ward_ST_F":"199.0","ward_low_range":"18949","ward_high_range":"28424","ward_RO_Code":"5","ward_RO_Division":"RO- Mahalakshmi Layout","ward_ARO_Code":"16","ward_ARO_ Sub Division":"ARO- Mahalakshmipuram","ward_zone":"Zone1","ward_zone_name":"Rajarajeshwarinagar","ward_join_status":"matched","ward_spatial_match_count":1},"geometry":{"type":"Point","coordinates":[77.54428330000007,13.008390900000052,0]},"id":228},{"type":"Feature","properties":{"fid":229,"OBJECTID":229,"Name":"Placemark","FolderPath":"BBMP Toilets","SymbolID":0,"AltMode":-1,"Base":0,"Snippet":"","PopupInfo":"","HasLabel":-1,"LabelID":0,"ward_source_id":"ward_369_final.247","ward_source_Name":null,"ward_description":null,"ward_timestamp":null,"ward_begin":null,"ward_end":null,"ward_altitudeMode":null,"ward_tessellate":-1,"ward_extrude":0,"ward_visibility":-1,"ward_drawOrder":null,"ward_icon":null,"ward_Corporation":"West","ward_corporation_kn":"ಪಶ್ಚಿಮ","ward_corporation_id":"5","ward_ac":"Mahalakshmi Layout","ward_ac_kn":"ಮಹಾಲಕ್ಷ್ಮಿ ಲೇಔಟ್","ward_ac_no":"156","ward_Assembly":"156 - Mahalakshmi Layout","ward_id":"41","ward_name":"41 - Nagapura","ward_name_kn":"ನಾಗಪುರ","ward_TOT_P":"26591.0","ward_TOT_M":"13419.0","ward_TOT_F":"13172.0","ward_SC_P":"1680.0","ward_SC_M":"850.0","ward_SC_F":"829.0","ward_ST_P":"398.0","ward_ST_M":"199.0","ward_ST_F":"199.0","ward_low_range":"18949","ward_high_range":"28424","ward_RO_Code":"5","ward_RO_Division":"RO- Mahalakshmi Layout","ward_ARO_Code":"16","ward_ARO_ Sub Division":"ARO- Mahalakshmipuram","ward_zone":"Zone1","ward_zone_name":"Rajarajeshwarinagar","ward_join_status":"matched","ward_spatial_match_count":1},"geometry":{"type":"Point","coordinates":[77.54708160000007,13.00310200000007,0]},"id":229},{"type":"Feature","properties":{"fid":230,"OBJECTID":230,"Name":"Placemark","FolderPath":"BBMP Toilets","SymbolID":0,"AltMode":-1,"Base":0,"Snippet":"","PopupInfo":"","HasLabel":-1,"LabelID":0,"ward_source_id":"ward_369_final.346","ward_source_Name":null,"ward_description":null,"ward_timestamp":null,"ward_begin":null,"ward_end":null,"ward_altitudeMode":null,"ward_tessellate":-1,"ward_extrude":0,"ward_visibility":-1,"ward_drawOrder":null,"ward_icon":null,"ward_Corporation":"West","ward_corporation_kn":"ಪಶ್ಚಿಮ","ward_corporation_id":"5","ward_ac":"Vijayanagar","ward_ac_kn":"ವಿಜಯನಗರ","ward_ac_no":"167","ward_Assembly":"167 - Vijayanagar","ward_id":"94","ward_name":"94 - Deepanjali Nagara","ward_name_kn":"ದೀಪಾಂಜಲಿ ನಗರ","ward_TOT_P":"27561.0","ward_TOT_M":"14457.0","ward_TOT_F":"13104.0","ward_SC_P":"3449.0","ward_SC_M":"1812.0","ward_SC_F":"1637.0","ward_ST_P":"586.0","ward_ST_M":"316.0","ward_ST_F":"269.0","ward_low_range":"18949","ward_high_range":"28424","ward_RO_Code":"12","ward_RO_Division":"RO- Hampi Nagar","ward_ARO_Code":"37","ward_ARO_ Sub Division":"ARO- Hampi Nagar","ward_zone":"Zone2","ward_zone_name":"Malleshwaram","ward_join_status":"matched","ward_spatial_match_count":1},"geometry":{"type":"Point","coordinates":[77.53846790000006,12.941120400000045,0]},"id":230},{"type":"Feature","properties":{"fid":231,"OBJECTID":231,"Name":"Placemark","FolderPath":"BBMP Toilets","SymbolID":0,"AltMode":-1,"Base":0,"Snippet":"","PopupInfo":"","HasLabel":-1,"LabelID":0,"ward_source_id":"ward_369_final.119","ward_source_Name":null,"ward_description":null,"ward_timestamp":null,"ward_begin":null,"ward_end":null,"ward_altitudeMode":null,"ward_tessellate":-1,"ward_extrude":0,"ward_visibility":-1,"ward_drawOrder":null,"ward_icon":null,"ward_Corporation":"South","ward_corporation_kn":"ದಕ್ಷಿಣ","ward_corporation_id":"4","ward_ac":"Mahadevapura","ward_ac_kn":"ಮಹದೇವಪುರ","ward_ac_no":"174","ward_Assembly":"174 - Mahadevapura","ward_id":"31","ward_name":"31 - Kasavanahalli","ward_name_kn":"ಕಸವನಹಳ್ಳಿ","ward_TOT_P":"21288.0","ward_TOT_M":"11166.0","ward_TOT_F":"10122.0","ward_SC_P":"1819.0","ward_SC_M":"922.0","ward_SC_F":"897.0","ward_ST_P":"357.0","ward_ST_M":"183.0","ward_ST_F":"174.0","ward_low_range":"18594","ward_high_range":"27891","ward_RO_Code":"1","ward_RO_Division":"RO- HSR Layout","ward_ARO_Code":"1","ward_ARO_ Sub Division":"ARO- Kudlu","ward_zone":"Zone2","ward_zone_name":"Bommanahalli","ward_join_status":"matched","ward_spatial_match_count":1},"geometry":{"type":"Point","coordinates":[77.65837430000005,12.899148800000034,0]},"id":231},{"type":"Feature","properties":{"fid":232,"OBJECTID":232,"Name":"Placemark","FolderPath":"BBMP Toilets","SymbolID":0,"AltMode":-1,"Base":0,"Snippet":"","PopupInfo":"","HasLabel":-1,"LabelID":0,"ward_source_id":"ward_369_final.342","ward_source_Name":null,"ward_description":null,"ward_timestamp":null,"ward_begin":null,"ward_end":null,"ward_altitudeMode":null,"ward_tessellate":-1,"ward_extrude":0,"ward_visibility":-1,"ward_drawOrder":null,"ward_icon":null,"ward_Corporation":"West","ward_corporation_kn":"ಪಶ್ಚಿಮ","ward_corporation_id":"5","ward_ac":"Mahalakshmi Layout","ward_ac_kn":"ಮಹಾಲಕ್ಷ್ಮಿ ಲೇಔಟ್","ward_ac_no":"156","ward_Assembly":"156 - Mahalakshmi Layout","ward_id":"43","ward_name":"43 - Kethamaranahalli","ward_name_kn":"ಕೇತಮಾರನಹಳ್ಳಿ","ward_TOT_P":"28154.0","ward_TOT_M":"14315.0","ward_TOT_F":"13839.0","ward_SC_P":"1329.0","ward_SC_M":"649.0","ward_SC_F":"680.0","ward_ST_P":"346.0","ward_ST_M":"170.0","ward_ST_F":"176.0","ward_low_range":"18949","ward_high_range":"28424","ward_RO_Code":"5","ward_RO_Division":"RO- Mahalakshmi Layout","ward_ARO_Code":"18","ward_ARO_ Sub Division":"ARO- Shankar Mutt","ward_zone":"Zone1","ward_zone_name":"Rajarajeshwarinagar","ward_join_status":"matched","ward_spatial_match_count":1},"geometry":{"type":"Point","coordinates":[77.54857440000006,13.010046600000067,0]},"id":232},{"type":"Feature","properties":{"fid":233,"OBJECTID":233,"Name":"Placemark","FolderPath":"BBMP Toilets","SymbolID":0,"AltMode":-1,"Base":0,"Snippet":"","PopupInfo":"","HasLabel":-1,"LabelID":0,"ward_source_id":"ward_369_final.347","ward_source_Name":null,"ward_description":null,"ward_timestamp":null,"ward_begin":null,"ward_end":null,"ward_altitudeMode":null,"ward_tessellate":-1,"ward_extrude":0,"ward_visibility":-1,"ward_drawOrder":null,"ward_icon":null,"ward_Corporation":"West","ward_corporation_kn":"ಪಶ್ಚಿಮ","ward_corporation_id":"5","ward_ac":"Vijayanagar","ward_ac_kn":"ವಿಜಯನಗರ","ward_ac_no":"167","ward_Assembly":"167 - Vijayanagar","ward_id":"84","ward_name":"84 - Hosahalli","ward_name_kn":"ಹೊಸಹಳ್ಳಿ","ward_TOT_P":"27966.0","ward_TOT_M":"14417.0","ward_TOT_F":"13548.0","ward_SC_P":"3020.0","ward_SC_M":"1536.0","ward_SC_F":"1484.0","ward_ST_P":"376.0","ward_ST_M":"194.0","ward_ST_F":"183.0","ward_low_range":"18949","ward_high_range":"28424","ward_RO_Code":"13","ward_RO_Division":"RO- Vijayanagar","ward_ARO_Code":"39","ward_ARO_ Sub Division":"ARO- Hosahalli","ward_zone":"Zone2","ward_zone_name":"Malleshwaram","ward_join_status":"matched","ward_spatial_match_count":1},"geometry":{"type":"Point","coordinates":[77.54208050000005,12.970534500000042,0]},"id":233},{"type":"Feature","properties":{"fid":234,"OBJECTID":234,"Name":"Placemark","FolderPath":"BBMP Toilets","SymbolID":0,"AltMode":-1,"Base":0,"Snippet":"","PopupInfo":"","HasLabel":-1,"LabelID":0,"ward_source_id":"ward_369_final.16","ward_source_Name":null,"ward_description":null,"ward_timestamp":null,"ward_begin":null,"ward_end":null,"ward_altitudeMode":null,"ward_tessellate":-1,"ward_extrude":0,"ward_visibility":-1,"ward_drawOrder":null,"ward_icon":null,"ward_Corporation":"Central","ward_corporation_kn":"ಕೇಂದ್ರ","ward_corporation_id":"1","ward_ac":"Chickpet","ward_ac_kn":"ಚಿಕ್ಕಪೇಟೆ","ward_ac_no":"169","ward_Assembly":"169 - Chickpet","ward_id":"41","ward_name":"41 - V.V Puram","ward_name_kn":"ವಿ.ವಿ. ಪುರಂ","ward_TOT_P":"19813.0","ward_TOT_M":"9965.0","ward_TOT_F":"9848.0","ward_SC_P":"1271.0","ward_SC_M":"615.0","ward_SC_F":"655.0","ward_ST_P":"481.0","ward_ST_M":"238.0","ward_ST_F":"243.0","ward_low_range":"18853","ward_high_range":"28280","ward_RO_Code":"4","ward_RO_Division":"RO - Chickpet","ward_ARO_Code":"13","ward_ARO_ Sub Division":"ARO- V.V Puram","ward_zone":"Zone2","ward_zone_name":"Gandhinagara","ward_join_status":"matched","ward_spatial_match_count":1},"geometry":{"type":"Point","coordinates":[77.57598500000006,12.95663170000006,0]},"id":234},{"type":"Feature","properties":{"fid":235,"OBJECTID":235,"Name":"Placemark","FolderPath":"BBMP Toilets","SymbolID":0,"AltMode":-1,"Base":0,"Snippet":"","PopupInfo":"","HasLabel":-1,"LabelID":0,"ward_source_id":"ward_369_final.346","ward_source_Name":null,"ward_description":null,"ward_timestamp":null,"ward_begin":null,"ward_end":null,"ward_altitudeMode":null,"ward_tessellate":-1,"ward_extrude":0,"ward_visibility":-1,"ward_drawOrder":null,"ward_icon":null,"ward_Corporation":"West","ward_corporation_kn":"ಪಶ್ಚಿಮ","ward_corporation_id":"5","ward_ac":"Vijayanagar","ward_ac_kn":"ವಿಜಯನಗರ","ward_ac_no":"167","ward_Assembly":"167 - Vijayanagar","ward_id":"94","ward_name":"94 - Deepanjali Nagara","ward_name_kn":"ದೀಪಾಂಜಲಿ ನಗರ","ward_TOT_P":"27561.0","ward_TOT_M":"14457.0","ward_TOT_F":"13104.0","ward_SC_P":"3449.0","ward_SC_M":"1812.0","ward_SC_F":"1637.0","ward_ST_P":"586.0","ward_ST_M":"316.0","ward_ST_F":"269.0","ward_low_range":"18949","ward_high_range":"28424","ward_RO_Code":"12","ward_RO_Division":"RO- Hampi Nagar","ward_ARO_Code":"37","ward_ARO_ Sub Division":"ARO- Hampi Nagar","ward_zone":"Zone2","ward_zone_name":"Malleshwaram","ward_join_status":"matched","ward_spatial_match_count":1},"geometry":{"type":"Point","coordinates":[77.53877990000007,12.943693500000052,0]},"id":235},{"type":"Feature","properties":{"fid":236,"OBJECTID":236,"Name":"Placemark","FolderPath":"BBMP Toilets","SymbolID":0,"AltMode":-1,"Base":0,"Snippet":"","PopupInfo":"","HasLabel":-1,"LabelID":0,"ward_source_id":"ward_369_final.95","ward_source_Name":null,"ward_description":null,"ward_timestamp":null,"ward_begin":null,"ward_end":null,"ward_altitudeMode":null,"ward_tessellate":-1,"ward_extrude":0,"ward_visibility":-1,"ward_drawOrder":null,"ward_icon":null,"ward_Corporation":"South","ward_corporation_kn":"ದಕ್ಷಿಣ","ward_corporation_id":"4","ward_ac":"Jayanagar","ward_ac_kn":"ಜಯನಗರ","ward_ac_no":"173","ward_Assembly":"173 - Jayanagar","ward_id":"14","ward_name":"14 - J.P Nagar","ward_name_kn":"ಜೆ.ಪಿ. ನಗರ","ward_TOT_P":"22264.0","ward_TOT_M":"11250.0","ward_TOT_F":"11015.0","ward_SC_P":"1995.0","ward_SC_M":"966.0","ward_SC_F":"1029.0","ward_ST_P":"173.0","ward_ST_M":"89.0","ward_ST_F":"84.0","ward_low_range":"18594","ward_high_range":"27891","ward_RO_Code":"10","ward_RO_Division":"RO- JP Nagar","ward_ARO_Code":"26","ward_ARO_ Sub Division":"ARO- JP Nagar","ward_zone":"Zone1","ward_zone_name":"Jayanagar","ward_join_status":"matched","ward_spatial_match_count":1},"geometry":{"type":"Point","coordinates":[77.59809240000004,12.916717800000072,0]},"id":236},{"type":"Feature","properties":{"fid":237,"OBJECTID":237,"Name":"Placemark","FolderPath":"BBMP Toilets","SymbolID":0,"AltMode":-1,"Base":0,"Snippet":"","PopupInfo":"","HasLabel":-1,"LabelID":0,"ward_source_id":"ward_369_final.209","ward_source_Name":null,"ward_description":null,"ward_timestamp":null,"ward_begin":null,"ward_end":null,"ward_altitudeMode":null,"ward_tessellate":-1,"ward_extrude":0,"ward_visibility":-1,"ward_drawOrder":null,"ward_icon":null,"ward_Corporation":"South","ward_corporation_kn":"ದಕ್ಷಿಣ","ward_corporation_id":"4","ward_ac":"Jayanagar","ward_ac_kn":"ಜಯನಗರ","ward_ac_no":"173","ward_Assembly":"173 - Jayanagar","ward_id":"16","ward_name":"16 - Sarakki","ward_name_kn":"ಸಾರಕ್ಕಿ","ward_TOT_P":"23257.0","ward_TOT_M":"11949.0","ward_TOT_F":"11308.0","ward_SC_P":"1315.0","ward_SC_M":"643.0","ward_SC_F":"672.0","ward_ST_P":"495.0","ward_ST_M":"260.0","ward_ST_F":"235.0","ward_low_range":"18594","ward_high_range":"27891","ward_RO_Code":"10","ward_RO_Division":"RO- JP Nagar","ward_ARO_Code":"27","ward_ARO_ Sub Division":"ARO- Sarakki","ward_zone":"Zone1","ward_zone_name":"Jayanagar","ward_join_status":"matched","ward_spatial_match_count":1},"geometry":{"type":"Point","coordinates":[77.57308600000005,12.91112830000003,0]},"id":237},{"type":"Feature","properties":{"fid":238,"OBJECTID":238,"Name":"Placemark","FolderPath":"BBMP Toilets","SymbolID":0,"AltMode":-1,"Base":0,"Snippet":"","PopupInfo":"","HasLabel":-1,"LabelID":0,"ward_source_id":"ward_369_final.354","ward_source_Name":null,"ward_description":null,"ward_timestamp":null,"ward_begin":null,"ward_end":null,"ward_altitudeMode":null,"ward_tessellate":-1,"ward_extrude":0,"ward_visibility":-1,"ward_drawOrder":null,"ward_icon":null,"ward_Corporation":"West","ward_corporation_kn":"ಪಶ್ಚಿಮ","ward_corporation_id":"5","ward_ac":"Vijayanagar","ward_ac_kn":"ವಿಜಯನಗರ","ward_ac_no":"167","ward_Assembly":"167 - Vijayanagar","ward_id":"85","ward_name":"85 - Adi Chunchanagiri Ward","ward_name_kn":"ಆದಿ ಚುಂಚನಗಿರಿ ವಾರ್ಡ್","ward_TOT_P":"26463.0","ward_TOT_M":"13516.0","ward_TOT_F":"12947.0","ward_SC_P":"1309.0","ward_SC_M":"655.0","ward_SC_F":"654.0","ward_ST_P":"341.0","ward_ST_M":"178.0","ward_ST_F":"163.0","ward_low_range":"18949","ward_high_range":"28424","ward_RO_Code":"13","ward_RO_Division":"RO- Vijayanagar","ward_ARO_Code":"39","ward_ARO_ Sub Division":"ARO- Hosahalli","ward_zone":"Zone2","ward_zone_name":"Malleshwaram","ward_join_status":"matched","ward_spatial_match_count":1},"geometry":{"type":"Point","coordinates":[77.54626630000007,12.967229400000065,0]},"id":238},{"type":"Feature","properties":{"fid":239,"OBJECTID":239,"Name":"Placemark","FolderPath":"BBMP Toilets","SymbolID":0,"AltMode":-1,"Base":0,"Snippet":"","PopupInfo":"","HasLabel":-1,"LabelID":0,"ward_source_id":"ward_369_final.342","ward_source_Name":null,"ward_description":null,"ward_timestamp":null,"ward_begin":null,"ward_end":null,"ward_altitudeMode":null,"ward_tessellate":-1,"ward_extrude":0,"ward_visibility":-1,"ward_drawOrder":null,"ward_icon":null,"ward_Corporation":"West","ward_corporation_kn":"ಪಶ್ಚಿಮ","ward_corporation_id":"5","ward_ac":"Mahalakshmi Layout","ward_ac_kn":"ಮಹಾಲಕ್ಷ್ಮಿ ಲೇಔಟ್","ward_ac_no":"156","ward_Assembly":"156 - Mahalakshmi Layout","ward_id":"43","ward_name":"43 - Kethamaranahalli","ward_name_kn":"ಕೇತಮಾರನಹಳ್ಳಿ","ward_TOT_P":"28154.0","ward_TOT_M":"14315.0","ward_TOT_F":"13839.0","ward_SC_P":"1329.0","ward_SC_M":"649.0","ward_SC_F":"680.0","ward_ST_P":"346.0","ward_ST_M":"170.0","ward_ST_F":"176.0","ward_low_range":"18949","ward_high_range":"28424","ward_RO_Code":"5","ward_RO_Division":"RO- Mahalakshmi Layout","ward_ARO_Code":"18","ward_ARO_ Sub Division":"ARO- Shankar Mutt","ward_zone":"Zone1","ward_zone_name":"Rajarajeshwarinagar","ward_join_status":"matched","ward_spatial_match_count":1},"geometry":{"type":"Point","coordinates":[77.55013740000004,13.004212800000062,0]},"id":239},{"type":"Feature","properties":{"fid":240,"OBJECTID":240,"Name":"Placemark","FolderPath":"BBMP Toilets","SymbolID":0,"AltMode":-1,"Base":0,"Snippet":"","PopupInfo":"","HasLabel":-1,"LabelID":0,"ward_source_id":"ward_369_final.89","ward_source_Name":null,"ward_description":null,"ward_timestamp":null,"ward_begin":null,"ward_end":null,"ward_altitudeMode":null,"ward_tessellate":-1,"ward_extrude":0,"ward_visibility":-1,"ward_drawOrder":null,"ward_icon":null,"ward_Corporation":"Central","ward_corporation_kn":"ಕೇಂದ್ರ","ward_corporation_id":"1","ward_ac":"Chickpet","ward_ac_kn":"ಚಿಕ್ಕಪೇಟೆ","ward_ac_no":"169","ward_Assembly":"169 - Chickpet","ward_id":"33","ward_name":"33 - Dharmaraya Swamy Temple Ward","ward_name_kn":"ಧರ್ಮರಾಯ ಸ್ವಾಮಿ ದೇವಸ್ಥಾನ ವಾರ್ಡ್","ward_TOT_P":"18905.0","ward_TOT_M":"9868.0","ward_TOT_F":"9092.0","ward_SC_P":"677.0","ward_SC_M":"334.0","ward_SC_F":"343.0","ward_ST_P":"131.0","ward_ST_M":"70.0","ward_ST_F":"62.0","ward_low_range":"18853","ward_high_range":"28280","ward_RO_Code":"4","ward_RO_Division":"RO - Chickpet","ward_ARO_Code":"11","ward_ARO_ Sub Division":"ARO- Dharmaraya Swamy Temple","ward_zone":"Zone2","ward_zone_name":"Gandhinagara","ward_join_status":"matched","ward_spatial_match_count":1},"geometry":{"type":"Point","coordinates":[77.57891030000008,12.963629100000048,0]},"id":240},{"type":"Feature","properties":{"fid":241,"OBJECTID":241,"Name":"Placemark","FolderPath":"BBMP Toilets","SymbolID":0,"AltMode":-1,"Base":0,"Snippet":"","PopupInfo":"","HasLabel":-1,"LabelID":0,"ward_source_id":"ward_369_final.339","ward_source_Name":null,"ward_description":null,"ward_timestamp":null,"ward_begin":null,"ward_end":null,"ward_altitudeMode":null,"ward_tessellate":-1,"ward_extrude":0,"ward_visibility":-1,"ward_drawOrder":null,"ward_icon":null,"ward_Corporation":"West","ward_corporation_kn":"ಪಶ್ಚಿಮ","ward_corporation_id":"5","ward_ac":"Vijayanagar","ward_ac_kn":"ವಿಜಯನಗರ","ward_ac_no":"167","ward_Assembly":"167 - Vijayanagar","ward_id":"91","ward_name":"91 - Gali Anjaneya Temple Ward","ward_name_kn":"ಗಾಳಿ ಆಂಜನೇಯ ದೇವಸ್ಥಾನ ವಾರ್ಡ್","ward_TOT_P":"22841.0","ward_TOT_M":"11807.0","ward_TOT_F":"11034.0","ward_SC_P":"2269.0","ward_SC_M":"1187.0","ward_SC_F":"1082.0","ward_ST_P":"688.0","ward_ST_M":"367.0","ward_ST_F":"321.0","ward_low_range":"18949","ward_high_range":"28424","ward_RO_Code":"13","ward_RO_Division":"RO- Vijayanagar","ward_ARO_Code":"38","ward_ARO_ Sub Division":"ARO- Gali Anjaneya Temple","ward_zone":"Zone2","ward_zone_name":"Malleshwaram","ward_join_status":"matched","ward_spatial_match_count":1},"geometry":{"type":"Point","coordinates":[77.54406410000007,12.95214180000005,0]},"id":241},{"type":"Feature","properties":{"fid":242,"OBJECTID":242,"Name":"Placemark","FolderPath":"BBMP Toilets","SymbolID":0,"AltMode":-1,"Base":0,"Snippet":"","PopupInfo":"","HasLabel":-1,"LabelID":0,"ward_source_id":"ward_369_final.16","ward_source_Name":null,"ward_description":null,"ward_timestamp":null,"ward_begin":null,"ward_end":null,"ward_altitudeMode":null,"ward_tessellate":-1,"ward_extrude":0,"ward_visibility":-1,"ward_drawOrder":null,"ward_icon":null,"ward_Corporation":"Central","ward_corporation_kn":"ಕೇಂದ್ರ","ward_corporation_id":"1","ward_ac":"Chickpet","ward_ac_kn":"ಚಿಕ್ಕಪೇಟೆ","ward_ac_no":"169","ward_Assembly":"169 - Chickpet","ward_id":"41","ward_name":"41 - V.V Puram","ward_name_kn":"ವಿ.ವಿ. ಪುರಂ","ward_TOT_P":"19813.0","ward_TOT_M":"9965.0","ward_TOT_F":"9848.0","ward_SC_P":"1271.0","ward_SC_M":"615.0","ward_SC_F":"655.0","ward_ST_P":"481.0","ward_ST_M":"238.0","ward_ST_F":"243.0","ward_low_range":"18853","ward_high_range":"28280","ward_RO_Code":"4","ward_RO_Division":"RO - Chickpet","ward_ARO_Code":"13","ward_ARO_ Sub Division":"ARO- V.V Puram","ward_zone":"Zone2","ward_zone_name":"Gandhinagara","ward_join_status":"matched","ward_spatial_match_count":1},"geometry":{"type":"Point","coordinates":[77.57381670000007,12.948673300000053,0]},"id":242},{"type":"Feature","properties":{"fid":243,"OBJECTID":243,"Name":"Placemark","FolderPath":"BBMP Toilets","SymbolID":0,"AltMode":-1,"Base":0,"Snippet":"","PopupInfo":"","HasLabel":-1,"LabelID":0,"ward_source_id":"ward_369_final.347","ward_source_Name":null,"ward_description":null,"ward_timestamp":null,"ward_begin":null,"ward_end":null,"ward_altitudeMode":null,"ward_tessellate":-1,"ward_extrude":0,"ward_visibility":-1,"ward_drawOrder":null,"ward_icon":null,"ward_Corporation":"West","ward_corporation_kn":"ಪಶ್ಚಿಮ","ward_corporation_id":"5","ward_ac":"Vijayanagar","ward_ac_kn":"ವಿಜಯನಗರ","ward_ac_no":"167","ward_Assembly":"167 - Vijayanagar","ward_id":"84","ward_name":"84 - Hosahalli","ward_name_kn":"ಹೊಸಹಳ್ಳಿ","ward_TOT_P":"27966.0","ward_TOT_M":"14417.0","ward_TOT_F":"13548.0","ward_SC_P":"3020.0","ward_SC_M":"1536.0","ward_SC_F":"1484.0","ward_ST_P":"376.0","ward_ST_M":"194.0","ward_ST_F":"183.0","ward_low_range":"18949","ward_high_range":"28424","ward_RO_Code":"13","ward_RO_Division":"RO- Vijayanagar","ward_ARO_Code":"39","ward_ARO_ Sub Division":"ARO- Hosahalli","ward_zone":"Zone2","ward_zone_name":"Malleshwaram","ward_join_status":"matched","ward_spatial_match_count":1},"geometry":{"type":"Point","coordinates":[77.54170140000008,12.964266800000075,0]},"id":243},{"type":"Feature","properties":{"fid":244,"OBJECTID":244,"Name":"Placemark","FolderPath":"BBMP Toilets","SymbolID":0,"AltMode":-1,"Base":0,"Snippet":"","PopupInfo":"","HasLabel":-1,"LabelID":0,"ward_source_id":"ward_369_final.288","ward_source_Name":null,"ward_description":null,"ward_timestamp":null,"ward_begin":null,"ward_end":null,"ward_altitudeMode":null,"ward_tessellate":-1,"ward_extrude":0,"ward_visibility":-1,"ward_drawOrder":null,"ward_icon":null,"ward_Corporation":"West","ward_corporation_kn":"ಪಶ್ಚಿಮ","ward_corporation_id":"5","ward_ac":"Vijayanagar","ward_ac_kn":"ವಿಜಯನಗರ","ward_ac_no":"167","ward_Assembly":"167 - Vijayanagar","ward_id":"83","ward_name":"83 - Hampi Nagar","ward_name_kn":"ಹಂಪಿ ನಗರ","ward_TOT_P":"23420.0","ward_TOT_M":"12018.0","ward_TOT_F":"11402.0","ward_SC_P":"959.0","ward_SC_M":"488.0","ward_SC_F":"471.0","ward_ST_P":"253.0","ward_ST_M":"121.0","ward_ST_F":"132.0","ward_low_range":"18949","ward_high_range":"28424","ward_RO_Code":"12","ward_RO_Division":"RO- Hampi Nagar","ward_ARO_Code":"37","ward_ARO_ Sub Division":"ARO- Hampi Nagar","ward_zone":"Zone2","ward_zone_name":"Malleshwaram","ward_join_status":"matched","ward_spatial_match_count":1},"geometry":{"type":"Point","coordinates":[77.53428290000005,12.957613600000059,0]},"id":244},{"type":"Feature","properties":{"fid":245,"OBJECTID":245,"Name":"Placemark","FolderPath":"BBMP Toilets","SymbolID":0,"AltMode":-1,"Base":0,"Snippet":"","PopupInfo":"","HasLabel":-1,"LabelID":0,"ward_source_id":"ward_369_final.19","ward_source_Name":null,"ward_description":null,"ward_timestamp":null,"ward_begin":null,"ward_end":null,"ward_altitudeMode":null,"ward_tessellate":-1,"ward_extrude":0,"ward_visibility":-1,"ward_drawOrder":null,"ward_icon":null,"ward_Corporation":"South","ward_corporation_kn":"ದಕ್ಷಿಣ","ward_corporation_id":"4","ward_ac":"Jayanagar","ward_ac_kn":"ಜಯನಗರ","ward_ac_no":"173","ward_Assembly":"173 - Jayanagar","ward_id":"8","ward_name":"8 - Tilak Nagara","ward_name_kn":"ತಿಲಕ ನಗರ","ward_TOT_P":"25625.0","ward_TOT_M":"13008.0","ward_TOT_F":"12617.0","ward_SC_P":"2769.0","ward_SC_M":"1375.0","ward_SC_F":"1395.0","ward_ST_P":"262.0","ward_ST_M":"128.0","ward_ST_F":"134.0","ward_low_range":"18594","ward_high_range":"27891","ward_RO_Code":"9","ward_RO_Division":"RO- Jayanagar","ward_ARO_Code":"23","ward_ARO_ Sub Division":"ARO- Byrasandra","ward_zone":"Zone1","ward_zone_name":"Jayanagar","ward_join_status":"matched","ward_spatial_match_count":1},"geometry":{"type":"Point","coordinates":[77.59529040000007,12.924975500000073,0]},"id":245},{"type":"Feature","properties":{"fid":246,"OBJECTID":246,"Name":"Placemark","FolderPath":"BBMP Toilets","SymbolID":0,"AltMode":-1,"Base":0,"Snippet":"","PopupInfo":"","HasLabel":-1,"LabelID":0,"ward_source_id":"ward_369_final.172","ward_source_Name":null,"ward_description":null,"ward_timestamp":null,"ward_begin":null,"ward_end":null,"ward_altitudeMode":null,"ward_tessellate":-1,"ward_extrude":0,"ward_visibility":-1,"ward_drawOrder":null,"ward_icon":null,"ward_Corporation":"South","ward_corporation_kn":"ದಕ್ಷಿಣ","ward_corporation_id":"4","ward_ac":"Jayanagar","ward_ac_kn":"ಜಯನಗರ","ward_ac_no":"173","ward_Assembly":"173 - Jayanagar","ward_id":"9","ward_name":"9 - N.A.L Layout","ward_name_kn":"ಎನ್‌.ಎ.ಎಲ್ ಲೇಔಟ್","ward_TOT_P":"20532.0","ward_TOT_M":"10467.0","ward_TOT_F":"10066.0","ward_SC_P":"992.0","ward_SC_M":"509.0","ward_SC_F":"484.0","ward_ST_P":"716.0","ward_ST_M":"352.0","ward_ST_F":"364.0","ward_low_range":"18594","ward_high_range":"27891","ward_RO_Code":"9","ward_RO_Division":"RO- Jayanagar","ward_ARO_Code":"25","ward_ARO_ Sub Division":"ARO- NAL Layout","ward_zone":"Zone1","ward_zone_name":"Jayanagar","ward_join_status":"matched","ward_spatial_match_count":1},"geometry":{"type":"Point","coordinates":[77.59985030000007,12.925558300000034,0]},"id":246},{"type":"Feature","properties":{"fid":247,"OBJECTID":247,"Name":"Placemark","FolderPath":"BBMP Toilets","SymbolID":0,"AltMode":-1,"Base":0,"Snippet":"","PopupInfo":"","HasLabel":-1,"LabelID":0,"ward_source_id":"ward_369_final.89","ward_source_Name":null,"ward_description":null,"ward_timestamp":null,"ward_begin":null,"ward_end":null,"ward_altitudeMode":null,"ward_tessellate":-1,"ward_extrude":0,"ward_visibility":-1,"ward_drawOrder":null,"ward_icon":null,"ward_Corporation":"Central","ward_corporation_kn":"ಕೇಂದ್ರ","ward_corporation_id":"1","ward_ac":"Chickpet","ward_ac_kn":"ಚಿಕ್ಕಪೇಟೆ","ward_ac_no":"169","ward_Assembly":"169 - Chickpet","ward_id":"33","ward_name":"33 - Dharmaraya Swamy Temple Ward","ward_name_kn":"ಧರ್ಮರಾಯ ಸ್ವಾಮಿ ದೇವಸ್ಥಾನ ವಾರ್ಡ್","ward_TOT_P":"18905.0","ward_TOT_M":"9868.0","ward_TOT_F":"9092.0","ward_SC_P":"677.0","ward_SC_M":"334.0","ward_SC_F":"343.0","ward_ST_P":"131.0","ward_ST_M":"70.0","ward_ST_F":"62.0","ward_low_range":"18853","ward_high_range":"28280","ward_RO_Code":"4","ward_RO_Division":"RO - Chickpet","ward_ARO_Code":"11","ward_ARO_ Sub Division":"ARO- Dharmaraya Swamy Temple","ward_zone":"Zone2","ward_zone_name":"Gandhinagara","ward_join_status":"matched","ward_spatial_match_count":1},"geometry":{"type":"Point","coordinates":[77.58068270000007,12.964184500000044,0]},"id":247},{"type":"Feature","properties":{"fid":248,"OBJECTID":248,"Name":"Placemark","FolderPath":"BBMP Toilets","SymbolID":0,"AltMode":-1,"Base":0,"Snippet":"","PopupInfo":"","HasLabel":-1,"LabelID":0,"ward_source_id":"ward_369_final.95","ward_source_Name":null,"ward_description":null,"ward_timestamp":null,"ward_begin":null,"ward_end":null,"ward_altitudeMode":null,"ward_tessellate":-1,"ward_extrude":0,"ward_visibility":-1,"ward_drawOrder":null,"ward_icon":null,"ward_Corporation":"South","ward_corporation_kn":"ದಕ್ಷಿಣ","ward_corporation_id":"4","ward_ac":"Jayanagar","ward_ac_kn":"ಜಯನಗರ","ward_ac_no":"173","ward_Assembly":"173 - Jayanagar","ward_id":"14","ward_name":"14 - J.P Nagar","ward_name_kn":"ಜೆ.ಪಿ. ನಗರ","ward_TOT_P":"22264.0","ward_TOT_M":"11250.0","ward_TOT_F":"11015.0","ward_SC_P":"1995.0","ward_SC_M":"966.0","ward_SC_F":"1029.0","ward_ST_P":"173.0","ward_ST_M":"89.0","ward_ST_F":"84.0","ward_low_range":"18594","ward_high_range":"27891","ward_RO_Code":"10","ward_RO_Division":"RO- JP Nagar","ward_ARO_Code":"26","ward_ARO_ Sub Division":"ARO- JP Nagar","ward_zone":"Zone1","ward_zone_name":"Jayanagar","ward_join_status":"matched","ward_spatial_match_count":1},"geometry":{"type":"Point","coordinates":[77.59905170000008,12.910846700000036,0]},"id":248},{"type":"Feature","properties":{"fid":249,"OBJECTID":249,"Name":"Placemark","FolderPath":"BBMP Toilets","SymbolID":0,"AltMode":-1,"Base":0,"Snippet":"","PopupInfo":"","HasLabel":-1,"LabelID":0,"ward_source_id":"ward_369_final.27","ward_source_Name":null,"ward_description":null,"ward_timestamp":null,"ward_begin":null,"ward_end":null,"ward_altitudeMode":null,"ward_tessellate":-1,"ward_extrude":0,"ward_visibility":-1,"ward_drawOrder":null,"ward_icon":null,"ward_Corporation":"South","ward_corporation_kn":"ದಕ್ಷಿಣ","ward_corporation_id":"4","ward_ac":"Padmanabanagar","ward_ac_kn":"ಪದ್ಮನಾಭನಗರ","ward_ac_no":"171","ward_Assembly":"171 - Padmanabanagar","ward_id":"4","ward_name":"4 - Banashankari Temple Ward","ward_name_kn":"ಬನಶಂಕರಿ ದೇವಸ್ಥಾನ ವಾರ್ಡ್","ward_TOT_P":"22549.0","ward_TOT_M":"11525.0","ward_TOT_F":"11024.0","ward_SC_P":"1334.0","ward_SC_M":"705.0","ward_SC_F":"629.0","ward_ST_P":"814.0","ward_ST_M":"407.0","ward_ST_F":"407.0","ward_low_range":"18594","ward_high_range":"27891","ward_RO_Code":"11","ward_RO_Division":"RO- Padmanabhanagara","ward_ARO_Code":"28","ward_ARO_ Sub Division":"ARO- Banashankari","ward_zone":"Zone1","ward_zone_name":"Jayanagar","ward_join_status":"matched","ward_spatial_match_count":1},"geometry":{"type":"Point","coordinates":[77.57298500000007,12.914430300000049,0]},"id":249},{"type":"Feature","properties":{"fid":250,"OBJECTID":250,"Name":"Placemark","FolderPath":"BBMP Toilets","SymbolID":0,"AltMode":-1,"Base":0,"Snippet":"","PopupInfo":"","HasLabel":-1,"LabelID":0,"ward_source_id":"ward_369_final.295","ward_source_Name":null,"ward_description":null,"ward_timestamp":null,"ward_begin":null,"ward_end":null,"ward_altitudeMode":null,"ward_tessellate":-1,"ward_extrude":0,"ward_visibility":-1,"ward_drawOrder":null,"ward_icon":null,"ward_Corporation":"West","ward_corporation_kn":"ಪಶ್ಚಿಮ","ward_corporation_id":"5","ward_ac":"Vijayanagar","ward_ac_kn":"ವಿಜಯನಗರ","ward_ac_no":"167","ward_Assembly":"167 - Vijayanagar","ward_id":"92","ward_name":"92 - Muneshwara Block","ward_name_kn":"ಮುನೇಶ್ವರ ಬ್ಲಾಕ್","ward_TOT_P":"19922.0","ward_TOT_M":"10335.0","ward_TOT_F":"9587.0","ward_SC_P":"2234.0","ward_SC_M":"1133.0","ward_SC_F":"1102.0","ward_ST_P":"397.0","ward_ST_M":"198.0","ward_ST_F":"199.0","ward_low_range":"18949","ward_high_range":"28424","ward_RO_Code":"12","ward_RO_Division":"RO- Hampi Nagar","ward_ARO_Code":"36","ward_ARO_ Sub Division":"ARO- Avalahalli","ward_zone":"Zone2","ward_zone_name":"Malleshwaram","ward_join_status":"matched","ward_spatial_match_count":1},"geometry":{"type":"Point","coordinates":[77.54344030000004,12.948127300000067,0]},"id":250},{"type":"Feature","properties":{"fid":251,"OBJECTID":251,"Name":"Placemark","FolderPath":"BBMP Toilets","SymbolID":0,"AltMode":-1,"Base":0,"Snippet":"","PopupInfo":"","HasLabel":-1,"LabelID":0,"ward_source_id":"ward_369_final.186","ward_source_Name":null,"ward_description":null,"ward_timestamp":null,"ward_begin":null,"ward_end":null,"ward_altitudeMode":null,"ward_tessellate":-1,"ward_extrude":0,"ward_visibility":-1,"ward_drawOrder":null,"ward_icon":null,"ward_Corporation":"West","ward_corporation_kn":"ಪಶ್ಚಿಮ","ward_corporation_id":"5","ward_ac":"Basavanagudi","ward_ac_kn":"ಬಸವನಗುಡಿ","ward_ac_no":"170","ward_Assembly":"170 - Basavanagudi","ward_id":"102","ward_name":"102 - Hanumanthanagar","ward_name_kn":"ಹನುಮಂತನಗರ","ward_TOT_P":"24583.0","ward_TOT_M":"12375.0","ward_TOT_F":"12208.0","ward_SC_P":"255.0","ward_SC_M":"131.0","ward_SC_F":"124.0","ward_ST_P":"221.0","ward_ST_M":"110.0","ward_ST_F":"112.0","ward_low_range":"18949","ward_high_range":"28424","ward_RO_Code":"1","ward_RO_Division":"RO- Basavanagudi","ward_ARO_Code":"1","ward_ARO_ Sub Division":"ARO- Hanumanthanagar","ward_zone":"Zone2","ward_zone_name":"Malleshwaram","ward_join_status":"matched","ward_spatial_match_count":1},"geometry":{"type":"Point","coordinates":[77.56442810000004,12.941549400000042,0]},"id":251},{"type":"Feature","properties":{"fid":252,"OBJECTID":252,"Name":"Placemark","FolderPath":"BBMP Toilets","SymbolID":0,"AltMode":-1,"Base":0,"Snippet":"","PopupInfo":"","HasLabel":-1,"LabelID":0,"ward_source_id":"ward_369_final.268","ward_source_Name":null,"ward_description":null,"ward_timestamp":null,"ward_begin":null,"ward_end":null,"ward_altitudeMode":null,"ward_tessellate":-1,"ward_extrude":0,"ward_visibility":-1,"ward_drawOrder":null,"ward_icon":null,"ward_Corporation":"Central","ward_corporation_kn":"ಕೇಂದ್ರ","ward_corporation_id":"1","ward_ac":"Chickpet","ward_ac_kn":"ಚಿಕ್ಕಪೇಟೆ","ward_ac_no":"169","ward_Assembly":"169 - Chickpet","ward_id":"40","ward_name":"40 - Ashoka Pillar","ward_name_kn":"ಅಶೋಕ ಪಿಲ್ಲರ್‌","ward_TOT_P":"18989.0","ward_TOT_M":"9563.0","ward_TOT_F":"9426.0","ward_SC_P":"748.0","ward_SC_M":"376.0","ward_SC_F":"372.0","ward_ST_P":"399.0","ward_ST_M":"202.0","ward_ST_F":"197.0","ward_low_range":"18853","ward_high_range":"28280","ward_RO_Code":"4","ward_RO_Division":"RO - Chickpet","ward_ARO_Code":"10","ward_ARO_ Sub Division":"ARO- Ashoka Pillar","ward_zone":"Zone2","ward_zone_name":"Gandhinagara","ward_join_status":"matched","ward_spatial_match_count":1},"geometry":{"type":"Point","coordinates":[77.59269000000006,12.949841700000036,0]},"id":252},{"type":"Feature","properties":{"fid":253,"OBJECTID":253,"Name":"Placemark","FolderPath":"BBMP Toilets","SymbolID":0,"AltMode":-1,"Base":0,"Snippet":"","PopupInfo":"","HasLabel":-1,"LabelID":0,"ward_source_id":"ward_369_final.19","ward_source_Name":null,"ward_description":null,"ward_timestamp":null,"ward_begin":null,"ward_end":null,"ward_altitudeMode":null,"ward_tessellate":-1,"ward_extrude":0,"ward_visibility":-1,"ward_drawOrder":null,"ward_icon":null,"ward_Corporation":"South","ward_corporation_kn":"ದಕ್ಷಿಣ","ward_corporation_id":"4","ward_ac":"Jayanagar","ward_ac_kn":"ಜಯನಗರ","ward_ac_no":"173","ward_Assembly":"173 - Jayanagar","ward_id":"8","ward_name":"8 - Tilak Nagara","ward_name_kn":"ತಿಲಕ ನಗರ","ward_TOT_P":"25625.0","ward_TOT_M":"13008.0","ward_TOT_F":"12617.0","ward_SC_P":"2769.0","ward_SC_M":"1375.0","ward_SC_F":"1395.0","ward_ST_P":"262.0","ward_ST_M":"128.0","ward_ST_F":"134.0","ward_low_range":"18594","ward_high_range":"27891","ward_RO_Code":"9","ward_RO_Division":"RO- Jayanagar","ward_ARO_Code":"23","ward_ARO_ Sub Division":"ARO- Byrasandra","ward_zone":"Zone1","ward_zone_name":"Jayanagar","ward_join_status":"matched","ward_spatial_match_count":1},"geometry":{"type":"Point","coordinates":[77.59351770000006,12.92696090000004,0]},"id":253},{"type":"Feature","properties":{"fid":254,"OBJECTID":254,"Name":"Placemark","FolderPath":"BBMP Toilets","SymbolID":0,"AltMode":-1,"Base":0,"Snippet":"","PopupInfo":"","HasLabel":-1,"LabelID":0,"ward_source_id":"ward_369_final.89","ward_source_Name":null,"ward_description":null,"ward_timestamp":null,"ward_begin":null,"ward_end":null,"ward_altitudeMode":null,"ward_tessellate":-1,"ward_extrude":0,"ward_visibility":-1,"ward_drawOrder":null,"ward_icon":null,"ward_Corporation":"Central","ward_corporation_kn":"ಕೇಂದ್ರ","ward_corporation_id":"1","ward_ac":"Chickpet","ward_ac_kn":"ಚಿಕ್ಕಪೇಟೆ","ward_ac_no":"169","ward_Assembly":"169 - Chickpet","ward_id":"33","ward_name":"33 - Dharmaraya Swamy Temple Ward","ward_name_kn":"ಧರ್ಮರಾಯ ಸ್ವಾಮಿ ದೇವಸ್ಥಾನ ವಾರ್ಡ್","ward_TOT_P":"18905.0","ward_TOT_M":"9868.0","ward_TOT_F":"9092.0","ward_SC_P":"677.0","ward_SC_M":"334.0","ward_SC_F":"343.0","ward_ST_P":"131.0","ward_ST_M":"70.0","ward_ST_F":"62.0","ward_low_range":"18853","ward_high_range":"28280","ward_RO_Code":"4","ward_RO_Division":"RO - Chickpet","ward_ARO_Code":"11","ward_ARO_ Sub Division":"ARO- Dharmaraya Swamy Temple","ward_zone":"Zone2","ward_zone_name":"Gandhinagara","ward_join_status":"matched","ward_spatial_match_count":1},"geometry":{"type":"Point","coordinates":[77.58249130000007,12.963978200000042,0]},"id":254},{"type":"Feature","properties":{"fid":255,"OBJECTID":255,"Name":"Placemark","FolderPath":"BBMP Toilets","SymbolID":0,"AltMode":-1,"Base":0,"Snippet":"","PopupInfo":"","HasLabel":-1,"LabelID":0,"ward_source_id":"ward_369_final.212","ward_source_Name":null,"ward_description":null,"ward_timestamp":null,"ward_begin":null,"ward_end":null,"ward_altitudeMode":null,"ward_tessellate":-1,"ward_extrude":0,"ward_visibility":-1,"ward_drawOrder":null,"ward_icon":null,"ward_Corporation":"South","ward_corporation_kn":"ದಕ್ಷಿಣ","ward_corporation_id":"4","ward_ac":"Padmanabanagar","ward_ac_kn":"ಪದ್ಮನಾಭನಗರ","ward_ac_no":"171","ward_Assembly":"171 - Padmanabanagar","ward_id":"3","ward_name":"3 - Yarab nagar","ward_name_kn":"ಯಾರಬ್ ನಗರ","ward_TOT_P":"20832.0","ward_TOT_M":"10611.0","ward_TOT_F":"10221.0","ward_SC_P":"2112.0","ward_SC_M":"1094.0","ward_SC_F":"1019.0","ward_ST_P":"721.0","ward_ST_M":"375.0","ward_ST_F":"346.0","ward_low_range":"18594","ward_high_range":"27891","ward_RO_Code":"11","ward_RO_Division":"RO- Padmanabhanagara","ward_ARO_Code":"29","ward_ARO_ Sub Division":"ARO- Padmanabhanagara","ward_zone":"Zone1","ward_zone_name":"Jayanagar","ward_join_status":"matched","ward_spatial_match_count":1},"geometry":{"type":"Point","coordinates":[77.56927330000008,12.915958700000033,0]},"id":255},{"type":"Feature","properties":{"fid":256,"OBJECTID":256,"Name":"Placemark","FolderPath":"BBMP Toilets","SymbolID":0,"AltMode":-1,"Base":0,"Snippet":"","PopupInfo":"","HasLabel":-1,"LabelID":0,"ward_source_id":"ward_369_final.295","ward_source_Name":null,"ward_description":null,"ward_timestamp":null,"ward_begin":null,"ward_end":null,"ward_altitudeMode":null,"ward_tessellate":-1,"ward_extrude":0,"ward_visibility":-1,"ward_drawOrder":null,"ward_icon":null,"ward_Corporation":"West","ward_corporation_kn":"ಪಶ್ಚಿಮ","ward_corporation_id":"5","ward_ac":"Vijayanagar","ward_ac_kn":"ವಿಜಯನಗರ","ward_ac_no":"167","ward_Assembly":"167 - Vijayanagar","ward_id":"92","ward_name":"92 - Muneshwara Block","ward_name_kn":"ಮುನೇಶ್ವರ ಬ್ಲಾಕ್","ward_TOT_P":"19922.0","ward_TOT_M":"10335.0","ward_TOT_F":"9587.0","ward_SC_P":"2234.0","ward_SC_M":"1133.0","ward_SC_F":"1102.0","ward_ST_P":"397.0","ward_ST_M":"198.0","ward_ST_F":"199.0","ward_low_range":"18949","ward_high_range":"28424","ward_RO_Code":"12","ward_RO_Division":"RO- Hampi Nagar","ward_ARO_Code":"36","ward_ARO_ Sub Division":"ARO- Avalahalli","ward_zone":"Zone2","ward_zone_name":"Malleshwaram","ward_join_status":"matched","ward_spatial_match_count":1},"geometry":{"type":"Point","coordinates":[77.54826000000008,12.946153400000071,0]},"id":256},{"type":"Feature","properties":{"fid":257,"OBJECTID":257,"Name":"Placemark","FolderPath":"BBMP Toilets","SymbolID":0,"AltMode":-1,"Base":0,"Snippet":"","PopupInfo":"","HasLabel":-1,"LabelID":0,"ward_source_id":"ward_369_final.19","ward_source_Name":null,"ward_description":null,"ward_timestamp":null,"ward_begin":null,"ward_end":null,"ward_altitudeMode":null,"ward_tessellate":-1,"ward_extrude":0,"ward_visibility":-1,"ward_drawOrder":null,"ward_icon":null,"ward_Corporation":"South","ward_corporation_kn":"ದಕ್ಷಿಣ","ward_corporation_id":"4","ward_ac":"Jayanagar","ward_ac_kn":"ಜಯನಗರ","ward_ac_no":"173","ward_Assembly":"173 - Jayanagar","ward_id":"8","ward_name":"8 - Tilak Nagara","ward_name_kn":"ತಿಲಕ ನಗರ","ward_TOT_P":"25625.0","ward_TOT_M":"13008.0","ward_TOT_F":"12617.0","ward_SC_P":"2769.0","ward_SC_M":"1375.0","ward_SC_F":"1395.0","ward_ST_P":"262.0","ward_ST_M":"128.0","ward_ST_F":"134.0","ward_low_range":"18594","ward_high_range":"27891","ward_RO_Code":"9","ward_RO_Division":"RO- Jayanagar","ward_ARO_Code":"23","ward_ARO_ Sub Division":"ARO- Byrasandra","ward_zone":"Zone1","ward_zone_name":"Jayanagar","ward_join_status":"matched","ward_spatial_match_count":1},"geometry":{"type":"Point","coordinates":[77.59297660000004,12.925842600000067,0]},"id":257},{"type":"Feature","properties":{"fid":258,"OBJECTID":258,"Name":"Placemark","FolderPath":"BBMP Toilets","SymbolID":0,"AltMode":-1,"Base":0,"Snippet":"","PopupInfo":"","HasLabel":-1,"LabelID":0,"ward_source_id":"ward_369_final.326","ward_source_Name":null,"ward_description":null,"ward_timestamp":null,"ward_begin":null,"ward_end":null,"ward_altitudeMode":null,"ward_tessellate":-1,"ward_extrude":0,"ward_visibility":-1,"ward_drawOrder":null,"ward_icon":null,"ward_Corporation":"West","ward_corporation_kn":"ಪಶ್ಚಿಮ","ward_corporation_id":"5","ward_ac":"Basavanagudi","ward_ac_kn":"ಬಸವನಗುಡಿ","ward_ac_no":"170","ward_Assembly":"170 - Basavanagudi","ward_id":"96","ward_name":"96 - Kathriguppe","ward_name_kn":"ಕತ್ರಿಗುಪ್ಪೆ","ward_TOT_P":"27696.0","ward_TOT_M":"14064.0","ward_TOT_F":"13632.0","ward_SC_P":"557.0","ward_SC_M":"294.0","ward_SC_F":"263.0","ward_ST_P":"372.0","ward_ST_M":"179.0","ward_ST_F":"193.0","ward_low_range":"18949","ward_high_range":"28424","ward_RO_Code":"1","ward_RO_Division":"RO- Basavanagudi","ward_ARO_Code":"2","ward_ARO_ Sub Division":"ARO- Katriguppe","ward_zone":"Zone2","ward_zone_name":"Malleshwaram","ward_join_status":"matched","ward_spatial_match_count":1},"geometry":{"type":"Point","coordinates":[77.55388880000004,12.930669300000034,0]},"id":258},{"type":"Feature","properties":{"fid":259,"OBJECTID":259,"Name":"Placemark","FolderPath":"BBMP Toilets","SymbolID":0,"AltMode":-1,"Base":0,"Snippet":"","PopupInfo":"","HasLabel":-1,"LabelID":0,"ward_source_id":"ward_369_final.286","ward_source_Name":null,"ward_description":null,"ward_timestamp":null,"ward_begin":null,"ward_end":null,"ward_altitudeMode":null,"ward_tessellate":-1,"ward_extrude":0,"ward_visibility":-1,"ward_drawOrder":null,"ward_icon":null,"ward_Corporation":"Central","ward_corporation_kn":"ಕೇಂದ್ರ","ward_corporation_id":"1","ward_ac":"Chickpet","ward_ac_kn":"ಚಿಕ್ಕಪೇಟೆ","ward_ac_no":"169","ward_Assembly":"169 - Chickpet","ward_id":"32","ward_name":"32 - SilverJubilee Park Ward","ward_name_kn":"ಸಿಲ್ವರ್ ಜುಬಿಲಿ ಪಾರ್ಕ್ ವಾರ್ಡ್","ward_TOT_P":"18858.0","ward_TOT_M":"9562.0","ward_TOT_F":"9176.0","ward_SC_P":"6825.0","ward_SC_M":"3344.0","ward_SC_F":"3481.0","ward_ST_P":"233.0","ward_ST_M":"104.0","ward_ST_F":"129.0","ward_low_range":"18853","ward_high_range":"28280","ward_RO_Code":"4","ward_RO_Division":"RO - Chickpet","ward_ARO_Code":"11","ward_ARO_ Sub Division":"ARO- Dharmaraya Swamy Temple","ward_zone":"Zone2","ward_zone_name":"Gandhinagara","ward_join_status":"matched","ward_spatial_match_count":1},"geometry":{"type":"Point","coordinates":[77.58299870000008,12.961698500000068,0]},"id":259},{"type":"Feature","properties":{"fid":260,"OBJECTID":260,"Name":"Placemark","FolderPath":"BBMP Toilets","SymbolID":0,"AltMode":-1,"Base":0,"Snippet":"","PopupInfo":"","HasLabel":-1,"LabelID":0,"ward_source_id":"ward_369_final.212","ward_source_Name":null,"ward_description":null,"ward_timestamp":null,"ward_begin":null,"ward_end":null,"ward_altitudeMode":null,"ward_tessellate":-1,"ward_extrude":0,"ward_visibility":-1,"ward_drawOrder":null,"ward_icon":null,"ward_Corporation":"South","ward_corporation_kn":"ದಕ್ಷಿಣ","ward_corporation_id":"4","ward_ac":"Padmanabanagar","ward_ac_kn":"ಪದ್ಮನಾಭನಗರ","ward_ac_no":"171","ward_Assembly":"171 - Padmanabanagar","ward_id":"3","ward_name":"3 - Yarab nagar","ward_name_kn":"ಯಾರಬ್ ನಗರ","ward_TOT_P":"20832.0","ward_TOT_M":"10611.0","ward_TOT_F":"10221.0","ward_SC_P":"2112.0","ward_SC_M":"1094.0","ward_SC_F":"1019.0","ward_ST_P":"721.0","ward_ST_M":"375.0","ward_ST_F":"346.0","ward_low_range":"18594","ward_high_range":"27891","ward_RO_Code":"11","ward_RO_Division":"RO- Padmanabhanagara","ward_ARO_Code":"29","ward_ARO_ Sub Division":"ARO- Padmanabhanagara","ward_zone":"Zone1","ward_zone_name":"Jayanagar","ward_join_status":"matched","ward_spatial_match_count":1},"geometry":{"type":"Point","coordinates":[77.56527080000006,12.917084700000032,0]},"id":260},{"type":"Feature","properties":{"fid":261,"OBJECTID":261,"Name":"Placemark","FolderPath":"BBMP Toilets","SymbolID":0,"AltMode":-1,"Base":0,"Snippet":"","PopupInfo":"","HasLabel":-1,"LabelID":0,"ward_source_id":"ward_369_final.295","ward_source_Name":null,"ward_description":null,"ward_timestamp":null,"ward_begin":null,"ward_end":null,"ward_altitudeMode":null,"ward_tessellate":-1,"ward_extrude":0,"ward_visibility":-1,"ward_drawOrder":null,"ward_icon":null,"ward_Corporation":"West","ward_corporation_kn":"ಪಶ್ಚಿಮ","ward_corporation_id":"5","ward_ac":"Vijayanagar","ward_ac_kn":"ವಿಜಯನಗರ","ward_ac_no":"167","ward_Assembly":"167 - Vijayanagar","ward_id":"92","ward_name":"92 - Muneshwara Block","ward_name_kn":"ಮುನೇಶ್ವರ ಬ್ಲಾಕ್","ward_TOT_P":"19922.0","ward_TOT_M":"10335.0","ward_TOT_F":"9587.0","ward_SC_P":"2234.0","ward_SC_M":"1133.0","ward_SC_F":"1102.0","ward_ST_P":"397.0","ward_ST_M":"198.0","ward_ST_F":"199.0","ward_low_range":"18949","ward_high_range":"28424","ward_RO_Code":"12","ward_RO_Division":"RO- Hampi Nagar","ward_ARO_Code":"36","ward_ARO_ Sub Division":"ARO- Avalahalli","ward_zone":"Zone2","ward_zone_name":"Malleshwaram","ward_join_status":"matched","ward_spatial_match_count":1},"geometry":{"type":"Point","coordinates":[77.54861710000006,12.945851000000062,0]},"id":261},{"type":"Feature","properties":{"fid":262,"OBJECTID":262,"Name":"Placemark","FolderPath":"BBMP Toilets","SymbolID":0,"AltMode":-1,"Base":0,"Snippet":"","PopupInfo":"","HasLabel":-1,"LabelID":0,"ward_source_id":"ward_369_final.286","ward_source_Name":null,"ward_description":null,"ward_timestamp":null,"ward_begin":null,"ward_end":null,"ward_altitudeMode":null,"ward_tessellate":-1,"ward_extrude":0,"ward_visibility":-1,"ward_drawOrder":null,"ward_icon":null,"ward_Corporation":"Central","ward_corporation_kn":"ಕೇಂದ್ರ","ward_corporation_id":"1","ward_ac":"Chickpet","ward_ac_kn":"ಚಿಕ್ಕಪೇಟೆ","ward_ac_no":"169","ward_Assembly":"169 - Chickpet","ward_id":"32","ward_name":"32 - SilverJubilee Park Ward","ward_name_kn":"ಸಿಲ್ವರ್ ಜುಬಿಲಿ ಪಾರ್ಕ್ ವಾರ್ಡ್","ward_TOT_P":"18858.0","ward_TOT_M":"9562.0","ward_TOT_F":"9176.0","ward_SC_P":"6825.0","ward_SC_M":"3344.0","ward_SC_F":"3481.0","ward_ST_P":"233.0","ward_ST_M":"104.0","ward_ST_F":"129.0","ward_low_range":"18853","ward_high_range":"28280","ward_RO_Code":"4","ward_RO_Division":"RO - Chickpet","ward_ARO_Code":"11","ward_ARO_ Sub Division":"ARO- Dharmaraya Swamy Temple","ward_zone":"Zone2","ward_zone_name":"Gandhinagara","ward_join_status":"matched","ward_spatial_match_count":1},"geometry":{"type":"Point","coordinates":[77.58188090000004,12.961617400000023,0]},"id":262},{"type":"Feature","properties":{"fid":263,"OBJECTID":263,"Name":"Placemark","FolderPath":"BBMP Toilets","SymbolID":0,"AltMode":-1,"Base":0,"Snippet":"","PopupInfo":"","HasLabel":-1,"LabelID":0,"ward_source_id":"ward_369_final.27","ward_source_Name":null,"ward_description":null,"ward_timestamp":null,"ward_begin":null,"ward_end":null,"ward_altitudeMode":null,"ward_tessellate":-1,"ward_extrude":0,"ward_visibility":-1,"ward_drawOrder":null,"ward_icon":null,"ward_Corporation":"South","ward_corporation_kn":"ದಕ್ಷಿಣ","ward_corporation_id":"4","ward_ac":"Padmanabanagar","ward_ac_kn":"ಪದ್ಮನಾಭನಗರ","ward_ac_no":"171","ward_Assembly":"171 - Padmanabanagar","ward_id":"4","ward_name":"4 - Banashankari Temple Ward","ward_name_kn":"ಬನಶಂಕರಿ ದೇವಸ್ಥಾನ ವಾರ್ಡ್","ward_TOT_P":"22549.0","ward_TOT_M":"11525.0","ward_TOT_F":"11024.0","ward_SC_P":"1334.0","ward_SC_M":"705.0","ward_SC_F":"629.0","ward_ST_P":"814.0","ward_ST_M":"407.0","ward_ST_F":"407.0","ward_low_range":"18594","ward_high_range":"27891","ward_RO_Code":"11","ward_RO_Division":"RO- Padmanabhanagara","ward_ARO_Code":"28","ward_ARO_ Sub Division":"ARO- Banashankari","ward_zone":"Zone1","ward_zone_name":"Jayanagar","ward_join_status":"matched","ward_spatial_match_count":1},"geometry":{"type":"Point","coordinates":[77.57265380000007,12.911713200000065,0]},"id":263},{"type":"Feature","properties":{"fid":264,"OBJECTID":264,"Name":"Placemark","FolderPath":"BBMP Toilets","SymbolID":0,"AltMode":-1,"Base":0,"Snippet":"","PopupInfo":"","HasLabel":-1,"LabelID":0,"ward_source_id":"ward_369_final.160","ward_source_Name":null,"ward_description":null,"ward_timestamp":null,"ward_begin":null,"ward_end":null,"ward_altitudeMode":null,"ward_tessellate":-1,"ward_extrude":0,"ward_visibility":-1,"ward_drawOrder":null,"ward_icon":null,"ward_Corporation":"Central","ward_corporation_kn":"ಕೇಂದ್ರ","ward_corporation_id":"1","ward_ac":"Chickpet","ward_ac_kn":"ಚಿಕ್ಕಪೇಟೆ","ward_ac_no":"169","ward_Assembly":"169 - Chickpet","ward_id":"34","ward_name":"34 - D.V Gundappa Ward","ward_name_kn":"ಡಿ.ವಿ. ಗುಂಡಪ್ಪ ವಾರ್ಡ್","ward_TOT_P":"20279.0","ward_TOT_M":"10418.0","ward_TOT_F":"9986.0","ward_SC_P":"5426.0","ward_SC_M":"2672.0","ward_SC_F":"2754.0","ward_ST_P":"102.0","ward_ST_M":"47.0","ward_ST_F":"55.0","ward_low_range":"18853","ward_high_range":"28280","ward_RO_Code":"4","ward_RO_Division":"RO - Chickpet","ward_ARO_Code":"11","ward_ARO_ Sub Division":"ARO- Dharmaraya Swamy Temple","ward_zone":"Zone2","ward_zone_name":"Gandhinagara","ward_join_status":"matched","ward_spatial_match_count":1},"geometry":{"type":"Point","coordinates":[77.58050850000006,12.959585700000048,0]},"id":264},{"type":"Feature","properties":{"fid":265,"OBJECTID":265,"Name":"Placemark","FolderPath":"BBMP Toilets","SymbolID":0,"AltMode":-1,"Base":0,"Snippet":"","PopupInfo":"","HasLabel":-1,"LabelID":0,"ward_source_id":"ward_369_final.19","ward_source_Name":null,"ward_description":null,"ward_timestamp":null,"ward_begin":null,"ward_end":null,"ward_altitudeMode":null,"ward_tessellate":-1,"ward_extrude":0,"ward_visibility":-1,"ward_drawOrder":null,"ward_icon":null,"ward_Corporation":"South","ward_corporation_kn":"ದಕ್ಷಿಣ","ward_corporation_id":"4","ward_ac":"Jayanagar","ward_ac_kn":"ಜಯನಗರ","ward_ac_no":"173","ward_Assembly":"173 - Jayanagar","ward_id":"8","ward_name":"8 - Tilak Nagara","ward_name_kn":"ತಿಲಕ ನಗರ","ward_TOT_P":"25625.0","ward_TOT_M":"13008.0","ward_TOT_F":"12617.0","ward_SC_P":"2769.0","ward_SC_M":"1375.0","ward_SC_F":"1395.0","ward_ST_P":"262.0","ward_ST_M":"128.0","ward_ST_F":"134.0","ward_low_range":"18594","ward_high_range":"27891","ward_RO_Code":"9","ward_RO_Division":"RO- Jayanagar","ward_ARO_Code":"23","ward_ARO_ Sub Division":"ARO- Byrasandra","ward_zone":"Zone1","ward_zone_name":"Jayanagar","ward_join_status":"matched","ward_spatial_match_count":1},"geometry":{"type":"Point","coordinates":[77.58460930000007,12.928400000000067,0]},"id":265},{"type":"Feature","properties":{"fid":266,"OBJECTID":266,"Name":"Placemark","FolderPath":"BBMP Toilets","SymbolID":0,"AltMode":-1,"Base":0,"Snippet":"","PopupInfo":"","HasLabel":-1,"LabelID":0,"ward_source_id":"ward_369_final.160","ward_source_Name":null,"ward_description":null,"ward_timestamp":null,"ward_begin":null,"ward_end":null,"ward_altitudeMode":null,"ward_tessellate":-1,"ward_extrude":0,"ward_visibility":-1,"ward_drawOrder":null,"ward_icon":null,"ward_Corporation":"Central","ward_corporation_kn":"ಕೇಂದ್ರ","ward_corporation_id":"1","ward_ac":"Chickpet","ward_ac_kn":"ಚಿಕ್ಕಪೇಟೆ","ward_ac_no":"169","ward_Assembly":"169 - Chickpet","ward_id":"34","ward_name":"34 - D.V Gundappa Ward","ward_name_kn":"ಡಿ.ವಿ. ಗುಂಡಪ್ಪ ವಾರ್ಡ್","ward_TOT_P":"20279.0","ward_TOT_M":"10418.0","ward_TOT_F":"9986.0","ward_SC_P":"5426.0","ward_SC_M":"2672.0","ward_SC_F":"2754.0","ward_ST_P":"102.0","ward_ST_M":"47.0","ward_ST_F":"55.0","ward_low_range":"18853","ward_high_range":"28280","ward_RO_Code":"4","ward_RO_Division":"RO - Chickpet","ward_ARO_Code":"11","ward_ARO_ Sub Division":"ARO- Dharmaraya Swamy Temple","ward_zone":"Zone2","ward_zone_name":"Gandhinagara","ward_join_status":"matched","ward_spatial_match_count":1},"geometry":{"type":"Point","coordinates":[77.58219810000008,12.958780200000035,0]},"id":266},{"type":"Feature","properties":{"fid":267,"OBJECTID":267,"Name":"Placemark","FolderPath":"BBMP Toilets","SymbolID":0,"AltMode":-1,"Base":0,"Snippet":"","PopupInfo":"","HasLabel":-1,"LabelID":0,"ward_source_id":"ward_369_final.295","ward_source_Name":null,"ward_description":null,"ward_timestamp":null,"ward_begin":null,"ward_end":null,"ward_altitudeMode":null,"ward_tessellate":-1,"ward_extrude":0,"ward_visibility":-1,"ward_drawOrder":null,"ward_icon":null,"ward_Corporation":"West","ward_corporation_kn":"ಪಶ್ಚಿಮ","ward_corporation_id":"5","ward_ac":"Vijayanagar","ward_ac_kn":"ವಿಜಯನಗರ","ward_ac_no":"167","ward_Assembly":"167 - Vijayanagar","ward_id":"92","ward_name":"92 - Muneshwara Block","ward_name_kn":"ಮುನೇಶ್ವರ ಬ್ಲಾಕ್","ward_TOT_P":"19922.0","ward_TOT_M":"10335.0","ward_TOT_F":"9587.0","ward_SC_P":"2234.0","ward_SC_M":"1133.0","ward_SC_F":"1102.0","ward_ST_P":"397.0","ward_ST_M":"198.0","ward_ST_F":"199.0","ward_low_range":"18949","ward_high_range":"28424","ward_RO_Code":"12","ward_RO_Division":"RO- Hampi Nagar","ward_ARO_Code":"36","ward_ARO_ Sub Division":"ARO- Avalahalli","ward_zone":"Zone2","ward_zone_name":"Malleshwaram","ward_join_status":"matched","ward_spatial_match_count":1},"geometry":{"type":"Point","coordinates":[77.54848250000003,12.95569560000007,0]},"id":267},{"type":"Feature","properties":{"fid":268,"OBJECTID":268,"Name":"Placemark","FolderPath":"BBMP Toilets","SymbolID":0,"AltMode":-1,"Base":0,"Snippet":"","PopupInfo":"","HasLabel":-1,"LabelID":0,"ward_source_id":"ward_369_final.19","ward_source_Name":null,"ward_description":null,"ward_timestamp":null,"ward_begin":null,"ward_end":null,"ward_altitudeMode":null,"ward_tessellate":-1,"ward_extrude":0,"ward_visibility":-1,"ward_drawOrder":null,"ward_icon":null,"ward_Corporation":"South","ward_corporation_kn":"ದಕ್ಷಿಣ","ward_corporation_id":"4","ward_ac":"Jayanagar","ward_ac_kn":"ಜಯನಗರ","ward_ac_no":"173","ward_Assembly":"173 - Jayanagar","ward_id":"8","ward_name":"8 - Tilak Nagara","ward_name_kn":"ತಿಲಕ ನಗರ","ward_TOT_P":"25625.0","ward_TOT_M":"13008.0","ward_TOT_F":"12617.0","ward_SC_P":"2769.0","ward_SC_M":"1375.0","ward_SC_F":"1395.0","ward_ST_P":"262.0","ward_ST_M":"128.0","ward_ST_F":"134.0","ward_low_range":"18594","ward_high_range":"27891","ward_RO_Code":"9","ward_RO_Division":"RO- Jayanagar","ward_ARO_Code":"23","ward_ARO_ Sub Division":"ARO- Byrasandra","ward_zone":"Zone1","ward_zone_name":"Jayanagar","ward_join_status":"matched","ward_spatial_match_count":1},"geometry":{"type":"Point","coordinates":[77.58438320000005,12.929540000000031,0]},"id":268},{"type":"Feature","properties":{"fid":269,"OBJECTID":269,"Name":"Placemark","FolderPath":"BBMP Toilets","SymbolID":0,"AltMode":-1,"Base":0,"Snippet":"","PopupInfo":"","HasLabel":-1,"LabelID":0,"ward_source_id":"ward_369_final.18","ward_source_Name":null,"ward_description":null,"ward_timestamp":null,"ward_begin":null,"ward_end":null,"ward_altitudeMode":null,"ward_tessellate":-1,"ward_extrude":0,"ward_visibility":-1,"ward_drawOrder":null,"ward_icon":null,"ward_Corporation":"South","ward_corporation_kn":"ದಕ್ಷಿಣ","ward_corporation_id":"4","ward_ac":"Jayanagar","ward_ac_kn":"ಜಯನಗರ","ward_ac_no":"173","ward_Assembly":"173 - Jayanagar","ward_id":"7","ward_name":"7 - Byrasandra","ward_name_kn":"ಬೈರಸಂದ್ರ","ward_TOT_P":"21108.0","ward_TOT_M":"10510.0","ward_TOT_F":"10598.0","ward_SC_P":"2813.0","ward_SC_M":"1399.0","ward_SC_F":"1414.0","ward_ST_P":"225.0","ward_ST_M":"109.0","ward_ST_F":"116.0","ward_low_range":"18594","ward_high_range":"27891","ward_RO_Code":"9","ward_RO_Division":"RO- Jayanagar","ward_ARO_Code":"23","ward_ARO_ Sub Division":"ARO- Byrasandra","ward_zone":"Zone1","ward_zone_name":"Jayanagar","ward_join_status":"matched","ward_spatial_match_count":1},"geometry":{"type":"Point","coordinates":[77.58928510000004,12.932498800000076,0]},"id":269},{"type":"Feature","properties":{"fid":270,"OBJECTID":270,"Name":"Placemark","FolderPath":"BBMP Toilets","SymbolID":0,"AltMode":-1,"Base":0,"Snippet":"","PopupInfo":"","HasLabel":-1,"LabelID":0,"ward_source_id":"ward_369_final.18","ward_source_Name":null,"ward_description":null,"ward_timestamp":null,"ward_begin":null,"ward_end":null,"ward_altitudeMode":null,"ward_tessellate":-1,"ward_extrude":0,"ward_visibility":-1,"ward_drawOrder":null,"ward_icon":null,"ward_Corporation":"South","ward_corporation_kn":"ದಕ್ಷಿಣ","ward_corporation_id":"4","ward_ac":"Jayanagar","ward_ac_kn":"ಜಯನಗರ","ward_ac_no":"173","ward_Assembly":"173 - Jayanagar","ward_id":"7","ward_name":"7 - Byrasandra","ward_name_kn":"ಬೈರಸಂದ್ರ","ward_TOT_P":"21108.0","ward_TOT_M":"10510.0","ward_TOT_F":"10598.0","ward_SC_P":"2813.0","ward_SC_M":"1399.0","ward_SC_F":"1414.0","ward_ST_P":"225.0","ward_ST_M":"109.0","ward_ST_F":"116.0","ward_low_range":"18594","ward_high_range":"27891","ward_RO_Code":"9","ward_RO_Division":"RO- Jayanagar","ward_ARO_Code":"23","ward_ARO_ Sub Division":"ARO- Byrasandra","ward_zone":"Zone1","ward_zone_name":"Jayanagar","ward_join_status":"matched","ward_spatial_match_count":1},"geometry":{"type":"Point","coordinates":[77.58338450000008,12.930605000000071,0]},"id":270},{"type":"Feature","properties":{"fid":271,"OBJECTID":271,"Name":"Placemark","FolderPath":"BBMP Toilets","SymbolID":0,"AltMode":-1,"Base":0,"Snippet":"","PopupInfo":"","HasLabel":-1,"LabelID":0,"ward_source_id":"ward_369_final.337","ward_source_Name":null,"ward_description":null,"ward_timestamp":null,"ward_begin":null,"ward_end":null,"ward_altitudeMode":null,"ward_tessellate":-1,"ward_extrude":0,"ward_visibility":-1,"ward_drawOrder":null,"ward_icon":null,"ward_Corporation":"West","ward_corporation_kn":"ಪಶ್ಚಿಮ","ward_corporation_id":"5","ward_ac":"Padmanabanagar","ward_ac_kn":"ಪದ್ಮನಾಭನಗರ","ward_ac_no":"171","ward_Assembly":"171 - Padmanabanagar","ward_id":"108","ward_name":"108 - Ganesh Mandira Ward","ward_name_kn":"ಗಣೇಶ್ ಮಂದಿರಾ ವಾರ್ಡ್","ward_TOT_P":"24265.0","ward_TOT_M":"12133.0","ward_TOT_F":"12133.0","ward_SC_P":"774.0","ward_SC_M":"396.0","ward_SC_F":"378.0","ward_ST_P":"247.0","ward_ST_M":"127.0","ward_ST_F":"120.0","ward_low_range":"18949","ward_high_range":"28424","ward_RO_Code":"7","ward_RO_Division":"RO- Yediyuru","ward_ARO_Code":"23","ward_ARO_ Sub Division":"ARO- Ganesh Mandir","ward_zone":"Zone1","ward_zone_name":"Rajarajeshwarinagar","ward_join_status":"matched","ward_spatial_match_count":1},"geometry":{"type":"Point","coordinates":[77.56951330000004,12.921175000000062,0]},"id":271},{"type":"Feature","properties":{"fid":272,"OBJECTID":272,"Name":"Placemark","FolderPath":"BBMP Toilets","SymbolID":0,"AltMode":-1,"Base":0,"Snippet":"","PopupInfo":"","HasLabel":-1,"LabelID":0,"ward_source_id":"ward_369_final.18","ward_source_Name":null,"ward_description":null,"ward_timestamp":null,"ward_begin":null,"ward_end":null,"ward_altitudeMode":null,"ward_tessellate":-1,"ward_extrude":0,"ward_visibility":-1,"ward_drawOrder":null,"ward_icon":null,"ward_Corporation":"South","ward_corporation_kn":"ದಕ್ಷಿಣ","ward_corporation_id":"4","ward_ac":"Jayanagar","ward_ac_kn":"ಜಯನಗರ","ward_ac_no":"173","ward_Assembly":"173 - Jayanagar","ward_id":"7","ward_name":"7 - Byrasandra","ward_name_kn":"ಬೈರಸಂದ್ರ","ward_TOT_P":"21108.0","ward_TOT_M":"10510.0","ward_TOT_F":"10598.0","ward_SC_P":"2813.0","ward_SC_M":"1399.0","ward_SC_F":"1414.0","ward_ST_P":"225.0","ward_ST_M":"109.0","ward_ST_F":"116.0","ward_low_range":"18594","ward_high_range":"27891","ward_RO_Code":"9","ward_RO_Division":"RO- Jayanagar","ward_ARO_Code":"23","ward_ARO_ Sub Division":"ARO- Byrasandra","ward_zone":"Zone1","ward_zone_name":"Jayanagar","ward_join_status":"matched","ward_spatial_match_count":1},"geometry":{"type":"Point","coordinates":[77.58065270000003,12.928617300000042,0]},"id":272},{"type":"Feature","properties":{"fid":273,"OBJECTID":273,"Name":"Placemark","FolderPath":"BBMP Toilets","SymbolID":0,"AltMode":-1,"Base":0,"Snippet":"","PopupInfo":"","HasLabel":-1,"LabelID":0,"ward_source_id":"ward_369_final.14","ward_source_Name":null,"ward_description":null,"ward_timestamp":null,"ward_begin":null,"ward_end":null,"ward_altitudeMode":null,"ward_tessellate":-1,"ward_extrude":0,"ward_visibility":-1,"ward_drawOrder":null,"ward_icon":null,"ward_Corporation":"East","ward_corporation_kn":"ಪೂರ್ವ","ward_corporation_id":"3","ward_ac":"K.R. Pura","ward_ac_kn":"ಕೆ.ಆರ್. ಪುರ","ward_ac_no":"151","ward_Assembly":"151 - K.R. Pura","ward_id":"14","ward_name":"14 - K.R Pura","ward_name_kn":"ಕೆ ಆರ್ ಪುರ","ward_TOT_P":"14930.0","ward_TOT_M":"7717.0","ward_TOT_F":"7213.0","ward_SC_P":"1560.0","ward_SC_M":"794.0","ward_SC_F":"766.0","ward_ST_P":"351.0","ward_ST_M":"194.0","ward_ST_F":"157.0","ward_low_range":"14567","ward_high_range":"21851","ward_RO_Code":"2","ward_RO_Division":"RO- KR Pura","ward_ARO_Code":"6","ward_ARO_ Sub Division":"ARO- KR Pura","ward_zone":"Zone2","ward_zone_name":"K.R. Pura","ward_join_status":"matched","ward_spatial_match_count":1},"geometry":{"type":"Point","coordinates":[77.69556480000006,13.007836200000042,0]},"id":273},{"type":"Feature","properties":{"fid":274,"OBJECTID":274,"Name":"Placemark","FolderPath":"BBMP Toilets","SymbolID":0,"AltMode":-1,"Base":0,"Snippet":"","PopupInfo":"","HasLabel":-1,"LabelID":0,"ward_source_id":"ward_369_final.336","ward_source_Name":null,"ward_description":null,"ward_timestamp":null,"ward_begin":null,"ward_end":null,"ward_altitudeMode":null,"ward_tessellate":-1,"ward_extrude":0,"ward_visibility":-1,"ward_drawOrder":null,"ward_icon":null,"ward_Corporation":"West","ward_corporation_kn":"ಪಶ್ಚಿಮ","ward_corporation_id":"5","ward_ac":"Padmanabanagar","ward_ac_kn":"ಪದ್ಮನಾಭನಗರ","ward_ac_no":"171","ward_Assembly":"171 - Padmanabanagar","ward_id":"106","ward_name":"106 - Devagiri Temple Ward","ward_name_kn":"ದೇವಗಿರಿ ದೇವಸ್ಥಾನ ವಾರ್ಡ್","ward_TOT_P":"19352.0","ward_TOT_M":"9698.0","ward_TOT_F":"9654.0","ward_SC_P":"1603.0","ward_SC_M":"790.0","ward_SC_F":"813.0","ward_ST_P":"323.0","ward_ST_M":"163.0","ward_ST_F":"160.0","ward_low_range":"18949","ward_high_range":"28424","ward_RO_Code":"7","ward_RO_Division":"RO- Yediyuru","ward_ARO_Code":"25","ward_ARO_ Sub Division":"ARO- Yediyuru","ward_zone":"Zone1","ward_zone_name":"Rajarajeshwarinagar","ward_join_status":"matched","ward_spatial_match_count":1},"geometry":{"type":"Point","coordinates":[77.56973330000005,12.926443300000074,0]},"id":274},{"type":"Feature","properties":{"fid":275,"OBJECTID":275,"Name":"Placemark","FolderPath":"BBMP Toilets","SymbolID":0,"AltMode":-1,"Base":0,"Snippet":"","PopupInfo":"","HasLabel":-1,"LabelID":0,"ward_source_id":"ward_369_final.337","ward_source_Name":null,"ward_description":null,"ward_timestamp":null,"ward_begin":null,"ward_end":null,"ward_altitudeMode":null,"ward_tessellate":-1,"ward_extrude":0,"ward_visibility":-1,"ward_drawOrder":null,"ward_icon":null,"ward_Corporation":"West","ward_corporation_kn":"ಪಶ್ಚಿಮ","ward_corporation_id":"5","ward_ac":"Padmanabanagar","ward_ac_kn":"ಪದ್ಮನಾಭನಗರ","ward_ac_no":"171","ward_Assembly":"171 - Padmanabanagar","ward_id":"108","ward_name":"108 - Ganesh Mandira Ward","ward_name_kn":"ಗಣೇಶ್ ಮಂದಿರಾ ವಾರ್ಡ್","ward_TOT_P":"24265.0","ward_TOT_M":"12133.0","ward_TOT_F":"12133.0","ward_SC_P":"774.0","ward_SC_M":"396.0","ward_SC_F":"378.0","ward_ST_P":"247.0","ward_ST_M":"127.0","ward_ST_F":"120.0","ward_low_range":"18949","ward_high_range":"28424","ward_RO_Code":"7","ward_RO_Division":"RO- Yediyuru","ward_ARO_Code":"23","ward_ARO_ Sub Division":"ARO- Ganesh Mandir","ward_zone":"Zone1","ward_zone_name":"Rajarajeshwarinagar","ward_join_status":"matched","ward_spatial_match_count":1},"geometry":{"type":"Point","coordinates":[77.56636170000007,12.924205000000029,0]},"id":275},{"type":"Feature","properties":{"fid":276,"OBJECTID":276,"Name":"Placemark","FolderPath":"BBMP Toilets","SymbolID":0,"AltMode":-1,"Base":0,"Snippet":"","PopupInfo":"","HasLabel":-1,"LabelID":0,"ward_source_id":"ward_369_final.19","ward_source_Name":null,"ward_description":null,"ward_timestamp":null,"ward_begin":null,"ward_end":null,"ward_altitudeMode":null,"ward_tessellate":-1,"ward_extrude":0,"ward_visibility":-1,"ward_drawOrder":null,"ward_icon":null,"ward_Corporation":"South","ward_corporation_kn":"ದಕ್ಷಿಣ","ward_corporation_id":"4","ward_ac":"Jayanagar","ward_ac_kn":"ಜಯನಗರ","ward_ac_no":"173","ward_Assembly":"173 - Jayanagar","ward_id":"8","ward_name":"8 - Tilak Nagara","ward_name_kn":"ತಿಲಕ ನಗರ","ward_TOT_P":"25625.0","ward_TOT_M":"13008.0","ward_TOT_F":"12617.0","ward_SC_P":"2769.0","ward_SC_M":"1375.0","ward_SC_F":"1395.0","ward_ST_P":"262.0","ward_ST_M":"128.0","ward_ST_F":"134.0","ward_low_range":"18594","ward_high_range":"27891","ward_RO_Code":"9","ward_RO_Division":"RO- Jayanagar","ward_ARO_Code":"23","ward_ARO_ Sub Division":"ARO- Byrasandra","ward_zone":"Zone1","ward_zone_name":"Jayanagar","ward_join_status":"matched","ward_spatial_match_count":1},"geometry":{"type":"Point","coordinates":[77.58915340000004,12.927548900000033,0]},"id":276},{"type":"Feature","properties":{"fid":277,"OBJECTID":277,"Name":"Placemark","FolderPath":"BBMP Toilets","SymbolID":0,"AltMode":-1,"Base":0,"Snippet":"","PopupInfo":"","HasLabel":-1,"LabelID":0,"ward_source_id":"ward_369_final.19","ward_source_Name":null,"ward_description":null,"ward_timestamp":null,"ward_begin":null,"ward_end":null,"ward_altitudeMode":null,"ward_tessellate":-1,"ward_extrude":0,"ward_visibility":-1,"ward_drawOrder":null,"ward_icon":null,"ward_Corporation":"South","ward_corporation_kn":"ದಕ್ಷಿಣ","ward_corporation_id":"4","ward_ac":"Jayanagar","ward_ac_kn":"ಜಯನಗರ","ward_ac_no":"173","ward_Assembly":"173 - Jayanagar","ward_id":"8","ward_name":"8 - Tilak Nagara","ward_name_kn":"ತಿಲಕ ನಗರ","ward_TOT_P":"25625.0","ward_TOT_M":"13008.0","ward_TOT_F":"12617.0","ward_SC_P":"2769.0","ward_SC_M":"1375.0","ward_SC_F":"1395.0","ward_ST_P":"262.0","ward_ST_M":"128.0","ward_ST_F":"134.0","ward_low_range":"18594","ward_high_range":"27891","ward_RO_Code":"9","ward_RO_Division":"RO- Jayanagar","ward_ARO_Code":"23","ward_ARO_ Sub Division":"ARO- Byrasandra","ward_zone":"Zone1","ward_zone_name":"Jayanagar","ward_join_status":"matched","ward_spatial_match_count":1},"geometry":{"type":"Point","coordinates":[77.59164030000005,12.928450000000055,0]},"id":277},{"type":"Feature","properties":{"fid":278,"OBJECTID":278,"Name":"Placemark","FolderPath":"BBMP Toilets","SymbolID":0,"AltMode":-1,"Base":0,"Snippet":"","PopupInfo":"","HasLabel":-1,"LabelID":0,"ward_source_id":"ward_369_final.311","ward_source_Name":null,"ward_description":null,"ward_timestamp":null,"ward_begin":null,"ward_end":null,"ward_altitudeMode":null,"ward_tessellate":-1,"ward_extrude":0,"ward_visibility":-1,"ward_drawOrder":null,"ward_icon":null,"ward_Corporation":"West","ward_corporation_kn":"ಪಶ್ಚಿಮ","ward_corporation_id":"5","ward_ac":"Vijayanagar","ward_ac_kn":"ವಿಜಯನಗರ","ward_ac_no":"167","ward_Assembly":"167 - Vijayanagar","ward_id":"90","ward_name":"90 - Krishnadevaraya ward","ward_name_kn":"ಕೃಷ್ಣದೇವರಾಯ ವಾರ್ಡ್","ward_TOT_P":"28148.0","ward_TOT_M":"14478.0","ward_TOT_F":"13669.0","ward_SC_P":"3804.0","ward_SC_M":"1945.0","ward_SC_F":"1859.0","ward_ST_P":"448.0","ward_ST_M":"232.0","ward_ST_F":"216.0","ward_low_range":"18949","ward_high_range":"28424","ward_RO_Code":"13","ward_RO_Division":"RO- Vijayanagar","ward_ARO_Code":"38","ward_ARO_ Sub Division":"ARO- Gali Anjaneya Temple","ward_zone":"Zone2","ward_zone_name":"Malleshwaram","ward_join_status":"matched","ward_spatial_match_count":1},"geometry":{"type":"Point","coordinates":[77.54079000000007,12.954736700000069,0]},"id":278},{"type":"Feature","properties":{"fid":279,"OBJECTID":279,"Name":"Placemark","FolderPath":"BBMP Toilets","SymbolID":0,"AltMode":-1,"Base":0,"Snippet":"","PopupInfo":"","HasLabel":-1,"LabelID":0,"ward_source_id":"ward_369_final.337","ward_source_Name":null,"ward_description":null,"ward_timestamp":null,"ward_begin":null,"ward_end":null,"ward_altitudeMode":null,"ward_tessellate":-1,"ward_extrude":0,"ward_visibility":-1,"ward_drawOrder":null,"ward_icon":null,"ward_Corporation":"West","ward_corporation_kn":"ಪಶ್ಚಿಮ","ward_corporation_id":"5","ward_ac":"Padmanabanagar","ward_ac_kn":"ಪದ್ಮನಾಭನಗರ","ward_ac_no":"171","ward_Assembly":"171 - Padmanabanagar","ward_id":"108","ward_name":"108 - Ganesh Mandira Ward","ward_name_kn":"ಗಣೇಶ್ ಮಂದಿರಾ ವಾರ್ಡ್","ward_TOT_P":"24265.0","ward_TOT_M":"12133.0","ward_TOT_F":"12133.0","ward_SC_P":"774.0","ward_SC_M":"396.0","ward_SC_F":"378.0","ward_ST_P":"247.0","ward_ST_M":"127.0","ward_ST_F":"120.0","ward_low_range":"18949","ward_high_range":"28424","ward_RO_Code":"7","ward_RO_Division":"RO- Yediyuru","ward_ARO_Code":"23","ward_ARO_ Sub Division":"ARO- Ganesh Mandir","ward_zone":"Zone1","ward_zone_name":"Rajarajeshwarinagar","ward_join_status":"matched","ward_spatial_match_count":1},"geometry":{"type":"Point","coordinates":[77.55981000000008,12.922221700000023,0]},"id":279},{"type":"Feature","properties":{"fid":280,"OBJECTID":280,"Name":"Placemark","FolderPath":"BBMP Toilets","SymbolID":0,"AltMode":-1,"Base":0,"Snippet":"","PopupInfo":"","HasLabel":-1,"LabelID":0,"ward_source_id":"ward_369_final.30","ward_source_Name":null,"ward_description":null,"ward_timestamp":null,"ward_begin":null,"ward_end":null,"ward_altitudeMode":null,"ward_tessellate":-1,"ward_extrude":0,"ward_visibility":-1,"ward_drawOrder":null,"ward_icon":null,"ward_Corporation":"South","ward_corporation_kn":"ದಕ್ಷಿಣ","ward_corporation_id":"4","ward_ac":"Jayanagar","ward_ac_kn":"ಜಯನಗರ","ward_ac_no":"173","ward_Assembly":"173 - Jayanagar","ward_id":"13","ward_name":"13 - Marenahalli South","ward_name_kn":"ಮಾರೇನಹಳ್ಳಿ ದಕ್ಷಿಣ","ward_TOT_P":"23458.0","ward_TOT_M":"12151.0","ward_TOT_F":"11307.0","ward_SC_P":"4326.0","ward_SC_M":"2147.0","ward_SC_F":"2178.0","ward_ST_P":"407.0","ward_ST_M":"202.0","ward_ST_F":"204.0","ward_low_range":"18594","ward_high_range":"27891","ward_RO_Code":"10","ward_RO_Division":"RO- JP Nagar","ward_ARO_Code":"26","ward_ARO_ Sub Division":"ARO- JP Nagar","ward_zone":"Zone1","ward_zone_name":"Jayanagar","ward_join_status":"matched","ward_spatial_match_count":1},"geometry":{"type":"Point","coordinates":[77.59472170000004,12.910235000000057,0]},"id":280},{"type":"Feature","properties":{"fid":281,"OBJECTID":281,"Name":"Placemark","FolderPath":"BBMP Toilets","SymbolID":0,"AltMode":-1,"Base":0,"Snippet":"","PopupInfo":"","HasLabel":-1,"LabelID":0,"ward_source_id":"ward_369_final.58","ward_source_Name":null,"ward_description":null,"ward_timestamp":null,"ward_begin":null,"ward_end":null,"ward_altitudeMode":null,"ward_tessellate":-1,"ward_extrude":0,"ward_visibility":-1,"ward_drawOrder":null,"ward_icon":null,"ward_Corporation":"West","ward_corporation_kn":"ಪಶ್ಚಿಮ","ward_corporation_id":"5","ward_ac":"Rajarajeshwarinagar","ward_ac_kn":"ರಾಜರಾಜೇಶ್ವರಿನಗರ","ward_ac_no":"154","ward_Assembly":"154 - Rajarajeshwarinagar","ward_id":"35","ward_name":"35 - Goraguntepalya","ward_name_kn":"ಗೋರಗುಂಟೆಪಾಳ್ಯ","ward_TOT_P":"21462.0","ward_TOT_M":"11354.0","ward_TOT_F":"10108.0","ward_SC_P":"4874.0","ward_SC_M":"2455.0","ward_SC_F":"2420.0","ward_ST_P":"823.0","ward_ST_M":"440.0","ward_ST_F":"383.0","ward_low_range":"18949","ward_high_range":"28424","ward_RO_Code":"10","ward_RO_Division":"RO- Peenya","ward_ARO_Code":"33","ward_ARO_ Sub Division":"ARO- Peenya","ward_zone":"Zone1","ward_zone_name":"Rajarajeshwarinagar","ward_join_status":"matched","ward_spatial_match_count":1},"geometry":{"type":"Point","coordinates":[77.54112950000007,13.028233900000032,0]},"id":281},{"type":"Feature","properties":{"fid":282,"OBJECTID":282,"Name":"Placemark","FolderPath":"BBMP Toilets","SymbolID":0,"AltMode":-1,"Base":0,"Snippet":"","PopupInfo":"","HasLabel":-1,"LabelID":0,"ward_source_id":"ward_369_final.19","ward_source_Name":null,"ward_description":null,"ward_timestamp":null,"ward_begin":null,"ward_end":null,"ward_altitudeMode":null,"ward_tessellate":-1,"ward_extrude":0,"ward_visibility":-1,"ward_drawOrder":null,"ward_icon":null,"ward_Corporation":"South","ward_corporation_kn":"ದಕ್ಷಿಣ","ward_corporation_id":"4","ward_ac":"Jayanagar","ward_ac_kn":"ಜಯನಗರ","ward_ac_no":"173","ward_Assembly":"173 - Jayanagar","ward_id":"8","ward_name":"8 - Tilak Nagara","ward_name_kn":"ತಿಲಕ ನಗರ","ward_TOT_P":"25625.0","ward_TOT_M":"13008.0","ward_TOT_F":"12617.0","ward_SC_P":"2769.0","ward_SC_M":"1375.0","ward_SC_F":"1395.0","ward_ST_P":"262.0","ward_ST_M":"128.0","ward_ST_F":"134.0","ward_low_range":"18594","ward_high_range":"27891","ward_RO_Code":"9","ward_RO_Division":"RO- Jayanagar","ward_ARO_Code":"23","ward_ARO_ Sub Division":"ARO- Byrasandra","ward_zone":"Zone1","ward_zone_name":"Jayanagar","ward_join_status":"matched","ward_spatial_match_count":1},"geometry":{"type":"Point","coordinates":[77.59142740000004,12.92887840000003,0]},"id":282},{"type":"Feature","properties":{"fid":283,"OBJECTID":283,"Name":"Placemark","FolderPath":"BBMP Toilets","SymbolID":0,"AltMode":-1,"Base":0,"Snippet":"","PopupInfo":"","HasLabel":-1,"LabelID":0,"ward_source_id":"ward_369_final.337","ward_source_Name":null,"ward_description":null,"ward_timestamp":null,"ward_begin":null,"ward_end":null,"ward_altitudeMode":null,"ward_tessellate":-1,"ward_extrude":0,"ward_visibility":-1,"ward_drawOrder":null,"ward_icon":null,"ward_Corporation":"West","ward_corporation_kn":"ಪಶ್ಚಿಮ","ward_corporation_id":"5","ward_ac":"Padmanabanagar","ward_ac_kn":"ಪದ್ಮನಾಭನಗರ","ward_ac_no":"171","ward_Assembly":"171 - Padmanabanagar","ward_id":"108","ward_name":"108 - Ganesh Mandira Ward","ward_name_kn":"ಗಣೇಶ್ ಮಂದಿರಾ ವಾರ್ಡ್","ward_TOT_P":"24265.0","ward_TOT_M":"12133.0","ward_TOT_F":"12133.0","ward_SC_P":"774.0","ward_SC_M":"396.0","ward_SC_F":"378.0","ward_ST_P":"247.0","ward_ST_M":"127.0","ward_ST_F":"120.0","ward_low_range":"18949","ward_high_range":"28424","ward_RO_Code":"7","ward_RO_Division":"RO- Yediyuru","ward_ARO_Code":"23","ward_ARO_ Sub Division":"ARO- Ganesh Mandir","ward_zone":"Zone1","ward_zone_name":"Rajarajeshwarinagar","ward_join_status":"matched","ward_spatial_match_count":1},"geometry":{"type":"Point","coordinates":[77.56365500000004,12.925071700000046,0]},"id":283},{"type":"Feature","properties":{"fid":284,"OBJECTID":284,"Name":"Placemark","FolderPath":"BBMP Toilets","SymbolID":0,"AltMode":-1,"Base":0,"Snippet":"","PopupInfo":"","HasLabel":-1,"LabelID":0,"ward_source_id":"ward_369_final.95","ward_source_Name":null,"ward_description":null,"ward_timestamp":null,"ward_begin":null,"ward_end":null,"ward_altitudeMode":null,"ward_tessellate":-1,"ward_extrude":0,"ward_visibility":-1,"ward_drawOrder":null,"ward_icon":null,"ward_Corporation":"South","ward_corporation_kn":"ದಕ್ಷಿಣ","ward_corporation_id":"4","ward_ac":"Jayanagar","ward_ac_kn":"ಜಯನಗರ","ward_ac_no":"173","ward_Assembly":"173 - Jayanagar","ward_id":"14","ward_name":"14 - J.P Nagar","ward_name_kn":"ಜೆ.ಪಿ. ನಗರ","ward_TOT_P":"22264.0","ward_TOT_M":"11250.0","ward_TOT_F":"11015.0","ward_SC_P":"1995.0","ward_SC_M":"966.0","ward_SC_F":"1029.0","ward_ST_P":"173.0","ward_ST_M":"89.0","ward_ST_F":"84.0","ward_low_range":"18594","ward_high_range":"27891","ward_RO_Code":"10","ward_RO_Division":"RO- JP Nagar","ward_ARO_Code":"26","ward_ARO_ Sub Division":"ARO- JP Nagar","ward_zone":"Zone1","ward_zone_name":"Jayanagar","ward_join_status":"matched","ward_spatial_match_count":1},"geometry":{"type":"Point","coordinates":[77.59941670000006,12.907043300000055,0]},"id":284},{"type":"Feature","properties":{"fid":285,"OBJECTID":285,"Name":"Placemark","FolderPath":"BBMP Toilets","SymbolID":0,"AltMode":-1,"Base":0,"Snippet":"","PopupInfo":"","HasLabel":-1,"LabelID":0,"ward_source_id":"ward_369_final.19","ward_source_Name":null,"ward_description":null,"ward_timestamp":null,"ward_begin":null,"ward_end":null,"ward_altitudeMode":null,"ward_tessellate":-1,"ward_extrude":0,"ward_visibility":-1,"ward_drawOrder":null,"ward_icon":null,"ward_Corporation":"South","ward_corporation_kn":"ದಕ್ಷಿಣ","ward_corporation_id":"4","ward_ac":"Jayanagar","ward_ac_kn":"ಜಯನಗರ","ward_ac_no":"173","ward_Assembly":"173 - Jayanagar","ward_id":"8","ward_name":"8 - Tilak Nagara","ward_name_kn":"ತಿಲಕ ನಗರ","ward_TOT_P":"25625.0","ward_TOT_M":"13008.0","ward_TOT_F":"12617.0","ward_SC_P":"2769.0","ward_SC_M":"1375.0","ward_SC_F":"1395.0","ward_ST_P":"262.0","ward_ST_M":"128.0","ward_ST_F":"134.0","ward_low_range":"18594","ward_high_range":"27891","ward_RO_Code":"9","ward_RO_Division":"RO- Jayanagar","ward_ARO_Code":"23","ward_ARO_ Sub Division":"ARO- Byrasandra","ward_zone":"Zone1","ward_zone_name":"Jayanagar","ward_join_status":"matched","ward_spatial_match_count":1},"geometry":{"type":"Point","coordinates":[77.59158070000007,12.927454700000055,0]},"id":285},{"type":"Feature","properties":{"fid":286,"OBJECTID":286,"Name":"Placemark","FolderPath":"BBMP Toilets","SymbolID":0,"AltMode":-1,"Base":0,"Snippet":"","PopupInfo":"","HasLabel":-1,"LabelID":0,"ward_source_id":"ward_369_final.282","ward_source_Name":null,"ward_description":null,"ward_timestamp":null,"ward_begin":null,"ward_end":null,"ward_altitudeMode":null,"ward_tessellate":-1,"ward_extrude":0,"ward_visibility":-1,"ward_drawOrder":null,"ward_icon":null,"ward_Corporation":"West","ward_corporation_kn":"ಪಶ್ಚಿಮ","ward_corporation_id":"5","ward_ac":"Vijayanagar","ward_ac_kn":"ವಿಜಯನಗರ","ward_ac_no":"167","ward_Assembly":"167 - Vijayanagar","ward_id":"89","ward_name":"89 - Bapuji Nagara","ward_name_kn":"ಬಾಪೂಜಿ ನಗರ","ward_TOT_P":"20625.0","ward_TOT_M":"10705.0","ward_TOT_F":"9921.0","ward_SC_P":"628.0","ward_SC_M":"319.0","ward_SC_F":"309.0","ward_ST_P":"277.0","ward_ST_M":"148.0","ward_ST_F":"129.0","ward_low_range":"18949","ward_high_range":"28424","ward_RO_Code":"13","ward_RO_Division":"RO- Vijayanagar","ward_ARO_Code":"38","ward_ARO_ Sub Division":"ARO- Gali Anjaneya Temple","ward_zone":"Zone2","ward_zone_name":"Malleshwaram","ward_join_status":"matched","ward_spatial_match_count":1},"geometry":{"type":"Point","coordinates":[77.54191590000005,12.953504200000054,0]},"id":286},{"type":"Feature","properties":{"fid":287,"OBJECTID":287,"Name":"Placemark","FolderPath":"BBMP Toilets","SymbolID":0,"AltMode":-1,"Base":0,"Snippet":"","PopupInfo":"","HasLabel":-1,"LabelID":0,"ward_source_id":"ward_369_final.282","ward_source_Name":null,"ward_description":null,"ward_timestamp":null,"ward_begin":null,"ward_end":null,"ward_altitudeMode":null,"ward_tessellate":-1,"ward_extrude":0,"ward_visibility":-1,"ward_drawOrder":null,"ward_icon":null,"ward_Corporation":"West","ward_corporation_kn":"ಪಶ್ಚಿಮ","ward_corporation_id":"5","ward_ac":"Vijayanagar","ward_ac_kn":"ವಿಜಯನಗರ","ward_ac_no":"167","ward_Assembly":"167 - Vijayanagar","ward_id":"89","ward_name":"89 - Bapuji Nagara","ward_name_kn":"ಬಾಪೂಜಿ ನಗರ","ward_TOT_P":"20625.0","ward_TOT_M":"10705.0","ward_TOT_F":"9921.0","ward_SC_P":"628.0","ward_SC_M":"319.0","ward_SC_F":"309.0","ward_ST_P":"277.0","ward_ST_M":"148.0","ward_ST_F":"129.0","ward_low_range":"18949","ward_high_range":"28424","ward_RO_Code":"13","ward_RO_Division":"RO- Vijayanagar","ward_ARO_Code":"38","ward_ARO_ Sub Division":"ARO- Gali Anjaneya Temple","ward_zone":"Zone2","ward_zone_name":"Malleshwaram","ward_join_status":"matched","ward_spatial_match_count":1},"geometry":{"type":"Point","coordinates":[77.54399040000004,12.95432420000003,0]},"id":287},{"type":"Feature","properties":{"fid":288,"OBJECTID":288,"Name":"Placemark","FolderPath":"BBMP Toilets","SymbolID":0,"AltMode":-1,"Base":0,"Snippet":"","PopupInfo":"","HasLabel":-1,"LabelID":0,"ward_source_id":"ward_369_final.334","ward_source_Name":null,"ward_description":null,"ward_timestamp":null,"ward_begin":null,"ward_end":null,"ward_altitudeMode":null,"ward_tessellate":-1,"ward_extrude":0,"ward_visibility":-1,"ward_drawOrder":null,"ward_icon":null,"ward_Corporation":"West","ward_corporation_kn":"ಪಶ್ಚಿಮ","ward_corporation_id":"5","ward_ac":"Padmanabanagar","ward_ac_kn":"ಪದ್ಮನಾಭನಗರ","ward_ac_no":"171","ward_Assembly":"171 - Padmanabanagar","ward_id":"109","ward_name":"109 - Kamakya Layout","ward_name_kn":"ಕಾಮಕ್ಯ ಲೇಔಟ್","ward_TOT_P":"28151.0","ward_TOT_M":"14174.0","ward_TOT_F":"13977.0","ward_SC_P":"544.0","ward_SC_M":"283.0","ward_SC_F":"261.0","ward_ST_P":"307.0","ward_ST_M":"162.0","ward_ST_F":"145.0","ward_low_range":"18949","ward_high_range":"28424","ward_RO_Code":"7","ward_RO_Division":"RO- Yediyuru","ward_ARO_Code":"23","ward_ARO_ Sub Division":"ARO- Ganesh Mandir","ward_zone":"Zone1","ward_zone_name":"Rajarajeshwarinagar","ward_join_status":"matched","ward_spatial_match_count":1},"geometry":{"type":"Point","coordinates":[77.54216770000005,12.929659000000072,0]},"id":288},{"type":"Feature","properties":{"fid":289,"OBJECTID":289,"Name":"Placemark","FolderPath":"BBMP Toilets","SymbolID":0,"AltMode":-1,"Base":0,"Snippet":"","PopupInfo":"","HasLabel":-1,"LabelID":0,"ward_source_id":"ward_369_final.352","ward_source_Name":null,"ward_description":null,"ward_timestamp":null,"ward_begin":null,"ward_end":null,"ward_altitudeMode":null,"ward_tessellate":-1,"ward_extrude":0,"ward_visibility":-1,"ward_drawOrder":null,"ward_icon":null,"ward_Corporation":"West","ward_corporation_kn":"ಪಶ್ಚಿಮ","ward_corporation_id":"5","ward_ac":"Mahalakshmi Layout","ward_ac_kn":"ಮಹಾಲಕ್ಷ್ಮಿ ಲೇಔಟ್","ward_ac_no":"156","ward_Assembly":"156 - Mahalakshmi Layout","ward_id":"36","ward_name":"36 - Nalwadi Krishnaraja Wadiyar Ward","ward_name_kn":"ನಾಲ್ವಡಿ ಕೃಷ್ಣರಾಜ ಒಡೆಯರ್ ವಾರ್ಡ್","ward_TOT_P":"28281.0","ward_TOT_M":"14630.0","ward_TOT_F":"13650.0","ward_SC_P":"4501.0","ward_SC_M":"2286.0","ward_SC_F":"2215.0","ward_ST_P":"503.0","ward_ST_M":"251.0","ward_ST_F":"251.0","ward_low_range":"18949","ward_high_range":"28424","ward_RO_Code":"5","ward_RO_Division":"RO- Mahalakshmi Layout","ward_ARO_Code":"17","ward_ARO_ Sub Division":"ARO- Nandhini Layout","ward_zone":"Zone1","ward_zone_name":"Rajarajeshwarinagar","ward_join_status":"matched","ward_spatial_match_count":1},"geometry":{"type":"Point","coordinates":[77.54878480000008,13.019669600000043,0]},"id":289},{"type":"Feature","properties":{"fid":290,"OBJECTID":290,"Name":"Placemark","FolderPath":"BBMP Toilets","SymbolID":0,"AltMode":-1,"Base":0,"Snippet":"","PopupInfo":"","HasLabel":-1,"LabelID":0,"ward_source_id":"ward_369_final.334","ward_source_Name":null,"ward_description":null,"ward_timestamp":null,"ward_begin":null,"ward_end":null,"ward_altitudeMode":null,"ward_tessellate":-1,"ward_extrude":0,"ward_visibility":-1,"ward_drawOrder":null,"ward_icon":null,"ward_Corporation":"West","ward_corporation_kn":"ಪಶ್ಚಿಮ","ward_corporation_id":"5","ward_ac":"Padmanabanagar","ward_ac_kn":"ಪದ್ಮನಾಭನಗರ","ward_ac_no":"171","ward_Assembly":"171 - Padmanabanagar","ward_id":"109","ward_name":"109 - Kamakya Layout","ward_name_kn":"ಕಾಮಕ್ಯ ಲೇಔಟ್","ward_TOT_P":"28151.0","ward_TOT_M":"14174.0","ward_TOT_F":"13977.0","ward_SC_P":"544.0","ward_SC_M":"283.0","ward_SC_F":"261.0","ward_ST_P":"307.0","ward_ST_M":"162.0","ward_ST_F":"145.0","ward_low_range":"18949","ward_high_range":"28424","ward_RO_Code":"7","ward_RO_Division":"RO- Yediyuru","ward_ARO_Code":"23","ward_ARO_ Sub Division":"ARO- Ganesh Mandir","ward_zone":"Zone1","ward_zone_name":"Rajarajeshwarinagar","ward_join_status":"matched","ward_spatial_match_count":1},"geometry":{"type":"Point","coordinates":[77.54205670000005,12.929787500000032,0]},"id":290},{"type":"Feature","properties":{"fid":291,"OBJECTID":291,"Name":"Placemark","FolderPath":"BBMP Toilets","SymbolID":0,"AltMode":-1,"Base":0,"Snippet":"","PopupInfo":"","HasLabel":-1,"LabelID":0,"ward_source_id":"ward_369_final.334","ward_source_Name":null,"ward_description":null,"ward_timestamp":null,"ward_begin":null,"ward_end":null,"ward_altitudeMode":null,"ward_tessellate":-1,"ward_extrude":0,"ward_visibility":-1,"ward_drawOrder":null,"ward_icon":null,"ward_Corporation":"West","ward_corporation_kn":"ಪಶ್ಚಿಮ","ward_corporation_id":"5","ward_ac":"Padmanabanagar","ward_ac_kn":"ಪದ್ಮನಾಭನಗರ","ward_ac_no":"171","ward_Assembly":"171 - Padmanabanagar","ward_id":"109","ward_name":"109 - Kamakya Layout","ward_name_kn":"ಕಾಮಕ್ಯ ಲೇಔಟ್","ward_TOT_P":"28151.0","ward_TOT_M":"14174.0","ward_TOT_F":"13977.0","ward_SC_P":"544.0","ward_SC_M":"283.0","ward_SC_F":"261.0","ward_ST_P":"307.0","ward_ST_M":"162.0","ward_ST_F":"145.0","ward_low_range":"18949","ward_high_range":"28424","ward_RO_Code":"7","ward_RO_Division":"RO- Yediyuru","ward_ARO_Code":"23","ward_ARO_ Sub Division":"ARO- Ganesh Mandir","ward_zone":"Zone1","ward_zone_name":"Rajarajeshwarinagar","ward_join_status":"matched","ward_spatial_match_count":1},"geometry":{"type":"Point","coordinates":[77.54590550000006,12.92827630000005,0]},"id":291},{"type":"Feature","properties":{"fid":292,"OBJECTID":292,"Name":"Placemark","FolderPath":"BBMP Toilets","SymbolID":0,"AltMode":-1,"Base":0,"Snippet":"","PopupInfo":"","HasLabel":-1,"LabelID":0,"ward_source_id":"ward_369_final.334","ward_source_Name":null,"ward_description":null,"ward_timestamp":null,"ward_begin":null,"ward_end":null,"ward_altitudeMode":null,"ward_tessellate":-1,"ward_extrude":0,"ward_visibility":-1,"ward_drawOrder":null,"ward_icon":null,"ward_Corporation":"West","ward_corporation_kn":"ಪಶ್ಚಿಮ","ward_corporation_id":"5","ward_ac":"Padmanabanagar","ward_ac_kn":"ಪದ್ಮನಾಭನಗರ","ward_ac_no":"171","ward_Assembly":"171 - Padmanabanagar","ward_id":"109","ward_name":"109 - Kamakya Layout","ward_name_kn":"ಕಾಮಕ್ಯ ಲೇಔಟ್","ward_TOT_P":"28151.0","ward_TOT_M":"14174.0","ward_TOT_F":"13977.0","ward_SC_P":"544.0","ward_SC_M":"283.0","ward_SC_F":"261.0","ward_ST_P":"307.0","ward_ST_M":"162.0","ward_ST_F":"145.0","ward_low_range":"18949","ward_high_range":"28424","ward_RO_Code":"7","ward_RO_Division":"RO- Yediyuru","ward_ARO_Code":"23","ward_ARO_ Sub Division":"ARO- Ganesh Mandir","ward_zone":"Zone1","ward_zone_name":"Rajarajeshwarinagar","ward_join_status":"matched","ward_spatial_match_count":1},"geometry":{"type":"Point","coordinates":[77.54584780000005,12.927271100000041,0]},"id":292},{"type":"Feature","properties":{"fid":293,"OBJECTID":293,"Name":"Placemark","FolderPath":"BBMP Toilets","SymbolID":0,"AltMode":-1,"Base":0,"Snippet":"","PopupInfo":"","HasLabel":-1,"LabelID":0,"ward_source_id":"ward_369_final.334","ward_source_Name":null,"ward_description":null,"ward_timestamp":null,"ward_begin":null,"ward_end":null,"ward_altitudeMode":null,"ward_tessellate":-1,"ward_extrude":0,"ward_visibility":-1,"ward_drawOrder":null,"ward_icon":null,"ward_Corporation":"West","ward_corporation_kn":"ಪಶ್ಚಿಮ","ward_corporation_id":"5","ward_ac":"Padmanabanagar","ward_ac_kn":"ಪದ್ಮನಾಭನಗರ","ward_ac_no":"171","ward_Assembly":"171 - Padmanabanagar","ward_id":"109","ward_name":"109 - Kamakya Layout","ward_name_kn":"ಕಾಮಕ್ಯ ಲೇಔಟ್","ward_TOT_P":"28151.0","ward_TOT_M":"14174.0","ward_TOT_F":"13977.0","ward_SC_P":"544.0","ward_SC_M":"283.0","ward_SC_F":"261.0","ward_ST_P":"307.0","ward_ST_M":"162.0","ward_ST_F":"145.0","ward_low_range":"18949","ward_high_range":"28424","ward_RO_Code":"7","ward_RO_Division":"RO- Yediyuru","ward_ARO_Code":"23","ward_ARO_ Sub Division":"ARO- Ganesh Mandir","ward_zone":"Zone1","ward_zone_name":"Rajarajeshwarinagar","ward_join_status":"matched","ward_spatial_match_count":1},"geometry":{"type":"Point","coordinates":[77.54926880000005,12.922776300000066,0]},"id":293},{"type":"Feature","properties":{"fid":294,"OBJECTID":294,"Name":"Placemark","FolderPath":"BBMP Toilets","SymbolID":0,"AltMode":-1,"Base":0,"Snippet":"","PopupInfo":"","HasLabel":-1,"LabelID":0,"ward_source_id":"ward_369_final.70","ward_source_Name":null,"ward_description":null,"ward_timestamp":null,"ward_begin":null,"ward_end":null,"ward_altitudeMode":null,"ward_tessellate":-1,"ward_extrude":0,"ward_visibility":-1,"ward_drawOrder":null,"ward_icon":null,"ward_Corporation":"North","ward_corporation_kn":"ಉತ್ತರ","ward_corporation_id":"2","ward_ac":"Hebbal","ward_ac_kn":"ಹೆಬ್ಬಾಳ","ward_ac_no":"158","ward_Assembly":"158 - Hebbal","ward_id":"57","ward_name":"57 - Bhoopasandra","ward_name_kn":"ಭೂಪಸಂದ್ರ","ward_TOT_P":"25193.0","ward_TOT_M":"13039.0","ward_TOT_F":"12154.0","ward_SC_P":"1610.0","ward_SC_M":"816.0","ward_SC_F":"794.0","ward_ST_P":"385.0","ward_ST_M":"195.0","ward_ST_F":"191.0","ward_low_range":"19943","ward_high_range":"29914","ward_RO_Code":"4","ward_RO_Division":"RO- Hebbal","ward_ARO_Code":"10","ward_ARO_ Sub Division":"ARO- Hebbal","ward_zone":"Zone2","ward_zone_name":"Yelahanka","ward_join_status":"matched","ward_spatial_match_count":1},"geometry":{"type":"Point","coordinates":[77.57583650000004,13.034185300000047,0]},"id":294},{"type":"Feature","properties":{"fid":295,"OBJECTID":295,"Name":"Placemark","FolderPath":"BBMP Toilets","SymbolID":0,"AltMode":-1,"Base":0,"Snippet":"","PopupInfo":"","HasLabel":-1,"LabelID":0,"ward_source_id":"ward_369_final.321","ward_source_Name":null,"ward_description":null,"ward_timestamp":null,"ward_begin":null,"ward_end":null,"ward_altitudeMode":null,"ward_tessellate":-1,"ward_extrude":0,"ward_visibility":-1,"ward_drawOrder":null,"ward_icon":null,"ward_Corporation":"West","ward_corporation_kn":"ಪಶ್ಚಿಮ","ward_corporation_id":"5","ward_ac":"Padmanabanagar","ward_ac_kn":"ಪದ್ಮನಾಭನಗರ","ward_ac_no":"171","ward_Assembly":"171 - Padmanabanagar","ward_id":"112","ward_name":"112 - Hosakerehalli","ward_name_kn":"ಹೊಸಕೆರೆಹಳ್ಳಿ","ward_TOT_P":"23619.0","ward_TOT_M":"13044.0","ward_TOT_F":"10575.0","ward_SC_P":"815.0","ward_SC_M":"434.0","ward_SC_F":"381.0","ward_ST_P":"352.0","ward_ST_M":"180.0","ward_ST_F":"172.0","ward_low_range":"18949","ward_high_range":"28424","ward_RO_Code":"7","ward_RO_Division":"RO- Yediyuru","ward_ARO_Code":"24","ward_ARO_ Sub Division":"ARO- Hosakerehalli","ward_zone":"Zone1","ward_zone_name":"Rajarajeshwarinagar","ward_join_status":"matched","ward_spatial_match_count":1},"geometry":{"type":"Point","coordinates":[77.53963080000005,12.930009900000073,0]},"id":295},{"type":"Feature","properties":{"fid":296,"OBJECTID":296,"Name":"Placemark","FolderPath":"BBMP Toilets","SymbolID":0,"AltMode":-1,"Base":0,"Snippet":"","PopupInfo":"","HasLabel":-1,"LabelID":0,"ward_source_id":"ward_369_final.281","ward_source_Name":null,"ward_description":null,"ward_timestamp":null,"ward_begin":null,"ward_end":null,"ward_altitudeMode":null,"ward_tessellate":-1,"ward_extrude":0,"ward_visibility":-1,"ward_drawOrder":null,"ward_icon":null,"ward_Corporation":"Central","ward_corporation_kn":"ಕೇಂದ್ರ","ward_corporation_id":"1","ward_ac":"Gandhinagara","ward_ac_kn":"ಗಾಂಧಿನಗರ","ward_ac_no":"164","ward_Assembly":"164 - Gandhinagara","ward_id":"61","ward_name":"61 - Dattatreya Ward","ward_name_kn":"ದತ್ತಾತ್ರೇಯ ವಾರ್ಡ್","ward_TOT_P":"19627.0","ward_TOT_M":"9950.0","ward_TOT_F":"9677.0","ward_SC_P":"3220.0","ward_SC_M":"1611.0","ward_SC_F":"1609.0","ward_ST_P":"300.0","ward_ST_M":"147.0","ward_ST_F":"152.0","ward_low_range":"18853","ward_high_range":"28280","ward_RO_Code":"5","ward_RO_Division":"RO - Gandhinagara","ward_ARO_Code":"17","ward_ARO_ Sub Division":"ARO- Sheshadripuram","ward_zone":"Zone2","ward_zone_name":"Gandhinagara","ward_join_status":"matched","ward_spatial_match_count":1},"geometry":{"type":"Point","coordinates":[77.56897410000005,12.99333480000007,0]},"id":296},{"type":"Feature","properties":{"fid":297,"OBJECTID":297,"Name":"Placemark","FolderPath":"BBMP Toilets","SymbolID":0,"AltMode":-1,"Base":0,"Snippet":"","PopupInfo":"","HasLabel":-1,"LabelID":0,"ward_source_id":"ward_369_final.56","ward_source_Name":null,"ward_description":null,"ward_timestamp":null,"ward_begin":null,"ward_end":null,"ward_altitudeMode":null,"ward_tessellate":-1,"ward_extrude":0,"ward_visibility":-1,"ward_drawOrder":null,"ward_icon":null,"ward_Corporation":"North","ward_corporation_kn":"ಉತ್ತರ","ward_corporation_id":"2","ward_ac":"Hebbal","ward_ac_kn":"ಹೆಬ್ಬಾಳ","ward_ac_no":"158","ward_Assembly":"158 - Hebbal","ward_id":"59","ward_name":"59 - Geddalahalli","ward_name_kn":"ಗೆದ್ದಲಹಳ್ಳಿ","ward_TOT_P":"23331.0","ward_TOT_M":"12021.0","ward_TOT_F":"11309.0","ward_SC_P":"2833.0","ward_SC_M":"1466.0","ward_SC_F":"1367.0","ward_ST_P":"533.0","ward_ST_M":"273.0","ward_ST_F":"260.0","ward_low_range":"19943","ward_high_range":"29914","ward_RO_Code":"4","ward_RO_Division":"RO- Hebbal","ward_ARO_Code":"11","ward_ARO_ Sub Division":"ARO- Nagashettyhalli","ward_zone":"Zone2","ward_zone_name":"Yelahanka","ward_join_status":"matched","ward_spatial_match_count":1},"geometry":{"type":"Point","coordinates":[77.57675520000004,13.031980500000031,0]},"id":297},{"type":"Feature","properties":{"fid":298,"OBJECTID":298,"Name":"Placemark","FolderPath":"BBMP Toilets","SymbolID":0,"AltMode":-1,"Base":0,"Snippet":"","PopupInfo":"","HasLabel":-1,"LabelID":0,"ward_source_id":"ward_369_final.328","ward_source_Name":null,"ward_description":null,"ward_timestamp":null,"ward_begin":null,"ward_end":null,"ward_altitudeMode":null,"ward_tessellate":-1,"ward_extrude":0,"ward_visibility":-1,"ward_drawOrder":null,"ward_icon":null,"ward_Corporation":"West","ward_corporation_kn":"ಪಶ್ಚಿಮ","ward_corporation_id":"5","ward_ac":"Basavanagudi","ward_ac_kn":"ಬಸವನಗುಡಿ","ward_ac_no":"170","ward_Assembly":"170 - Basavanagudi","ward_id":"103","ward_name":"103 - N.R Colony","ward_name_kn":"ಎನ್.ಆರ್. ಕಾಲೋನಿ","ward_TOT_P":"27603.0","ward_TOT_M":"13746.0","ward_TOT_F":"13857.0","ward_SC_P":"453.0","ward_SC_M":"235.0","ward_SC_F":"217.0","ward_ST_P":"290.0","ward_ST_M":"134.0","ward_ST_F":"156.0","ward_low_range":"18949","ward_high_range":"28424","ward_RO_Code":"1","ward_RO_Division":"RO- Basavanagudi","ward_ARO_Code":"4","ward_ARO_ Sub Division":"ARO- Srinivasa Nagara","ward_zone":"Zone2","ward_zone_name":"Malleshwaram","ward_join_status":"matched","ward_spatial_match_count":1},"geometry":{"type":"Point","coordinates":[77.56889970000003,12.93806440000003,0]},"id":298},{"type":"Feature","properties":{"fid":299,"OBJECTID":299,"Name":"Placemark","FolderPath":"BBMP Toilets","SymbolID":0,"AltMode":-1,"Base":0,"Snippet":"","PopupInfo":"","HasLabel":-1,"LabelID":0,"ward_source_id":"ward_369_final.45","ward_source_Name":null,"ward_description":null,"ward_timestamp":null,"ward_begin":null,"ward_end":null,"ward_altitudeMode":null,"ward_tessellate":-1,"ward_extrude":0,"ward_visibility":-1,"ward_drawOrder":null,"ward_icon":null,"ward_Corporation":"South","ward_corporation_kn":"ದಕ್ಷಿಣ","ward_corporation_id":"4","ward_ac":"Padmanabanagar","ward_ac_kn":"ಪದ್ಮನಾಭನಗರ","ward_ac_no":"171","ward_Assembly":"171 - Padmanabanagar","ward_id":"5","ward_name":"5 - Kane Muneshwara Ward","ward_name_kn":"ಕಾನೆ ಮುನೇಶ್ವರ ವಾರ್ಡ್","ward_TOT_P":"22022.0","ward_TOT_M":"11400.0","ward_TOT_F":"10622.0","ward_SC_P":"1240.0","ward_SC_M":"612.0","ward_SC_F":"627.0","ward_ST_P":"203.0","ward_ST_M":"98.0","ward_ST_F":"105.0","ward_low_range":"18594","ward_high_range":"27891","ward_RO_Code":"11","ward_RO_Division":"RO- Padmanabhanagara","ward_ARO_Code":"28","ward_ARO_ Sub Division":"ARO- Banashankari","ward_zone":"Zone1","ward_zone_name":"Jayanagar","ward_join_status":"matched","ward_spatial_match_count":1},"geometry":{"type":"Point","coordinates":[77.56310440000004,12.905224400000066,0]},"id":299},{"type":"Feature","properties":{"fid":300,"OBJECTID":300,"Name":"Placemark","FolderPath":"BBMP Toilets","SymbolID":0,"AltMode":-1,"Base":0,"Snippet":"","PopupInfo":"","HasLabel":-1,"LabelID":0,"ward_source_id":"ward_369_final.21","ward_source_Name":null,"ward_description":null,"ward_timestamp":null,"ward_begin":null,"ward_end":null,"ward_altitudeMode":null,"ward_tessellate":-1,"ward_extrude":0,"ward_visibility":-1,"ward_drawOrder":null,"ward_icon":null,"ward_Corporation":"South","ward_corporation_kn":"ದಕ್ಷಿಣ","ward_corporation_id":"4","ward_ac":"Padmanabanagar","ward_ac_kn":"ಪದ್ಮನಾಭನಗರ","ward_ac_no":"171","ward_Assembly":"171 - Padmanabanagar","ward_id":"2","ward_name":"2 - Kadirenahalli","ward_name_kn":"ಕದಿರೇನಹಳ್ಳಿ","ward_TOT_P":"19937.0","ward_TOT_M":"10125.0","ward_TOT_F":"9812.0","ward_SC_P":"816.0","ward_SC_M":"411.0","ward_SC_F":"405.0","ward_ST_P":"401.0","ward_ST_M":"183.0","ward_ST_F":"218.0","ward_low_range":"18594","ward_high_range":"27891","ward_RO_Code":"11","ward_RO_Division":"RO- Padmanabhanagara","ward_ARO_Code":"29","ward_ARO_ Sub Division":"ARO- Padmanabhanagara","ward_zone":"Zone1","ward_zone_name":"Jayanagar","ward_join_status":"matched","ward_spatial_match_count":1},"geometry":{"type":"Point","coordinates":[77.55743280000007,12.918489900000054,0]},"id":300},{"type":"Feature","properties":{"fid":301,"OBJECTID":301,"Name":"Placemark","FolderPath":"BBMP Toilets","SymbolID":0,"AltMode":-1,"Base":0,"Snippet":"","PopupInfo":"","HasLabel":-1,"LabelID":0,"ward_source_id":"ward_369_final.328","ward_source_Name":null,"ward_description":null,"ward_timestamp":null,"ward_begin":null,"ward_end":null,"ward_altitudeMode":null,"ward_tessellate":-1,"ward_extrude":0,"ward_visibility":-1,"ward_drawOrder":null,"ward_icon":null,"ward_Corporation":"West","ward_corporation_kn":"ಪಶ್ಚಿಮ","ward_corporation_id":"5","ward_ac":"Basavanagudi","ward_ac_kn":"ಬಸವನಗುಡಿ","ward_ac_no":"170","ward_Assembly":"170 - Basavanagudi","ward_id":"103","ward_name":"103 - N.R Colony","ward_name_kn":"ಎನ್.ಆರ್. ಕಾಲೋನಿ","ward_TOT_P":"27603.0","ward_TOT_M":"13746.0","ward_TOT_F":"13857.0","ward_SC_P":"453.0","ward_SC_M":"235.0","ward_SC_F":"217.0","ward_ST_P":"290.0","ward_ST_M":"134.0","ward_ST_F":"156.0","ward_low_range":"18949","ward_high_range":"28424","ward_RO_Code":"1","ward_RO_Division":"RO- Basavanagudi","ward_ARO_Code":"4","ward_ARO_ Sub Division":"ARO- Srinivasa Nagara","ward_zone":"Zone2","ward_zone_name":"Malleshwaram","ward_join_status":"matched","ward_spatial_match_count":1},"geometry":{"type":"Point","coordinates":[77.56744170000007,12.942097900000022,0]},"id":301},{"type":"Feature","properties":{"fid":302,"OBJECTID":302,"Name":"Placemark","FolderPath":"BBMP Toilets","SymbolID":0,"AltMode":-1,"Base":0,"Snippet":"","PopupInfo":"","HasLabel":-1,"LabelID":0,"ward_source_id":"ward_369_final.45","ward_source_Name":null,"ward_description":null,"ward_timestamp":null,"ward_begin":null,"ward_end":null,"ward_altitudeMode":null,"ward_tessellate":-1,"ward_extrude":0,"ward_visibility":-1,"ward_drawOrder":null,"ward_icon":null,"ward_Corporation":"South","ward_corporation_kn":"ದಕ್ಷಿಣ","ward_corporation_id":"4","ward_ac":"Padmanabanagar","ward_ac_kn":"ಪದ್ಮನಾಭನಗರ","ward_ac_no":"171","ward_Assembly":"171 - Padmanabanagar","ward_id":"5","ward_name":"5 - Kane Muneshwara Ward","ward_name_kn":"ಕಾನೆ ಮುನೇಶ್ವರ ವಾರ್ಡ್","ward_TOT_P":"22022.0","ward_TOT_M":"11400.0","ward_TOT_F":"10622.0","ward_SC_P":"1240.0","ward_SC_M":"612.0","ward_SC_F":"627.0","ward_ST_P":"203.0","ward_ST_M":"98.0","ward_ST_F":"105.0","ward_low_range":"18594","ward_high_range":"27891","ward_RO_Code":"11","ward_RO_Division":"RO- Padmanabhanagara","ward_ARO_Code":"28","ward_ARO_ Sub Division":"ARO- Banashankari","ward_zone":"Zone1","ward_zone_name":"Jayanagar","ward_join_status":"matched","ward_spatial_match_count":1},"geometry":{"type":"Point","coordinates":[77.56184770000004,12.902822600000036,0]},"id":302},{"type":"Feature","properties":{"fid":303,"OBJECTID":303,"Name":"Placemark","FolderPath":"BBMP Toilets","SymbolID":0,"AltMode":-1,"Base":0,"Snippet":"","PopupInfo":"","HasLabel":-1,"LabelID":0,"ward_source_id":"ward_369_final.45","ward_source_Name":null,"ward_description":null,"ward_timestamp":null,"ward_begin":null,"ward_end":null,"ward_altitudeMode":null,"ward_tessellate":-1,"ward_extrude":0,"ward_visibility":-1,"ward_drawOrder":null,"ward_icon":null,"ward_Corporation":"South","ward_corporation_kn":"ದಕ್ಷಿಣ","ward_corporation_id":"4","ward_ac":"Padmanabanagar","ward_ac_kn":"ಪದ್ಮನಾಭನಗರ","ward_ac_no":"171","ward_Assembly":"171 - Padmanabanagar","ward_id":"5","ward_name":"5 - Kane Muneshwara Ward","ward_name_kn":"ಕಾನೆ ಮುನೇಶ್ವರ ವಾರ್ಡ್","ward_TOT_P":"22022.0","ward_TOT_M":"11400.0","ward_TOT_F":"10622.0","ward_SC_P":"1240.0","ward_SC_M":"612.0","ward_SC_F":"627.0","ward_ST_P":"203.0","ward_ST_M":"98.0","ward_ST_F":"105.0","ward_low_range":"18594","ward_high_range":"27891","ward_RO_Code":"11","ward_RO_Division":"RO- Padmanabhanagara","ward_ARO_Code":"28","ward_ARO_ Sub Division":"ARO- Banashankari","ward_zone":"Zone1","ward_zone_name":"Jayanagar","ward_join_status":"matched","ward_spatial_match_count":1},"geometry":{"type":"Point","coordinates":[77.55858300000006,12.899685600000055,0]},"id":303},{"type":"Feature","properties":{"fid":304,"OBJECTID":304,"Name":"Placemark","FolderPath":"BBMP Toilets","SymbolID":0,"AltMode":-1,"Base":0,"Snippet":"","PopupInfo":"","HasLabel":-1,"LabelID":0,"ward_source_id":"ward_369_final.301","ward_source_Name":null,"ward_description":null,"ward_timestamp":null,"ward_begin":null,"ward_end":null,"ward_altitudeMode":null,"ward_tessellate":-1,"ward_extrude":0,"ward_visibility":-1,"ward_drawOrder":null,"ward_icon":null,"ward_Corporation":"West","ward_corporation_kn":"ಪಶ್ಚಿಮ","ward_corporation_id":"5","ward_ac":"Yeshwanthapura","ward_ac_kn":"ಯಶವಂತಪುರ","ward_ac_no":"153","ward_Assembly":"153 - Yeshwanthapura","ward_id":"13","ward_name":"13 - Nada prabhu Kempegowda Nagara","ward_name_kn":"ನಾಡ ಪ್ರಭು ಕೆಂಪೇಗೌಡ ನಗರ","ward_TOT_P":"27225.0","ward_TOT_M":"14293.0","ward_TOT_F":"12912.0","ward_SC_P":"2169.0","ward_SC_M":"1109.0","ward_SC_F":"1060.0","ward_ST_P":"711.0","ward_ST_M":"370.0","ward_ST_F":"342.0","ward_low_range":"18949","ward_high_range":"28424","ward_RO_Code":"14","ward_RO_Division":"RO- Herohalli","ward_ARO_Code":"41","ward_ARO_ Sub Division":"ARO- Dodda Bidarakallu","ward_zone":"Zone1","ward_zone_name":"Rajarajeshwarinagar","ward_join_status":"matched","ward_spatial_match_count":1},"geometry":{"type":"Point","coordinates":[77.47946060000004,12.985983700000077,0]},"id":304},{"type":"Feature","properties":{"fid":305,"OBJECTID":305,"Name":"Placemark","FolderPath":"BBMP Toilets","SymbolID":0,"AltMode":-1,"Base":0,"Snippet":"","PopupInfo":"","HasLabel":-1,"LabelID":0,"ward_source_id":"ward_369_final.301","ward_source_Name":null,"ward_description":null,"ward_timestamp":null,"ward_begin":null,"ward_end":null,"ward_altitudeMode":null,"ward_tessellate":-1,"ward_extrude":0,"ward_visibility":-1,"ward_drawOrder":null,"ward_icon":null,"ward_Corporation":"West","ward_corporation_kn":"ಪಶ್ಚಿಮ","ward_corporation_id":"5","ward_ac":"Yeshwanthapura","ward_ac_kn":"ಯಶವಂತಪುರ","ward_ac_no":"153","ward_Assembly":"153 - Yeshwanthapura","ward_id":"13","ward_name":"13 - Nada prabhu Kempegowda Nagara","ward_name_kn":"ನಾಡ ಪ್ರಭು ಕೆಂಪೇಗೌಡ ನಗರ","ward_TOT_P":"27225.0","ward_TOT_M":"14293.0","ward_TOT_F":"12912.0","ward_SC_P":"2169.0","ward_SC_M":"1109.0","ward_SC_F":"1060.0","ward_ST_P":"711.0","ward_ST_M":"370.0","ward_ST_F":"342.0","ward_low_range":"18949","ward_high_range":"28424","ward_RO_Code":"14","ward_RO_Division":"RO- Herohalli","ward_ARO_Code":"41","ward_ARO_ Sub Division":"ARO- Dodda Bidarakallu","ward_zone":"Zone1","ward_zone_name":"Rajarajeshwarinagar","ward_join_status":"matched","ward_spatial_match_count":1},"geometry":{"type":"Point","coordinates":[77.47974540000007,12.985862800000064,0]},"id":305},{"type":"Feature","properties":{"fid":306,"OBJECTID":306,"Name":"Placemark","FolderPath":"BBMP Toilets","SymbolID":0,"AltMode":-1,"Base":0,"Snippet":"","PopupInfo":"","HasLabel":-1,"LabelID":0,"ward_source_id":"ward_369_final.328","ward_source_Name":null,"ward_description":null,"ward_timestamp":null,"ward_begin":null,"ward_end":null,"ward_altitudeMode":null,"ward_tessellate":-1,"ward_extrude":0,"ward_visibility":-1,"ward_drawOrder":null,"ward_icon":null,"ward_Corporation":"West","ward_corporation_kn":"ಪಶ್ಚಿಮ","ward_corporation_id":"5","ward_ac":"Basavanagudi","ward_ac_kn":"ಬಸವನಗುಡಿ","ward_ac_no":"170","ward_Assembly":"170 - Basavanagudi","ward_id":"103","ward_name":"103 - N.R Colony","ward_name_kn":"ಎನ್.ಆರ್. ಕಾಲೋನಿ","ward_TOT_P":"27603.0","ward_TOT_M":"13746.0","ward_TOT_F":"13857.0","ward_SC_P":"453.0","ward_SC_M":"235.0","ward_SC_F":"217.0","ward_ST_P":"290.0","ward_ST_M":"134.0","ward_ST_F":"156.0","ward_low_range":"18949","ward_high_range":"28424","ward_RO_Code":"1","ward_RO_Division":"RO- Basavanagudi","ward_ARO_Code":"4","ward_ARO_ Sub Division":"ARO- Srinivasa Nagara","ward_zone":"Zone2","ward_zone_name":"Malleshwaram","ward_join_status":"matched","ward_spatial_match_count":1},"geometry":{"type":"Point","coordinates":[77.56792200000007,12.94311920000007,0]},"id":306},{"type":"Feature","properties":{"fid":307,"OBJECTID":307,"Name":"Placemark","FolderPath":"BBMP Toilets","SymbolID":0,"AltMode":-1,"Base":0,"Snippet":"","PopupInfo":"","HasLabel":-1,"LabelID":0,"ward_source_id":"ward_369_final.45","ward_source_Name":null,"ward_description":null,"ward_timestamp":null,"ward_begin":null,"ward_end":null,"ward_altitudeMode":null,"ward_tessellate":-1,"ward_extrude":0,"ward_visibility":-1,"ward_drawOrder":null,"ward_icon":null,"ward_Corporation":"South","ward_corporation_kn":"ದಕ್ಷಿಣ","ward_corporation_id":"4","ward_ac":"Padmanabanagar","ward_ac_kn":"ಪದ್ಮನಾಭನಗರ","ward_ac_no":"171","ward_Assembly":"171 - Padmanabanagar","ward_id":"5","ward_name":"5 - Kane Muneshwara Ward","ward_name_kn":"ಕಾನೆ ಮುನೇಶ್ವರ ವಾರ್ಡ್","ward_TOT_P":"22022.0","ward_TOT_M":"11400.0","ward_TOT_F":"10622.0","ward_SC_P":"1240.0","ward_SC_M":"612.0","ward_SC_F":"627.0","ward_ST_P":"203.0","ward_ST_M":"98.0","ward_ST_F":"105.0","ward_low_range":"18594","ward_high_range":"27891","ward_RO_Code":"11","ward_RO_Division":"RO- Padmanabhanagara","ward_ARO_Code":"28","ward_ARO_ Sub Division":"ARO- Banashankari","ward_zone":"Zone1","ward_zone_name":"Jayanagar","ward_join_status":"matched","ward_spatial_match_count":1},"geometry":{"type":"Point","coordinates":[77.56082440000006,12.898483100000021,0]},"id":307},{"type":"Feature","properties":{"fid":308,"OBJECTID":308,"Name":"Placemark","FolderPath":"BBMP Toilets","SymbolID":0,"AltMode":-1,"Base":0,"Snippet":"","PopupInfo":"","HasLabel":-1,"LabelID":0,"ward_source_id":"ward_369_final.301","ward_source_Name":null,"ward_description":null,"ward_timestamp":null,"ward_begin":null,"ward_end":null,"ward_altitudeMode":null,"ward_tessellate":-1,"ward_extrude":0,"ward_visibility":-1,"ward_drawOrder":null,"ward_icon":null,"ward_Corporation":"West","ward_corporation_kn":"ಪಶ್ಚಿಮ","ward_corporation_id":"5","ward_ac":"Yeshwanthapura","ward_ac_kn":"ಯಶವಂತಪುರ","ward_ac_no":"153","ward_Assembly":"153 - Yeshwanthapura","ward_id":"13","ward_name":"13 - Nada prabhu Kempegowda Nagara","ward_name_kn":"ನಾಡ ಪ್ರಭು ಕೆಂಪೇಗೌಡ ನಗರ","ward_TOT_P":"27225.0","ward_TOT_M":"14293.0","ward_TOT_F":"12912.0","ward_SC_P":"2169.0","ward_SC_M":"1109.0","ward_SC_F":"1060.0","ward_ST_P":"711.0","ward_ST_M":"370.0","ward_ST_F":"342.0","ward_low_range":"18949","ward_high_range":"28424","ward_RO_Code":"14","ward_RO_Division":"RO- Herohalli","ward_ARO_Code":"41","ward_ARO_ Sub Division":"ARO- Dodda Bidarakallu","ward_zone":"Zone1","ward_zone_name":"Rajarajeshwarinagar","ward_join_status":"matched","ward_spatial_match_count":1},"geometry":{"type":"Point","coordinates":[77.48008380000005,12.985600000000034,0]},"id":308},{"type":"Feature","properties":{"fid":309,"OBJECTID":309,"Name":"Placemark","FolderPath":"BBMP Toilets","SymbolID":0,"AltMode":-1,"Base":0,"Snippet":"","PopupInfo":"","HasLabel":-1,"LabelID":0,"ward_source_id":"ward_369_final.91","ward_source_Name":null,"ward_description":null,"ward_timestamp":null,"ward_begin":null,"ward_end":null,"ward_altitudeMode":null,"ward_tessellate":-1,"ward_extrude":0,"ward_visibility":-1,"ward_drawOrder":null,"ward_icon":null,"ward_Corporation":"Central","ward_corporation_kn":"ಕೇಂದ್ರ","ward_corporation_id":"1","ward_ac":"Gandhinagara","ward_ac_kn":"ಗಾಂಧಿನಗರ","ward_ac_no":"164","ward_Assembly":"164 - Gandhinagara","ward_id":"62","ward_name":"62 - Swatantra Palya Ward","ward_name_kn":"ಸ್ವತಂತ್ರ ಪಾಳ್ಯ ವಾರ್ಡ್","ward_TOT_P":"28137.0","ward_TOT_M":"14255.0","ward_TOT_F":"13883.0","ward_SC_P":"12723.0","ward_SC_M":"6443.0","ward_SC_F":"6280.0","ward_ST_P":"367.0","ward_ST_M":"198.0","ward_ST_F":"170.0","ward_low_range":"18853","ward_high_range":"28280","ward_RO_Code":"5","ward_RO_Division":"RO - Gandhinagara","ward_ARO_Code":"16","ward_ARO_ Sub Division":"ARO- Okalipuram","ward_zone":"Zone2","ward_zone_name":"Gandhinagara","ward_join_status":"matched","ward_spatial_match_count":1},"geometry":{"type":"Point","coordinates":[77.56843220000007,12.992087600000048,0]},"id":309},{"type":"Feature","properties":{"fid":310,"OBJECTID":310,"Name":"Placemark","FolderPath":"BBMP Toilets","SymbolID":0,"AltMode":-1,"Base":0,"Snippet":"","PopupInfo":"","HasLabel":-1,"LabelID":0,"ward_source_id":"ward_369_final.328","ward_source_Name":null,"ward_description":null,"ward_timestamp":null,"ward_begin":null,"ward_end":null,"ward_altitudeMode":null,"ward_tessellate":-1,"ward_extrude":0,"ward_visibility":-1,"ward_drawOrder":null,"ward_icon":null,"ward_Corporation":"West","ward_corporation_kn":"ಪಶ್ಚಿಮ","ward_corporation_id":"5","ward_ac":"Basavanagudi","ward_ac_kn":"ಬಸವನಗುಡಿ","ward_ac_no":"170","ward_Assembly":"170 - Basavanagudi","ward_id":"103","ward_name":"103 - N.R Colony","ward_name_kn":"ಎನ್.ಆರ್. ಕಾಲೋನಿ","ward_TOT_P":"27603.0","ward_TOT_M":"13746.0","ward_TOT_F":"13857.0","ward_SC_P":"453.0","ward_SC_M":"235.0","ward_SC_F":"217.0","ward_ST_P":"290.0","ward_ST_M":"134.0","ward_ST_F":"156.0","ward_low_range":"18949","ward_high_range":"28424","ward_RO_Code":"1","ward_RO_Division":"RO- Basavanagudi","ward_ARO_Code":"4","ward_ARO_ Sub Division":"ARO- Srinivasa Nagara","ward_zone":"Zone2","ward_zone_name":"Malleshwaram","ward_join_status":"matched","ward_spatial_match_count":1},"geometry":{"type":"Point","coordinates":[77.57007580000004,12.942337500000065,0]},"id":310},{"type":"Feature","properties":{"fid":311,"OBJECTID":311,"Name":"Placemark","FolderPath":"BBMP Toilets","SymbolID":0,"AltMode":-1,"Base":0,"Snippet":"","PopupInfo":"","HasLabel":-1,"LabelID":0,"ward_source_id":"ward_369_final.255","ward_source_Name":null,"ward_description":null,"ward_timestamp":null,"ward_begin":null,"ward_end":null,"ward_altitudeMode":null,"ward_tessellate":-1,"ward_extrude":0,"ward_visibility":-1,"ward_drawOrder":null,"ward_icon":null,"ward_Corporation":"West","ward_corporation_kn":"ಪಶ್ಚಿಮ","ward_corporation_id":"5","ward_ac":"Yeshwanthapura","ward_ac_kn":"ಯಶವಂತಪುರ","ward_ac_no":"153","ward_Assembly":"153 - Yeshwanthapura","ward_id":"15","ward_name":"15 - Byadarahalli","ward_name_kn":"ಬ್ಯಾಡರಹಳ್ಳಿ","ward_TOT_P":"22784.0","ward_TOT_M":"12186.0","ward_TOT_F":"10598.0","ward_SC_P":"1045.0","ward_SC_M":"532.0","ward_SC_F":"513.0","ward_ST_P":"943.0","ward_ST_M":"488.0","ward_ST_F":"455.0","ward_low_range":"18949","ward_high_range":"28424","ward_RO_Code":"14","ward_RO_Division":"RO- Herohalli","ward_ARO_Code":"42","ward_ARO_ Sub Division":"ARO- Herohalli","ward_zone":"Zone1","ward_zone_name":"Rajarajeshwarinagar","ward_join_status":"matched","ward_spatial_match_count":1},"geometry":{"type":"Point","coordinates":[77.48480590000008,12.985020000000077,0]},"id":311},{"type":"Feature","properties":{"fid":312,"OBJECTID":312,"Name":"Placemark","FolderPath":"BBMP Toilets","SymbolID":0,"AltMode":-1,"Base":0,"Snippet":"","PopupInfo":"","HasLabel":-1,"LabelID":0,"ward_source_id":"ward_369_final.74","ward_source_Name":null,"ward_description":null,"ward_timestamp":null,"ward_begin":null,"ward_end":null,"ward_altitudeMode":null,"ward_tessellate":-1,"ward_extrude":0,"ward_visibility":-1,"ward_drawOrder":null,"ward_icon":null,"ward_Corporation":"South","ward_corporation_kn":"ದಕ್ಷಿಣ","ward_corporation_id":"4","ward_ac":"Jayanagar","ward_ac_kn":"ಜಯನಗರ","ward_ac_no":"173","ward_Assembly":"173 - Jayanagar","ward_id":"15","ward_name":"15 - Shakambarinagara","ward_name_kn":"ಶಾಕಂಭರಿನಗರ","ward_TOT_P":"25845.0","ward_TOT_M":"13244.0","ward_TOT_F":"12600.0","ward_SC_P":"1060.0","ward_SC_M":"532.0","ward_SC_F":"527.0","ward_ST_P":"211.0","ward_ST_M":"102.0","ward_ST_F":"109.0","ward_low_range":"18594","ward_high_range":"27891","ward_RO_Code":"10","ward_RO_Division":"RO- JP Nagar","ward_ARO_Code":"27","ward_ARO_ Sub Division":"ARO- Sarakki","ward_zone":"Zone1","ward_zone_name":"Jayanagar","ward_join_status":"matched","ward_spatial_match_count":1},"geometry":{"type":"Point","coordinates":[77.58434420000003,12.910612100000037,0]},"id":312},{"type":"Feature","properties":{"fid":313,"OBJECTID":313,"Name":"Placemark","FolderPath":"BBMP Toilets","SymbolID":0,"AltMode":-1,"Base":0,"Snippet":"","PopupInfo":"","HasLabel":-1,"LabelID":0,"ward_source_id":"ward_369_final.277","ward_source_Name":null,"ward_description":null,"ward_timestamp":null,"ward_begin":null,"ward_end":null,"ward_altitudeMode":null,"ward_tessellate":-1,"ward_extrude":0,"ward_visibility":-1,"ward_drawOrder":null,"ward_icon":null,"ward_Corporation":"West","ward_corporation_kn":"ಪಶ್ಚಿಮ","ward_corporation_id":"5","ward_ac":"Yeshwanthapura","ward_ac_kn":"ಯಶವಂತಪುರ","ward_ac_no":"153","ward_Assembly":"153 - Yeshwanthapura","ward_id":"14","ward_name":"14 - Herohalli","ward_name_kn":"ಹೆರೋಹಳ್ಳಿ","ward_TOT_P":"28413.0","ward_TOT_M":"15013.0","ward_TOT_F":"13419.0","ward_SC_P":"2192.0","ward_SC_M":"1099.0","ward_SC_F":"1094.0","ward_ST_P":"490.0","ward_ST_M":"258.0","ward_ST_F":"232.0","ward_low_range":"18949","ward_high_range":"28424","ward_RO_Code":"14","ward_RO_Division":"RO- Herohalli","ward_ARO_Code":"42","ward_ARO_ Sub Division":"ARO- Herohalli","ward_zone":"Zone1","ward_zone_name":"Rajarajeshwarinagar","ward_join_status":"matched","ward_spatial_match_count":1},"geometry":{"type":"Point","coordinates":[77.48868680000004,12.986265600000024,0]},"id":313},{"type":"Feature","properties":{"fid":314,"OBJECTID":314,"Name":"Placemark","FolderPath":"BBMP Toilets","SymbolID":0,"AltMode":-1,"Base":0,"Snippet":"","PopupInfo":"","HasLabel":-1,"LabelID":0,"ward_source_id":"ward_369_final.328","ward_source_Name":null,"ward_description":null,"ward_timestamp":null,"ward_begin":null,"ward_end":null,"ward_altitudeMode":null,"ward_tessellate":-1,"ward_extrude":0,"ward_visibility":-1,"ward_drawOrder":null,"ward_icon":null,"ward_Corporation":"West","ward_corporation_kn":"ಪಶ್ಚಿಮ","ward_corporation_id":"5","ward_ac":"Basavanagudi","ward_ac_kn":"ಬಸವನಗುಡಿ","ward_ac_no":"170","ward_Assembly":"170 - Basavanagudi","ward_id":"103","ward_name":"103 - N.R Colony","ward_name_kn":"ಎನ್.ಆರ್. ಕಾಲೋನಿ","ward_TOT_P":"27603.0","ward_TOT_M":"13746.0","ward_TOT_F":"13857.0","ward_SC_P":"453.0","ward_SC_M":"235.0","ward_SC_F":"217.0","ward_ST_P":"290.0","ward_ST_M":"134.0","ward_ST_F":"156.0","ward_low_range":"18949","ward_high_range":"28424","ward_RO_Code":"1","ward_RO_Division":"RO- Basavanagudi","ward_ARO_Code":"4","ward_ARO_ Sub Division":"ARO- Srinivasa Nagara","ward_zone":"Zone2","ward_zone_name":"Malleshwaram","ward_join_status":"matched","ward_spatial_match_count":1},"geometry":{"type":"Point","coordinates":[77.57126960000005,12.942198700000063,0]},"id":314},{"type":"Feature","properties":{"fid":315,"OBJECTID":315,"Name":"Placemark","FolderPath":"BBMP Toilets","SymbolID":0,"AltMode":-1,"Base":0,"Snippet":"","PopupInfo":"","HasLabel":-1,"LabelID":0,"ward_source_id":"ward_369_final.328","ward_source_Name":null,"ward_description":null,"ward_timestamp":null,"ward_begin":null,"ward_end":null,"ward_altitudeMode":null,"ward_tessellate":-1,"ward_extrude":0,"ward_visibility":-1,"ward_drawOrder":null,"ward_icon":null,"ward_Corporation":"West","ward_corporation_kn":"ಪಶ್ಚಿಮ","ward_corporation_id":"5","ward_ac":"Basavanagudi","ward_ac_kn":"ಬಸವನಗುಡಿ","ward_ac_no":"170","ward_Assembly":"170 - Basavanagudi","ward_id":"103","ward_name":"103 - N.R Colony","ward_name_kn":"ಎನ್.ಆರ್. ಕಾಲೋನಿ","ward_TOT_P":"27603.0","ward_TOT_M":"13746.0","ward_TOT_F":"13857.0","ward_SC_P":"453.0","ward_SC_M":"235.0","ward_SC_F":"217.0","ward_ST_P":"290.0","ward_ST_M":"134.0","ward_ST_F":"156.0","ward_low_range":"18949","ward_high_range":"28424","ward_RO_Code":"1","ward_RO_Division":"RO- Basavanagudi","ward_ARO_Code":"4","ward_ARO_ Sub Division":"ARO- Srinivasa Nagara","ward_zone":"Zone2","ward_zone_name":"Malleshwaram","ward_join_status":"matched","ward_spatial_match_count":1},"geometry":{"type":"Point","coordinates":[77.57299120000005,12.940297300000054,0]},"id":315},{"type":"Feature","properties":{"fid":316,"OBJECTID":316,"Name":"Placemark","FolderPath":"BBMP Toilets","SymbolID":0,"AltMode":-1,"Base":0,"Snippet":"","PopupInfo":"","HasLabel":-1,"LabelID":0,"ward_source_id":"ward_369_final.328","ward_source_Name":null,"ward_description":null,"ward_timestamp":null,"ward_begin":null,"ward_end":null,"ward_altitudeMode":null,"ward_tessellate":-1,"ward_extrude":0,"ward_visibility":-1,"ward_drawOrder":null,"ward_icon":null,"ward_Corporation":"West","ward_corporation_kn":"ಪಶ್ಚಿಮ","ward_corporation_id":"5","ward_ac":"Basavanagudi","ward_ac_kn":"ಬಸವನಗುಡಿ","ward_ac_no":"170","ward_Assembly":"170 - Basavanagudi","ward_id":"103","ward_name":"103 - N.R Colony","ward_name_kn":"ಎನ್.ಆರ್. ಕಾಲೋನಿ","ward_TOT_P":"27603.0","ward_TOT_M":"13746.0","ward_TOT_F":"13857.0","ward_SC_P":"453.0","ward_SC_M":"235.0","ward_SC_F":"217.0","ward_ST_P":"290.0","ward_ST_M":"134.0","ward_ST_F":"156.0","ward_low_range":"18949","ward_high_range":"28424","ward_RO_Code":"1","ward_RO_Division":"RO- Basavanagudi","ward_ARO_Code":"4","ward_ARO_ Sub Division":"ARO- Srinivasa Nagara","ward_zone":"Zone2","ward_zone_name":"Malleshwaram","ward_join_status":"matched","ward_spatial_match_count":1},"geometry":{"type":"Point","coordinates":[77.57172520000006,12.937890200000027,0]},"id":316},{"type":"Feature","properties":{"fid":317,"OBJECTID":317,"Name":"Placemark","FolderPath":"BBMP Toilets","SymbolID":0,"AltMode":-1,"Base":0,"Snippet":"","PopupInfo":"","HasLabel":-1,"LabelID":0,"ward_source_id":"ward_369_final.45","ward_source_Name":null,"ward_description":null,"ward_timestamp":null,"ward_begin":null,"ward_end":null,"ward_altitudeMode":null,"ward_tessellate":-1,"ward_extrude":0,"ward_visibility":-1,"ward_drawOrder":null,"ward_icon":null,"ward_Corporation":"South","ward_corporation_kn":"ದಕ್ಷಿಣ","ward_corporation_id":"4","ward_ac":"Padmanabanagar","ward_ac_kn":"ಪದ್ಮನಾಭನಗರ","ward_ac_no":"171","ward_Assembly":"171 - Padmanabanagar","ward_id":"5","ward_name":"5 - Kane Muneshwara Ward","ward_name_kn":"ಕಾನೆ ಮುನೇಶ್ವರ ವಾರ್ಡ್","ward_TOT_P":"22022.0","ward_TOT_M":"11400.0","ward_TOT_F":"10622.0","ward_SC_P":"1240.0","ward_SC_M":"612.0","ward_SC_F":"627.0","ward_ST_P":"203.0","ward_ST_M":"98.0","ward_ST_F":"105.0","ward_low_range":"18594","ward_high_range":"27891","ward_RO_Code":"11","ward_RO_Division":"RO- Padmanabhanagara","ward_ARO_Code":"28","ward_ARO_ Sub Division":"ARO- Banashankari","ward_zone":"Zone1","ward_zone_name":"Jayanagar","ward_join_status":"matched","ward_spatial_match_count":1},"geometry":{"type":"Point","coordinates":[77.55743140000004,12.897490100000027,0]},"id":317},{"type":"Feature","properties":{"fid":318,"OBJECTID":318,"Name":"Placemark","FolderPath":"BBMP Toilets","SymbolID":0,"AltMode":-1,"Base":0,"Snippet":"","PopupInfo":"","HasLabel":-1,"LabelID":0,"ward_source_id":"ward_369_final.102","ward_source_Name":null,"ward_description":null,"ward_timestamp":null,"ward_begin":null,"ward_end":null,"ward_altitudeMode":null,"ward_tessellate":-1,"ward_extrude":0,"ward_visibility":-1,"ward_drawOrder":null,"ward_icon":null,"ward_Corporation":"South","ward_corporation_kn":"ದಕ್ಷಿಣ","ward_corporation_id":"4","ward_ac":"B.T.M Layout","ward_ac_kn":"ಬಿ.ಟಿ.ಎಂ. ಲೇಔಟ್","ward_ac_no":"172","ward_Assembly":"172 - B.T.M Layout","ward_id":"21","ward_name":"21 - Chikka Adugodi","ward_name_kn":"ಚಿಕ್ಕ ಆಡುಗೋಡಿ","ward_TOT_P":"21468.0","ward_TOT_M":"11896.0","ward_TOT_F":"9572.0","ward_SC_P":"2614.0","ward_SC_M":"1351.0","ward_SC_F":"1263.0","ward_ST_P":"227.0","ward_ST_M":"131.0","ward_ST_F":"96.0","ward_low_range":"18594","ward_high_range":"27891","ward_RO_Code":"2","ward_RO_Division":"RO- B.T.M Layout","ward_ARO_Code":"2","ward_ARO_ Sub Division":"ARO- Madiwala","ward_zone":"Zone2","ward_zone_name":"Bommanahalli","ward_join_status":"matched","ward_spatial_match_count":1},"geometry":{"type":"Point","coordinates":[77.61480490000008,12.92422460000006,0]},"id":318},{"type":"Feature","properties":{"fid":319,"OBJECTID":319,"Name":"Placemark","FolderPath":"BBMP Toilets","SymbolID":0,"AltMode":-1,"Base":0,"Snippet":"","PopupInfo":"","HasLabel":-1,"LabelID":0,"ward_source_id":"ward_369_final.117","ward_source_Name":null,"ward_description":null,"ward_timestamp":null,"ward_begin":null,"ward_end":null,"ward_altitudeMode":null,"ward_tessellate":-1,"ward_extrude":0,"ward_visibility":-1,"ward_drawOrder":null,"ward_icon":null,"ward_Corporation":"South","ward_corporation_kn":"ದಕ್ಷಿಣ","ward_corporation_id":"4","ward_ac":"Jayanagar","ward_ac_kn":"ಜಯನಗರ","ward_ac_no":"173","ward_Assembly":"173 - Jayanagar","ward_id":"12","ward_name":"12 - Pattabhirama Nagara","ward_name_kn":"ಪಟ್ಟಾಭಿರಾಮ ನಗರ","ward_TOT_P":"22547.0","ward_TOT_M":"11236.0","ward_TOT_F":"11311.0","ward_SC_P":"634.0","ward_SC_M":"331.0","ward_SC_F":"302.0","ward_ST_P":"107.0","ward_ST_M":"53.0","ward_ST_F":"54.0","ward_low_range":"18594","ward_high_range":"27891","ward_RO_Code":"9","ward_RO_Division":"RO- Jayanagar","ward_ARO_Code":"24","ward_ARO_ Sub Division":"ARO- Jayanagar","ward_zone":"Zone1","ward_zone_name":"Jayanagar","ward_join_status":"matched","ward_spatial_match_count":1},"geometry":{"type":"Point","coordinates":[77.58474880000006,12.919816400000059,0]},"id":319},{"type":"Feature","properties":{"fid":320,"OBJECTID":320,"Name":"Placemark","FolderPath":"BBMP Toilets","SymbolID":0,"AltMode":-1,"Base":0,"Snippet":"","PopupInfo":"","HasLabel":-1,"LabelID":0,"ward_source_id":"ward_369_final.45","ward_source_Name":null,"ward_description":null,"ward_timestamp":null,"ward_begin":null,"ward_end":null,"ward_altitudeMode":null,"ward_tessellate":-1,"ward_extrude":0,"ward_visibility":-1,"ward_drawOrder":null,"ward_icon":null,"ward_Corporation":"South","ward_corporation_kn":"ದಕ್ಷಿಣ","ward_corporation_id":"4","ward_ac":"Padmanabanagar","ward_ac_kn":"ಪದ್ಮನಾಭನಗರ","ward_ac_no":"171","ward_Assembly":"171 - Padmanabanagar","ward_id":"5","ward_name":"5 - Kane Muneshwara Ward","ward_name_kn":"ಕಾನೆ ಮುನೇಶ್ವರ ವಾರ್ಡ್","ward_TOT_P":"22022.0","ward_TOT_M":"11400.0","ward_TOT_F":"10622.0","ward_SC_P":"1240.0","ward_SC_M":"612.0","ward_SC_F":"627.0","ward_ST_P":"203.0","ward_ST_M":"98.0","ward_ST_F":"105.0","ward_low_range":"18594","ward_high_range":"27891","ward_RO_Code":"11","ward_RO_Division":"RO- Padmanabhanagara","ward_ARO_Code":"28","ward_ARO_ Sub Division":"ARO- Banashankari","ward_zone":"Zone1","ward_zone_name":"Jayanagar","ward_join_status":"matched","ward_spatial_match_count":1},"geometry":{"type":"Point","coordinates":[77.55744130000005,12.899360900000033,0]},"id":320},{"type":"Feature","properties":{"fid":321,"OBJECTID":321,"Name":"Placemark","FolderPath":"BBMP Toilets","SymbolID":0,"AltMode":-1,"Base":0,"Snippet":"","PopupInfo":"","HasLabel":-1,"LabelID":0,"ward_source_id":"ward_369_final.117","ward_source_Name":null,"ward_description":null,"ward_timestamp":null,"ward_begin":null,"ward_end":null,"ward_altitudeMode":null,"ward_tessellate":-1,"ward_extrude":0,"ward_visibility":-1,"ward_drawOrder":null,"ward_icon":null,"ward_Corporation":"South","ward_corporation_kn":"ದಕ್ಷಿಣ","ward_corporation_id":"4","ward_ac":"Jayanagar","ward_ac_kn":"ಜಯನಗರ","ward_ac_no":"173","ward_Assembly":"173 - Jayanagar","ward_id":"12","ward_name":"12 - Pattabhirama Nagara","ward_name_kn":"ಪಟ್ಟಾಭಿರಾಮ ನಗರ","ward_TOT_P":"22547.0","ward_TOT_M":"11236.0","ward_TOT_F":"11311.0","ward_SC_P":"634.0","ward_SC_M":"331.0","ward_SC_F":"302.0","ward_ST_P":"107.0","ward_ST_M":"53.0","ward_ST_F":"54.0","ward_low_range":"18594","ward_high_range":"27891","ward_RO_Code":"9","ward_RO_Division":"RO- Jayanagar","ward_ARO_Code":"24","ward_ARO_ Sub Division":"ARO- Jayanagar","ward_zone":"Zone1","ward_zone_name":"Jayanagar","ward_join_status":"matched","ward_spatial_match_count":1},"geometry":{"type":"Point","coordinates":[77.57463020000006,12.919990400000074,0]},"id":321},{"type":"Feature","properties":{"fid":322,"OBJECTID":322,"Name":"Placemark","FolderPath":"BBMP Toilets","SymbolID":0,"AltMode":-1,"Base":0,"Snippet":"","PopupInfo":"","HasLabel":-1,"LabelID":0,"ward_source_id":"ward_369_final.117","ward_source_Name":null,"ward_description":null,"ward_timestamp":null,"ward_begin":null,"ward_end":null,"ward_altitudeMode":null,"ward_tessellate":-1,"ward_extrude":0,"ward_visibility":-1,"ward_drawOrder":null,"ward_icon":null,"ward_Corporation":"South","ward_corporation_kn":"ದಕ್ಷಿಣ","ward_corporation_id":"4","ward_ac":"Jayanagar","ward_ac_kn":"ಜಯನಗರ","ward_ac_no":"173","ward_Assembly":"173 - Jayanagar","ward_id":"12","ward_name":"12 - Pattabhirama Nagara","ward_name_kn":"ಪಟ್ಟಾಭಿರಾಮ ನಗರ","ward_TOT_P":"22547.0","ward_TOT_M":"11236.0","ward_TOT_F":"11311.0","ward_SC_P":"634.0","ward_SC_M":"331.0","ward_SC_F":"302.0","ward_ST_P":"107.0","ward_ST_M":"53.0","ward_ST_F":"54.0","ward_low_range":"18594","ward_high_range":"27891","ward_RO_Code":"9","ward_RO_Division":"RO- Jayanagar","ward_ARO_Code":"24","ward_ARO_ Sub Division":"ARO- Jayanagar","ward_zone":"Zone1","ward_zone_name":"Jayanagar","ward_join_status":"matched","ward_spatial_match_count":1},"geometry":{"type":"Point","coordinates":[77.57393600000006,12.917700800000034,0]},"id":322},{"type":"Feature","properties":{"fid":323,"OBJECTID":323,"Name":"Placemark","FolderPath":"BBMP Toilets","SymbolID":0,"AltMode":-1,"Base":0,"Snippet":"","PopupInfo":"","HasLabel":-1,"LabelID":0,"ward_source_id":"ward_369_final.74","ward_source_Name":null,"ward_description":null,"ward_timestamp":null,"ward_begin":null,"ward_end":null,"ward_altitudeMode":null,"ward_tessellate":-1,"ward_extrude":0,"ward_visibility":-1,"ward_drawOrder":null,"ward_icon":null,"ward_Corporation":"South","ward_corporation_kn":"ದಕ್ಷಿಣ","ward_corporation_id":"4","ward_ac":"Jayanagar","ward_ac_kn":"ಜಯನಗರ","ward_ac_no":"173","ward_Assembly":"173 - Jayanagar","ward_id":"15","ward_name":"15 - Shakambarinagara","ward_name_kn":"ಶಾಕಂಭರಿನಗರ","ward_TOT_P":"25845.0","ward_TOT_M":"13244.0","ward_TOT_F":"12600.0","ward_SC_P":"1060.0","ward_SC_M":"532.0","ward_SC_F":"527.0","ward_ST_P":"211.0","ward_ST_M":"102.0","ward_ST_F":"109.0","ward_low_range":"18594","ward_high_range":"27891","ward_RO_Code":"10","ward_RO_Division":"RO- JP Nagar","ward_ARO_Code":"27","ward_ARO_ Sub Division":"ARO- Sarakki","ward_zone":"Zone1","ward_zone_name":"Jayanagar","ward_join_status":"matched","ward_spatial_match_count":1},"geometry":{"type":"Point","coordinates":[77.57428100000004,12.916986700000052,0]},"id":323},{"type":"Feature","properties":{"fid":324,"OBJECTID":324,"Name":"Placemark","FolderPath":"BBMP Toilets","SymbolID":0,"AltMode":-1,"Base":0,"Snippet":"","PopupInfo":"","HasLabel":-1,"LabelID":0,"ward_source_id":"ward_369_final.104","ward_source_Name":null,"ward_description":null,"ward_timestamp":null,"ward_begin":null,"ward_end":null,"ward_altitudeMode":null,"ward_tessellate":-1,"ward_extrude":0,"ward_visibility":-1,"ward_drawOrder":null,"ward_icon":null,"ward_Corporation":"South","ward_corporation_kn":"ದಕ್ಷಿಣ","ward_corporation_id":"4","ward_ac":"B.T.M Layout","ward_ac_kn":"ಬಿ.ಟಿ.ಎಂ. ಲೇಔಟ್","ward_ac_no":"172","ward_Assembly":"172 - B.T.M Layout","ward_id":"19","ward_name":"19 - New Tavarekere","ward_name_kn":"ಹೊಸ ತಾವರೆಕೆರೆ","ward_TOT_P":"19251.0","ward_TOT_M":"10723.0","ward_TOT_F":"8528.0","ward_SC_P":"1357.0","ward_SC_M":"714.0","ward_SC_F":"643.0","ward_ST_P":"538.0","ward_ST_M":"274.0","ward_ST_F":"264.0","ward_low_range":"18594","ward_high_range":"27891","ward_RO_Code":"2","ward_RO_Division":"RO- B.T.M Layout","ward_ARO_Code":"3","ward_ARO_ Sub Division":"ARO- New Tavarekere","ward_zone":"Zone2","ward_zone_name":"Bommanahalli","ward_join_status":"matched","ward_spatial_match_count":1},"geometry":{"type":"Point","coordinates":[77.61059750000004,12.922163200000057,0]},"id":324},{"type":"Feature","properties":{"fid":325,"OBJECTID":325,"Name":"Placemark","FolderPath":"BBMP Toilets","SymbolID":0,"AltMode":-1,"Base":0,"Snippet":"","PopupInfo":"","HasLabel":-1,"LabelID":0,"ward_source_id":"ward_369_final.102","ward_source_Name":null,"ward_description":null,"ward_timestamp":null,"ward_begin":null,"ward_end":null,"ward_altitudeMode":null,"ward_tessellate":-1,"ward_extrude":0,"ward_visibility":-1,"ward_drawOrder":null,"ward_icon":null,"ward_Corporation":"South","ward_corporation_kn":"ದಕ್ಷಿಣ","ward_corporation_id":"4","ward_ac":"B.T.M Layout","ward_ac_kn":"ಬಿ.ಟಿ.ಎಂ. ಲೇಔಟ್","ward_ac_no":"172","ward_Assembly":"172 - B.T.M Layout","ward_id":"21","ward_name":"21 - Chikka Adugodi","ward_name_kn":"ಚಿಕ್ಕ ಆಡುಗೋಡಿ","ward_TOT_P":"21468.0","ward_TOT_M":"11896.0","ward_TOT_F":"9572.0","ward_SC_P":"2614.0","ward_SC_M":"1351.0","ward_SC_F":"1263.0","ward_ST_P":"227.0","ward_ST_M":"131.0","ward_ST_F":"96.0","ward_low_range":"18594","ward_high_range":"27891","ward_RO_Code":"2","ward_RO_Division":"RO- B.T.M Layout","ward_ARO_Code":"2","ward_ARO_ Sub Division":"ARO- Madiwala","ward_zone":"Zone2","ward_zone_name":"Bommanahalli","ward_join_status":"matched","ward_spatial_match_count":1},"geometry":{"type":"Point","coordinates":[77.61560280000003,12.923042000000066,0]},"id":325},{"type":"Feature","properties":{"fid":326,"OBJECTID":326,"Name":"Placemark","FolderPath":"BBMP Toilets","SymbolID":0,"AltMode":-1,"Base":0,"Snippet":"","PopupInfo":"","HasLabel":-1,"LabelID":0,"ward_source_id":"ward_369_final.104","ward_source_Name":null,"ward_description":null,"ward_timestamp":null,"ward_begin":null,"ward_end":null,"ward_altitudeMode":null,"ward_tessellate":-1,"ward_extrude":0,"ward_visibility":-1,"ward_drawOrder":null,"ward_icon":null,"ward_Corporation":"South","ward_corporation_kn":"ದಕ್ಷಿಣ","ward_corporation_id":"4","ward_ac":"B.T.M Layout","ward_ac_kn":"ಬಿ.ಟಿ.ಎಂ. ಲೇಔಟ್","ward_ac_no":"172","ward_Assembly":"172 - B.T.M Layout","ward_id":"19","ward_name":"19 - New Tavarekere","ward_name_kn":"ಹೊಸ ತಾವರೆಕೆರೆ","ward_TOT_P":"19251.0","ward_TOT_M":"10723.0","ward_TOT_F":"8528.0","ward_SC_P":"1357.0","ward_SC_M":"714.0","ward_SC_F":"643.0","ward_ST_P":"538.0","ward_ST_M":"274.0","ward_ST_F":"264.0","ward_low_range":"18594","ward_high_range":"27891","ward_RO_Code":"2","ward_RO_Division":"RO- B.T.M Layout","ward_ARO_Code":"3","ward_ARO_ Sub Division":"ARO- New Tavarekere","ward_zone":"Zone2","ward_zone_name":"Bommanahalli","ward_join_status":"matched","ward_spatial_match_count":1},"geometry":{"type":"Point","coordinates":[77.60979970000005,12.916981400000054,0]},"id":326},{"type":"Feature","properties":{"fid":327,"OBJECTID":327,"Name":"Placemark","FolderPath":"BBMP Toilets","SymbolID":0,"AltMode":-1,"Base":0,"Snippet":"","PopupInfo":"","HasLabel":-1,"LabelID":0,"ward_source_id":"ward_369_final.18","ward_source_Name":null,"ward_description":null,"ward_timestamp":null,"ward_begin":null,"ward_end":null,"ward_altitudeMode":null,"ward_tessellate":-1,"ward_extrude":0,"ward_visibility":-1,"ward_drawOrder":null,"ward_icon":null,"ward_Corporation":"South","ward_corporation_kn":"ದಕ್ಷಿಣ","ward_corporation_id":"4","ward_ac":"Jayanagar","ward_ac_kn":"ಜಯನಗರ","ward_ac_no":"173","ward_Assembly":"173 - Jayanagar","ward_id":"7","ward_name":"7 - Byrasandra","ward_name_kn":"ಬೈರಸಂದ್ರ","ward_TOT_P":"21108.0","ward_TOT_M":"10510.0","ward_TOT_F":"10598.0","ward_SC_P":"2813.0","ward_SC_M":"1399.0","ward_SC_F":"1414.0","ward_ST_P":"225.0","ward_ST_M":"109.0","ward_ST_F":"116.0","ward_low_range":"18594","ward_high_range":"27891","ward_RO_Code":"9","ward_RO_Division":"RO- Jayanagar","ward_ARO_Code":"23","ward_ARO_ Sub Division":"ARO- Byrasandra","ward_zone":"Zone1","ward_zone_name":"Jayanagar","ward_join_status":"matched","ward_spatial_match_count":1},"geometry":{"type":"Point","coordinates":[77.58390290000006,12.925171900000066,0]},"id":327},{"type":"Feature","properties":{"fid":328,"OBJECTID":328,"Name":"Placemark","FolderPath":"BBMP Toilets","SymbolID":0,"AltMode":-1,"Base":0,"Snippet":"","PopupInfo":"","HasLabel":-1,"LabelID":0,"ward_source_id":"ward_369_final.45","ward_source_Name":null,"ward_description":null,"ward_timestamp":null,"ward_begin":null,"ward_end":null,"ward_altitudeMode":null,"ward_tessellate":-1,"ward_extrude":0,"ward_visibility":-1,"ward_drawOrder":null,"ward_icon":null,"ward_Corporation":"South","ward_corporation_kn":"ದಕ್ಷಿಣ","ward_corporation_id":"4","ward_ac":"Padmanabanagar","ward_ac_kn":"ಪದ್ಮನಾಭನಗರ","ward_ac_no":"171","ward_Assembly":"171 - Padmanabanagar","ward_id":"5","ward_name":"5 - Kane Muneshwara Ward","ward_name_kn":"ಕಾನೆ ಮುನೇಶ್ವರ ವಾರ್ಡ್","ward_TOT_P":"22022.0","ward_TOT_M":"11400.0","ward_TOT_F":"10622.0","ward_SC_P":"1240.0","ward_SC_M":"612.0","ward_SC_F":"627.0","ward_ST_P":"203.0","ward_ST_M":"98.0","ward_ST_F":"105.0","ward_low_range":"18594","ward_high_range":"27891","ward_RO_Code":"11","ward_RO_Division":"RO- Padmanabhanagara","ward_ARO_Code":"28","ward_ARO_ Sub Division":"ARO- Banashankari","ward_zone":"Zone1","ward_zone_name":"Jayanagar","ward_join_status":"matched","ward_spatial_match_count":1},"geometry":{"type":"Point","coordinates":[77.56155590000003,12.903987900000061,0]},"id":328},{"type":"Feature","properties":{"fid":329,"OBJECTID":329,"Name":"Placemark","FolderPath":"BBMP Toilets","SymbolID":0,"AltMode":-1,"Base":0,"Snippet":"","PopupInfo":"","HasLabel":-1,"LabelID":0,"ward_source_id":"ward_369_final.357","ward_source_Name":null,"ward_description":null,"ward_timestamp":null,"ward_begin":null,"ward_end":null,"ward_altitudeMode":null,"ward_tessellate":-1,"ward_extrude":0,"ward_visibility":-1,"ward_drawOrder":null,"ward_icon":null,"ward_Corporation":"West","ward_corporation_kn":"ಪಶ್ಚಿಮ","ward_corporation_id":"5","ward_ac":"Rajajinagar","ward_ac_kn":"ರಾಜಾಜಿನಗರ","ward_ac_no":"165","ward_Assembly":"165 - Rajajinagar","ward_id":"67","ward_name":"67 - Basaveshwara Nagara","ward_name_kn":"ಬಸವೇಶ್ವರ ನಗರ","ward_TOT_P":"20769.0","ward_TOT_M":"10382.0","ward_TOT_F":"10387.0","ward_SC_P":"1052.0","ward_SC_M":"534.0","ward_SC_F":"518.0","ward_ST_P":"259.0","ward_ST_M":"123.0","ward_ST_F":"136.0","ward_low_range":"18949","ward_high_range":"28424","ward_RO_Code":"8","ward_RO_Division":"RO- Basaveshwara Nagara","ward_ARO_Code":"26","ward_ARO_ Sub Division":"ARO- Basaveshwara Nagara","ward_zone":"Zone2","ward_zone_name":"Malleshwaram","ward_join_status":"matched","ward_spatial_match_count":1},"geometry":{"type":"Point","coordinates":[77.53174530000007,12.992472300000031,0]},"id":329},{"type":"Feature","properties":{"fid":330,"OBJECTID":330,"Name":"Placemark","FolderPath":"BBMP Toilets","SymbolID":0,"AltMode":-1,"Base":0,"Snippet":"","PopupInfo":"","HasLabel":-1,"LabelID":0,"ward_source_id":"ward_369_final.102","ward_source_Name":null,"ward_description":null,"ward_timestamp":null,"ward_begin":null,"ward_end":null,"ward_altitudeMode":null,"ward_tessellate":-1,"ward_extrude":0,"ward_visibility":-1,"ward_drawOrder":null,"ward_icon":null,"ward_Corporation":"South","ward_corporation_kn":"ದಕ್ಷಿಣ","ward_corporation_id":"4","ward_ac":"B.T.M Layout","ward_ac_kn":"ಬಿ.ಟಿ.ಎಂ. ಲೇಔಟ್","ward_ac_no":"172","ward_Assembly":"172 - B.T.M Layout","ward_id":"21","ward_name":"21 - Chikka Adugodi","ward_name_kn":"ಚಿಕ್ಕ ಆಡುಗೋಡಿ","ward_TOT_P":"21468.0","ward_TOT_M":"11896.0","ward_TOT_F":"9572.0","ward_SC_P":"2614.0","ward_SC_M":"1351.0","ward_SC_F":"1263.0","ward_ST_P":"227.0","ward_ST_M":"131.0","ward_ST_F":"96.0","ward_low_range":"18594","ward_high_range":"27891","ward_RO_Code":"2","ward_RO_Division":"RO- B.T.M Layout","ward_ARO_Code":"2","ward_ARO_ Sub Division":"ARO- Madiwala","ward_zone":"Zone2","ward_zone_name":"Bommanahalli","ward_join_status":"matched","ward_spatial_match_count":1},"geometry":{"type":"Point","coordinates":[77.61107610000005,12.933440500000074,0]},"id":330},{"type":"Feature","properties":{"fid":331,"OBJECTID":331,"Name":"Placemark","FolderPath":"BBMP Toilets","SymbolID":0,"AltMode":-1,"Base":0,"Snippet":"","PopupInfo":"","HasLabel":-1,"LabelID":0,"ward_source_id":"ward_369_final.359","ward_source_Name":null,"ward_description":null,"ward_timestamp":null,"ward_begin":null,"ward_end":null,"ward_altitudeMode":null,"ward_tessellate":-1,"ward_extrude":0,"ward_visibility":-1,"ward_drawOrder":null,"ward_icon":null,"ward_Corporation":"West","ward_corporation_kn":"ಪಶ್ಚಿಮ","ward_corporation_id":"5","ward_ac":"Mahalakshmi Layout","ward_ac_kn":"ಮಹಾಲಕ್ಷ್ಮಿ ಲೇಔಟ್","ward_ac_no":"156","ward_Assembly":"156 - Mahalakshmi Layout","ward_id":"46","ward_name":"46 - Kamalanagara","ward_name_kn":"ಕಮಲಾನಗರ","ward_TOT_P":"28196.0","ward_TOT_M":"14749.0","ward_TOT_F":"13447.0","ward_SC_P":"3398.0","ward_SC_M":"1730.0","ward_SC_F":"1668.0","ward_ST_P":"383.0","ward_ST_M":"207.0","ward_ST_F":"176.0","ward_low_range":"18949","ward_high_range":"28424","ward_RO_Code":"5","ward_RO_Division":"RO- Mahalakshmi Layout","ward_ARO_Code":"15","ward_ARO_ Sub Division":"ARO- Kamalanagara","ward_zone":"Zone1","ward_zone_name":"Rajarajeshwarinagar","ward_join_status":"matched","ward_spatial_match_count":1},"geometry":{"type":"Point","coordinates":[77.52677150000005,12.994812300000035,0]},"id":331},{"type":"Feature","properties":{"fid":332,"OBJECTID":332,"Name":"Placemark","FolderPath":"BBMP Toilets","SymbolID":0,"AltMode":-1,"Base":0,"Snippet":"","PopupInfo":"","HasLabel":-1,"LabelID":0,"ward_source_id":"ward_369_final.96","ward_source_Name":null,"ward_description":null,"ward_timestamp":null,"ward_begin":null,"ward_end":null,"ward_altitudeMode":null,"ward_tessellate":-1,"ward_extrude":0,"ward_visibility":-1,"ward_drawOrder":null,"ward_icon":null,"ward_Corporation":"South","ward_corporation_kn":"ದಕ್ಷಿಣ","ward_corporation_id":"4","ward_ac":"B.T.M Layout","ward_ac_kn":"ಬಿ.ಟಿ.ಎಂ. ಲೇಔಟ್","ward_ac_no":"172","ward_Assembly":"172 - B.T.M Layout","ward_id":"27","ward_name":"27 - Sri Lakshmi Devi Ward","ward_name_kn":"ಶ್ರೀ ಲಕ್ಷ್ಮೀದೇವಿ ವಾರ್ಡ್","ward_TOT_P":"19844.0","ward_TOT_M":"10463.0","ward_TOT_F":"9381.0","ward_SC_P":"2001.0","ward_SC_M":"1035.0","ward_SC_F":"966.0","ward_ST_P":"315.0","ward_ST_M":"155.0","ward_ST_F":"162.0","ward_low_range":"18594","ward_high_range":"27891","ward_RO_Code":"3","ward_RO_Division":"RO- Kormangala","ward_ARO_Code":"4","ward_ARO_ Sub Division":"ARO- Ejipura","ward_zone":"Zone2","ward_zone_name":"Bommanahalli","ward_join_status":"matched","ward_spatial_match_count":1},"geometry":{"type":"Point","coordinates":[77.61851180000008,12.94580030000003,0]},"id":332},{"type":"Feature","properties":{"fid":333,"OBJECTID":333,"Name":"Placemark","FolderPath":"BBMP Toilets","SymbolID":0,"AltMode":-1,"Base":0,"Snippet":"","PopupInfo":"","HasLabel":-1,"LabelID":0,"ward_source_id":"ward_369_final.114","ward_source_Name":null,"ward_description":null,"ward_timestamp":null,"ward_begin":null,"ward_end":null,"ward_altitudeMode":null,"ward_tessellate":-1,"ward_extrude":0,"ward_visibility":-1,"ward_drawOrder":null,"ward_icon":null,"ward_Corporation":"South","ward_corporation_kn":"ದಕ್ಷಿಣ","ward_corporation_id":"4","ward_ac":"B.T.M Layout","ward_ac_kn":"ಬಿ.ಟಿ.ಎಂ. ಲೇಔಟ್","ward_ac_no":"172","ward_Assembly":"172 - B.T.M Layout","ward_id":"23","ward_name":"23 - Lakkasandra","ward_name_kn":"ಲಕ್ಕಸಂದ್ರ","ward_TOT_P":"20932.0","ward_TOT_M":"10688.0","ward_TOT_F":"10243.0","ward_SC_P":"3144.0","ward_SC_M":"1593.0","ward_SC_F":"1552.0","ward_ST_P":"344.0","ward_ST_M":"174.0","ward_ST_F":"169.0","ward_low_range":"18594","ward_high_range":"27891","ward_RO_Code":"3","ward_RO_Division":"RO- Kormangala","ward_ARO_Code":"6","ward_ARO_ Sub Division":"ARO- Lakkasandra","ward_zone":"Zone2","ward_zone_name":"Bommanahalli","ward_join_status":"matched","ward_spatial_match_count":1},"geometry":{"type":"Point","coordinates":[77.61134150000004,12.934858800000029,0]},"id":333},{"type":"Feature","properties":{"fid":334,"OBJECTID":334,"Name":"Placemark","FolderPath":"BBMP Toilets","SymbolID":0,"AltMode":-1,"Base":0,"Snippet":"","PopupInfo":"","HasLabel":-1,"LabelID":0,"ward_source_id":"ward_369_final.114","ward_source_Name":null,"ward_description":null,"ward_timestamp":null,"ward_begin":null,"ward_end":null,"ward_altitudeMode":null,"ward_tessellate":-1,"ward_extrude":0,"ward_visibility":-1,"ward_drawOrder":null,"ward_icon":null,"ward_Corporation":"South","ward_corporation_kn":"ದಕ್ಷಿಣ","ward_corporation_id":"4","ward_ac":"B.T.M Layout","ward_ac_kn":"ಬಿ.ಟಿ.ಎಂ. ಲೇಔಟ್","ward_ac_no":"172","ward_Assembly":"172 - B.T.M Layout","ward_id":"23","ward_name":"23 - Lakkasandra","ward_name_kn":"ಲಕ್ಕಸಂದ್ರ","ward_TOT_P":"20932.0","ward_TOT_M":"10688.0","ward_TOT_F":"10243.0","ward_SC_P":"3144.0","ward_SC_M":"1593.0","ward_SC_F":"1552.0","ward_ST_P":"344.0","ward_ST_M":"174.0","ward_ST_F":"169.0","ward_low_range":"18594","ward_high_range":"27891","ward_RO_Code":"3","ward_RO_Division":"RO- Kormangala","ward_ARO_Code":"6","ward_ARO_ Sub Division":"ARO- Lakkasandra","ward_zone":"Zone2","ward_zone_name":"Bommanahalli","ward_join_status":"matched","ward_spatial_match_count":1},"geometry":{"type":"Point","coordinates":[77.61202350000008,12.93335090000005,0]},"id":334},{"type":"Feature","properties":{"fid":335,"OBJECTID":335,"Name":"Placemark","FolderPath":"BBMP Toilets","SymbolID":0,"AltMode":-1,"Base":0,"Snippet":"","PopupInfo":"","HasLabel":-1,"LabelID":0,"ward_source_id":"ward_369_final.96","ward_source_Name":null,"ward_description":null,"ward_timestamp":null,"ward_begin":null,"ward_end":null,"ward_altitudeMode":null,"ward_tessellate":-1,"ward_extrude":0,"ward_visibility":-1,"ward_drawOrder":null,"ward_icon":null,"ward_Corporation":"South","ward_corporation_kn":"ದಕ್ಷಿಣ","ward_corporation_id":"4","ward_ac":"B.T.M Layout","ward_ac_kn":"ಬಿ.ಟಿ.ಎಂ. ಲೇಔಟ್","ward_ac_no":"172","ward_Assembly":"172 - B.T.M Layout","ward_id":"27","ward_name":"27 - Sri Lakshmi Devi Ward","ward_name_kn":"ಶ್ರೀ ಲಕ್ಷ್ಮೀದೇವಿ ವಾರ್ಡ್","ward_TOT_P":"19844.0","ward_TOT_M":"10463.0","ward_TOT_F":"9381.0","ward_SC_P":"2001.0","ward_SC_M":"1035.0","ward_SC_F":"966.0","ward_ST_P":"315.0","ward_ST_M":"155.0","ward_ST_F":"162.0","ward_low_range":"18594","ward_high_range":"27891","ward_RO_Code":"3","ward_RO_Division":"RO- Kormangala","ward_ARO_Code":"4","ward_ARO_ Sub Division":"ARO- Ejipura","ward_zone":"Zone2","ward_zone_name":"Bommanahalli","ward_join_status":"matched","ward_spatial_match_count":1},"geometry":{"type":"Point","coordinates":[77.61834790000006,12.94525550000003,0]},"id":335},{"type":"Feature","properties":{"fid":336,"OBJECTID":336,"Name":"Placemark","FolderPath":"BBMP Toilets","SymbolID":0,"AltMode":-1,"Base":0,"Snippet":"","PopupInfo":"","HasLabel":-1,"LabelID":0,"ward_source_id":"ward_369_final.114","ward_source_Name":null,"ward_description":null,"ward_timestamp":null,"ward_begin":null,"ward_end":null,"ward_altitudeMode":null,"ward_tessellate":-1,"ward_extrude":0,"ward_visibility":-1,"ward_drawOrder":null,"ward_icon":null,"ward_Corporation":"South","ward_corporation_kn":"ದಕ್ಷಿಣ","ward_corporation_id":"4","ward_ac":"B.T.M Layout","ward_ac_kn":"ಬಿ.ಟಿ.ಎಂ. ಲೇಔಟ್","ward_ac_no":"172","ward_Assembly":"172 - B.T.M Layout","ward_id":"23","ward_name":"23 - Lakkasandra","ward_name_kn":"ಲಕ್ಕಸಂದ್ರ","ward_TOT_P":"20932.0","ward_TOT_M":"10688.0","ward_TOT_F":"10243.0","ward_SC_P":"3144.0","ward_SC_M":"1593.0","ward_SC_F":"1552.0","ward_ST_P":"344.0","ward_ST_M":"174.0","ward_ST_F":"169.0","ward_low_range":"18594","ward_high_range":"27891","ward_RO_Code":"3","ward_RO_Division":"RO- Kormangala","ward_ARO_Code":"6","ward_ARO_ Sub Division":"ARO- Lakkasandra","ward_zone":"Zone2","ward_zone_name":"Bommanahalli","ward_join_status":"matched","ward_spatial_match_count":1},"geometry":{"type":"Point","coordinates":[77.60925990000004,12.940007500000036,0]},"id":336},{"type":"Feature","properties":{"fid":337,"OBJECTID":337,"Name":"Placemark","FolderPath":"BBMP Toilets","SymbolID":0,"AltMode":-1,"Base":0,"Snippet":"","PopupInfo":"","HasLabel":-1,"LabelID":0,"ward_source_id":"ward_369_final.110","ward_source_Name":null,"ward_description":null,"ward_timestamp":null,"ward_begin":null,"ward_end":null,"ward_altitudeMode":null,"ward_tessellate":-1,"ward_extrude":0,"ward_visibility":-1,"ward_drawOrder":null,"ward_icon":null,"ward_Corporation":"South","ward_corporation_kn":"ದಕ್ಷಿಣ","ward_corporation_id":"4","ward_ac":"B.T.M Layout","ward_ac_kn":"ಬಿ.ಟಿ.ಎಂ. ಲೇಔಟ್","ward_ac_no":"172","ward_Assembly":"172 - B.T.M Layout","ward_id":"25","ward_name":"25 - National Games Village","ward_name_kn":"ನ್ಯಾಷನಲ್ ಗೇಮ್ಸ್ ವಿಲೇಜ್","ward_TOT_P":"19407.0","ward_TOT_M":"9949.0","ward_TOT_F":"9459.0","ward_SC_P":"6281.0","ward_SC_M":"3167.0","ward_SC_F":"3115.0","ward_ST_P":"630.0","ward_ST_M":"326.0","ward_ST_F":"304.0","ward_low_range":"18594","ward_high_range":"27891","ward_RO_Code":"3","ward_RO_Division":"RO- Kormangala","ward_ARO_Code":"4","ward_ARO_ Sub Division":"ARO- Ejipura","ward_zone":"Zone2","ward_zone_name":"Bommanahalli","ward_join_status":"matched","ward_spatial_match_count":1},"geometry":{"type":"Point","coordinates":[77.61698550000006,12.945287700000051,0]},"id":337},{"type":"Feature","properties":{"fid":338,"OBJECTID":338,"Name":"Placemark","FolderPath":"BBMP Toilets","SymbolID":0,"AltMode":-1,"Base":0,"Snippet":"","PopupInfo":"","HasLabel":-1,"LabelID":0,"ward_source_id":"ward_369_final.163","ward_source_Name":null,"ward_description":null,"ward_timestamp":null,"ward_begin":null,"ward_end":null,"ward_altitudeMode":null,"ward_tessellate":-1,"ward_extrude":0,"ward_visibility":-1,"ward_drawOrder":null,"ward_icon":null,"ward_Corporation":"South","ward_corporation_kn":"ದಕ್ಷಿಣ","ward_corporation_id":"4","ward_ac":"B.T.M Layout","ward_ac_kn":"ಬಿ.ಟಿ.ಎಂ. ಲೇಔಟ್","ward_ac_no":"172","ward_Assembly":"172 - B.T.M Layout","ward_id":"24","ward_name":"24 - A Adugodi","ward_name_kn":"ಎ. ಆಡುಗೋಡಿ","ward_TOT_P":"21458.0","ward_TOT_M":"11082.0","ward_TOT_F":"10376.0","ward_SC_P":"2344.0","ward_SC_M":"1237.0","ward_SC_F":"1106.0","ward_ST_P":"426.0","ward_ST_M":"207.0","ward_ST_F":"220.0","ward_low_range":"18594","ward_high_range":"27891","ward_RO_Code":"3","ward_RO_Division":"RO- Kormangala","ward_ARO_Code":"6","ward_ARO_ Sub Division":"ARO- Lakkasandra","ward_zone":"Zone2","ward_zone_name":"Bommanahalli","ward_join_status":"matched","ward_spatial_match_count":1},"geometry":{"type":"Point","coordinates":[77.60659180000005,12.943899100000067,0]},"id":338},{"type":"Feature","properties":{"fid":339,"OBJECTID":339,"Name":"Placemark","FolderPath":"BBMP Toilets","SymbolID":0,"AltMode":-1,"Base":0,"Snippet":"","PopupInfo":"","HasLabel":-1,"LabelID":0,"ward_source_id":"ward_369_final.99","ward_source_Name":null,"ward_description":null,"ward_timestamp":null,"ward_begin":null,"ward_end":null,"ward_altitudeMode":null,"ward_tessellate":-1,"ward_extrude":0,"ward_visibility":-1,"ward_drawOrder":null,"ward_icon":null,"ward_Corporation":"South","ward_corporation_kn":"ದಕ್ಷಿಣ","ward_corporation_id":"4","ward_ac":"B.T.M Layout","ward_ac_kn":"ಬಿ.ಟಿ.ಎಂ. ಲೇಔಟ್","ward_ac_no":"172","ward_Assembly":"172 - B.T.M Layout","ward_id":"18","ward_name":"18 - Viswamanava Kuvempu Ward","ward_name_kn":"ವಿಶ್ವಮಾನವ ಕುವೆಂಪು ವಾರ್ಡ್","ward_TOT_P":"25500.0","ward_TOT_M":"13023.0","ward_TOT_F":"12477.0","ward_SC_P":"1408.0","ward_SC_M":"678.0","ward_SC_F":"731.0","ward_ST_P":"177.0","ward_ST_M":"90.0","ward_ST_F":"87.0","ward_low_range":"18594","ward_high_range":"27891","ward_RO_Code":"2","ward_RO_Division":"RO- B.T.M Layout","ward_ARO_Code":"3","ward_ARO_ Sub Division":"ARO- New Tavarekere","ward_zone":"Zone2","ward_zone_name":"Bommanahalli","ward_join_status":"matched","ward_spatial_match_count":1},"geometry":{"type":"Point","coordinates":[77.60517830000003,12.916308300000026,0]},"id":339},{"type":"Feature","properties":{"fid":340,"OBJECTID":340,"Name":"Placemark","FolderPath":"BBMP Toilets","SymbolID":0,"AltMode":-1,"Base":0,"Snippet":"","PopupInfo":"","HasLabel":-1,"LabelID":0,"ward_source_id":"ward_369_final.251","ward_source_Name":null,"ward_description":null,"ward_timestamp":null,"ward_begin":null,"ward_end":null,"ward_altitudeMode":null,"ward_tessellate":-1,"ward_extrude":0,"ward_visibility":-1,"ward_drawOrder":null,"ward_icon":null,"ward_Corporation":"East","ward_corporation_kn":"ಪೂರ್ವ","ward_corporation_id":"3","ward_ac":"K.R. Pura","ward_ac_kn":"ಕೆ.ಆರ್. ಪುರ","ward_ac_no":"151","ward_Assembly":"151 - K.R. Pura","ward_id":"24","ward_name":"24 - Vignananagara","ward_name_kn":"ವಿಜ್ಞಾನನಗರ","ward_TOT_P":"14649.0","ward_TOT_M":"7682.0","ward_TOT_F":"6967.0","ward_SC_P":"822.0","ward_SC_M":"402.0","ward_SC_F":"419.0","ward_ST_P":"229.0","ward_ST_M":"122.0","ward_ST_F":"107.0","ward_low_range":"14567","ward_high_range":"21851","ward_RO_Code":"4","ward_RO_Division":"RO- Vignananagara","ward_ARO_Code":"12","ward_ARO_ Sub Division":"ARO- Vignananagara","ward_zone":"Zone2","ward_zone_name":"K.R. Pura","ward_join_status":"matched","ward_spatial_match_count":1},"geometry":{"type":"Point","coordinates":[77.68265240000005,12.966622700000073,0]},"id":340},{"type":"Feature","properties":{"fid":341,"OBJECTID":341,"Name":"Placemark","FolderPath":"BBMP Toilets","SymbolID":0,"AltMode":-1,"Base":0,"Snippet":"","PopupInfo":"","HasLabel":-1,"LabelID":0,"ward_source_id":"ward_369_final.251","ward_source_Name":null,"ward_description":null,"ward_timestamp":null,"ward_begin":null,"ward_end":null,"ward_altitudeMode":null,"ward_tessellate":-1,"ward_extrude":0,"ward_visibility":-1,"ward_drawOrder":null,"ward_icon":null,"ward_Corporation":"East","ward_corporation_kn":"ಪೂರ್ವ","ward_corporation_id":"3","ward_ac":"K.R. Pura","ward_ac_kn":"ಕೆ.ಆರ್. ಪುರ","ward_ac_no":"151","ward_Assembly":"151 - K.R. Pura","ward_id":"24","ward_name":"24 - Vignananagara","ward_name_kn":"ವಿಜ್ಞಾನನಗರ","ward_TOT_P":"14649.0","ward_TOT_M":"7682.0","ward_TOT_F":"6967.0","ward_SC_P":"822.0","ward_SC_M":"402.0","ward_SC_F":"419.0","ward_ST_P":"229.0","ward_ST_M":"122.0","ward_ST_F":"107.0","ward_low_range":"14567","ward_high_range":"21851","ward_RO_Code":"4","ward_RO_Division":"RO- Vignananagara","ward_ARO_Code":"12","ward_ARO_ Sub Division":"ARO- Vignananagara","ward_zone":"Zone2","ward_zone_name":"K.R. Pura","ward_join_status":"matched","ward_spatial_match_count":1},"geometry":{"type":"Point","coordinates":[77.68252670000004,12.966693100000043,0]},"id":341},{"type":"Feature","properties":{"fid":342,"OBJECTID":342,"Name":"Placemark","FolderPath":"BBMP Toilets","SymbolID":0,"AltMode":-1,"Base":0,"Snippet":"","PopupInfo":"","HasLabel":-1,"LabelID":0,"ward_source_id":"ward_369_final.21","ward_source_Name":null,"ward_description":null,"ward_timestamp":null,"ward_begin":null,"ward_end":null,"ward_altitudeMode":null,"ward_tessellate":-1,"ward_extrude":0,"ward_visibility":-1,"ward_drawOrder":null,"ward_icon":null,"ward_Corporation":"South","ward_corporation_kn":"ದಕ್ಷಿಣ","ward_corporation_id":"4","ward_ac":"Padmanabanagar","ward_ac_kn":"ಪದ್ಮನಾಭನಗರ","ward_ac_no":"171","ward_Assembly":"171 - Padmanabanagar","ward_id":"2","ward_name":"2 - Kadirenahalli","ward_name_kn":"ಕದಿರೇನಹಳ್ಳಿ","ward_TOT_P":"19937.0","ward_TOT_M":"10125.0","ward_TOT_F":"9812.0","ward_SC_P":"816.0","ward_SC_M":"411.0","ward_SC_F":"405.0","ward_ST_P":"401.0","ward_ST_M":"183.0","ward_ST_F":"218.0","ward_low_range":"18594","ward_high_range":"27891","ward_RO_Code":"11","ward_RO_Division":"RO- Padmanabhanagara","ward_ARO_Code":"29","ward_ARO_ Sub Division":"ARO- Padmanabhanagara","ward_zone":"Zone1","ward_zone_name":"Jayanagar","ward_join_status":"matched","ward_spatial_match_count":1},"geometry":{"type":"Point","coordinates":[77.56058390000004,12.915667600000063,0]},"id":342},{"type":"Feature","properties":{"fid":343,"OBJECTID":343,"Name":"Placemark","FolderPath":"BBMP Toilets","SymbolID":0,"AltMode":-1,"Base":0,"Snippet":"","PopupInfo":"","HasLabel":-1,"LabelID":0,"ward_source_id":"ward_369_final.326","ward_source_Name":null,"ward_description":null,"ward_timestamp":null,"ward_begin":null,"ward_end":null,"ward_altitudeMode":null,"ward_tessellate":-1,"ward_extrude":0,"ward_visibility":-1,"ward_drawOrder":null,"ward_icon":null,"ward_Corporation":"West","ward_corporation_kn":"ಪಶ್ಚಿಮ","ward_corporation_id":"5","ward_ac":"Basavanagudi","ward_ac_kn":"ಬಸವನಗುಡಿ","ward_ac_no":"170","ward_Assembly":"170 - Basavanagudi","ward_id":"96","ward_name":"96 - Kathriguppe","ward_name_kn":"ಕತ್ರಿಗುಪ್ಪೆ","ward_TOT_P":"27696.0","ward_TOT_M":"14064.0","ward_TOT_F":"13632.0","ward_SC_P":"557.0","ward_SC_M":"294.0","ward_SC_F":"263.0","ward_ST_P":"372.0","ward_ST_M":"179.0","ward_ST_F":"193.0","ward_low_range":"18949","ward_high_range":"28424","ward_RO_Code":"1","ward_RO_Division":"RO- Basavanagudi","ward_ARO_Code":"2","ward_ARO_ Sub Division":"ARO- Katriguppe","ward_zone":"Zone2","ward_zone_name":"Malleshwaram","ward_join_status":"matched","ward_spatial_match_count":1},"geometry":{"type":"Point","coordinates":[77.54782680000005,12.929352700000038,0]},"id":343},{"type":"Feature","properties":{"fid":344,"OBJECTID":344,"Name":"Placemark","FolderPath":"BBMP Toilets","SymbolID":0,"AltMode":-1,"Base":0,"Snippet":"","PopupInfo":"","HasLabel":-1,"LabelID":0,"ward_source_id":"ward_369_final.43","ward_source_Name":null,"ward_description":null,"ward_timestamp":null,"ward_begin":null,"ward_end":null,"ward_altitudeMode":null,"ward_tessellate":-1,"ward_extrude":0,"ward_visibility":-1,"ward_drawOrder":null,"ward_icon":null,"ward_Corporation":"South","ward_corporation_kn":"ದಕ್ಷಿಣ","ward_corporation_id":"4","ward_ac":"Padmanabanagar","ward_ac_kn":"ಪದ್ಮನಾಭನಗರ","ward_ac_no":"171","ward_Assembly":"171 - Padmanabanagar","ward_id":"6","ward_name":"6 - Gowdanapalya","ward_name_kn":"ಗೌಡನಪಾಳ್ಯ","ward_TOT_P":"24691.0","ward_TOT_M":"12907.0","ward_TOT_F":"11784.0","ward_SC_P":"1808.0","ward_SC_M":"955.0","ward_SC_F":"853.0","ward_ST_P":"145.0","ward_ST_M":"81.0","ward_ST_F":"64.0","ward_low_range":"18594","ward_high_range":"27891","ward_RO_Code":"11","ward_RO_Division":"RO- Padmanabhanagara","ward_ARO_Code":"28","ward_ARO_ Sub Division":"ARO- Banashankari","ward_zone":"Zone1","ward_zone_name":"Jayanagar","ward_join_status":"matched","ward_spatial_match_count":1},"geometry":{"type":"Point","coordinates":[77.55819300000007,12.905967000000032,0]},"id":344},{"type":"Feature","properties":{"fid":345,"OBJECTID":345,"Name":"Placemark","FolderPath":"BBMP Toilets","SymbolID":0,"AltMode":-1,"Base":0,"Snippet":"","PopupInfo":"","HasLabel":-1,"LabelID":0,"ward_source_id":"ward_369_final.232","ward_source_Name":null,"ward_description":null,"ward_timestamp":null,"ward_begin":null,"ward_end":null,"ward_altitudeMode":null,"ward_tessellate":-1,"ward_extrude":0,"ward_visibility":-1,"ward_drawOrder":null,"ward_icon":null,"ward_Corporation":"East","ward_corporation_kn":"ಪೂರ್ವ","ward_corporation_id":"3","ward_ac":"K.R. Pura","ward_ac_kn":"ಕೆ.ಆರ್. ಪುರ","ward_ac_no":"151","ward_Assembly":"151 - K.R. Pura","ward_id":"22","ward_name":"22 - Mahadevapura","ward_name_kn":"ಮಹದೇವಪುರ","ward_TOT_P":"17381.0","ward_TOT_M":"9192.0","ward_TOT_F":"8189.0","ward_SC_P":"1507.0","ward_SC_M":"758.0","ward_SC_F":"749.0","ward_ST_P":"317.0","ward_ST_M":"164.0","ward_ST_F":"153.0","ward_low_range":"14567","ward_high_range":"21851","ward_RO_Code":"4","ward_RO_Division":"RO- Vignananagara","ward_ARO_Code":"10","ward_ARO_ Sub Division":"ARO- Mahadevapura","ward_zone":"Zone2","ward_zone_name":"K.R. Pura","ward_join_status":"matched","ward_spatial_match_count":1},"geometry":{"type":"Point","coordinates":[77.68706800000007,12.991413600000044,0]},"id":345},{"type":"Feature","properties":{"fid":346,"OBJECTID":346,"Name":"Placemark","FolderPath":"BBMP Toilets","SymbolID":0,"AltMode":-1,"Base":0,"Snippet":"","PopupInfo":"","HasLabel":-1,"LabelID":0,"ward_source_id":"ward_369_final.21","ward_source_Name":null,"ward_description":null,"ward_timestamp":null,"ward_begin":null,"ward_end":null,"ward_altitudeMode":null,"ward_tessellate":-1,"ward_extrude":0,"ward_visibility":-1,"ward_drawOrder":null,"ward_icon":null,"ward_Corporation":"South","ward_corporation_kn":"ದಕ್ಷಿಣ","ward_corporation_id":"4","ward_ac":"Padmanabanagar","ward_ac_kn":"ಪದ್ಮನಾಭನಗರ","ward_ac_no":"171","ward_Assembly":"171 - Padmanabanagar","ward_id":"2","ward_name":"2 - Kadirenahalli","ward_name_kn":"ಕದಿರೇನಹಳ್ಳಿ","ward_TOT_P":"19937.0","ward_TOT_M":"10125.0","ward_TOT_F":"9812.0","ward_SC_P":"816.0","ward_SC_M":"411.0","ward_SC_F":"405.0","ward_ST_P":"401.0","ward_ST_M":"183.0","ward_ST_F":"218.0","ward_low_range":"18594","ward_high_range":"27891","ward_RO_Code":"11","ward_RO_Division":"RO- Padmanabhanagara","ward_ARO_Code":"29","ward_ARO_ Sub Division":"ARO- Padmanabhanagara","ward_zone":"Zone1","ward_zone_name":"Jayanagar","ward_join_status":"matched","ward_spatial_match_count":1},"geometry":{"type":"Point","coordinates":[77.55977400000006,12.918493300000023,0]},"id":346},{"type":"Feature","properties":{"fid":347,"OBJECTID":347,"Name":"Placemark","FolderPath":"BBMP Toilets","SymbolID":0,"AltMode":-1,"Base":0,"Snippet":"","PopupInfo":"","HasLabel":-1,"LabelID":0,"ward_source_id":"ward_369_final.169","ward_source_Name":null,"ward_description":null,"ward_timestamp":null,"ward_begin":null,"ward_end":null,"ward_altitudeMode":null,"ward_tessellate":-1,"ward_extrude":0,"ward_visibility":-1,"ward_drawOrder":null,"ward_icon":null,"ward_Corporation":"South","ward_corporation_kn":"ದಕ್ಷಿಣ","ward_corporation_id":"4","ward_ac":"B.T.M Layout","ward_ac_kn":"ಬಿ.ಟಿ.ಎಂ. ಲೇಔಟ್","ward_ac_no":"172","ward_Assembly":"172 - B.T.M Layout","ward_id":"29","ward_name":"29 - Kormangala West","ward_name_kn":"ಕೋರಮಂಗಲ ಪಶ್ಚಿಮ","ward_TOT_P":"27879.0","ward_TOT_M":"14436.0","ward_TOT_F":"13494.0","ward_SC_P":"5999.0","ward_SC_M":"3098.0","ward_SC_F":"2901.0","ward_ST_P":"1058.0","ward_ST_M":"527.0","ward_ST_F":"531.0","ward_low_range":"18594","ward_high_range":"27891","ward_RO_Code":"3","ward_RO_Division":"RO- Kormangala","ward_ARO_Code":"6","ward_ARO_ Sub Division":"ARO- Lakkasandra","ward_zone":"Zone2","ward_zone_name":"Bommanahalli","ward_join_status":"matched","ward_spatial_match_count":1},"geometry":{"type":"Point","coordinates":[77.62163950000007,12.919213400000046,0]},"id":347},{"type":"Feature","properties":{"fid":348,"OBJECTID":348,"Name":"Placemark","FolderPath":"BBMP Toilets","SymbolID":0,"AltMode":-1,"Base":0,"Snippet":"","PopupInfo":"","HasLabel":-1,"LabelID":0,"ward_source_id":"ward_369_final.169","ward_source_Name":null,"ward_description":null,"ward_timestamp":null,"ward_begin":null,"ward_end":null,"ward_altitudeMode":null,"ward_tessellate":-1,"ward_extrude":0,"ward_visibility":-1,"ward_drawOrder":null,"ward_icon":null,"ward_Corporation":"South","ward_corporation_kn":"ದಕ್ಷಿಣ","ward_corporation_id":"4","ward_ac":"B.T.M Layout","ward_ac_kn":"ಬಿ.ಟಿ.ಎಂ. ಲೇಔಟ್","ward_ac_no":"172","ward_Assembly":"172 - B.T.M Layout","ward_id":"29","ward_name":"29 - Kormangala West","ward_name_kn":"ಕೋರಮಂಗಲ ಪಶ್ಚಿಮ","ward_TOT_P":"27879.0","ward_TOT_M":"14436.0","ward_TOT_F":"13494.0","ward_SC_P":"5999.0","ward_SC_M":"3098.0","ward_SC_F":"2901.0","ward_ST_P":"1058.0","ward_ST_M":"527.0","ward_ST_F":"531.0","ward_low_range":"18594","ward_high_range":"27891","ward_RO_Code":"3","ward_RO_Division":"RO- Kormangala","ward_ARO_Code":"6","ward_ARO_ Sub Division":"ARO- Lakkasandra","ward_zone":"Zone2","ward_zone_name":"Bommanahalli","ward_join_status":"matched","ward_spatial_match_count":1},"geometry":{"type":"Point","coordinates":[77.62065110000003,12.920592500000055,0]},"id":348},{"type":"Feature","properties":{"fid":349,"OBJECTID":349,"Name":"Placemark","FolderPath":"BBMP Toilets","SymbolID":0,"AltMode":-1,"Base":0,"Snippet":"","PopupInfo":"","HasLabel":-1,"LabelID":0,"ward_source_id":"ward_369_final.144","ward_source_Name":null,"ward_description":null,"ward_timestamp":null,"ward_begin":null,"ward_end":null,"ward_altitudeMode":null,"ward_tessellate":-1,"ward_extrude":0,"ward_visibility":-1,"ward_drawOrder":null,"ward_icon":null,"ward_Corporation":"South","ward_corporation_kn":"ದಕ್ಷಿಣ","ward_corporation_id":"4","ward_ac":"Bommanahalli","ward_ac_kn":"ಬೊಮ್ಮನಹಳ್ಳಿ","ward_ac_no":"175","ward_Assembly":"175 - Bommanahalli","ward_id":"67","ward_name":"67 - Bandepalya","ward_name_kn":"ಬಂಡೇಪಾಳ್ಯ","ward_TOT_P":"19744.0","ward_TOT_M":"10547.0","ward_TOT_F":"9197.0","ward_SC_P":"1725.0","ward_SC_M":"883.0","ward_SC_F":"842.0","ward_ST_P":"321.0","ward_ST_M":"179.0","ward_ST_F":"142.0","ward_low_range":"18594","ward_high_range":"27891","ward_RO_Code":"7","ward_RO_Division":"RO- Bommanahalli","ward_ARO_Code":"19","ward_ARO_ Sub Division":"ARO- Mangamanapalya","ward_zone":"Zone2","ward_zone_name":"Bommanahalli","ward_join_status":"matched","ward_spatial_match_count":1},"geometry":{"type":"Point","coordinates":[77.63353080000007,12.90051520000003,0]},"id":349},{"type":"Feature","properties":{"fid":350,"OBJECTID":350,"Name":"Placemark","FolderPath":"BBMP Toilets","SymbolID":0,"AltMode":-1,"Base":0,"Snippet":"","PopupInfo":"","HasLabel":-1,"LabelID":0,"ward_source_id":"ward_369_final.305","ward_source_Name":null,"ward_description":null,"ward_timestamp":null,"ward_begin":null,"ward_end":null,"ward_altitudeMode":null,"ward_tessellate":-1,"ward_extrude":0,"ward_visibility":-1,"ward_drawOrder":null,"ward_icon":null,"ward_Corporation":"West","ward_corporation_kn":"ಪಶ್ಚಿಮ","ward_corporation_id":"5","ward_ac":"Malleshwaram","ward_ac_kn":"ಮಲ್ಲೇಶ್ವರಂ","ward_ac_no":"157","ward_Assembly":"157 - Malleshwaram","ward_id":"52","ward_name":"52 - Kodandarampura","ward_name_kn":"ಕೋದಂಡರಾಮಪುರ","ward_TOT_P":"18962.0","ward_TOT_M":"9340.0","ward_TOT_F":"9552.0","ward_SC_P":"822.0","ward_SC_M":"430.0","ward_SC_F":"391.0","ward_ST_P":"149.0","ward_ST_M":"74.0","ward_ST_F":"76.0","ward_low_range":"18949","ward_high_range":"28424","ward_RO_Code":"6","ward_RO_Division":"RO- Malleshwaram","ward_ARO_Code":"21","ward_ARO_ Sub Division":"ARO- Rajamahal","ward_zone":"Zone2","ward_zone_name":"Malleshwaram","ward_join_status":"matched","ward_spatial_match_count":1},"geometry":{"type":"Point","coordinates":[77.57257980000009,13.001854200000025,0]},"id":350},{"type":"Feature","properties":{"fid":351,"OBJECTID":351,"Name":"Placemark","FolderPath":"BBMP Toilets","SymbolID":0,"AltMode":-1,"Base":0,"Snippet":"","PopupInfo":"","HasLabel":-1,"LabelID":0,"ward_source_id":"ward_369_final.305","ward_source_Name":null,"ward_description":null,"ward_timestamp":null,"ward_begin":null,"ward_end":null,"ward_altitudeMode":null,"ward_tessellate":-1,"ward_extrude":0,"ward_visibility":-1,"ward_drawOrder":null,"ward_icon":null,"ward_Corporation":"West","ward_corporation_kn":"ಪಶ್ಚಿಮ","ward_corporation_id":"5","ward_ac":"Malleshwaram","ward_ac_kn":"ಮಲ್ಲೇಶ್ವರಂ","ward_ac_no":"157","ward_Assembly":"157 - Malleshwaram","ward_id":"52","ward_name":"52 - Kodandarampura","ward_name_kn":"ಕೋದಂಡರಾಮಪುರ","ward_TOT_P":"18962.0","ward_TOT_M":"9340.0","ward_TOT_F":"9552.0","ward_SC_P":"822.0","ward_SC_M":"430.0","ward_SC_F":"391.0","ward_ST_P":"149.0","ward_ST_M":"74.0","ward_ST_F":"76.0","ward_low_range":"18949","ward_high_range":"28424","ward_RO_Code":"6","ward_RO_Division":"RO- Malleshwaram","ward_ARO_Code":"21","ward_ARO_ Sub Division":"ARO- Rajamahal","ward_zone":"Zone2","ward_zone_name":"Malleshwaram","ward_join_status":"matched","ward_spatial_match_count":1},"geometry":{"type":"Point","coordinates":[77.57405330000006,12.998982200000057,0]},"id":351},{"type":"Feature","properties":{"fid":352,"OBJECTID":352,"Name":"Placemark","FolderPath":"BBMP Toilets","SymbolID":0,"AltMode":-1,"Base":0,"Snippet":"","PopupInfo":"","HasLabel":-1,"LabelID":0,"ward_source_id":"ward_369_final.315","ward_source_Name":null,"ward_description":null,"ward_timestamp":null,"ward_begin":null,"ward_end":null,"ward_altitudeMode":null,"ward_tessellate":-1,"ward_extrude":0,"ward_visibility":-1,"ward_drawOrder":null,"ward_icon":null,"ward_Corporation":"West","ward_corporation_kn":"ಪಶ್ಚಿಮ","ward_corporation_id":"5","ward_ac":"Malleshwaram","ward_ac_kn":"ಮಲ್ಲೇಶ್ವರಂ","ward_ac_no":"157","ward_Assembly":"157 - Malleshwaram","ward_id":"51","ward_name":"51 - Rajamahal","ward_name_kn":"ರಾಜಮಹಲ್","ward_TOT_P":"24705.0","ward_TOT_M":"12375.0","ward_TOT_F":"12400.0","ward_SC_P":"3479.0","ward_SC_M":"1692.0","ward_SC_F":"1787.0","ward_ST_P":"329.0","ward_ST_M":"173.0","ward_ST_F":"156.0","ward_low_range":"18949","ward_high_range":"28424","ward_RO_Code":"6","ward_RO_Division":"RO- Malleshwaram","ward_ARO_Code":"21","ward_ARO_ Sub Division":"ARO- Rajamahal","ward_zone":"Zone2","ward_zone_name":"Malleshwaram","ward_join_status":"matched","ward_spatial_match_count":1},"geometry":{"type":"Point","coordinates":[77.58260370000005,12.999192600000072,0]},"id":352},{"type":"Feature","properties":{"fid":353,"OBJECTID":353,"Name":"Placemark","FolderPath":"BBMP Toilets","SymbolID":0,"AltMode":-1,"Base":0,"Snippet":"","PopupInfo":"","HasLabel":-1,"LabelID":0,"ward_source_id":"ward_369_final.315","ward_source_Name":null,"ward_description":null,"ward_timestamp":null,"ward_begin":null,"ward_end":null,"ward_altitudeMode":null,"ward_tessellate":-1,"ward_extrude":0,"ward_visibility":-1,"ward_drawOrder":null,"ward_icon":null,"ward_Corporation":"West","ward_corporation_kn":"ಪಶ್ಚಿಮ","ward_corporation_id":"5","ward_ac":"Malleshwaram","ward_ac_kn":"ಮಲ್ಲೇಶ್ವರಂ","ward_ac_no":"157","ward_Assembly":"157 - Malleshwaram","ward_id":"51","ward_name":"51 - Rajamahal","ward_name_kn":"ರಾಜಮಹಲ್","ward_TOT_P":"24705.0","ward_TOT_M":"12375.0","ward_TOT_F":"12400.0","ward_SC_P":"3479.0","ward_SC_M":"1692.0","ward_SC_F":"1787.0","ward_ST_P":"329.0","ward_ST_M":"173.0","ward_ST_F":"156.0","ward_low_range":"18949","ward_high_range":"28424","ward_RO_Code":"6","ward_RO_Division":"RO- Malleshwaram","ward_ARO_Code":"21","ward_ARO_ Sub Division":"ARO- Rajamahal","ward_zone":"Zone2","ward_zone_name":"Malleshwaram","ward_join_status":"matched","ward_spatial_match_count":1},"geometry":{"type":"Point","coordinates":[77.57909920000003,13.004830200000072,0]},"id":353},{"type":"Feature","properties":{"fid":354,"OBJECTID":354,"Name":"Placemark","FolderPath":"BBMP Toilets","SymbolID":0,"AltMode":-1,"Base":0,"Snippet":"","PopupInfo":"","HasLabel":-1,"LabelID":0,"ward_source_id":"ward_369_final.123","ward_source_Name":null,"ward_description":null,"ward_timestamp":null,"ward_begin":null,"ward_end":null,"ward_altitudeMode":null,"ward_tessellate":-1,"ward_extrude":0,"ward_visibility":-1,"ward_drawOrder":null,"ward_icon":null,"ward_Corporation":"South","ward_corporation_kn":"ದಕ್ಷಿಣ","ward_corporation_id":"4","ward_ac":"Bommanahalli","ward_ac_kn":"ಬೊಮ್ಮನಹಳ್ಳಿ","ward_ac_no":"175","ward_Assembly":"175 - Bommanahalli","ward_id":"56","ward_name":"56 - Doresanipalya","ward_name_kn":"ದೊರೆಸಾನಿಪಾಳ್ಯ","ward_TOT_P":"23059.0","ward_TOT_M":"11969.0","ward_TOT_F":"11090.0","ward_SC_P":"445.0","ward_SC_M":"218.0","ward_SC_F":"227.0","ward_ST_P":"107.0","ward_ST_M":"55.0","ward_ST_F":"52.0","ward_low_range":"18594","ward_high_range":"27891","ward_RO_Code":"6","ward_RO_Division":"RO- Arakere","ward_ARO_Code":"15","ward_ARO_ Sub Division":"ARO- Arakere","ward_zone":"Zone2","ward_zone_name":"Bommanahalli","ward_join_status":"matched","ward_spatial_match_count":1},"geometry":{"type":"Point","coordinates":[77.59608720000006,12.88373370000005,0]},"id":354},{"type":"Feature","properties":{"fid":355,"OBJECTID":355,"Name":"Placemark","FolderPath":"BBMP Toilets","SymbolID":0,"AltMode":-1,"Base":0,"Snippet":"","PopupInfo":"","HasLabel":-1,"LabelID":0,"ward_source_id":"ward_369_final.21","ward_source_Name":null,"ward_description":null,"ward_timestamp":null,"ward_begin":null,"ward_end":null,"ward_altitudeMode":null,"ward_tessellate":-1,"ward_extrude":0,"ward_visibility":-1,"ward_drawOrder":null,"ward_icon":null,"ward_Corporation":"South","ward_corporation_kn":"ದಕ್ಷಿಣ","ward_corporation_id":"4","ward_ac":"Padmanabanagar","ward_ac_kn":"ಪದ್ಮನಾಭನಗರ","ward_ac_no":"171","ward_Assembly":"171 - Padmanabanagar","ward_id":"2","ward_name":"2 - Kadirenahalli","ward_name_kn":"ಕದಿರೇನಹಳ್ಳಿ","ward_TOT_P":"19937.0","ward_TOT_M":"10125.0","ward_TOT_F":"9812.0","ward_SC_P":"816.0","ward_SC_M":"411.0","ward_SC_F":"405.0","ward_ST_P":"401.0","ward_ST_M":"183.0","ward_ST_F":"218.0","ward_low_range":"18594","ward_high_range":"27891","ward_RO_Code":"11","ward_RO_Division":"RO- Padmanabhanagara","ward_ARO_Code":"29","ward_ARO_ Sub Division":"ARO- Padmanabhanagara","ward_zone":"Zone1","ward_zone_name":"Jayanagar","ward_join_status":"matched","ward_spatial_match_count":1},"geometry":{"type":"Point","coordinates":[77.55882880000007,12.91514600000005,0]},"id":355},{"type":"Feature","properties":{"fid":356,"OBJECTID":356,"Name":"Placemark","FolderPath":"BBMP Toilets","SymbolID":0,"AltMode":-1,"Base":0,"Snippet":"","PopupInfo":"","HasLabel":-1,"LabelID":0,"ward_source_id":"ward_369_final.192","ward_source_Name":null,"ward_description":null,"ward_timestamp":null,"ward_begin":null,"ward_end":null,"ward_altitudeMode":null,"ward_tessellate":-1,"ward_extrude":0,"ward_visibility":-1,"ward_drawOrder":null,"ward_icon":null,"ward_Corporation":"South","ward_corporation_kn":"ದಕ್ಷಿಣ","ward_corporation_id":"4","ward_ac":"Bommanahalli","ward_ac_kn":"ಬೊಮ್ಮನಹಳ್ಳಿ","ward_ac_no":"175","ward_Assembly":"175 - Bommanahalli","ward_id":"57","ward_name":"57 - Hulimavu","ward_name_kn":"ಹುಳಿಮಾವು","ward_TOT_P":"19598.0","ward_TOT_M":"10294.0","ward_TOT_F":"9304.0","ward_SC_P":"2213.0","ward_SC_M":"1144.0","ward_SC_F":"1071.0","ward_ST_P":"441.0","ward_ST_M":"216.0","ward_ST_F":"225.0","ward_low_range":"18594","ward_high_range":"27891","ward_RO_Code":"6","ward_RO_Division":"RO- Arakere","ward_ARO_Code":"15","ward_ARO_ Sub Division":"ARO- Arakere","ward_zone":"Zone2","ward_zone_name":"Bommanahalli","ward_join_status":"matched","ward_spatial_match_count":1},"geometry":{"type":"Point","coordinates":[77.59556930000008,12.876218700000038,0]},"id":356},{"type":"Feature","properties":{"fid":357,"OBJECTID":357,"Name":"Placemark","FolderPath":"BBMP Toilets","SymbolID":0,"AltMode":-1,"Base":0,"Snippet":"","PopupInfo":"","HasLabel":-1,"LabelID":0,"ward_source_id":"ward_369_final.14","ward_source_Name":null,"ward_description":null,"ward_timestamp":null,"ward_begin":null,"ward_end":null,"ward_altitudeMode":null,"ward_tessellate":-1,"ward_extrude":0,"ward_visibility":-1,"ward_drawOrder":null,"ward_icon":null,"ward_Corporation":"East","ward_corporation_kn":"ಪೂರ್ವ","ward_corporation_id":"3","ward_ac":"K.R. Pura","ward_ac_kn":"ಕೆ.ಆರ್. ಪುರ","ward_ac_no":"151","ward_Assembly":"151 - K.R. Pura","ward_id":"14","ward_name":"14 - K.R Pura","ward_name_kn":"ಕೆ ಆರ್ ಪುರ","ward_TOT_P":"14930.0","ward_TOT_M":"7717.0","ward_TOT_F":"7213.0","ward_SC_P":"1560.0","ward_SC_M":"794.0","ward_SC_F":"766.0","ward_ST_P":"351.0","ward_ST_M":"194.0","ward_ST_F":"157.0","ward_low_range":"14567","ward_high_range":"21851","ward_RO_Code":"2","ward_RO_Division":"RO- KR Pura","ward_ARO_Code":"6","ward_ARO_ Sub Division":"ARO- KR Pura","ward_zone":"Zone2","ward_zone_name":"K.R. Pura","ward_join_status":"matched","ward_spatial_match_count":1},"geometry":{"type":"Point","coordinates":[77.69417810000004,13.007394600000055,0]},"id":357},{"type":"Feature","properties":{"fid":358,"OBJECTID":358,"Name":"Placemark","FolderPath":"BBMP Toilets","SymbolID":0,"AltMode":-1,"Base":0,"Snippet":"","PopupInfo":"","HasLabel":-1,"LabelID":0,"ward_source_id":"ward_369_final.236","ward_source_Name":null,"ward_description":null,"ward_timestamp":null,"ward_begin":null,"ward_end":null,"ward_altitudeMode":null,"ward_tessellate":-1,"ward_extrude":0,"ward_visibility":-1,"ward_drawOrder":null,"ward_icon":null,"ward_Corporation":"East","ward_corporation_kn":"ಪೂರ್ವ","ward_corporation_id":"3","ward_ac":"K.R. Pura","ward_ac_kn":"ಕೆ.ಆರ್. ಪುರ","ward_ac_no":"151","ward_Assembly":"151 - K.R. Pura","ward_id":"13","ward_name":"13 - Rajarajeshwari Temple ward","ward_name_kn":"ರಾಜರಾಜೇಶ್ವರಿ ದೇವಸ್ಥಾನ ವಾರ್ಡ್","ward_TOT_P":"17539.0","ward_TOT_M":"9390.0","ward_TOT_F":"8149.0","ward_SC_P":"1608.0","ward_SC_M":"857.0","ward_SC_F":"751.0","ward_ST_P":"438.0","ward_ST_M":"247.0","ward_ST_F":"190.0","ward_low_range":"14567","ward_high_range":"21851","ward_RO_Code":"2","ward_RO_Division":"RO- KR Pura","ward_ARO_Code":"6","ward_ARO_ Sub Division":"ARO- KR Pura","ward_zone":"Zone2","ward_zone_name":"K.R. Pura","ward_join_status":"matched","ward_spatial_match_count":1},"geometry":{"type":"Point","coordinates":[77.68738960000007,13.000136300000065,0]},"id":358},{"type":"Feature","properties":{"fid":359,"OBJECTID":359,"Name":"Placemark","FolderPath":"BBMP Toilets","SymbolID":0,"AltMode":-1,"Base":0,"Snippet":"","PopupInfo":"","HasLabel":-1,"LabelID":0,"ward_source_id":"ward_369_final.281","ward_source_Name":null,"ward_description":null,"ward_timestamp":null,"ward_begin":null,"ward_end":null,"ward_altitudeMode":null,"ward_tessellate":-1,"ward_extrude":0,"ward_visibility":-1,"ward_drawOrder":null,"ward_icon":null,"ward_Corporation":"Central","ward_corporation_kn":"ಕೇಂದ್ರ","ward_corporation_id":"1","ward_ac":"Gandhinagara","ward_ac_kn":"ಗಾಂಧಿನಗರ","ward_ac_no":"164","ward_Assembly":"164 - Gandhinagara","ward_id":"61","ward_name":"61 - Dattatreya Ward","ward_name_kn":"ದತ್ತಾತ್ರೇಯ ವಾರ್ಡ್","ward_TOT_P":"19627.0","ward_TOT_M":"9950.0","ward_TOT_F":"9677.0","ward_SC_P":"3220.0","ward_SC_M":"1611.0","ward_SC_F":"1609.0","ward_ST_P":"300.0","ward_ST_M":"147.0","ward_ST_F":"152.0","ward_low_range":"18853","ward_high_range":"28280","ward_RO_Code":"5","ward_RO_Division":"RO - Gandhinagara","ward_ARO_Code":"17","ward_ARO_ Sub Division":"ARO- Sheshadripuram","ward_zone":"Zone2","ward_zone_name":"Gandhinagara","ward_join_status":"matched","ward_spatial_match_count":1},"geometry":{"type":"Point","coordinates":[77.57174400000008,12.989776000000063,0]},"id":359},{"type":"Feature","properties":{"fid":360,"OBJECTID":360,"Name":"Placemark","FolderPath":"BBMP Toilets","SymbolID":0,"AltMode":-1,"Base":0,"Snippet":"","PopupInfo":"","HasLabel":-1,"LabelID":0,"ward_source_id":"ward_369_final.236","ward_source_Name":null,"ward_description":null,"ward_timestamp":null,"ward_begin":null,"ward_end":null,"ward_altitudeMode":null,"ward_tessellate":-1,"ward_extrude":0,"ward_visibility":-1,"ward_drawOrder":null,"ward_icon":null,"ward_Corporation":"East","ward_corporation_kn":"ಪೂರ್ವ","ward_corporation_id":"3","ward_ac":"K.R. Pura","ward_ac_kn":"ಕೆ.ಆರ್. ಪುರ","ward_ac_no":"151","ward_Assembly":"151 - K.R. Pura","ward_id":"13","ward_name":"13 - Rajarajeshwari Temple ward","ward_name_kn":"ರಾಜರಾಜೇಶ್ವರಿ ದೇವಸ್ಥಾನ ವಾರ್ಡ್","ward_TOT_P":"17539.0","ward_TOT_M":"9390.0","ward_TOT_F":"8149.0","ward_SC_P":"1608.0","ward_SC_M":"857.0","ward_SC_F":"751.0","ward_ST_P":"438.0","ward_ST_M":"247.0","ward_ST_F":"190.0","ward_low_range":"14567","ward_high_range":"21851","ward_RO_Code":"2","ward_RO_Division":"RO- KR Pura","ward_ARO_Code":"6","ward_ARO_ Sub Division":"ARO- KR Pura","ward_zone":"Zone2","ward_zone_name":"K.R. Pura","ward_join_status":"matched","ward_spatial_match_count":1},"geometry":{"type":"Point","coordinates":[77.68929010000005,12.998482900000056,0]},"id":360},{"type":"Feature","properties":{"fid":361,"OBJECTID":361,"Name":"Placemark","FolderPath":"BBMP Toilets","SymbolID":0,"AltMode":-1,"Base":0,"Snippet":"","PopupInfo":"","HasLabel":-1,"LabelID":0,"ward_source_id":"ward_369_final.236","ward_source_Name":null,"ward_description":null,"ward_timestamp":null,"ward_begin":null,"ward_end":null,"ward_altitudeMode":null,"ward_tessellate":-1,"ward_extrude":0,"ward_visibility":-1,"ward_drawOrder":null,"ward_icon":null,"ward_Corporation":"East","ward_corporation_kn":"ಪೂರ್ವ","ward_corporation_id":"3","ward_ac":"K.R. Pura","ward_ac_kn":"ಕೆ.ಆರ್. ಪುರ","ward_ac_no":"151","ward_Assembly":"151 - K.R. Pura","ward_id":"13","ward_name":"13 - Rajarajeshwari Temple ward","ward_name_kn":"ರಾಜರಾಜೇಶ್ವರಿ ದೇವಸ್ಥಾನ ವಾರ್ಡ್","ward_TOT_P":"17539.0","ward_TOT_M":"9390.0","ward_TOT_F":"8149.0","ward_SC_P":"1608.0","ward_SC_M":"857.0","ward_SC_F":"751.0","ward_ST_P":"438.0","ward_ST_M":"247.0","ward_ST_F":"190.0","ward_low_range":"14567","ward_high_range":"21851","ward_RO_Code":"2","ward_RO_Division":"RO- KR Pura","ward_ARO_Code":"6","ward_ARO_ Sub Division":"ARO- KR Pura","ward_zone":"Zone2","ward_zone_name":"K.R. Pura","ward_join_status":"matched","ward_spatial_match_count":1},"geometry":{"type":"Point","coordinates":[77.69170740000004,12.997017400000061,0]},"id":361},{"type":"Feature","properties":{"fid":362,"OBJECTID":362,"Name":"Placemark","FolderPath":"BBMP Toilets","SymbolID":0,"AltMode":-1,"Base":0,"Snippet":"","PopupInfo":"","HasLabel":-1,"LabelID":0,"ward_source_id":"ward_369_final.52","ward_source_Name":null,"ward_description":null,"ward_timestamp":null,"ward_begin":null,"ward_end":null,"ward_altitudeMode":null,"ward_tessellate":-1,"ward_extrude":0,"ward_visibility":-1,"ward_drawOrder":null,"ward_icon":null,"ward_Corporation":"South","ward_corporation_kn":"ದಕ್ಷಿಣ","ward_corporation_id":"4","ward_ac":"Bommanahalli","ward_ac_kn":"ಬೊಮ್ಮನಹಳ್ಳಿ","ward_ac_no":"175","ward_Assembly":"175 - Bommanahalli","ward_id":"59","ward_name":"59 - Vijaya Bank Layout","ward_name_kn":"ವಿಜಯ ಬ್ಯಾಂಕ್ ಲೇಔಟ್","ward_TOT_P":"27787.0","ward_TOT_M":"14761.0","ward_TOT_F":"13025.0","ward_SC_P":"2426.0","ward_SC_M":"1259.0","ward_SC_F":"1168.0","ward_ST_P":"319.0","ward_ST_M":"167.0","ward_ST_F":"152.0","ward_low_range":"18594","ward_high_range":"27891","ward_RO_Code":"6","ward_RO_Division":"RO- Arakere","ward_ARO_Code":"16","ward_ARO_ Sub Division":"ARO- Bilekanahalli","ward_zone":"Zone2","ward_zone_name":"Bommanahalli","ward_join_status":"matched","ward_spatial_match_count":1},"geometry":{"type":"Point","coordinates":[77.61143400000003,12.891769800000077,0]},"id":362},{"type":"Feature","properties":{"fid":363,"OBJECTID":363,"Name":"Placemark","FolderPath":"BBMP Toilets","SymbolID":0,"AltMode":-1,"Base":0,"Snippet":"","PopupInfo":"","HasLabel":-1,"LabelID":0,"ward_source_id":"ward_369_final.366","ward_source_Name":null,"ward_description":null,"ward_timestamp":null,"ward_begin":null,"ward_end":null,"ward_altitudeMode":null,"ward_tessellate":-1,"ward_extrude":0,"ward_visibility":-1,"ward_drawOrder":null,"ward_icon":null,"ward_Corporation":"Central","ward_corporation_kn":"ಕೇಂದ್ರ","ward_corporation_id":"1","ward_ac":"Gandhinagara","ward_ac_kn":"ಗಾಂಧಿನಗರ","ward_ac_no":"164","ward_Assembly":"164 - Gandhinagara","ward_id":"57","ward_name":"57 - Cottonpete","ward_name_kn":"ಕಾಟನ್‌ಪೇಟೆ","ward_TOT_P":"27147.0","ward_TOT_M":"14426.0","ward_TOT_F":"12720.0","ward_SC_P":"871.0","ward_SC_M":"436.0","ward_SC_F":"435.0","ward_ST_P":"193.0","ward_ST_M":"108.0","ward_ST_F":"85.0","ward_low_range":"18853","ward_high_range":"28280","ward_RO_Code":"5","ward_RO_Division":"RO - Gandhinagara","ward_ARO_Code":"15","ward_ARO_ Sub Division":"ARO- Chickpete","ward_zone":"Zone2","ward_zone_name":"Gandhinagara","ward_join_status":"matched","ward_spatial_match_count":1},"geometry":{"type":"Point","coordinates":[77.57066470000007,12.975284300000055,0]},"id":363},{"type":"Feature","properties":{"fid":364,"OBJECTID":364,"Name":"Placemark","FolderPath":"BBMP Toilets","SymbolID":0,"AltMode":-1,"Base":0,"Snippet":"","PopupInfo":"","HasLabel":-1,"LabelID":0,"ward_source_id":"ward_369_final.158","ward_source_Name":null,"ward_description":null,"ward_timestamp":null,"ward_begin":null,"ward_end":null,"ward_altitudeMode":null,"ward_tessellate":-1,"ward_extrude":0,"ward_visibility":-1,"ward_drawOrder":null,"ward_icon":null,"ward_Corporation":"South","ward_corporation_kn":"ದಕ್ಷಿಣ","ward_corporation_id":"4","ward_ac":"Bommanahalli","ward_ac_kn":"ಬೊಮ್ಮನಹಳ್ಳಿ","ward_ac_no":"175","ward_Assembly":"175 - Bommanahalli","ward_id":"64","ward_name":"64 - Hongasandra","ward_name_kn":"ಹೊಂಗಸಂದ್ರ","ward_TOT_P":"27790.0","ward_TOT_M":"14968.0","ward_TOT_F":"12821.0","ward_SC_P":"2023.0","ward_SC_M":"1055.0","ward_SC_F":"969.0","ward_ST_P":"821.0","ward_ST_M":"437.0","ward_ST_F":"384.0","ward_low_range":"18594","ward_high_range":"27891","ward_RO_Code":"7","ward_RO_Division":"RO- Bommanahalli","ward_ARO_Code":"18","ward_ARO_ Sub Division":"ARO- Bommanahalli","ward_zone":"Zone2","ward_zone_name":"Bommanahalli","ward_join_status":"matched","ward_spatial_match_count":1},"geometry":{"type":"Point","coordinates":[77.62654980000008,12.903629400000057,0]},"id":364},{"type":"Feature","properties":{"fid":365,"OBJECTID":365,"Name":"Placemark","FolderPath":"BBMP Toilets","SymbolID":0,"AltMode":-1,"Base":0,"Snippet":"","PopupInfo":"","HasLabel":-1,"LabelID":0,"ward_source_id":"ward_369_final.365","ward_source_Name":null,"ward_description":null,"ward_timestamp":null,"ward_begin":null,"ward_end":null,"ward_altitudeMode":null,"ward_tessellate":-1,"ward_extrude":0,"ward_visibility":-1,"ward_drawOrder":null,"ward_icon":null,"ward_Corporation":"Central","ward_corporation_kn":"ಕೇಂದ್ರ","ward_corporation_id":"1","ward_ac":"Gandhinagara","ward_ac_kn":"ಗಾಂಧಿನಗರ","ward_ac_no":"164","ward_Assembly":"164 - Gandhinagara","ward_id":"56","ward_name":"56 - Gopalpura","ward_name_kn":"ಗೋಪಾಲಪುರ","ward_TOT_P":"26986.0","ward_TOT_M":"13789.0","ward_TOT_F":"13197.0","ward_SC_P":"6655.0","ward_SC_M":"3307.0","ward_SC_F":"3348.0","ward_ST_P":"338.0","ward_ST_M":"177.0","ward_ST_F":"161.0","ward_low_range":"18853","ward_high_range":"28280","ward_RO_Code":"5","ward_RO_Division":"RO - Gandhinagara","ward_ARO_Code":"14","ward_ARO_ Sub Division":"ARO- Binnypete","ward_zone":"Zone2","ward_zone_name":"Gandhinagara","ward_join_status":"matched","ward_spatial_match_count":1},"geometry":{"type":"Point","coordinates":[77.56685200000004,12.972545300000036,0]},"id":365},{"type":"Feature","properties":{"fid":366,"OBJECTID":366,"Name":"Placemark","FolderPath":"BBMP Toilets","SymbolID":0,"AltMode":-1,"Base":0,"Snippet":"","PopupInfo":"","HasLabel":-1,"LabelID":0,"ward_source_id":"ward_369_final.154","ward_source_Name":null,"ward_description":null,"ward_timestamp":null,"ward_begin":null,"ward_end":null,"ward_altitudeMode":null,"ward_tessellate":-1,"ward_extrude":0,"ward_visibility":-1,"ward_drawOrder":null,"ward_icon":null,"ward_Corporation":"South","ward_corporation_kn":"ದಕ್ಷಿಣ","ward_corporation_id":"4","ward_ac":"Bommanahalli","ward_ac_kn":"ಬೊಮ್ಮನಹಳ್ಳಿ","ward_ac_no":"175","ward_Assembly":"175 - Bommanahalli","ward_id":"60","ward_name":"60 - Bilekahalli","ward_name_kn":"ಬಿಳೇಕಹಳ್ಳಿ","ward_TOT_P":"25208.0","ward_TOT_M":"13233.0","ward_TOT_F":"11976.0","ward_SC_P":"2135.0","ward_SC_M":"1079.0","ward_SC_F":"1057.0","ward_ST_P":"171.0","ward_ST_M":"88.0","ward_ST_F":"83.0","ward_low_range":"18594","ward_high_range":"27891","ward_RO_Code":"6","ward_RO_Division":"RO- Arakere","ward_ARO_Code":"16","ward_ARO_ Sub Division":"ARO- Bilekanahalli","ward_zone":"Zone2","ward_zone_name":"Bommanahalli","ward_join_status":"matched","ward_spatial_match_count":1},"geometry":{"type":"Point","coordinates":[77.60050570000004,12.899104200000068,0]},"id":366},{"type":"Feature","properties":{"fid":367,"OBJECTID":367,"Name":"Placemark","FolderPath":"BBMP Toilets","SymbolID":0,"AltMode":-1,"Base":0,"Snippet":"","PopupInfo":"","HasLabel":-1,"LabelID":0,"ward_source_id":"ward_369_final.21","ward_source_Name":null,"ward_description":null,"ward_timestamp":null,"ward_begin":null,"ward_end":null,"ward_altitudeMode":null,"ward_tessellate":-1,"ward_extrude":0,"ward_visibility":-1,"ward_drawOrder":null,"ward_icon":null,"ward_Corporation":"South","ward_corporation_kn":"ದಕ್ಷಿಣ","ward_corporation_id":"4","ward_ac":"Padmanabanagar","ward_ac_kn":"ಪದ್ಮನಾಭನಗರ","ward_ac_no":"171","ward_Assembly":"171 - Padmanabanagar","ward_id":"2","ward_name":"2 - Kadirenahalli","ward_name_kn":"ಕದಿರೇನಹಳ್ಳಿ","ward_TOT_P":"19937.0","ward_TOT_M":"10125.0","ward_TOT_F":"9812.0","ward_SC_P":"816.0","ward_SC_M":"411.0","ward_SC_F":"405.0","ward_ST_P":"401.0","ward_ST_M":"183.0","ward_ST_F":"218.0","ward_low_range":"18594","ward_high_range":"27891","ward_RO_Code":"11","ward_RO_Division":"RO- Padmanabhanagara","ward_ARO_Code":"29","ward_ARO_ Sub Division":"ARO- Padmanabhanagara","ward_zone":"Zone1","ward_zone_name":"Jayanagar","ward_join_status":"matched","ward_spatial_match_count":1},"geometry":{"type":"Point","coordinates":[77.55906900000008,12.913669900000059,0]},"id":367},{"type":"Feature","properties":{"fid":368,"OBJECTID":368,"Name":"Placemark","FolderPath":"BBMP Toilets","SymbolID":0,"AltMode":-1,"Base":0,"Snippet":"","PopupInfo":"","HasLabel":-1,"LabelID":0,"ward_source_id":"ward_369_final.154","ward_source_Name":null,"ward_description":null,"ward_timestamp":null,"ward_begin":null,"ward_end":null,"ward_altitudeMode":null,"ward_tessellate":-1,"ward_extrude":0,"ward_visibility":-1,"ward_drawOrder":null,"ward_icon":null,"ward_Corporation":"South","ward_corporation_kn":"ದಕ್ಷಿಣ","ward_corporation_id":"4","ward_ac":"Bommanahalli","ward_ac_kn":"ಬೊಮ್ಮನಹಳ್ಳಿ","ward_ac_no":"175","ward_Assembly":"175 - Bommanahalli","ward_id":"60","ward_name":"60 - Bilekahalli","ward_name_kn":"ಬಿಳೇಕಹಳ್ಳಿ","ward_TOT_P":"25208.0","ward_TOT_M":"13233.0","ward_TOT_F":"11976.0","ward_SC_P":"2135.0","ward_SC_M":"1079.0","ward_SC_F":"1057.0","ward_ST_P":"171.0","ward_ST_M":"88.0","ward_ST_F":"83.0","ward_low_range":"18594","ward_high_range":"27891","ward_RO_Code":"6","ward_RO_Division":"RO- Arakere","ward_ARO_Code":"16","ward_ARO_ Sub Division":"ARO- Bilekanahalli","ward_zone":"Zone2","ward_zone_name":"Bommanahalli","ward_join_status":"matched","ward_spatial_match_count":1},"geometry":{"type":"Point","coordinates":[77.60103170000008,12.907124800000076,0]},"id":368},{"type":"Feature","properties":{"fid":369,"OBJECTID":369,"Name":"Placemark","FolderPath":"BBMP Toilets","SymbolID":0,"AltMode":-1,"Base":0,"Snippet":"","PopupInfo":"","HasLabel":-1,"LabelID":0,"ward_source_id":"ward_369_final.122","ward_source_Name":null,"ward_description":null,"ward_timestamp":null,"ward_begin":null,"ward_end":null,"ward_altitudeMode":null,"ward_tessellate":-1,"ward_extrude":0,"ward_visibility":-1,"ward_drawOrder":null,"ward_icon":null,"ward_Corporation":"South","ward_corporation_kn":"ದಕ್ಷಿಣ","ward_corporation_id":"4","ward_ac":"Bommanahalli","ward_ac_kn":"ಬೊಮ್ಮನಹಳ್ಳಿ","ward_ac_no":"175","ward_Assembly":"175 - Bommanahalli","ward_id":"55","ward_name":"55 - Puttenahalli","ward_name_kn":"ಪುಟ್ಟೇನಹಳ್ಳಿ","ward_TOT_P":"21484.0","ward_TOT_M":"10981.0","ward_TOT_F":"10504.0","ward_SC_P":"1148.0","ward_SC_M":"561.0","ward_SC_F":"587.0","ward_ST_P":"480.0","ward_ST_M":"245.0","ward_ST_F":"235.0","ward_low_range":"18594","ward_high_range":"27891","ward_RO_Code":"6","ward_RO_Division":"RO- Arakere","ward_ARO_Code":"17","ward_ARO_ Sub Division":"ARO- Jaraganahalli","ward_zone":"Zone2","ward_zone_name":"Bommanahalli","ward_join_status":"matched","ward_spatial_match_count":1},"geometry":{"type":"Point","coordinates":[77.58167040000006,12.893805000000043,0]},"id":369},{"type":"Feature","properties":{"fid":370,"OBJECTID":370,"Name":"Placemark","FolderPath":"BBMP Toilets","SymbolID":0,"AltMode":-1,"Base":0,"Snippet":"","PopupInfo":"","HasLabel":-1,"LabelID":0,"ward_source_id":"ward_369_final.105","ward_source_Name":null,"ward_description":null,"ward_timestamp":null,"ward_begin":null,"ward_end":null,"ward_altitudeMode":null,"ward_tessellate":-1,"ward_extrude":0,"ward_visibility":-1,"ward_drawOrder":null,"ward_icon":null,"ward_Corporation":"South","ward_corporation_kn":"ದಕ್ಷಿಣ","ward_corporation_id":"4","ward_ac":"Bommanahalli","ward_ac_kn":"ಬೊಮ್ಮನಹಳ್ಳಿ","ward_ac_no":"175","ward_Assembly":"175 - Bommanahalli","ward_id":"70","ward_name":"70 - Iblur","ward_name_kn":"ಇಬ್ಬಲೂರು","ward_TOT_P":"27146.0","ward_TOT_M":"14110.0","ward_TOT_F":"13035.0","ward_SC_P":"3177.0","ward_SC_M":"1608.0","ward_SC_F":"1568.0","ward_ST_P":"437.0","ward_ST_M":"231.0","ward_ST_F":"206.0","ward_low_range":"18594","ward_high_range":"27891","ward_RO_Code":"1","ward_RO_Division":"RO- HSR Layout","ward_ARO_Code":"22","ward_ARO_ Sub Division":"ARO- Iblur","ward_zone":"Zone2","ward_zone_name":"Bommanahalli","ward_join_status":"matched","ward_spatial_match_count":1},"geometry":{"type":"Point","coordinates":[77.64984430000004,12.924263500000052,0]},"id":370},{"type":"Feature","properties":{"fid":371,"OBJECTID":371,"Name":"Placemark","FolderPath":"BBMP Toilets","SymbolID":0,"AltMode":-1,"Base":0,"Snippet":"","PopupInfo":"","HasLabel":-1,"LabelID":0,"ward_source_id":"ward_369_final.365","ward_source_Name":null,"ward_description":null,"ward_timestamp":null,"ward_begin":null,"ward_end":null,"ward_altitudeMode":null,"ward_tessellate":-1,"ward_extrude":0,"ward_visibility":-1,"ward_drawOrder":null,"ward_icon":null,"ward_Corporation":"Central","ward_corporation_kn":"ಕೇಂದ್ರ","ward_corporation_id":"1","ward_ac":"Gandhinagara","ward_ac_kn":"ಗಾಂಧಿನಗರ","ward_ac_no":"164","ward_Assembly":"164 - Gandhinagara","ward_id":"56","ward_name":"56 - Gopalpura","ward_name_kn":"ಗೋಪಾಲಪುರ","ward_TOT_P":"26986.0","ward_TOT_M":"13789.0","ward_TOT_F":"13197.0","ward_SC_P":"6655.0","ward_SC_M":"3307.0","ward_SC_F":"3348.0","ward_ST_P":"338.0","ward_ST_M":"177.0","ward_ST_F":"161.0","ward_low_range":"18853","ward_high_range":"28280","ward_RO_Code":"5","ward_RO_Division":"RO - Gandhinagara","ward_ARO_Code":"14","ward_ARO_ Sub Division":"ARO- Binnypete","ward_zone":"Zone2","ward_zone_name":"Gandhinagara","ward_join_status":"matched","ward_spatial_match_count":1},"geometry":{"type":"Point","coordinates":[77.57024150000007,12.982576400000028,0]},"id":371},{"type":"Feature","properties":{"fid":372,"OBJECTID":372,"Name":"Placemark","FolderPath":"BBMP Toilets","SymbolID":0,"AltMode":-1,"Base":0,"Snippet":"","PopupInfo":"","HasLabel":-1,"LabelID":0,"ward_source_id":"ward_369_final.7","ward_source_Name":null,"ward_description":null,"ward_timestamp":null,"ward_begin":null,"ward_end":null,"ward_altitudeMode":null,"ward_tessellate":-1,"ward_extrude":0,"ward_visibility":-1,"ward_drawOrder":null,"ward_icon":null,"ward_Corporation":"Central","ward_corporation_kn":"ಕೇಂದ್ರ","ward_corporation_id":"1","ward_ac":"Shanthinagar","ward_ac_kn":"ಶಾಂತಿನಗರ","ward_ac_no":"163","ward_Assembly":"163 - Shanthinagar","ward_id":"24","ward_name":"24 - Agaram","ward_name_kn":"ಅಗರಂ","ward_TOT_P":"28081.0","ward_TOT_M":"14088.0","ward_TOT_F":"13993.0","ward_SC_P":"7580.0","ward_SC_M":"3709.0","ward_SC_F":"3871.0","ward_ST_P":"530.0","ward_ST_M":"272.0","ward_ST_F":"258.0","ward_low_range":"18853","ward_high_range":"28280","ward_RO_Code":"6","ward_RO_Division":"RO - Shanthinagar","ward_ARO_Code":"18","ward_ARO_ Sub Division":"ARO- Domluru","ward_zone":"Zone1","ward_zone_name":"C.V. Raman Nagar","ward_join_status":"matched","ward_spatial_match_count":1},"geometry":{"type":"Point","coordinates":[77.65040800000008,12.924781300000063,0]},"id":372},{"type":"Feature","properties":{"fid":373,"OBJECTID":373,"Name":"Placemark","FolderPath":"BBMP Toilets","SymbolID":0,"AltMode":-1,"Base":0,"Snippet":"","PopupInfo":"","HasLabel":-1,"LabelID":0,"ward_source_id":"ward_369_final.336","ward_source_Name":null,"ward_description":null,"ward_timestamp":null,"ward_begin":null,"ward_end":null,"ward_altitudeMode":null,"ward_tessellate":-1,"ward_extrude":0,"ward_visibility":-1,"ward_drawOrder":null,"ward_icon":null,"ward_Corporation":"West","ward_corporation_kn":"ಪಶ್ಚಿಮ","ward_corporation_id":"5","ward_ac":"Padmanabanagar","ward_ac_kn":"ಪದ್ಮನಾಭನಗರ","ward_ac_no":"171","ward_Assembly":"171 - Padmanabanagar","ward_id":"106","ward_name":"106 - Devagiri Temple Ward","ward_name_kn":"ದೇವಗಿರಿ ದೇವಸ್ಥಾನ ವಾರ್ಡ್","ward_TOT_P":"19352.0","ward_TOT_M":"9698.0","ward_TOT_F":"9654.0","ward_SC_P":"1603.0","ward_SC_M":"790.0","ward_SC_F":"813.0","ward_ST_P":"323.0","ward_ST_M":"163.0","ward_ST_F":"160.0","ward_low_range":"18949","ward_high_range":"28424","ward_RO_Code":"7","ward_RO_Division":"RO- Yediyuru","ward_ARO_Code":"25","ward_ARO_ Sub Division":"ARO- Yediyuru","ward_zone":"Zone1","ward_zone_name":"Rajarajeshwarinagar","ward_join_status":"matched","ward_spatial_match_count":1},"geometry":{"type":"Point","coordinates":[77.57622890000005,12.93034190000003,0]},"id":373},{"type":"Feature","properties":{"fid":374,"OBJECTID":374,"Name":"Placemark","FolderPath":"BBMP Toilets","SymbolID":0,"AltMode":-1,"Base":0,"Snippet":"","PopupInfo":"","HasLabel":-1,"LabelID":0,"ward_source_id":"ward_369_final.365","ward_source_Name":null,"ward_description":null,"ward_timestamp":null,"ward_begin":null,"ward_end":null,"ward_altitudeMode":null,"ward_tessellate":-1,"ward_extrude":0,"ward_visibility":-1,"ward_drawOrder":null,"ward_icon":null,"ward_Corporation":"Central","ward_corporation_kn":"ಕೇಂದ್ರ","ward_corporation_id":"1","ward_ac":"Gandhinagara","ward_ac_kn":"ಗಾಂಧಿನಗರ","ward_ac_no":"164","ward_Assembly":"164 - Gandhinagara","ward_id":"56","ward_name":"56 - Gopalpura","ward_name_kn":"ಗೋಪಾಲಪುರ","ward_TOT_P":"26986.0","ward_TOT_M":"13789.0","ward_TOT_F":"13197.0","ward_SC_P":"6655.0","ward_SC_M":"3307.0","ward_SC_F":"3348.0","ward_ST_P":"338.0","ward_ST_M":"177.0","ward_ST_F":"161.0","ward_low_range":"18853","ward_high_range":"28280","ward_RO_Code":"5","ward_RO_Division":"RO - Gandhinagara","ward_ARO_Code":"14","ward_ARO_ Sub Division":"ARO- Binnypete","ward_zone":"Zone2","ward_zone_name":"Gandhinagara","ward_join_status":"matched","ward_spatial_match_count":1},"geometry":{"type":"Point","coordinates":[77.56935710000005,12.984582800000055,0]},"id":374},{"type":"Feature","properties":{"fid":375,"OBJECTID":375,"Name":"Placemark","FolderPath":"BBMP Toilets","SymbolID":0,"AltMode":-1,"Base":0,"Snippet":"","PopupInfo":"","HasLabel":-1,"LabelID":0,"ward_source_id":"ward_369_final.105","ward_source_Name":null,"ward_description":null,"ward_timestamp":null,"ward_begin":null,"ward_end":null,"ward_altitudeMode":null,"ward_tessellate":-1,"ward_extrude":0,"ward_visibility":-1,"ward_drawOrder":null,"ward_icon":null,"ward_Corporation":"South","ward_corporation_kn":"ದಕ್ಷಿಣ","ward_corporation_id":"4","ward_ac":"Bommanahalli","ward_ac_kn":"ಬೊಮ್ಮನಹಳ್ಳಿ","ward_ac_no":"175","ward_Assembly":"175 - Bommanahalli","ward_id":"70","ward_name":"70 - Iblur","ward_name_kn":"ಇಬ್ಬಲೂರು","ward_TOT_P":"27146.0","ward_TOT_M":"14110.0","ward_TOT_F":"13035.0","ward_SC_P":"3177.0","ward_SC_M":"1608.0","ward_SC_F":"1568.0","ward_ST_P":"437.0","ward_ST_M":"231.0","ward_ST_F":"206.0","ward_low_range":"18594","ward_high_range":"27891","ward_RO_Code":"1","ward_RO_Division":"RO- HSR Layout","ward_ARO_Code":"22","ward_ARO_ Sub Division":"ARO- Iblur","ward_zone":"Zone2","ward_zone_name":"Bommanahalli","ward_join_status":"matched","ward_spatial_match_count":1},"geometry":{"type":"Point","coordinates":[77.65137600000008,12.919962300000066,0]},"id":375},{"type":"Feature","properties":{"fid":376,"OBJECTID":376,"Name":"Placemark","FolderPath":"BBMP Toilets","SymbolID":0,"AltMode":-1,"Base":0,"Snippet":"","PopupInfo":"","HasLabel":-1,"LabelID":0,"ward_source_id":"ward_369_final.330","ward_source_Name":null,"ward_description":null,"ward_timestamp":null,"ward_begin":null,"ward_end":null,"ward_altitudeMode":null,"ward_tessellate":-1,"ward_extrude":0,"ward_visibility":-1,"ward_drawOrder":null,"ward_icon":null,"ward_Corporation":"West","ward_corporation_kn":"ಪಶ್ಚಿಮ","ward_corporation_id":"5","ward_ac":"Padmanabanagar","ward_ac_kn":"ಪದ್ಮನಾಭನಗರ","ward_ac_no":"171","ward_Assembly":"171 - Padmanabanagar","ward_id":"105","ward_name":"105 - Yediyuru","ward_name_kn":"ಯಡಿಯೂರು","ward_TOT_P":"23023.0","ward_TOT_M":"11598.0","ward_TOT_F":"11425.0","ward_SC_P":"574.0","ward_SC_M":"297.0","ward_SC_F":"277.0","ward_ST_P":"411.0","ward_ST_M":"191.0","ward_ST_F":"220.0","ward_low_range":"18949","ward_high_range":"28424","ward_RO_Code":"7","ward_RO_Division":"RO- Yediyuru","ward_ARO_Code":"25","ward_ARO_ Sub Division":"ARO- Yediyuru","ward_zone":"Zone1","ward_zone_name":"Rajarajeshwarinagar","ward_join_status":"matched","ward_spatial_match_count":1},"geometry":{"type":"Point","coordinates":[77.57569830000006,12.932414000000051,0]},"id":376},{"type":"Feature","properties":{"fid":377,"OBJECTID":377,"Name":"Placemark","FolderPath":"BBMP Toilets","SymbolID":0,"AltMode":-1,"Base":0,"Snippet":"","PopupInfo":"","HasLabel":-1,"LabelID":0,"ward_source_id":"ward_369_final.91","ward_source_Name":null,"ward_description":null,"ward_timestamp":null,"ward_begin":null,"ward_end":null,"ward_altitudeMode":null,"ward_tessellate":-1,"ward_extrude":0,"ward_visibility":-1,"ward_drawOrder":null,"ward_icon":null,"ward_Corporation":"Central","ward_corporation_kn":"ಕೇಂದ್ರ","ward_corporation_id":"1","ward_ac":"Gandhinagara","ward_ac_kn":"ಗಾಂಧಿನಗರ","ward_ac_no":"164","ward_Assembly":"164 - Gandhinagara","ward_id":"62","ward_name":"62 - Swatantra Palya Ward","ward_name_kn":"ಸ್ವತಂತ್ರ ಪಾಳ್ಯ ವಾರ್ಡ್","ward_TOT_P":"28137.0","ward_TOT_M":"14255.0","ward_TOT_F":"13883.0","ward_SC_P":"12723.0","ward_SC_M":"6443.0","ward_SC_F":"6280.0","ward_ST_P":"367.0","ward_ST_M":"198.0","ward_ST_F":"170.0","ward_low_range":"18853","ward_high_range":"28280","ward_RO_Code":"5","ward_RO_Division":"RO - Gandhinagara","ward_ARO_Code":"16","ward_ARO_ Sub Division":"ARO- Okalipuram","ward_zone":"Zone2","ward_zone_name":"Gandhinagara","ward_join_status":"matched","ward_spatial_match_count":1},"geometry":{"type":"Point","coordinates":[77.56861470000007,12.985628500000075,0]},"id":377},{"type":"Feature","properties":{"fid":378,"OBJECTID":378,"Name":"Placemark","FolderPath":"BBMP Toilets","SymbolID":0,"AltMode":-1,"Base":0,"Snippet":"","PopupInfo":"","HasLabel":-1,"LabelID":0,"ward_source_id":"ward_369_final.330","ward_source_Name":null,"ward_description":null,"ward_timestamp":null,"ward_begin":null,"ward_end":null,"ward_altitudeMode":null,"ward_tessellate":-1,"ward_extrude":0,"ward_visibility":-1,"ward_drawOrder":null,"ward_icon":null,"ward_Corporation":"West","ward_corporation_kn":"ಪಶ್ಚಿಮ","ward_corporation_id":"5","ward_ac":"Padmanabanagar","ward_ac_kn":"ಪದ್ಮನಾಭನಗರ","ward_ac_no":"171","ward_Assembly":"171 - Padmanabanagar","ward_id":"105","ward_name":"105 - Yediyuru","ward_name_kn":"ಯಡಿಯೂರು","ward_TOT_P":"23023.0","ward_TOT_M":"11598.0","ward_TOT_F":"11425.0","ward_SC_P":"574.0","ward_SC_M":"297.0","ward_SC_F":"277.0","ward_ST_P":"411.0","ward_ST_M":"191.0","ward_ST_F":"220.0","ward_low_range":"18949","ward_high_range":"28424","ward_RO_Code":"7","ward_RO_Division":"RO- Yediyuru","ward_ARO_Code":"25","ward_ARO_ Sub Division":"ARO- Yediyuru","ward_zone":"Zone1","ward_zone_name":"Rajarajeshwarinagar","ward_join_status":"matched","ward_spatial_match_count":1},"geometry":{"type":"Point","coordinates":[77.57514400000008,12.934386300000028,0]},"id":378},{"type":"Feature","properties":{"fid":379,"OBJECTID":379,"Name":"Placemark","FolderPath":"BBMP Toilets","SymbolID":0,"AltMode":-1,"Base":0,"Snippet":"","PopupInfo":"","HasLabel":-1,"LabelID":0,"ward_source_id":"ward_369_final.151","ward_source_Name":null,"ward_description":null,"ward_timestamp":null,"ward_begin":null,"ward_end":null,"ward_altitudeMode":null,"ward_tessellate":-1,"ward_extrude":0,"ward_visibility":-1,"ward_drawOrder":null,"ward_icon":null,"ward_Corporation":"South","ward_corporation_kn":"ದಕ್ಷಿಣ","ward_corporation_id":"4","ward_ac":"Bommanahalli","ward_ac_kn":"ಬೊಮ್ಮನಹಳ್ಳಿ","ward_ac_no":"175","ward_Assembly":"175 - Bommanahalli","ward_id":"72","ward_name":"72 - HSR Layout","ward_name_kn":"ಎಚ್‌ಎಸ್‌ಆರ್ ಲೇಔಟ್","ward_TOT_P":"18787.0","ward_TOT_M":"9747.0","ward_TOT_F":"9040.0","ward_SC_P":"1304.0","ward_SC_M":"681.0","ward_SC_F":"623.0","ward_ST_P":"297.0","ward_ST_M":"149.0","ward_ST_F":"148.0","ward_low_range":"18594","ward_high_range":"27891","ward_RO_Code":"1","ward_RO_Division":"RO- HSR Layout","ward_ARO_Code":"21","ward_ARO_ Sub Division":"ARO- HSR Layout","ward_zone":"Zone2","ward_zone_name":"Bommanahalli","ward_join_status":"matched","ward_spatial_match_count":1},"geometry":{"type":"Point","coordinates":[77.64489710000004,12.921475800000053,0]},"id":379},{"type":"Feature","properties":{"fid":380,"OBJECTID":380,"Name":"Placemark","FolderPath":"BBMP Toilets","SymbolID":0,"AltMode":-1,"Base":0,"Snippet":"","PopupInfo":"","HasLabel":-1,"LabelID":0,"ward_source_id":"ward_369_final.91","ward_source_Name":null,"ward_description":null,"ward_timestamp":null,"ward_begin":null,"ward_end":null,"ward_altitudeMode":null,"ward_tessellate":-1,"ward_extrude":0,"ward_visibility":-1,"ward_drawOrder":null,"ward_icon":null,"ward_Corporation":"Central","ward_corporation_kn":"ಕೇಂದ್ರ","ward_corporation_id":"1","ward_ac":"Gandhinagara","ward_ac_kn":"ಗಾಂಧಿನಗರ","ward_ac_no":"164","ward_Assembly":"164 - Gandhinagara","ward_id":"62","ward_name":"62 - Swatantra Palya Ward","ward_name_kn":"ಸ್ವತಂತ್ರ ಪಾಳ್ಯ ವಾರ್ಡ್","ward_TOT_P":"28137.0","ward_TOT_M":"14255.0","ward_TOT_F":"13883.0","ward_SC_P":"12723.0","ward_SC_M":"6443.0","ward_SC_F":"6280.0","ward_ST_P":"367.0","ward_ST_M":"198.0","ward_ST_F":"170.0","ward_low_range":"18853","ward_high_range":"28280","ward_RO_Code":"5","ward_RO_Division":"RO - Gandhinagara","ward_ARO_Code":"16","ward_ARO_ Sub Division":"ARO- Okalipuram","ward_zone":"Zone2","ward_zone_name":"Gandhinagara","ward_join_status":"matched","ward_spatial_match_count":1},"geometry":{"type":"Point","coordinates":[77.56830360000004,12.98539900000003,0]},"id":380},{"type":"Feature","properties":{"fid":381,"OBJECTID":381,"Name":"Placemark","FolderPath":"BBMP Toilets","SymbolID":0,"AltMode":-1,"Base":0,"Snippet":"","PopupInfo":"","HasLabel":-1,"LabelID":0,"ward_source_id":"ward_369_final.78","ward_source_Name":null,"ward_description":null,"ward_timestamp":null,"ward_begin":null,"ward_end":null,"ward_altitudeMode":null,"ward_tessellate":-1,"ward_extrude":0,"ward_visibility":-1,"ward_drawOrder":null,"ward_icon":null,"ward_Corporation":"South","ward_corporation_kn":"ದಕ್ಷಿಣ","ward_corporation_id":"4","ward_ac":"Bangalore South","ward_ac_kn":"ಬೆಂಗಳೂರು ದಕ್ಷಿಣ","ward_ac_no":"176","ward_Assembly":"176 - Bangalore South","ward_id":"35","ward_name":"35 - Vishwapriya Nagara","ward_name_kn":"ವಿಶ್ವಪ್ರಿಯ ನಗರ","ward_TOT_P":"19281.0","ward_TOT_M":"10122.0","ward_TOT_F":"9269.0","ward_SC_P":"1768.0","ward_SC_M":"886.0","ward_SC_F":"881.0","ward_ST_P":"309.0","ward_ST_M":"160.0","ward_ST_F":"148.0","ward_low_range":"18594","ward_high_range":"27891","ward_RO_Code":"5","ward_RO_Division":"RO- Beguru","ward_ARO_Code":"14","ward_ARO_ Sub Division":"ARO- Naganathpura","ward_zone":"Zone1","ward_zone_name":"Jayanagar","ward_join_status":"matched","ward_spatial_match_count":1},"geometry":{"type":"Point","coordinates":[77.62522330000007,12.88220670000004,0]},"id":381},{"type":"Feature","properties":{"fid":382,"OBJECTID":382,"Name":"Placemark","FolderPath":"BBMP Toilets","SymbolID":0,"AltMode":-1,"Base":0,"Snippet":"","PopupInfo":"","HasLabel":-1,"LabelID":0,"ward_source_id":"ward_369_final.151","ward_source_Name":null,"ward_description":null,"ward_timestamp":null,"ward_begin":null,"ward_end":null,"ward_altitudeMode":null,"ward_tessellate":-1,"ward_extrude":0,"ward_visibility":-1,"ward_drawOrder":null,"ward_icon":null,"ward_Corporation":"South","ward_corporation_kn":"ದಕ್ಷಿಣ","ward_corporation_id":"4","ward_ac":"Bommanahalli","ward_ac_kn":"ಬೊಮ್ಮನಹಳ್ಳಿ","ward_ac_no":"175","ward_Assembly":"175 - Bommanahalli","ward_id":"72","ward_name":"72 - HSR Layout","ward_name_kn":"ಎಚ್‌ಎಸ್‌ಆರ್ ಲೇಔಟ್","ward_TOT_P":"18787.0","ward_TOT_M":"9747.0","ward_TOT_F":"9040.0","ward_SC_P":"1304.0","ward_SC_M":"681.0","ward_SC_F":"623.0","ward_ST_P":"297.0","ward_ST_M":"149.0","ward_ST_F":"148.0","ward_low_range":"18594","ward_high_range":"27891","ward_RO_Code":"1","ward_RO_Division":"RO- HSR Layout","ward_ARO_Code":"21","ward_ARO_ Sub Division":"ARO- HSR Layout","ward_zone":"Zone2","ward_zone_name":"Bommanahalli","ward_join_status":"matched","ward_spatial_match_count":1},"geometry":{"type":"Point","coordinates":[77.64451250000008,12.912167500000066,0]},"id":382},{"type":"Feature","properties":{"fid":383,"OBJECTID":383,"Name":"Placemark","FolderPath":"BBMP Toilets","SymbolID":0,"AltMode":-1,"Base":0,"Snippet":"","PopupInfo":"","HasLabel":-1,"LabelID":0,"ward_source_id":"ward_369_final.15","ward_source_Name":null,"ward_description":null,"ward_timestamp":null,"ward_begin":null,"ward_end":null,"ward_altitudeMode":null,"ward_tessellate":-1,"ward_extrude":0,"ward_visibility":-1,"ward_drawOrder":null,"ward_icon":null,"ward_Corporation":"South","ward_corporation_kn":"ದಕ್ಷಿಣ","ward_corporation_id":"4","ward_ac":"Bangalore South","ward_ac_kn":"ಬೆಂಗಳೂರು ದಕ್ಷಿಣ","ward_ac_no":"176","ward_Assembly":"176 - Bangalore South","ward_id":"36","ward_name":"36 - Beguru","ward_name_kn":"ಬೇಗೂರು","ward_TOT_P":"18605.0","ward_TOT_M":"9615.0","ward_TOT_F":"8880.0","ward_SC_P":"1303.0","ward_SC_M":"662.0","ward_SC_F":"642.0","ward_ST_P":"196.0","ward_ST_M":"101.0","ward_ST_F":"95.0","ward_low_range":"18594","ward_high_range":"27891","ward_RO_Code":"5","ward_RO_Division":"RO- Beguru","ward_ARO_Code":"11","ward_ARO_ Sub Division":"ARO- Beguru","ward_zone":"Zone1","ward_zone_name":"Jayanagar","ward_join_status":"matched","ward_spatial_match_count":1},"geometry":{"type":"Point","coordinates":[77.62470500000006,12.877973300000065,0]},"id":383},{"type":"Feature","properties":{"fid":384,"OBJECTID":384,"Name":"Placemark","FolderPath":"BBMP Toilets","SymbolID":0,"AltMode":-1,"Base":0,"Snippet":"","PopupInfo":"","HasLabel":-1,"LabelID":0,"ward_source_id":"ward_369_final.290","ward_source_Name":null,"ward_description":null,"ward_timestamp":null,"ward_begin":null,"ward_end":null,"ward_altitudeMode":null,"ward_tessellate":-1,"ward_extrude":0,"ward_visibility":-1,"ward_drawOrder":null,"ward_icon":null,"ward_Corporation":"West","ward_corporation_kn":"ಪಶ್ಚಿಮ","ward_corporation_id":"5","ward_ac":"Yeshwanthapura","ward_ac_kn":"ಯಶವಂತಪುರ","ward_ac_no":"153","ward_Assembly":"153 - Yeshwanthapura","ward_id":"21","ward_name":"21 - Kengeri","ward_name_kn":"ಕೆಂಗೇರಿ","ward_TOT_P":"21835.0","ward_TOT_M":"11253.0","ward_TOT_F":"10582.0","ward_SC_P":"2478.0","ward_SC_M":"1266.0","ward_SC_F":"1212.0","ward_ST_P":"371.0","ward_ST_M":"210.0","ward_ST_F":"161.0","ward_low_range":"18949","ward_high_range":"28424","ward_RO_Code":"15","ward_RO_Division":"RO- Kengeri","ward_ARO_Code":"44","ward_ARO_ Sub Division":"ARO- Kengeri","ward_zone":"Zone1","ward_zone_name":"Rajarajeshwarinagar","ward_join_status":"matched","ward_spatial_match_count":1},"geometry":{"type":"Point","coordinates":[77.48289650000004,12.91094540000006,0]},"id":384},{"type":"Feature","properties":{"fid":385,"OBJECTID":385,"Name":"Placemark","FolderPath":"BBMP Toilets","SymbolID":0,"AltMode":-1,"Base":0,"Snippet":"","PopupInfo":"","HasLabel":-1,"LabelID":0,"ward_source_id":"ward_369_final.18","ward_source_Name":null,"ward_description":null,"ward_timestamp":null,"ward_begin":null,"ward_end":null,"ward_altitudeMode":null,"ward_tessellate":-1,"ward_extrude":0,"ward_visibility":-1,"ward_drawOrder":null,"ward_icon":null,"ward_Corporation":"South","ward_corporation_kn":"ದಕ್ಷಿಣ","ward_corporation_id":"4","ward_ac":"Jayanagar","ward_ac_kn":"ಜಯನಗರ","ward_ac_no":"173","ward_Assembly":"173 - Jayanagar","ward_id":"7","ward_name":"7 - Byrasandra","ward_name_kn":"ಬೈರಸಂದ್ರ","ward_TOT_P":"21108.0","ward_TOT_M":"10510.0","ward_TOT_F":"10598.0","ward_SC_P":"2813.0","ward_SC_M":"1399.0","ward_SC_F":"1414.0","ward_ST_P":"225.0","ward_ST_M":"109.0","ward_ST_F":"116.0","ward_low_range":"18594","ward_high_range":"27891","ward_RO_Code":"9","ward_RO_Division":"RO- Jayanagar","ward_ARO_Code":"23","ward_ARO_ Sub Division":"ARO- Byrasandra","ward_zone":"Zone1","ward_zone_name":"Jayanagar","ward_join_status":"matched","ward_spatial_match_count":1},"geometry":{"type":"Point","coordinates":[77.58003990000003,12.931226800000047,0]},"id":385},{"type":"Feature","properties":{"fid":386,"OBJECTID":386,"Name":"Placemark","FolderPath":"BBMP Toilets","SymbolID":0,"AltMode":-1,"Base":0,"Snippet":"","PopupInfo":"","HasLabel":-1,"LabelID":0,"ward_source_id":"ward_369_final.340","ward_source_Name":null,"ward_description":null,"ward_timestamp":null,"ward_begin":null,"ward_end":null,"ward_altitudeMode":null,"ward_tessellate":-1,"ward_extrude":0,"ward_visibility":-1,"ward_drawOrder":null,"ward_icon":null,"ward_Corporation":"West","ward_corporation_kn":"ಪಶ್ಚಿಮ","ward_corporation_id":"5","ward_ac":"Mahalakshmi Layout","ward_ac_kn":"ಮಹಾಲಕ್ಷ್ಮಿ ಲೇಔಟ್","ward_ac_no":"156","ward_Assembly":"156 - Mahalakshmi Layout","ward_id":"40","ward_name":"40 - Mahalakshmipuram","ward_name_kn":"ಮಹಾಲಕ್ಷ್ಮಿಪುರಂ","ward_TOT_P":"28125.0","ward_TOT_M":"14610.0","ward_TOT_F":"13515.0","ward_SC_P":"2802.0","ward_SC_M":"1388.0","ward_SC_F":"1414.0","ward_ST_P":"316.0","ward_ST_M":"152.0","ward_ST_F":"165.0","ward_low_range":"18949","ward_high_range":"28424","ward_RO_Code":"5","ward_RO_Division":"RO- Mahalakshmi Layout","ward_ARO_Code":"16","ward_ARO_ Sub Division":"ARO- Mahalakshmipuram","ward_zone":"Zone1","ward_zone_name":"Rajarajeshwarinagar","ward_join_status":"matched","ward_spatial_match_count":1},"geometry":{"type":"Point","coordinates":[77.54427480000004,13.012216000000024,0]},"id":386},{"type":"Feature","properties":{"fid":387,"OBJECTID":387,"Name":"Placemark","FolderPath":"BBMP Toilets","SymbolID":0,"AltMode":-1,"Base":0,"Snippet":"","PopupInfo":"","HasLabel":-1,"LabelID":0,"ward_source_id":"ward_369_final.290","ward_source_Name":null,"ward_description":null,"ward_timestamp":null,"ward_begin":null,"ward_end":null,"ward_altitudeMode":null,"ward_tessellate":-1,"ward_extrude":0,"ward_visibility":-1,"ward_drawOrder":null,"ward_icon":null,"ward_Corporation":"West","ward_corporation_kn":"ಪಶ್ಚಿಮ","ward_corporation_id":"5","ward_ac":"Yeshwanthapura","ward_ac_kn":"ಯಶವಂತಪುರ","ward_ac_no":"153","ward_Assembly":"153 - Yeshwanthapura","ward_id":"21","ward_name":"21 - Kengeri","ward_name_kn":"ಕೆಂಗೇರಿ","ward_TOT_P":"21835.0","ward_TOT_M":"11253.0","ward_TOT_F":"10582.0","ward_SC_P":"2478.0","ward_SC_M":"1266.0","ward_SC_F":"1212.0","ward_ST_P":"371.0","ward_ST_M":"210.0","ward_ST_F":"161.0","ward_low_range":"18949","ward_high_range":"28424","ward_RO_Code":"15","ward_RO_Division":"RO- Kengeri","ward_ARO_Code":"44","ward_ARO_ Sub Division":"ARO- Kengeri","ward_zone":"Zone1","ward_zone_name":"Rajarajeshwarinagar","ward_join_status":"matched","ward_spatial_match_count":1},"geometry":{"type":"Point","coordinates":[77.48466080000003,12.911979600000052,0]},"id":387},{"type":"Feature","properties":{"fid":388,"OBJECTID":388,"Name":"Placemark","FolderPath":"BBMP Toilets","SymbolID":0,"AltMode":-1,"Base":0,"Snippet":"","PopupInfo":"","HasLabel":-1,"LabelID":0,"ward_source_id":"ward_369_final.294","ward_source_Name":null,"ward_description":null,"ward_timestamp":null,"ward_begin":null,"ward_end":null,"ward_altitudeMode":null,"ward_tessellate":-1,"ward_extrude":0,"ward_visibility":-1,"ward_drawOrder":null,"ward_icon":null,"ward_Corporation":"West","ward_corporation_kn":"ಪಶ್ಚಿಮ","ward_corporation_id":"5","ward_ac":"Yeshwanthapura","ward_ac_kn":"ಯಶವಂತಪುರ","ward_ac_no":"153","ward_Assembly":"153 - Yeshwanthapura","ward_id":"19","ward_name":"19 - Shivanapalya","ward_name_kn":"ಶಿವನಪಾಳ್ಯ","ward_TOT_P":"21903.0","ward_TOT_M":"11495.0","ward_TOT_F":"10408.0","ward_SC_P":"2237.0","ward_SC_M":"1156.0","ward_SC_F":"1081.0","ward_ST_P":"436.0","ward_ST_M":"232.0","ward_ST_F":"204.0","ward_low_range":"18949","ward_high_range":"28424","ward_RO_Code":"15","ward_RO_Division":"RO- Kengeri","ward_ARO_Code":"44","ward_ARO_ Sub Division":"ARO- Kengeri","ward_zone":"Zone1","ward_zone_name":"Rajarajeshwarinagar","ward_join_status":"matched","ward_spatial_match_count":1},"geometry":{"type":"Point","coordinates":[77.48218780000008,12.914956700000062,0]},"id":388},{"type":"Feature","properties":{"fid":389,"OBJECTID":389,"Name":"Placemark","FolderPath":"BBMP Toilets","SymbolID":0,"AltMode":-1,"Base":0,"Snippet":"","PopupInfo":"","HasLabel":-1,"LabelID":0,"ward_source_id":"ward_369_final.297","ward_source_Name":null,"ward_description":null,"ward_timestamp":null,"ward_begin":null,"ward_end":null,"ward_altitudeMode":null,"ward_tessellate":-1,"ward_extrude":0,"ward_visibility":-1,"ward_drawOrder":null,"ward_icon":null,"ward_Corporation":"West","ward_corporation_kn":"ಪಶ್ಚಿಮ","ward_corporation_id":"5","ward_ac":"Yeshwanthapura","ward_ac_kn":"ಯಶವಂತಪುರ","ward_ac_no":"153","ward_Assembly":"153 - Yeshwanthapura","ward_id":"18","ward_name":"18 - Kengal Hanumanthaiah West","ward_name_kn":"ಕೆಂಗಲ್ ಹನುಮಂತಯ್ಯ ಪಶ್ಚಿಮ","ward_TOT_P":"21223.0","ward_TOT_M":"10855.0","ward_TOT_F":"10368.0","ward_SC_P":"1960.0","ward_SC_M":"982.0","ward_SC_F":"978.0","ward_ST_P":"754.0","ward_ST_M":"386.0","ward_ST_F":"368.0","ward_low_range":"18949","ward_high_range":"28424","ward_RO_Code":"15","ward_RO_Division":"RO- Kengeri","ward_ARO_Code":"43","ward_ARO_ Sub Division":"ARO- Hemmigepura","ward_zone":"Zone1","ward_zone_name":"Rajarajeshwarinagar","ward_join_status":"matched","ward_spatial_match_count":1},"geometry":{"type":"Point","coordinates":[77.48174840000007,12.915671200000077,0]},"id":389},{"type":"Feature","properties":{"fid":390,"OBJECTID":390,"Name":"Placemark","FolderPath":"BBMP Toilets","SymbolID":0,"AltMode":-1,"Base":0,"Snippet":"","PopupInfo":"","HasLabel":-1,"LabelID":0,"ward_source_id":"ward_369_final.118","ward_source_Name":null,"ward_description":null,"ward_timestamp":null,"ward_begin":null,"ward_end":null,"ward_altitudeMode":null,"ward_tessellate":-1,"ward_extrude":0,"ward_visibility":-1,"ward_drawOrder":null,"ward_icon":null,"ward_Corporation":"West","ward_corporation_kn":"ಪಶ್ಚಿಮ","ward_corporation_id":"5","ward_ac":"Rajarajeshwarinagar","ward_ac_kn":"ರಾಜರಾಜೇಶ್ವರಿನಗರ","ward_ac_no":"154","ward_Assembly":"154 - Rajarajeshwarinagar","ward_id":"33","ward_name":"33 - Lakshmi Devi Nagar","ward_name_kn":"ಲಕ್ಷ್ಮಿ ದೇವಿ ನಗರ","ward_TOT_P":"24599.0","ward_TOT_M":"12820.0","ward_TOT_F":"11779.0","ward_SC_P":"5006.0","ward_SC_M":"2541.0","ward_SC_F":"2470.0","ward_ST_P":"583.0","ward_ST_M":"318.0","ward_ST_F":"265.0","ward_low_range":"18949","ward_high_range":"28424","ward_RO_Code":"10","ward_RO_Division":"RO- Peenya","ward_ARO_Code":"33","ward_ARO_ Sub Division":"ARO- Peenya","ward_zone":"Zone1","ward_zone_name":"Rajarajeshwarinagar","ward_join_status":"matched","ward_spatial_match_count":1},"geometry":{"type":"Point","coordinates":[77.52813500000008,13.013112900000067,0]},"id":390},{"type":"Feature","properties":{"fid":391,"OBJECTID":391,"Name":"Placemark","FolderPath":"BBMP Toilets","SymbolID":0,"AltMode":-1,"Base":0,"Snippet":"","PopupInfo":"","HasLabel":-1,"LabelID":0,"ward_source_id":"ward_369_final.120","ward_source_Name":null,"ward_description":null,"ward_timestamp":null,"ward_begin":null,"ward_end":null,"ward_altitudeMode":null,"ward_tessellate":-1,"ward_extrude":0,"ward_visibility":-1,"ward_drawOrder":null,"ward_icon":null,"ward_Corporation":"South","ward_corporation_kn":"ದಕ್ಷಿಣ","ward_corporation_id":"4","ward_ac":"Bommanahalli","ward_ac_kn":"ಬೊಮ್ಮನಹಳ್ಳಿ","ward_ac_no":"175","ward_Assembly":"175 - Bommanahalli","ward_id":"71","ward_name":"71 - Agara","ward_name_kn":"ಅಗರ","ward_TOT_P":"18836.0","ward_TOT_M":"9742.0","ward_TOT_F":"9095.0","ward_SC_P":"1264.0","ward_SC_M":"639.0","ward_SC_F":"625.0","ward_ST_P":"288.0","ward_ST_M":"142.0","ward_ST_F":"147.0","ward_low_range":"18594","ward_high_range":"27891","ward_RO_Code":"1","ward_RO_Division":"RO- HSR Layout","ward_ARO_Code":"21","ward_ARO_ Sub Division":"ARO- HSR Layout","ward_zone":"Zone2","ward_zone_name":"Bommanahalli","ward_join_status":"matched","ward_spatial_match_count":1},"geometry":{"type":"Point","coordinates":[77.64497640000008,12.907220400000028,0]},"id":391},{"type":"Feature","properties":{"fid":392,"OBJECTID":392,"Name":"Placemark","FolderPath":"BBMP Toilets","SymbolID":0,"AltMode":-1,"Base":0,"Snippet":"","PopupInfo":"","HasLabel":-1,"LabelID":0,"ward_source_id":"ward_369_final.297","ward_source_Name":null,"ward_description":null,"ward_timestamp":null,"ward_begin":null,"ward_end":null,"ward_altitudeMode":null,"ward_tessellate":-1,"ward_extrude":0,"ward_visibility":-1,"ward_drawOrder":null,"ward_icon":null,"ward_Corporation":"West","ward_corporation_kn":"ಪಶ್ಚಿಮ","ward_corporation_id":"5","ward_ac":"Yeshwanthapura","ward_ac_kn":"ಯಶವಂತಪುರ","ward_ac_no":"153","ward_Assembly":"153 - Yeshwanthapura","ward_id":"18","ward_name":"18 - Kengal Hanumanthaiah West","ward_name_kn":"ಕೆಂಗಲ್ ಹನುಮಂತಯ್ಯ ಪಶ್ಚಿಮ","ward_TOT_P":"21223.0","ward_TOT_M":"10855.0","ward_TOT_F":"10368.0","ward_SC_P":"1960.0","ward_SC_M":"982.0","ward_SC_F":"978.0","ward_ST_P":"754.0","ward_ST_M":"386.0","ward_ST_F":"368.0","ward_low_range":"18949","ward_high_range":"28424","ward_RO_Code":"15","ward_RO_Division":"RO- Kengeri","ward_ARO_Code":"43","ward_ARO_ Sub Division":"ARO- Hemmigepura","ward_zone":"Zone1","ward_zone_name":"Rajarajeshwarinagar","ward_join_status":"matched","ward_spatial_match_count":1},"geometry":{"type":"Point","coordinates":[77.48081230000008,12.915659300000073,0]},"id":392},{"type":"Feature","properties":{"fid":393,"OBJECTID":393,"Name":"Placemark","FolderPath":"BBMP Toilets","SymbolID":0,"AltMode":-1,"Base":0,"Snippet":"","PopupInfo":"","HasLabel":-1,"LabelID":0,"ward_source_id":"ward_369_final.71","ward_source_Name":null,"ward_description":null,"ward_timestamp":null,"ward_begin":null,"ward_end":null,"ward_altitudeMode":null,"ward_tessellate":-1,"ward_extrude":0,"ward_visibility":-1,"ward_drawOrder":null,"ward_icon":null,"ward_Corporation":"South","ward_corporation_kn":"ದಕ್ಷಿಣ","ward_corporation_id":"4","ward_ac":"Bangalore South","ward_ac_kn":"ಬೆಂಗಳೂರು ದಕ್ಷಿಣ","ward_ac_no":"176","ward_Assembly":"176 - Bangalore South","ward_id":"38","ward_name":"38 - Doddakammanahalli","ward_name_kn":"ದೊಡ್ಡಕಮ್ಮನಹಳ್ಳಿ","ward_TOT_P":"19891.0","ward_TOT_M":"10461.0","ward_TOT_F":"9479.0","ward_SC_P":"2339.0","ward_SC_M":"1154.0","ward_SC_F":"1185.0","ward_ST_P":"515.0","ward_ST_M":"260.0","ward_ST_F":"255.0","ward_low_range":"18594","ward_high_range":"27891","ward_RO_Code":"5","ward_RO_Division":"RO- Beguru","ward_ARO_Code":"13","ward_ARO_ Sub Division":"ARO- Gottigere","ward_zone":"Zone1","ward_zone_name":"Jayanagar","ward_join_status":"matched","ward_spatial_match_count":1},"geometry":{"type":"Point","coordinates":[77.59045830000008,12.841208300000062,0]},"id":393},{"type":"Feature","properties":{"fid":394,"OBJECTID":394,"Name":"Placemark","FolderPath":"BBMP Toilets","SymbolID":0,"AltMode":-1,"Base":0,"Snippet":"","PopupInfo":"","HasLabel":-1,"LabelID":0,"ward_source_id":"ward_369_final.297","ward_source_Name":null,"ward_description":null,"ward_timestamp":null,"ward_begin":null,"ward_end":null,"ward_altitudeMode":null,"ward_tessellate":-1,"ward_extrude":0,"ward_visibility":-1,"ward_drawOrder":null,"ward_icon":null,"ward_Corporation":"West","ward_corporation_kn":"ಪಶ್ಚಿಮ","ward_corporation_id":"5","ward_ac":"Yeshwanthapura","ward_ac_kn":"ಯಶವಂತಪುರ","ward_ac_no":"153","ward_Assembly":"153 - Yeshwanthapura","ward_id":"18","ward_name":"18 - Kengal Hanumanthaiah West","ward_name_kn":"ಕೆಂಗಲ್ ಹನುಮಂತಯ್ಯ ಪಶ್ಚಿಮ","ward_TOT_P":"21223.0","ward_TOT_M":"10855.0","ward_TOT_F":"10368.0","ward_SC_P":"1960.0","ward_SC_M":"982.0","ward_SC_F":"978.0","ward_ST_P":"754.0","ward_ST_M":"386.0","ward_ST_F":"368.0","ward_low_range":"18949","ward_high_range":"28424","ward_RO_Code":"15","ward_RO_Division":"RO- Kengeri","ward_ARO_Code":"43","ward_ARO_ Sub Division":"ARO- Hemmigepura","ward_zone":"Zone1","ward_zone_name":"Rajarajeshwarinagar","ward_join_status":"matched","ward_spatial_match_count":1},"geometry":{"type":"Point","coordinates":[77.48059540000008,12.91517170000003,0]},"id":394},{"type":"Feature","properties":{"fid":395,"OBJECTID":395,"Name":"Placemark","FolderPath":"BBMP Toilets","SymbolID":0,"AltMode":-1,"Base":0,"Snippet":"","PopupInfo":"","HasLabel":-1,"LabelID":0,"ward_source_id":"ward_369_final.330","ward_source_Name":null,"ward_description":null,"ward_timestamp":null,"ward_begin":null,"ward_end":null,"ward_altitudeMode":null,"ward_tessellate":-1,"ward_extrude":0,"ward_visibility":-1,"ward_drawOrder":null,"ward_icon":null,"ward_Corporation":"West","ward_corporation_kn":"ಪಶ್ಚಿಮ","ward_corporation_id":"5","ward_ac":"Padmanabanagar","ward_ac_kn":"ಪದ್ಮನಾಭನಗರ","ward_ac_no":"171","ward_Assembly":"171 - Padmanabanagar","ward_id":"105","ward_name":"105 - Yediyuru","ward_name_kn":"ಯಡಿಯೂರು","ward_TOT_P":"23023.0","ward_TOT_M":"11598.0","ward_TOT_F":"11425.0","ward_SC_P":"574.0","ward_SC_M":"297.0","ward_SC_F":"277.0","ward_ST_P":"411.0","ward_ST_M":"191.0","ward_ST_F":"220.0","ward_low_range":"18949","ward_high_range":"28424","ward_RO_Code":"7","ward_RO_Division":"RO- Yediyuru","ward_ARO_Code":"25","ward_ARO_ Sub Division":"ARO- Yediyuru","ward_zone":"Zone1","ward_zone_name":"Rajarajeshwarinagar","ward_join_status":"matched","ward_spatial_match_count":1},"geometry":{"type":"Point","coordinates":[77.57337770000004,12.929763000000037,0]},"id":395},{"type":"Feature","properties":{"fid":396,"OBJECTID":396,"Name":"Placemark","FolderPath":"BBMP Toilets","SymbolID":0,"AltMode":-1,"Base":0,"Snippet":"","PopupInfo":"","HasLabel":-1,"LabelID":0,"ward_source_id":"ward_369_final.151","ward_source_Name":null,"ward_description":null,"ward_timestamp":null,"ward_begin":null,"ward_end":null,"ward_altitudeMode":null,"ward_tessellate":-1,"ward_extrude":0,"ward_visibility":-1,"ward_drawOrder":null,"ward_icon":null,"ward_Corporation":"South","ward_corporation_kn":"ದಕ್ಷಿಣ","ward_corporation_id":"4","ward_ac":"Bommanahalli","ward_ac_kn":"ಬೊಮ್ಮನಹಳ್ಳಿ","ward_ac_no":"175","ward_Assembly":"175 - Bommanahalli","ward_id":"72","ward_name":"72 - HSR Layout","ward_name_kn":"ಎಚ್‌ಎಸ್‌ಆರ್ ಲೇಔಟ್","ward_TOT_P":"18787.0","ward_TOT_M":"9747.0","ward_TOT_F":"9040.0","ward_SC_P":"1304.0","ward_SC_M":"681.0","ward_SC_F":"623.0","ward_ST_P":"297.0","ward_ST_M":"149.0","ward_ST_F":"148.0","ward_low_range":"18594","ward_high_range":"27891","ward_RO_Code":"1","ward_RO_Division":"RO- HSR Layout","ward_ARO_Code":"21","ward_ARO_ Sub Division":"ARO- HSR Layout","ward_zone":"Zone2","ward_zone_name":"Bommanahalli","ward_join_status":"matched","ward_spatial_match_count":1},"geometry":{"type":"Point","coordinates":[77.63807220000007,12.913486700000021,0]},"id":396},{"type":"Feature","properties":{"fid":397,"OBJECTID":397,"Name":"Placemark","FolderPath":"BBMP Toilets","SymbolID":0,"AltMode":-1,"Base":0,"Snippet":"","PopupInfo":"","HasLabel":-1,"LabelID":0,"ward_source_id":"ward_369_final.290","ward_source_Name":null,"ward_description":null,"ward_timestamp":null,"ward_begin":null,"ward_end":null,"ward_altitudeMode":null,"ward_tessellate":-1,"ward_extrude":0,"ward_visibility":-1,"ward_drawOrder":null,"ward_icon":null,"ward_Corporation":"West","ward_corporation_kn":"ಪಶ್ಚಿಮ","ward_corporation_id":"5","ward_ac":"Yeshwanthapura","ward_ac_kn":"ಯಶವಂತಪುರ","ward_ac_no":"153","ward_Assembly":"153 - Yeshwanthapura","ward_id":"21","ward_name":"21 - Kengeri","ward_name_kn":"ಕೆಂಗೇರಿ","ward_TOT_P":"21835.0","ward_TOT_M":"11253.0","ward_TOT_F":"10582.0","ward_SC_P":"2478.0","ward_SC_M":"1266.0","ward_SC_F":"1212.0","ward_ST_P":"371.0","ward_ST_M":"210.0","ward_ST_F":"161.0","ward_low_range":"18949","ward_high_range":"28424","ward_RO_Code":"15","ward_RO_Division":"RO- Kengeri","ward_ARO_Code":"44","ward_ARO_ Sub Division":"ARO- Kengeri","ward_zone":"Zone1","ward_zone_name":"Rajarajeshwarinagar","ward_join_status":"matched","ward_spatial_match_count":1},"geometry":{"type":"Point","coordinates":[77.48376650000006,12.917134500000031,0]},"id":397},{"type":"Feature","properties":{"fid":398,"OBJECTID":398,"Name":"Placemark","FolderPath":"BBMP Toilets","SymbolID":0,"AltMode":-1,"Base":0,"Snippet":"","PopupInfo":"","HasLabel":-1,"LabelID":0,"ward_source_id":"ward_369_final.254","ward_source_Name":null,"ward_description":null,"ward_timestamp":null,"ward_begin":null,"ward_end":null,"ward_altitudeMode":null,"ward_tessellate":-1,"ward_extrude":0,"ward_visibility":-1,"ward_drawOrder":null,"ward_icon":null,"ward_Corporation":"West","ward_corporation_kn":"ಪಶ್ಚಿಮ","ward_corporation_id":"5","ward_ac":"Dasarahalli","ward_ac_kn":"ದಾಸರಹಳ್ಳಿ","ward_ac_no":"155","ward_Assembly":"155 - Dasarahalli","ward_id":"4","ward_name":"4 - Parvathi Nagar","ward_name_kn":"ಪಾರ್ವತಿ ನಗರ","ward_TOT_P":"20312.0","ward_TOT_M":"10983.0","ward_TOT_F":"9330.0","ward_SC_P":"850.0","ward_SC_M":"442.0","ward_SC_F":"407.0","ward_ST_P":"442.0","ward_ST_M":"251.0","ward_ST_F":"191.0","ward_low_range":"18949","ward_high_range":"28424","ward_RO_Code":"2","ward_RO_Division":"RO- Hegganahalli","ward_ARO_Code":"7","ward_ARO_ Sub Division":"ARO- Shivapura","ward_zone":"Zone1","ward_zone_name":"Rajarajeshwarinagar","ward_join_status":"matched","ward_spatial_match_count":1},"geometry":{"type":"Point","coordinates":[77.52361650000006,13.019412200000033,0]},"id":398},{"type":"Feature","properties":{"fid":399,"OBJECTID":399,"Name":"Placemark","FolderPath":"BBMP Toilets","SymbolID":0,"AltMode":-1,"Base":0,"Snippet":"","PopupInfo":"","HasLabel":-1,"LabelID":0,"ward_source_id":"ward_369_final.151","ward_source_Name":null,"ward_description":null,"ward_timestamp":null,"ward_begin":null,"ward_end":null,"ward_altitudeMode":null,"ward_tessellate":-1,"ward_extrude":0,"ward_visibility":-1,"ward_drawOrder":null,"ward_icon":null,"ward_Corporation":"South","ward_corporation_kn":"ದಕ್ಷಿಣ","ward_corporation_id":"4","ward_ac":"Bommanahalli","ward_ac_kn":"ಬೊಮ್ಮನಹಳ್ಳಿ","ward_ac_no":"175","ward_Assembly":"175 - Bommanahalli","ward_id":"72","ward_name":"72 - HSR Layout","ward_name_kn":"ಎಚ್‌ಎಸ್‌ಆರ್ ಲೇಔಟ್","ward_TOT_P":"18787.0","ward_TOT_M":"9747.0","ward_TOT_F":"9040.0","ward_SC_P":"1304.0","ward_SC_M":"681.0","ward_SC_F":"623.0","ward_ST_P":"297.0","ward_ST_M":"149.0","ward_ST_F":"148.0","ward_low_range":"18594","ward_high_range":"27891","ward_RO_Code":"1","ward_RO_Division":"RO- HSR Layout","ward_ARO_Code":"21","ward_ARO_ Sub Division":"ARO- HSR Layout","ward_zone":"Zone2","ward_zone_name":"Bommanahalli","ward_join_status":"matched","ward_spatial_match_count":1},"geometry":{"type":"Point","coordinates":[77.62374680000005,12.91710960000006,0]},"id":399},{"type":"Feature","properties":{"fid":400,"OBJECTID":400,"Name":"Placemark","FolderPath":"BBMP Toilets","SymbolID":0,"AltMode":-1,"Base":0,"Snippet":"","PopupInfo":"","HasLabel":-1,"LabelID":0,"ward_source_id":"ward_369_final.144","ward_source_Name":null,"ward_description":null,"ward_timestamp":null,"ward_begin":null,"ward_end":null,"ward_altitudeMode":null,"ward_tessellate":-1,"ward_extrude":0,"ward_visibility":-1,"ward_drawOrder":null,"ward_icon":null,"ward_Corporation":"South","ward_corporation_kn":"ದಕ್ಷಿಣ","ward_corporation_id":"4","ward_ac":"Bommanahalli","ward_ac_kn":"ಬೊಮ್ಮನಹಳ್ಳಿ","ward_ac_no":"175","ward_Assembly":"175 - Bommanahalli","ward_id":"67","ward_name":"67 - Bandepalya","ward_name_kn":"ಬಂಡೇಪಾಳ್ಯ","ward_TOT_P":"19744.0","ward_TOT_M":"10547.0","ward_TOT_F":"9197.0","ward_SC_P":"1725.0","ward_SC_M":"883.0","ward_SC_F":"842.0","ward_ST_P":"321.0","ward_ST_M":"179.0","ward_ST_F":"142.0","ward_low_range":"18594","ward_high_range":"27891","ward_RO_Code":"7","ward_RO_Division":"RO- Bommanahalli","ward_ARO_Code":"19","ward_ARO_ Sub Division":"ARO- Mangamanapalya","ward_zone":"Zone2","ward_zone_name":"Bommanahalli","ward_join_status":"matched","ward_spatial_match_count":1},"geometry":{"type":"Point","coordinates":[77.64525670000006,12.881217100000072,0]},"id":400},{"type":"Feature","properties":{"fid":401,"OBJECTID":401,"Name":"Placemark","FolderPath":"BBMP Toilets","SymbolID":0,"AltMode":-1,"Base":0,"Snippet":"","PopupInfo":"","HasLabel":-1,"LabelID":0,"ward_source_id":"ward_369_final.44","ward_source_Name":null,"ward_description":null,"ward_timestamp":null,"ward_begin":null,"ward_end":null,"ward_altitudeMode":null,"ward_tessellate":-1,"ward_extrude":0,"ward_visibility":-1,"ward_drawOrder":null,"ward_icon":null,"ward_Corporation":"Central","ward_corporation_kn":"ಕೇಂದ್ರ","ward_corporation_id":"1","ward_ac":"Gandhinagara","ward_ac_kn":"ಗಾಂಧಿನಗರ","ward_ac_no":"164","ward_Assembly":"164 - Gandhinagara","ward_id":"63","ward_name":"63 - Okalipuram","ward_name_kn":"ಓಕಳಿಪುರಂ","ward_TOT_P":"27815.0","ward_TOT_M":"14222.0","ward_TOT_F":"13593.0","ward_SC_P":"3976.0","ward_SC_M":"1968.0","ward_SC_F":"2007.0","ward_ST_P":"245.0","ward_ST_M":"112.0","ward_ST_F":"133.0","ward_low_range":"18853","ward_high_range":"28280","ward_RO_Code":"5","ward_RO_Division":"RO - Gandhinagara","ward_ARO_Code":"16","ward_ARO_ Sub Division":"ARO- Okalipuram","ward_zone":"Zone2","ward_zone_name":"Gandhinagara","ward_join_status":"matched","ward_spatial_match_count":1},"geometry":{"type":"Point","coordinates":[77.56785720000005,12.983497700000044,0]},"id":401},{"type":"Feature","properties":{"fid":402,"OBJECTID":402,"Name":"Placemark","FolderPath":"BBMP Toilets","SymbolID":0,"AltMode":-1,"Base":0,"Snippet":"","PopupInfo":"","HasLabel":-1,"LabelID":0,"ward_source_id":"ward_369_final.44","ward_source_Name":null,"ward_description":null,"ward_timestamp":null,"ward_begin":null,"ward_end":null,"ward_altitudeMode":null,"ward_tessellate":-1,"ward_extrude":0,"ward_visibility":-1,"ward_drawOrder":null,"ward_icon":null,"ward_Corporation":"Central","ward_corporation_kn":"ಕೇಂದ್ರ","ward_corporation_id":"1","ward_ac":"Gandhinagara","ward_ac_kn":"ಗಾಂಧಿನಗರ","ward_ac_no":"164","ward_Assembly":"164 - Gandhinagara","ward_id":"63","ward_name":"63 - Okalipuram","ward_name_kn":"ಓಕಳಿಪುರಂ","ward_TOT_P":"27815.0","ward_TOT_M":"14222.0","ward_TOT_F":"13593.0","ward_SC_P":"3976.0","ward_SC_M":"1968.0","ward_SC_F":"2007.0","ward_ST_P":"245.0","ward_ST_M":"112.0","ward_ST_F":"133.0","ward_low_range":"18853","ward_high_range":"28280","ward_RO_Code":"5","ward_RO_Division":"RO - Gandhinagara","ward_ARO_Code":"16","ward_ARO_ Sub Division":"ARO- Okalipuram","ward_zone":"Zone2","ward_zone_name":"Gandhinagara","ward_join_status":"matched","ward_spatial_match_count":1},"geometry":{"type":"Point","coordinates":[77.56803190000005,12.983935400000064,0]},"id":402},{"type":"Feature","properties":{"fid":403,"OBJECTID":403,"Name":"Placemark","FolderPath":"BBMP Toilets","SymbolID":0,"AltMode":-1,"Base":0,"Snippet":"","PopupInfo":"","HasLabel":-1,"LabelID":0,"ward_source_id":"ward_369_final.58","ward_source_Name":null,"ward_description":null,"ward_timestamp":null,"ward_begin":null,"ward_end":null,"ward_altitudeMode":null,"ward_tessellate":-1,"ward_extrude":0,"ward_visibility":-1,"ward_drawOrder":null,"ward_icon":null,"ward_Corporation":"West","ward_corporation_kn":"ಪಶ್ಚಿಮ","ward_corporation_id":"5","ward_ac":"Rajarajeshwarinagar","ward_ac_kn":"ರಾಜರಾಜೇಶ್ವರಿನಗರ","ward_ac_no":"154","ward_Assembly":"154 - Rajarajeshwarinagar","ward_id":"35","ward_name":"35 - Goraguntepalya","ward_name_kn":"ಗೋರಗುಂಟೆಪಾಳ್ಯ","ward_TOT_P":"21462.0","ward_TOT_M":"11354.0","ward_TOT_F":"10108.0","ward_SC_P":"4874.0","ward_SC_M":"2455.0","ward_SC_F":"2420.0","ward_ST_P":"823.0","ward_ST_M":"440.0","ward_ST_F":"383.0","ward_low_range":"18949","ward_high_range":"28424","ward_RO_Code":"10","ward_RO_Division":"RO- Peenya","ward_ARO_Code":"33","ward_ARO_ Sub Division":"ARO- Peenya","ward_zone":"Zone1","ward_zone_name":"Rajarajeshwarinagar","ward_join_status":"matched","ward_spatial_match_count":1},"geometry":{"type":"Point","coordinates":[77.53297230000004,13.022162900000069,0]},"id":403},{"type":"Feature","properties":{"fid":404,"OBJECTID":404,"Name":"Placemark","FolderPath":"BBMP Toilets","SymbolID":0,"AltMode":-1,"Base":0,"Snippet":"","PopupInfo":"","HasLabel":-1,"LabelID":0,"ward_source_id":"ward_369_final.151","ward_source_Name":null,"ward_description":null,"ward_timestamp":null,"ward_begin":null,"ward_end":null,"ward_altitudeMode":null,"ward_tessellate":-1,"ward_extrude":0,"ward_visibility":-1,"ward_drawOrder":null,"ward_icon":null,"ward_Corporation":"South","ward_corporation_kn":"ದಕ್ಷಿಣ","ward_corporation_id":"4","ward_ac":"Bommanahalli","ward_ac_kn":"ಬೊಮ್ಮನಹಳ್ಳಿ","ward_ac_no":"175","ward_Assembly":"175 - Bommanahalli","ward_id":"72","ward_name":"72 - HSR Layout","ward_name_kn":"ಎಚ್‌ಎಸ್‌ಆರ್ ಲೇಔಟ್","ward_TOT_P":"18787.0","ward_TOT_M":"9747.0","ward_TOT_F":"9040.0","ward_SC_P":"1304.0","ward_SC_M":"681.0","ward_SC_F":"623.0","ward_ST_P":"297.0","ward_ST_M":"149.0","ward_ST_F":"148.0","ward_low_range":"18594","ward_high_range":"27891","ward_RO_Code":"1","ward_RO_Division":"RO- HSR Layout","ward_ARO_Code":"21","ward_ARO_ Sub Division":"ARO- HSR Layout","ward_zone":"Zone2","ward_zone_name":"Bommanahalli","ward_join_status":"matched","ward_spatial_match_count":1},"geometry":{"type":"Point","coordinates":[77.62812720000005,12.90896870000006,0]},"id":404},{"type":"Feature","properties":{"fid":405,"OBJECTID":405,"Name":"Placemark","FolderPath":"BBMP Toilets","SymbolID":0,"AltMode":-1,"Base":0,"Snippet":"","PopupInfo":"","HasLabel":-1,"LabelID":0,"ward_source_id":"ward_369_final.143","ward_source_Name":null,"ward_description":null,"ward_timestamp":null,"ward_begin":null,"ward_end":null,"ward_altitudeMode":null,"ward_tessellate":-1,"ward_extrude":0,"ward_visibility":-1,"ward_drawOrder":null,"ward_icon":null,"ward_Corporation":"South","ward_corporation_kn":"ದಕ್ಷಿಣ","ward_corporation_id":"4","ward_ac":"Bommanahalli","ward_ac_kn":"ಬೊಮ್ಮನಹಳ್ಳಿ","ward_ac_no":"175","ward_Assembly":"175 - Bommanahalli","ward_id":"66","ward_name":"66 - Singasandra","ward_name_kn":"ಸಿಂಗಸಂದ್ರ","ward_TOT_P":"19089.0","ward_TOT_M":"10250.0","ward_TOT_F":"8839.0","ward_SC_P":"2633.0","ward_SC_M":"1288.0","ward_SC_F":"1345.0","ward_ST_P":"271.0","ward_ST_M":"150.0","ward_ST_F":"121.0","ward_low_range":"18594","ward_high_range":"27891","ward_RO_Code":"7","ward_RO_Division":"RO- Bommanahalli","ward_ARO_Code":"20","ward_ARO_ Sub Division":"ARO- Singasandra","ward_zone":"Zone2","ward_zone_name":"Bommanahalli","ward_join_status":"matched","ward_spatial_match_count":1},"geometry":{"type":"Point","coordinates":[77.64867790000005,12.875285800000029,0]},"id":405},{"type":"Feature","properties":{"fid":406,"OBJECTID":406,"Name":"Placemark","FolderPath":"BBMP Toilets","SymbolID":0,"AltMode":-1,"Base":0,"Snippet":"","PopupInfo":"","HasLabel":-1,"LabelID":0,"ward_source_id":"ward_369_final.151","ward_source_Name":null,"ward_description":null,"ward_timestamp":null,"ward_begin":null,"ward_end":null,"ward_altitudeMode":null,"ward_tessellate":-1,"ward_extrude":0,"ward_visibility":-1,"ward_drawOrder":null,"ward_icon":null,"ward_Corporation":"South","ward_corporation_kn":"ದಕ್ಷಿಣ","ward_corporation_id":"4","ward_ac":"Bommanahalli","ward_ac_kn":"ಬೊಮ್ಮನಹಳ್ಳಿ","ward_ac_no":"175","ward_Assembly":"175 - Bommanahalli","ward_id":"72","ward_name":"72 - HSR Layout","ward_name_kn":"ಎಚ್‌ಎಸ್‌ಆರ್ ಲೇಔಟ್","ward_TOT_P":"18787.0","ward_TOT_M":"9747.0","ward_TOT_F":"9040.0","ward_SC_P":"1304.0","ward_SC_M":"681.0","ward_SC_F":"623.0","ward_ST_P":"297.0","ward_ST_M":"149.0","ward_ST_F":"148.0","ward_low_range":"18594","ward_high_range":"27891","ward_RO_Code":"1","ward_RO_Division":"RO- HSR Layout","ward_ARO_Code":"21","ward_ARO_ Sub Division":"ARO- HSR Layout","ward_zone":"Zone2","ward_zone_name":"Bommanahalli","ward_join_status":"matched","ward_spatial_match_count":1},"geometry":{"type":"Point","coordinates":[77.62893050000008,12.907698100000061,0]},"id":406},{"type":"Feature","properties":{"fid":407,"OBJECTID":407,"Name":"Placemark","FolderPath":"BBMP Toilets","SymbolID":0,"AltMode":-1,"Base":0,"Snippet":"","PopupInfo":"","HasLabel":-1,"LabelID":0,"ward_source_id":"ward_369_final.191","ward_source_Name":null,"ward_description":null,"ward_timestamp":null,"ward_begin":null,"ward_end":null,"ward_altitudeMode":null,"ward_tessellate":-1,"ward_extrude":0,"ward_visibility":-1,"ward_drawOrder":null,"ward_icon":null,"ward_Corporation":"South","ward_corporation_kn":"ದಕ್ಷಿಣ","ward_corporation_id":"4","ward_ac":"Bommanahalli","ward_ac_kn":"ಬೊಮ್ಮನಹಳ್ಳಿ","ward_ac_no":"175","ward_Assembly":"175 - Bommanahalli","ward_id":"53","ward_name":"53 - Jaraganahalli","ward_name_kn":"ಜರಗನಹಳ್ಳಿ","ward_TOT_P":"22646.0","ward_TOT_M":"11794.0","ward_TOT_F":"10852.0","ward_SC_P":"1000.0","ward_SC_M":"521.0","ward_SC_F":"479.0","ward_ST_P":"380.0","ward_ST_M":"183.0","ward_ST_F":"197.0","ward_low_range":"18594","ward_high_range":"27891","ward_RO_Code":"6","ward_RO_Division":"RO- Arakere","ward_ARO_Code":"17","ward_ARO_ Sub Division":"ARO- Jaraganahalli","ward_zone":"Zone2","ward_zone_name":"Bommanahalli","ward_join_status":"matched","ward_spatial_match_count":1},"geometry":{"type":"Point","coordinates":[77.57088890000006,12.896576100000061,0]},"id":407},{"type":"Feature","properties":{"fid":408,"OBJECTID":408,"Name":"Placemark","FolderPath":"BBMP Toilets","SymbolID":0,"AltMode":-1,"Base":0,"Snippet":"","PopupInfo":"","HasLabel":-1,"LabelID":0,"ward_source_id":"ward_369_final.23","ward_source_Name":null,"ward_description":null,"ward_timestamp":null,"ward_begin":null,"ward_end":null,"ward_altitudeMode":null,"ward_tessellate":-1,"ward_extrude":0,"ward_visibility":-1,"ward_drawOrder":null,"ward_icon":null,"ward_Corporation":"North","ward_corporation_kn":"ಉತ್ತರ","ward_corporation_id":"2","ward_ac":"Rajarajeshwarinagar","ward_ac_kn":"ರಾಜರಾಜೇಶ್ವರಿನಗರ","ward_ac_no":"154","ward_Assembly":"154 - Rajarajeshwarinagar","ward_id":"63","ward_name":"63 - J.P PARK","ward_name_kn":"ಜೆಪಿ ಪಾರ್ಕ್","ward_TOT_P":"22172.0","ward_TOT_M":"11393.0","ward_TOT_F":"10779.0","ward_SC_P":"3139.0","ward_SC_M":"1591.0","ward_SC_F":"1547.0","ward_ST_P":"390.0","ward_ST_M":"208.0","ward_ST_F":"183.0","ward_low_range":"19943","ward_high_range":"29914","ward_RO_Code":"8","ward_RO_Division":"RO- Jalahalli","ward_ARO_Code":"21","ward_ARO_ Sub Division":"ARO- Yeshwanthpura","ward_zone":"Zone2","ward_zone_name":"Yelahanka","ward_join_status":"matched","ward_spatial_match_count":1},"geometry":{"type":"Point","coordinates":[77.55381670000008,13.03247360000006,0]},"id":408},{"type":"Feature","properties":{"fid":409,"OBJECTID":409,"Name":"Placemark","FolderPath":"BBMP Toilets","SymbolID":0,"AltMode":-1,"Base":0,"Snippet":"","PopupInfo":"","HasLabel":-1,"LabelID":0,"ward_source_id":"ward_369_final.151","ward_source_Name":null,"ward_description":null,"ward_timestamp":null,"ward_begin":null,"ward_end":null,"ward_altitudeMode":null,"ward_tessellate":-1,"ward_extrude":0,"ward_visibility":-1,"ward_drawOrder":null,"ward_icon":null,"ward_Corporation":"South","ward_corporation_kn":"ದಕ್ಷಿಣ","ward_corporation_id":"4","ward_ac":"Bommanahalli","ward_ac_kn":"ಬೊಮ್ಮನಹಳ್ಳಿ","ward_ac_no":"175","ward_Assembly":"175 - Bommanahalli","ward_id":"72","ward_name":"72 - HSR Layout","ward_name_kn":"ಎಚ್‌ಎಸ್‌ಆರ್ ಲೇಔಟ್","ward_TOT_P":"18787.0","ward_TOT_M":"9747.0","ward_TOT_F":"9040.0","ward_SC_P":"1304.0","ward_SC_M":"681.0","ward_SC_F":"623.0","ward_ST_P":"297.0","ward_ST_M":"149.0","ward_ST_F":"148.0","ward_low_range":"18594","ward_high_range":"27891","ward_RO_Code":"1","ward_RO_Division":"RO- HSR Layout","ward_ARO_Code":"21","ward_ARO_ Sub Division":"ARO- HSR Layout","ward_zone":"Zone2","ward_zone_name":"Bommanahalli","ward_join_status":"matched","ward_spatial_match_count":1},"geometry":{"type":"Point","coordinates":[77.63869160000007,12.915467000000035,0]},"id":409},{"type":"Feature","properties":{"fid":410,"OBJECTID":410,"Name":"Placemark","FolderPath":"BBMP Toilets","SymbolID":0,"AltMode":-1,"Base":0,"Snippet":"","PopupInfo":"","HasLabel":-1,"LabelID":0,"ward_source_id":"ward_369_final.80","ward_source_Name":null,"ward_description":null,"ward_timestamp":null,"ward_begin":null,"ward_end":null,"ward_altitudeMode":null,"ward_tessellate":-1,"ward_extrude":0,"ward_visibility":-1,"ward_drawOrder":null,"ward_icon":null,"ward_Corporation":"South","ward_corporation_kn":"ದಕ್ಷಿಣ","ward_corporation_id":"4","ward_ac":"Bangalore South","ward_ac_kn":"ಬೆಂಗಳೂರು ದಕ್ಷಿಣ","ward_ac_no":"176","ward_Assembly":"176 - Bangalore South","ward_id":"33","ward_name":"33 - Naganathapura","ward_name_kn":"ನಾಗನಾಥಪುರ","ward_TOT_P":"18599.0","ward_TOT_M":"10063.0","ward_TOT_F":"8497.0","ward_SC_P":"2528.0","ward_SC_M":"1327.0","ward_SC_F":"1201.0","ward_ST_P":"564.0","ward_ST_M":"330.0","ward_ST_F":"234.0","ward_low_range":"18594","ward_high_range":"27891","ward_RO_Code":"5","ward_RO_Division":"RO- Beguru","ward_ARO_Code":"14","ward_ARO_ Sub Division":"ARO- Naganathpura","ward_zone":"Zone1","ward_zone_name":"Jayanagar","ward_join_status":"matched","ward_spatial_match_count":1},"geometry":{"type":"Point","coordinates":[77.67153530000007,12.876294600000051,0]},"id":410},{"type":"Feature","properties":{"fid":411,"OBJECTID":411,"Name":"Placemark","FolderPath":"BBMP Toilets","SymbolID":0,"AltMode":-1,"Base":0,"Snippet":"","PopupInfo":"","HasLabel":-1,"LabelID":0,"ward_source_id":"ward_369_final.57","ward_source_Name":null,"ward_description":null,"ward_timestamp":null,"ward_begin":null,"ward_end":null,"ward_altitudeMode":null,"ward_tessellate":-1,"ward_extrude":0,"ward_visibility":-1,"ward_drawOrder":null,"ward_icon":null,"ward_Corporation":"South","ward_corporation_kn":"ದಕ್ಷಿಣ","ward_corporation_id":"4","ward_ac":"Bangalore South","ward_ac_kn":"ಬೆಂಗಳೂರು ದಕ್ಷಿಣ","ward_ac_no":"176","ward_Assembly":"176 - Bangalore South","ward_id":"51","ward_name":"51 - Subramanyapura","ward_name_kn":"ಸುಬ್ರಹ್ಮಣ್ಯಪುರ","ward_TOT_P":"27304.0","ward_TOT_M":"14134.0","ward_TOT_F":"13170.0","ward_SC_P":"2715.0","ward_SC_M":"1359.0","ward_SC_F":"1356.0","ward_ST_P":"433.0","ward_ST_M":"231.0","ward_ST_F":"202.0","ward_low_range":"18594","ward_high_range":"27891","ward_RO_Code":"4","ward_RO_Division":"RO- Anjanapura","ward_ARO_Code":"9","ward_ARO_ Sub Division":"ARO- Uttarahalli","ward_zone":"Zone1","ward_zone_name":"Jayanagar","ward_join_status":"matched","ward_spatial_match_count":1},"geometry":{"type":"Point","coordinates":[77.54635320000006,12.907455500000026,0]},"id":411},{"type":"Feature","properties":{"fid":412,"OBJECTID":412,"Name":"Placemark","FolderPath":"BBMP Toilets","SymbolID":0,"AltMode":-1,"Base":0,"Snippet":"","PopupInfo":"","HasLabel":-1,"LabelID":0,"ward_source_id":"ward_369_final.163","ward_source_Name":null,"ward_description":null,"ward_timestamp":null,"ward_begin":null,"ward_end":null,"ward_altitudeMode":null,"ward_tessellate":-1,"ward_extrude":0,"ward_visibility":-1,"ward_drawOrder":null,"ward_icon":null,"ward_Corporation":"South","ward_corporation_kn":"ದಕ್ಷಿಣ","ward_corporation_id":"4","ward_ac":"B.T.M Layout","ward_ac_kn":"ಬಿ.ಟಿ.ಎಂ. ಲೇಔಟ್","ward_ac_no":"172","ward_Assembly":"172 - B.T.M Layout","ward_id":"24","ward_name":"24 - A Adugodi","ward_name_kn":"ಎ. ಆಡುಗೋಡಿ","ward_TOT_P":"21458.0","ward_TOT_M":"11082.0","ward_TOT_F":"10376.0","ward_SC_P":"2344.0","ward_SC_M":"1237.0","ward_SC_F":"1106.0","ward_ST_P":"426.0","ward_ST_M":"207.0","ward_ST_F":"220.0","ward_low_range":"18594","ward_high_range":"27891","ward_RO_Code":"3","ward_RO_Division":"RO- Kormangala","ward_ARO_Code":"6","ward_ARO_ Sub Division":"ARO- Lakkasandra","ward_zone":"Zone2","ward_zone_name":"Bommanahalli","ward_join_status":"matched","ward_spatial_match_count":1},"geometry":{"type":"Point","coordinates":[77.61859130000005,12.93741730000005,0]},"id":412},{"type":"Feature","properties":{"fid":413,"OBJECTID":413,"Name":"Placemark","FolderPath":"BBMP Toilets","SymbolID":0,"AltMode":-1,"Base":0,"Snippet":"","PopupInfo":"","HasLabel":-1,"LabelID":0,"ward_source_id":"ward_369_final.95","ward_source_Name":null,"ward_description":null,"ward_timestamp":null,"ward_begin":null,"ward_end":null,"ward_altitudeMode":null,"ward_tessellate":-1,"ward_extrude":0,"ward_visibility":-1,"ward_drawOrder":null,"ward_icon":null,"ward_Corporation":"South","ward_corporation_kn":"ದಕ್ಷಿಣ","ward_corporation_id":"4","ward_ac":"Jayanagar","ward_ac_kn":"ಜಯನಗರ","ward_ac_no":"173","ward_Assembly":"173 - Jayanagar","ward_id":"14","ward_name":"14 - J.P Nagar","ward_name_kn":"ಜೆ.ಪಿ. ನಗರ","ward_TOT_P":"22264.0","ward_TOT_M":"11250.0","ward_TOT_F":"11015.0","ward_SC_P":"1995.0","ward_SC_M":"966.0","ward_SC_F":"1029.0","ward_ST_P":"173.0","ward_ST_M":"89.0","ward_ST_F":"84.0","ward_low_range":"18594","ward_high_range":"27891","ward_RO_Code":"10","ward_RO_Division":"RO- JP Nagar","ward_ARO_Code":"26","ward_ARO_ Sub Division":"ARO- JP Nagar","ward_zone":"Zone1","ward_zone_name":"Jayanagar","ward_join_status":"matched","ward_spatial_match_count":1},"geometry":{"type":"Point","coordinates":[77.60108490000005,12.904304800000034,0]},"id":413},{"type":"Feature","properties":{"fid":414,"OBJECTID":414,"Name":"Placemark","FolderPath":"BBMP Toilets","SymbolID":0,"AltMode":-1,"Base":0,"Snippet":"","PopupInfo":"","HasLabel":-1,"LabelID":0,"ward_source_id":"ward_369_final.57","ward_source_Name":null,"ward_description":null,"ward_timestamp":null,"ward_begin":null,"ward_end":null,"ward_altitudeMode":null,"ward_tessellate":-1,"ward_extrude":0,"ward_visibility":-1,"ward_drawOrder":null,"ward_icon":null,"ward_Corporation":"South","ward_corporation_kn":"ದಕ್ಷಿಣ","ward_corporation_id":"4","ward_ac":"Bangalore South","ward_ac_kn":"ಬೆಂಗಳೂರು ದಕ್ಷಿಣ","ward_ac_no":"176","ward_Assembly":"176 - Bangalore South","ward_id":"51","ward_name":"51 - Subramanyapura","ward_name_kn":"ಸುಬ್ರಹ್ಮಣ್ಯಪುರ","ward_TOT_P":"27304.0","ward_TOT_M":"14134.0","ward_TOT_F":"13170.0","ward_SC_P":"2715.0","ward_SC_M":"1359.0","ward_SC_F":"1356.0","ward_ST_P":"433.0","ward_ST_M":"231.0","ward_ST_F":"202.0","ward_low_range":"18594","ward_high_range":"27891","ward_RO_Code":"4","ward_RO_Division":"RO- Anjanapura","ward_ARO_Code":"9","ward_ARO_ Sub Division":"ARO- Uttarahalli","ward_zone":"Zone1","ward_zone_name":"Jayanagar","ward_join_status":"matched","ward_spatial_match_count":1},"geometry":{"type":"Point","coordinates":[77.54227810000003,12.905886000000066,0]},"id":414},{"type":"Feature","properties":{"fid":415,"OBJECTID":415,"Name":"Placemark","FolderPath":"BBMP Toilets","SymbolID":0,"AltMode":-1,"Base":0,"Snippet":"","PopupInfo":"","HasLabel":-1,"LabelID":0,"ward_source_id":"ward_369_final.63","ward_source_Name":null,"ward_description":null,"ward_timestamp":null,"ward_begin":null,"ward_end":null,"ward_altitudeMode":null,"ward_tessellate":-1,"ward_extrude":0,"ward_visibility":-1,"ward_drawOrder":null,"ward_icon":null,"ward_Corporation":"South","ward_corporation_kn":"ದಕ್ಷಿಣ","ward_corporation_id":"4","ward_ac":"Bangalore South","ward_ac_kn":"ಬೆಂಗಳೂರು ದಕ್ಷಿಣ","ward_ac_no":"176","ward_Assembly":"176 - Bangalore South","ward_id":"49","ward_name":"49 - Uttarahalli","ward_name_kn":"ಉತ್ತರಹಳ್ಳಿ","ward_TOT_P":"25302.0","ward_TOT_M":"13208.0","ward_TOT_F":"12094.0","ward_SC_P":"3474.0","ward_SC_M":"1757.0","ward_SC_F":"1717.0","ward_ST_P":"601.0","ward_ST_M":"304.0","ward_ST_F":"297.0","ward_low_range":"18594","ward_high_range":"27891","ward_RO_Code":"4","ward_RO_Division":"RO- Anjanapura","ward_ARO_Code":"9","ward_ARO_ Sub Division":"ARO- Uttarahalli","ward_zone":"Zone1","ward_zone_name":"Jayanagar","ward_join_status":"matched","ward_spatial_match_count":1},"geometry":{"type":"Point","coordinates":[77.54352820000008,12.90508310000007,0]},"id":415},{"type":"Feature","properties":{"fid":416,"OBJECTID":416,"Name":"Placemark","FolderPath":"BBMP Toilets","SymbolID":0,"AltMode":-1,"Base":0,"Snippet":"","PopupInfo":"","HasLabel":-1,"LabelID":0,"ward_source_id":"ward_369_final.135","ward_source_Name":null,"ward_description":null,"ward_timestamp":null,"ward_begin":null,"ward_end":null,"ward_altitudeMode":null,"ward_tessellate":-1,"ward_extrude":0,"ward_visibility":-1,"ward_drawOrder":null,"ward_icon":null,"ward_Corporation":"South","ward_corporation_kn":"ದಕ್ಷಿಣ","ward_corporation_id":"4","ward_ac":"B.T.M Layout","ward_ac_kn":"ಬಿ.ಟಿ.ಎಂ. ಲೇಔಟ್","ward_ac_no":"172","ward_Assembly":"172 - B.T.M Layout","ward_id":"28","ward_name":"28 - Kormangala East","ward_name_kn":"ಕೋರಮಂಗಲ ಪೂರ್ವ","ward_TOT_P":"22885.0","ward_TOT_M":"11897.0","ward_TOT_F":"10989.0","ward_SC_P":"2252.0","ward_SC_M":"1138.0","ward_SC_F":"1114.0","ward_ST_P":"558.0","ward_ST_M":"288.0","ward_ST_F":"270.0","ward_low_range":"18594","ward_high_range":"27891","ward_RO_Code":"3","ward_RO_Division":"RO- Kormangala","ward_ARO_Code":"5","ward_ARO_ Sub Division":"ARO- Kormangala","ward_zone":"Zone2","ward_zone_name":"Bommanahalli","ward_join_status":"matched","ward_spatial_match_count":1},"geometry":{"type":"Point","coordinates":[77.63384410000003,12.924962100000073,0]},"id":416},{"type":"Feature","properties":{"fid":417,"OBJECTID":417,"Name":"Placemark","FolderPath":"BBMP Toilets","SymbolID":0,"AltMode":-1,"Base":0,"Snippet":"","PopupInfo":"","HasLabel":-1,"LabelID":0,"ward_source_id":"ward_369_final.58","ward_source_Name":null,"ward_description":null,"ward_timestamp":null,"ward_begin":null,"ward_end":null,"ward_altitudeMode":null,"ward_tessellate":-1,"ward_extrude":0,"ward_visibility":-1,"ward_drawOrder":null,"ward_icon":null,"ward_Corporation":"West","ward_corporation_kn":"ಪಶ್ಚಿಮ","ward_corporation_id":"5","ward_ac":"Rajarajeshwarinagar","ward_ac_kn":"ರಾಜರಾಜೇಶ್ವರಿನಗರ","ward_ac_no":"154","ward_Assembly":"154 - Rajarajeshwarinagar","ward_id":"35","ward_name":"35 - Goraguntepalya","ward_name_kn":"ಗೋರಗುಂಟೆಪಾಳ್ಯ","ward_TOT_P":"21462.0","ward_TOT_M":"11354.0","ward_TOT_F":"10108.0","ward_SC_P":"4874.0","ward_SC_M":"2455.0","ward_SC_F":"2420.0","ward_ST_P":"823.0","ward_ST_M":"440.0","ward_ST_F":"383.0","ward_low_range":"18949","ward_high_range":"28424","ward_RO_Code":"10","ward_RO_Division":"RO- Peenya","ward_ARO_Code":"33","ward_ARO_ Sub Division":"ARO- Peenya","ward_zone":"Zone1","ward_zone_name":"Rajarajeshwarinagar","ward_join_status":"matched","ward_spatial_match_count":1},"geometry":{"type":"Point","coordinates":[77.53632860000005,13.022797900000057,0]},"id":417},{"type":"Feature","properties":{"fid":418,"OBJECTID":418,"Name":"Placemark","FolderPath":"BBMP Toilets","SymbolID":0,"AltMode":-1,"Base":0,"Snippet":"","PopupInfo":"","HasLabel":-1,"LabelID":0,"ward_source_id":"ward_369_final.58","ward_source_Name":null,"ward_description":null,"ward_timestamp":null,"ward_begin":null,"ward_end":null,"ward_altitudeMode":null,"ward_tessellate":-1,"ward_extrude":0,"ward_visibility":-1,"ward_drawOrder":null,"ward_icon":null,"ward_Corporation":"West","ward_corporation_kn":"ಪಶ್ಚಿಮ","ward_corporation_id":"5","ward_ac":"Rajarajeshwarinagar","ward_ac_kn":"ರಾಜರಾಜೇಶ್ವರಿನಗರ","ward_ac_no":"154","ward_Assembly":"154 - Rajarajeshwarinagar","ward_id":"35","ward_name":"35 - Goraguntepalya","ward_name_kn":"ಗೋರಗುಂಟೆಪಾಳ್ಯ","ward_TOT_P":"21462.0","ward_TOT_M":"11354.0","ward_TOT_F":"10108.0","ward_SC_P":"4874.0","ward_SC_M":"2455.0","ward_SC_F":"2420.0","ward_ST_P":"823.0","ward_ST_M":"440.0","ward_ST_F":"383.0","ward_low_range":"18949","ward_high_range":"28424","ward_RO_Code":"10","ward_RO_Division":"RO- Peenya","ward_ARO_Code":"33","ward_ARO_ Sub Division":"ARO- Peenya","ward_zone":"Zone1","ward_zone_name":"Rajarajeshwarinagar","ward_join_status":"matched","ward_spatial_match_count":1},"geometry":{"type":"Point","coordinates":[77.53840770000005,13.020940100000075,0]},"id":418},{"type":"Feature","properties":{"fid":419,"OBJECTID":419,"Name":"Placemark","FolderPath":"BBMP Toilets","SymbolID":0,"AltMode":-1,"Base":0,"Snippet":"","PopupInfo":"","HasLabel":-1,"LabelID":0,"ward_source_id":"ward_369_final.58","ward_source_Name":null,"ward_description":null,"ward_timestamp":null,"ward_begin":null,"ward_end":null,"ward_altitudeMode":null,"ward_tessellate":-1,"ward_extrude":0,"ward_visibility":-1,"ward_drawOrder":null,"ward_icon":null,"ward_Corporation":"West","ward_corporation_kn":"ಪಶ್ಚಿಮ","ward_corporation_id":"5","ward_ac":"Rajarajeshwarinagar","ward_ac_kn":"ರಾಜರಾಜೇಶ್ವರಿನಗರ","ward_ac_no":"154","ward_Assembly":"154 - Rajarajeshwarinagar","ward_id":"35","ward_name":"35 - Goraguntepalya","ward_name_kn":"ಗೋರಗುಂಟೆಪಾಳ್ಯ","ward_TOT_P":"21462.0","ward_TOT_M":"11354.0","ward_TOT_F":"10108.0","ward_SC_P":"4874.0","ward_SC_M":"2455.0","ward_SC_F":"2420.0","ward_ST_P":"823.0","ward_ST_M":"440.0","ward_ST_F":"383.0","ward_low_range":"18949","ward_high_range":"28424","ward_RO_Code":"10","ward_RO_Division":"RO- Peenya","ward_ARO_Code":"33","ward_ARO_ Sub Division":"ARO- Peenya","ward_zone":"Zone1","ward_zone_name":"Rajarajeshwarinagar","ward_join_status":"matched","ward_spatial_match_count":1},"geometry":{"type":"Point","coordinates":[77.53801020000003,13.020552700000053,0]},"id":419},{"type":"Feature","properties":{"fid":420,"OBJECTID":420,"Name":"Placemark","FolderPath":"BBMP Toilets","SymbolID":0,"AltMode":-1,"Base":0,"Snippet":"","PopupInfo":"","HasLabel":-1,"LabelID":0,"ward_source_id":"ward_369_final.38","ward_source_Name":null,"ward_description":null,"ward_timestamp":null,"ward_begin":null,"ward_end":null,"ward_altitudeMode":null,"ward_tessellate":-1,"ward_extrude":0,"ward_visibility":-1,"ward_drawOrder":null,"ward_icon":null,"ward_Corporation":"South","ward_corporation_kn":"ದಕ್ಷಿಣ","ward_corporation_id":"4","ward_ac":"Bangalore South","ward_ac_kn":"ಬೆಂಗಳೂರು ದಕ್ಷಿಣ","ward_ac_no":"176","ward_Assembly":"176 - Bangalore South","ward_id":"42","ward_name":"42 - RBI Layout","ward_name_kn":"ಆರ್‌ಬಿಐ ಲೇಔಟ್","ward_TOT_P":"22569.0","ward_TOT_M":"11395.0","ward_TOT_F":"11174.0","ward_SC_P":"275.0","ward_SC_M":"141.0","ward_SC_F":"135.0","ward_ST_P":"216.0","ward_ST_M":"103.0","ward_ST_F":"113.0","ward_low_range":"18594","ward_high_range":"27891","ward_RO_Code":"5","ward_RO_Division":"RO- Beguru","ward_ARO_Code":"12","ward_ARO_ Sub Division":"ARO- Bheereshwara Nagara","ward_zone":"Zone1","ward_zone_name":"Jayanagar","ward_join_status":"matched","ward_spatial_match_count":1},"geometry":{"type":"Point","coordinates":[77.58014160000005,12.888692700000036,0]},"id":420},{"type":"Feature","properties":{"fid":421,"OBJECTID":421,"Name":"Placemark","FolderPath":"BBMP Toilets","SymbolID":0,"AltMode":-1,"Base":0,"Snippet":"","PopupInfo":"","HasLabel":-1,"LabelID":0,"ward_source_id":"ward_369_final.58","ward_source_Name":null,"ward_description":null,"ward_timestamp":null,"ward_begin":null,"ward_end":null,"ward_altitudeMode":null,"ward_tessellate":-1,"ward_extrude":0,"ward_visibility":-1,"ward_drawOrder":null,"ward_icon":null,"ward_Corporation":"West","ward_corporation_kn":"ಪಶ್ಚಿಮ","ward_corporation_id":"5","ward_ac":"Rajarajeshwarinagar","ward_ac_kn":"ರಾಜರಾಜೇಶ್ವರಿನಗರ","ward_ac_no":"154","ward_Assembly":"154 - Rajarajeshwarinagar","ward_id":"35","ward_name":"35 - Goraguntepalya","ward_name_kn":"ಗೋರಗುಂಟೆಪಾಳ್ಯ","ward_TOT_P":"21462.0","ward_TOT_M":"11354.0","ward_TOT_F":"10108.0","ward_SC_P":"4874.0","ward_SC_M":"2455.0","ward_SC_F":"2420.0","ward_ST_P":"823.0","ward_ST_M":"440.0","ward_ST_F":"383.0","ward_low_range":"18949","ward_high_range":"28424","ward_RO_Code":"10","ward_RO_Division":"RO- Peenya","ward_ARO_Code":"33","ward_ARO_ Sub Division":"ARO- Peenya","ward_zone":"Zone1","ward_zone_name":"Rajarajeshwarinagar","ward_join_status":"matched","ward_spatial_match_count":1},"geometry":{"type":"Point","coordinates":[77.53528270000004,13.022021000000052,0]},"id":421},{"type":"Feature","properties":{"fid":422,"OBJECTID":422,"Name":"Placemark","FolderPath":"BBMP Toilets","SymbolID":0,"AltMode":-1,"Base":0,"Snippet":"","PopupInfo":"","HasLabel":-1,"LabelID":0,"ward_source_id":"ward_369_final.51","ward_source_Name":null,"ward_description":null,"ward_timestamp":null,"ward_begin":null,"ward_end":null,"ward_altitudeMode":null,"ward_tessellate":-1,"ward_extrude":0,"ward_visibility":-1,"ward_drawOrder":null,"ward_icon":null,"ward_Corporation":"South","ward_corporation_kn":"ದಕ್ಷಿಣ","ward_corporation_id":"4","ward_ac":"Bangalore South","ward_ac_kn":"ಬೆಂಗಳೂರು ದಕ್ಷಿಣ","ward_ac_no":"176","ward_Assembly":"176 - Bangalore South","ward_id":"40","ward_name":"40 - Anjanapura","ward_name_kn":"ಅಂಜನಾಪುರ","ward_TOT_P":"23865.0","ward_TOT_M":"12534.0","ward_TOT_F":"11331.0","ward_SC_P":"2858.0","ward_SC_M":"1472.0","ward_SC_F":"1386.0","ward_ST_P":"352.0","ward_ST_M":"190.0","ward_ST_F":"162.0","ward_low_range":"18594","ward_high_range":"27891","ward_RO_Code":"4","ward_RO_Division":"RO- Anjanapura","ward_ARO_Code":"7","ward_ARO_ Sub Division":"ARO- Anjanapura","ward_zone":"Zone1","ward_zone_name":"Jayanagar","ward_join_status":"matched","ward_spatial_match_count":1},"geometry":{"type":"Point","coordinates":[77.55059000000006,12.883893300000068,0]},"id":422},{"type":"Feature","properties":{"fid":423,"OBJECTID":423,"Name":"Placemark","FolderPath":"BBMP Toilets","SymbolID":0,"AltMode":-1,"Base":0,"Snippet":"","PopupInfo":"","HasLabel":-1,"LabelID":0,"ward_source_id":"ward_369_final.58","ward_source_Name":null,"ward_description":null,"ward_timestamp":null,"ward_begin":null,"ward_end":null,"ward_altitudeMode":null,"ward_tessellate":-1,"ward_extrude":0,"ward_visibility":-1,"ward_drawOrder":null,"ward_icon":null,"ward_Corporation":"West","ward_corporation_kn":"ಪಶ್ಚಿಮ","ward_corporation_id":"5","ward_ac":"Rajarajeshwarinagar","ward_ac_kn":"ರಾಜರಾಜೇಶ್ವರಿನಗರ","ward_ac_no":"154","ward_Assembly":"154 - Rajarajeshwarinagar","ward_id":"35","ward_name":"35 - Goraguntepalya","ward_name_kn":"ಗೋರಗುಂಟೆಪಾಳ್ಯ","ward_TOT_P":"21462.0","ward_TOT_M":"11354.0","ward_TOT_F":"10108.0","ward_SC_P":"4874.0","ward_SC_M":"2455.0","ward_SC_F":"2420.0","ward_ST_P":"823.0","ward_ST_M":"440.0","ward_ST_F":"383.0","ward_low_range":"18949","ward_high_range":"28424","ward_RO_Code":"10","ward_RO_Division":"RO- Peenya","ward_ARO_Code":"33","ward_ARO_ Sub Division":"ARO- Peenya","ward_zone":"Zone1","ward_zone_name":"Rajarajeshwarinagar","ward_join_status":"matched","ward_spatial_match_count":1},"geometry":{"type":"Point","coordinates":[77.53412810000003,13.023066000000028,0]},"id":423},{"type":"Feature","properties":{"fid":424,"OBJECTID":424,"Name":"Placemark","FolderPath":"BBMP Toilets","SymbolID":0,"AltMode":-1,"Base":0,"Snippet":"","PopupInfo":"","HasLabel":-1,"LabelID":0,"ward_source_id":"ward_369_final.58","ward_source_Name":null,"ward_description":null,"ward_timestamp":null,"ward_begin":null,"ward_end":null,"ward_altitudeMode":null,"ward_tessellate":-1,"ward_extrude":0,"ward_visibility":-1,"ward_drawOrder":null,"ward_icon":null,"ward_Corporation":"West","ward_corporation_kn":"ಪಶ್ಚಿಮ","ward_corporation_id":"5","ward_ac":"Rajarajeshwarinagar","ward_ac_kn":"ರಾಜರಾಜೇಶ್ವರಿನಗರ","ward_ac_no":"154","ward_Assembly":"154 - Rajarajeshwarinagar","ward_id":"35","ward_name":"35 - Goraguntepalya","ward_name_kn":"ಗೋರಗುಂಟೆಪಾಳ್ಯ","ward_TOT_P":"21462.0","ward_TOT_M":"11354.0","ward_TOT_F":"10108.0","ward_SC_P":"4874.0","ward_SC_M":"2455.0","ward_SC_F":"2420.0","ward_ST_P":"823.0","ward_ST_M":"440.0","ward_ST_F":"383.0","ward_low_range":"18949","ward_high_range":"28424","ward_RO_Code":"10","ward_RO_Division":"RO- Peenya","ward_ARO_Code":"33","ward_ARO_ Sub Division":"ARO- Peenya","ward_zone":"Zone1","ward_zone_name":"Rajarajeshwarinagar","ward_join_status":"matched","ward_spatial_match_count":1},"geometry":{"type":"Point","coordinates":[77.53596680000004,13.021921000000077,0]},"id":424},{"type":"Feature","properties":{"fid":425,"OBJECTID":425,"Name":"Placemark","FolderPath":"BBMP Toilets","SymbolID":0,"AltMode":-1,"Base":0,"Snippet":"","PopupInfo":"","HasLabel":-1,"LabelID":0,"ward_source_id":"ward_369_final.143","ward_source_Name":null,"ward_description":null,"ward_timestamp":null,"ward_begin":null,"ward_end":null,"ward_altitudeMode":null,"ward_tessellate":-1,"ward_extrude":0,"ward_visibility":-1,"ward_drawOrder":null,"ward_icon":null,"ward_Corporation":"South","ward_corporation_kn":"ದಕ್ಷಿಣ","ward_corporation_id":"4","ward_ac":"Bommanahalli","ward_ac_kn":"ಬೊಮ್ಮನಹಳ್ಳಿ","ward_ac_no":"175","ward_Assembly":"175 - Bommanahalli","ward_id":"66","ward_name":"66 - Singasandra","ward_name_kn":"ಸಿಂಗಸಂದ್ರ","ward_TOT_P":"19089.0","ward_TOT_M":"10250.0","ward_TOT_F":"8839.0","ward_SC_P":"2633.0","ward_SC_M":"1288.0","ward_SC_F":"1345.0","ward_ST_P":"271.0","ward_ST_M":"150.0","ward_ST_F":"121.0","ward_low_range":"18594","ward_high_range":"27891","ward_RO_Code":"7","ward_RO_Division":"RO- Bommanahalli","ward_ARO_Code":"20","ward_ARO_ Sub Division":"ARO- Singasandra","ward_zone":"Zone2","ward_zone_name":"Bommanahalli","ward_join_status":"matched","ward_spatial_match_count":1},"geometry":{"type":"Point","coordinates":[77.64113440000006,12.874253500000066,0]},"id":425},{"type":"Feature","properties":{"fid":426,"OBJECTID":426,"Name":"Placemark","FolderPath":"BBMP Toilets","SymbolID":0,"AltMode":-1,"Base":0,"Snippet":"","PopupInfo":"","HasLabel":-1,"LabelID":0,"ward_source_id":"ward_369_final.51","ward_source_Name":null,"ward_description":null,"ward_timestamp":null,"ward_begin":null,"ward_end":null,"ward_altitudeMode":null,"ward_tessellate":-1,"ward_extrude":0,"ward_visibility":-1,"ward_drawOrder":null,"ward_icon":null,"ward_Corporation":"South","ward_corporation_kn":"ದಕ್ಷಿಣ","ward_corporation_id":"4","ward_ac":"Bangalore South","ward_ac_kn":"ಬೆಂಗಳೂರು ದಕ್ಷಿಣ","ward_ac_no":"176","ward_Assembly":"176 - Bangalore South","ward_id":"40","ward_name":"40 - Anjanapura","ward_name_kn":"ಅಂಜನಾಪುರ","ward_TOT_P":"23865.0","ward_TOT_M":"12534.0","ward_TOT_F":"11331.0","ward_SC_P":"2858.0","ward_SC_M":"1472.0","ward_SC_F":"1386.0","ward_ST_P":"352.0","ward_ST_M":"190.0","ward_ST_F":"162.0","ward_low_range":"18594","ward_high_range":"27891","ward_RO_Code":"4","ward_RO_Division":"RO- Anjanapura","ward_ARO_Code":"7","ward_ARO_ Sub Division":"ARO- Anjanapura","ward_zone":"Zone1","ward_zone_name":"Jayanagar","ward_join_status":"matched","ward_spatial_match_count":1},"geometry":{"type":"Point","coordinates":[77.55512670000007,12.885708300000033,0]},"id":426},{"type":"Feature","properties":{"fid":427,"OBJECTID":427,"Name":"Placemark","FolderPath":"BBMP Toilets","SymbolID":0,"AltMode":-1,"Base":0,"Snippet":"","PopupInfo":"","HasLabel":-1,"LabelID":0,"ward_source_id":"ward_369_final.106","ward_source_Name":null,"ward_description":null,"ward_timestamp":null,"ward_begin":null,"ward_end":null,"ward_altitudeMode":null,"ward_tessellate":-1,"ward_extrude":0,"ward_visibility":-1,"ward_drawOrder":null,"ward_icon":null,"ward_Corporation":"South","ward_corporation_kn":"ದಕ್ಷಿಣ","ward_corporation_id":"4","ward_ac":"Bangalore South","ward_ac_kn":"ಬೆಂಗಳೂರು ದಕ್ಷಿಣ","ward_ac_no":"176","ward_Assembly":"176 - Bangalore South","ward_id":"48","ward_name":"48 - Vasanthapura","ward_name_kn":"ವಸಂತಪುರ","ward_TOT_P":"22830.0","ward_TOT_M":"11987.0","ward_TOT_F":"10843.0","ward_SC_P":"2972.0","ward_SC_M":"1544.0","ward_SC_F":"1428.0","ward_ST_P":"499.0","ward_ST_M":"264.0","ward_ST_F":"236.0","ward_low_range":"18594","ward_high_range":"27891","ward_RO_Code":"4","ward_RO_Division":"RO- Anjanapura","ward_ARO_Code":"8","ward_ARO_ Sub Division":"ARO- Konanakunte","ward_zone":"Zone1","ward_zone_name":"Jayanagar","ward_join_status":"matched","ward_spatial_match_count":1},"geometry":{"type":"Point","coordinates":[77.55682670000004,12.886273300000028,0]},"id":427},{"type":"Feature","properties":{"fid":428,"OBJECTID":428,"Name":"Placemark","FolderPath":"BBMP Toilets","SymbolID":0,"AltMode":-1,"Base":0,"Snippet":"","PopupInfo":"","HasLabel":-1,"LabelID":0,"ward_source_id":"ward_369_final.58","ward_source_Name":null,"ward_description":null,"ward_timestamp":null,"ward_begin":null,"ward_end":null,"ward_altitudeMode":null,"ward_tessellate":-1,"ward_extrude":0,"ward_visibility":-1,"ward_drawOrder":null,"ward_icon":null,"ward_Corporation":"West","ward_corporation_kn":"ಪಶ್ಚಿಮ","ward_corporation_id":"5","ward_ac":"Rajarajeshwarinagar","ward_ac_kn":"ರಾಜರಾಜೇಶ್ವರಿನಗರ","ward_ac_no":"154","ward_Assembly":"154 - Rajarajeshwarinagar","ward_id":"35","ward_name":"35 - Goraguntepalya","ward_name_kn":"ಗೋರಗುಂಟೆಪಾಳ್ಯ","ward_TOT_P":"21462.0","ward_TOT_M":"11354.0","ward_TOT_F":"10108.0","ward_SC_P":"4874.0","ward_SC_M":"2455.0","ward_SC_F":"2420.0","ward_ST_P":"823.0","ward_ST_M":"440.0","ward_ST_F":"383.0","ward_low_range":"18949","ward_high_range":"28424","ward_RO_Code":"10","ward_RO_Division":"RO- Peenya","ward_ARO_Code":"33","ward_ARO_ Sub Division":"ARO- Peenya","ward_zone":"Zone1","ward_zone_name":"Rajarajeshwarinagar","ward_join_status":"matched","ward_spatial_match_count":1},"geometry":{"type":"Point","coordinates":[77.53813800000006,13.020207200000073,0]},"id":428},{"type":"Feature","properties":{"fid":429,"OBJECTID":429,"Name":"Placemark","FolderPath":"BBMP Toilets","SymbolID":0,"AltMode":-1,"Base":0,"Snippet":"","PopupInfo":"","HasLabel":-1,"LabelID":0,"ward_source_id":"ward_369_final.358","ward_source_Name":null,"ward_description":null,"ward_timestamp":null,"ward_begin":null,"ward_end":null,"ward_altitudeMode":null,"ward_tessellate":-1,"ward_extrude":0,"ward_visibility":-1,"ward_drawOrder":null,"ward_icon":null,"ward_Corporation":"West","ward_corporation_kn":"ಪಶ್ಚಿಮ","ward_corporation_id":"5","ward_ac":"Mahalakshmi Layout","ward_ac_kn":"ಮಹಾಲಕ್ಷ್ಮಿ ಲೇಔಟ್","ward_ac_no":"156","ward_Assembly":"156 - Mahalakshmi Layout","ward_id":"39","ward_name":"39 - Jai Maruthi Nagar","ward_name_kn":"ಜೈ ಮಾರುತಿ ನಗರ","ward_TOT_P":"27166.0","ward_TOT_M":"13919.0","ward_TOT_F":"13247.0","ward_SC_P":"1754.0","ward_SC_M":"915.0","ward_SC_F":"839.0","ward_ST_P":"502.0","ward_ST_M":"266.0","ward_ST_F":"236.0","ward_low_range":"18949","ward_high_range":"28424","ward_RO_Code":"5","ward_RO_Division":"RO- Mahalakshmi Layout","ward_ARO_Code":"16","ward_ARO_ Sub Division":"ARO- Mahalakshmipuram","ward_zone":"Zone1","ward_zone_name":"Rajarajeshwarinagar","ward_join_status":"matched","ward_spatial_match_count":1},"geometry":{"type":"Point","coordinates":[77.53593790000008,13.011029000000065,0]},"id":429},{"type":"Feature","properties":{"fid":430,"OBJECTID":430,"Name":"Placemark","FolderPath":"BBMP Toilets","SymbolID":0,"AltMode":-1,"Base":0,"Snippet":"","PopupInfo":"","HasLabel":-1,"LabelID":0,"ward_source_id":"ward_369_final.106","ward_source_Name":null,"ward_description":null,"ward_timestamp":null,"ward_begin":null,"ward_end":null,"ward_altitudeMode":null,"ward_tessellate":-1,"ward_extrude":0,"ward_visibility":-1,"ward_drawOrder":null,"ward_icon":null,"ward_Corporation":"South","ward_corporation_kn":"ದಕ್ಷಿಣ","ward_corporation_id":"4","ward_ac":"Bangalore South","ward_ac_kn":"ಬೆಂಗಳೂರು ದಕ್ಷಿಣ","ward_ac_no":"176","ward_Assembly":"176 - Bangalore South","ward_id":"48","ward_name":"48 - Vasanthapura","ward_name_kn":"ವಸಂತಪುರ","ward_TOT_P":"22830.0","ward_TOT_M":"11987.0","ward_TOT_F":"10843.0","ward_SC_P":"2972.0","ward_SC_M":"1544.0","ward_SC_F":"1428.0","ward_ST_P":"499.0","ward_ST_M":"264.0","ward_ST_F":"236.0","ward_low_range":"18594","ward_high_range":"27891","ward_RO_Code":"4","ward_RO_Division":"RO- Anjanapura","ward_ARO_Code":"8","ward_ARO_ Sub Division":"ARO- Konanakunte","ward_zone":"Zone1","ward_zone_name":"Jayanagar","ward_join_status":"matched","ward_spatial_match_count":1},"geometry":{"type":"Point","coordinates":[77.56431170000008,12.891156700000067,0]},"id":430},{"type":"Feature","properties":{"fid":431,"OBJECTID":431,"Name":"Placemark","FolderPath":"BBMP Toilets","SymbolID":0,"AltMode":-1,"Base":0,"Snippet":"","PopupInfo":"","HasLabel":-1,"LabelID":0,"ward_source_id":"ward_369_final.106","ward_source_Name":null,"ward_description":null,"ward_timestamp":null,"ward_begin":null,"ward_end":null,"ward_altitudeMode":null,"ward_tessellate":-1,"ward_extrude":0,"ward_visibility":-1,"ward_drawOrder":null,"ward_icon":null,"ward_Corporation":"South","ward_corporation_kn":"ದಕ್ಷಿಣ","ward_corporation_id":"4","ward_ac":"Bangalore South","ward_ac_kn":"ಬೆಂಗಳೂರು ದಕ್ಷಿಣ","ward_ac_no":"176","ward_Assembly":"176 - Bangalore South","ward_id":"48","ward_name":"48 - Vasanthapura","ward_name_kn":"ವಸಂತಪುರ","ward_TOT_P":"22830.0","ward_TOT_M":"11987.0","ward_TOT_F":"10843.0","ward_SC_P":"2972.0","ward_SC_M":"1544.0","ward_SC_F":"1428.0","ward_ST_P":"499.0","ward_ST_M":"264.0","ward_ST_F":"236.0","ward_low_range":"18594","ward_high_range":"27891","ward_RO_Code":"4","ward_RO_Division":"RO- Anjanapura","ward_ARO_Code":"8","ward_ARO_ Sub Division":"ARO- Konanakunte","ward_zone":"Zone1","ward_zone_name":"Jayanagar","ward_join_status":"matched","ward_spatial_match_count":1},"geometry":{"type":"Point","coordinates":[77.56606000000005,12.893165000000067,0]},"id":431},{"type":"Feature","properties":{"fid":432,"OBJECTID":432,"Name":"Placemark","FolderPath":"BBMP Toilets","SymbolID":0,"AltMode":-1,"Base":0,"Snippet":"","PopupInfo":"","HasLabel":-1,"LabelID":0,"ward_source_id":"ward_369_final.191","ward_source_Name":null,"ward_description":null,"ward_timestamp":null,"ward_begin":null,"ward_end":null,"ward_altitudeMode":null,"ward_tessellate":-1,"ward_extrude":0,"ward_visibility":-1,"ward_drawOrder":null,"ward_icon":null,"ward_Corporation":"South","ward_corporation_kn":"ದಕ್ಷಿಣ","ward_corporation_id":"4","ward_ac":"Bommanahalli","ward_ac_kn":"ಬೊಮ್ಮನಹಳ್ಳಿ","ward_ac_no":"175","ward_Assembly":"175 - Bommanahalli","ward_id":"53","ward_name":"53 - Jaraganahalli","ward_name_kn":"ಜರಗನಹಳ್ಳಿ","ward_TOT_P":"22646.0","ward_TOT_M":"11794.0","ward_TOT_F":"10852.0","ward_SC_P":"1000.0","ward_SC_M":"521.0","ward_SC_F":"479.0","ward_ST_P":"380.0","ward_ST_M":"183.0","ward_ST_F":"197.0","ward_low_range":"18594","ward_high_range":"27891","ward_RO_Code":"6","ward_RO_Division":"RO- Arakere","ward_ARO_Code":"17","ward_ARO_ Sub Division":"ARO- Jaraganahalli","ward_zone":"Zone2","ward_zone_name":"Bommanahalli","ward_join_status":"matched","ward_spatial_match_count":1},"geometry":{"type":"Point","coordinates":[77.56895830000008,12.894633300000066,0]},"id":432},{"type":"Feature","properties":{"fid":433,"OBJECTID":433,"Name":"Placemark","FolderPath":"BBMP Toilets","SymbolID":0,"AltMode":-1,"Base":0,"Snippet":"","PopupInfo":"","HasLabel":-1,"LabelID":0,"ward_source_id":"ward_369_final.91","ward_source_Name":null,"ward_description":null,"ward_timestamp":null,"ward_begin":null,"ward_end":null,"ward_altitudeMode":null,"ward_tessellate":-1,"ward_extrude":0,"ward_visibility":-1,"ward_drawOrder":null,"ward_icon":null,"ward_Corporation":"Central","ward_corporation_kn":"ಕೇಂದ್ರ","ward_corporation_id":"1","ward_ac":"Gandhinagara","ward_ac_kn":"ಗಾಂಧಿನಗರ","ward_ac_no":"164","ward_Assembly":"164 - Gandhinagara","ward_id":"62","ward_name":"62 - Swatantra Palya Ward","ward_name_kn":"ಸ್ವತಂತ್ರ ಪಾಳ್ಯ ವಾರ್ಡ್","ward_TOT_P":"28137.0","ward_TOT_M":"14255.0","ward_TOT_F":"13883.0","ward_SC_P":"12723.0","ward_SC_M":"6443.0","ward_SC_F":"6280.0","ward_ST_P":"367.0","ward_ST_M":"198.0","ward_ST_F":"170.0","ward_low_range":"18853","ward_high_range":"28280","ward_RO_Code":"5","ward_RO_Division":"RO - Gandhinagara","ward_ARO_Code":"16","ward_ARO_ Sub Division":"ARO- Okalipuram","ward_zone":"Zone2","ward_zone_name":"Gandhinagara","ward_join_status":"matched","ward_spatial_match_count":1},"geometry":{"type":"Point","coordinates":[77.56972060000004,12.99040240000005,0]},"id":433},{"type":"Feature","properties":{"fid":434,"OBJECTID":434,"Name":"Placemark","FolderPath":"BBMP Toilets","SymbolID":0,"AltMode":-1,"Base":0,"Snippet":"","PopupInfo":"","HasLabel":-1,"LabelID":0,"ward_source_id":"ward_369_final.91","ward_source_Name":null,"ward_description":null,"ward_timestamp":null,"ward_begin":null,"ward_end":null,"ward_altitudeMode":null,"ward_tessellate":-1,"ward_extrude":0,"ward_visibility":-1,"ward_drawOrder":null,"ward_icon":null,"ward_Corporation":"Central","ward_corporation_kn":"ಕೇಂದ್ರ","ward_corporation_id":"1","ward_ac":"Gandhinagara","ward_ac_kn":"ಗಾಂಧಿನಗರ","ward_ac_no":"164","ward_Assembly":"164 - Gandhinagara","ward_id":"62","ward_name":"62 - Swatantra Palya Ward","ward_name_kn":"ಸ್ವತಂತ್ರ ಪಾಳ್ಯ ವಾರ್ಡ್","ward_TOT_P":"28137.0","ward_TOT_M":"14255.0","ward_TOT_F":"13883.0","ward_SC_P":"12723.0","ward_SC_M":"6443.0","ward_SC_F":"6280.0","ward_ST_P":"367.0","ward_ST_M":"198.0","ward_ST_F":"170.0","ward_low_range":"18853","ward_high_range":"28280","ward_RO_Code":"5","ward_RO_Division":"RO - Gandhinagara","ward_ARO_Code":"16","ward_ARO_ Sub Division":"ARO- Okalipuram","ward_zone":"Zone2","ward_zone_name":"Gandhinagara","ward_join_status":"matched","ward_spatial_match_count":1},"geometry":{"type":"Point","coordinates":[77.56982310000006,12.98907900000006,0]},"id":434},{"type":"Feature","properties":{"fid":435,"OBJECTID":435,"Name":"Placemark","FolderPath":"BBMP Toilets","SymbolID":0,"AltMode":-1,"Base":0,"Snippet":"","PopupInfo":"","HasLabel":-1,"LabelID":0,"ward_source_id":"ward_369_final.91","ward_source_Name":null,"ward_description":null,"ward_timestamp":null,"ward_begin":null,"ward_end":null,"ward_altitudeMode":null,"ward_tessellate":-1,"ward_extrude":0,"ward_visibility":-1,"ward_drawOrder":null,"ward_icon":null,"ward_Corporation":"Central","ward_corporation_kn":"ಕೇಂದ್ರ","ward_corporation_id":"1","ward_ac":"Gandhinagara","ward_ac_kn":"ಗಾಂಧಿನಗರ","ward_ac_no":"164","ward_Assembly":"164 - Gandhinagara","ward_id":"62","ward_name":"62 - Swatantra Palya Ward","ward_name_kn":"ಸ್ವತಂತ್ರ ಪಾಳ್ಯ ವಾರ್ಡ್","ward_TOT_P":"28137.0","ward_TOT_M":"14255.0","ward_TOT_F":"13883.0","ward_SC_P":"12723.0","ward_SC_M":"6443.0","ward_SC_F":"6280.0","ward_ST_P":"367.0","ward_ST_M":"198.0","ward_ST_F":"170.0","ward_low_range":"18853","ward_high_range":"28280","ward_RO_Code":"5","ward_RO_Division":"RO - Gandhinagara","ward_ARO_Code":"16","ward_ARO_ Sub Division":"ARO- Okalipuram","ward_zone":"Zone2","ward_zone_name":"Gandhinagara","ward_join_status":"matched","ward_spatial_match_count":1},"geometry":{"type":"Point","coordinates":[77.56945840000003,12.988448000000062,0]},"id":435},{"type":"Feature","properties":{"fid":436,"OBJECTID":436,"Name":"Placemark","FolderPath":"BBMP Toilets","SymbolID":0,"AltMode":-1,"Base":0,"Snippet":"","PopupInfo":"","HasLabel":-1,"LabelID":0,"ward_source_id":"ward_369_final.91","ward_source_Name":null,"ward_description":null,"ward_timestamp":null,"ward_begin":null,"ward_end":null,"ward_altitudeMode":null,"ward_tessellate":-1,"ward_extrude":0,"ward_visibility":-1,"ward_drawOrder":null,"ward_icon":null,"ward_Corporation":"Central","ward_corporation_kn":"ಕೇಂದ್ರ","ward_corporation_id":"1","ward_ac":"Gandhinagara","ward_ac_kn":"ಗಾಂಧಿನಗರ","ward_ac_no":"164","ward_Assembly":"164 - Gandhinagara","ward_id":"62","ward_name":"62 - Swatantra Palya Ward","ward_name_kn":"ಸ್ವತಂತ್ರ ಪಾಳ್ಯ ವಾರ್ಡ್","ward_TOT_P":"28137.0","ward_TOT_M":"14255.0","ward_TOT_F":"13883.0","ward_SC_P":"12723.0","ward_SC_M":"6443.0","ward_SC_F":"6280.0","ward_ST_P":"367.0","ward_ST_M":"198.0","ward_ST_F":"170.0","ward_low_range":"18853","ward_high_range":"28280","ward_RO_Code":"5","ward_RO_Division":"RO - Gandhinagara","ward_ARO_Code":"16","ward_ARO_ Sub Division":"ARO- Okalipuram","ward_zone":"Zone2","ward_zone_name":"Gandhinagara","ward_join_status":"matched","ward_spatial_match_count":1},"geometry":{"type":"Point","coordinates":[77.56976310000005,12.988192600000048,0]},"id":436},{"type":"Feature","properties":{"fid":437,"OBJECTID":437,"Name":"Placemark","FolderPath":"BBMP Toilets","SymbolID":0,"AltMode":-1,"Base":0,"Snippet":"","PopupInfo":"","HasLabel":-1,"LabelID":0,"ward_source_id":"ward_369_final.305","ward_source_Name":null,"ward_description":null,"ward_timestamp":null,"ward_begin":null,"ward_end":null,"ward_altitudeMode":null,"ward_tessellate":-1,"ward_extrude":0,"ward_visibility":-1,"ward_drawOrder":null,"ward_icon":null,"ward_Corporation":"West","ward_corporation_kn":"ಪಶ್ಚಿಮ","ward_corporation_id":"5","ward_ac":"Malleshwaram","ward_ac_kn":"ಮಲ್ಲೇಶ್ವರಂ","ward_ac_no":"157","ward_Assembly":"157 - Malleshwaram","ward_id":"52","ward_name":"52 - Kodandarampura","ward_name_kn":"ಕೋದಂಡರಾಮಪುರ","ward_TOT_P":"18962.0","ward_TOT_M":"9340.0","ward_TOT_F":"9552.0","ward_SC_P":"822.0","ward_SC_M":"430.0","ward_SC_F":"391.0","ward_ST_P":"149.0","ward_ST_M":"74.0","ward_ST_F":"76.0","ward_low_range":"18949","ward_high_range":"28424","ward_RO_Code":"6","ward_RO_Division":"RO- Malleshwaram","ward_ARO_Code":"21","ward_ARO_ Sub Division":"ARO- Rajamahal","ward_zone":"Zone2","ward_zone_name":"Malleshwaram","ward_join_status":"matched","ward_spatial_match_count":1},"geometry":{"type":"Point","coordinates":[77.57280540000005,13.00288480000006,0]},"id":437},{"type":"Feature","properties":{"fid":438,"OBJECTID":438,"Name":"Placemark","FolderPath":"BBMP Toilets","SymbolID":0,"AltMode":-1,"Base":0,"Snippet":"","PopupInfo":"","HasLabel":-1,"LabelID":0,"ward_source_id":"ward_369_final.355","ward_source_Name":null,"ward_description":null,"ward_timestamp":null,"ward_begin":null,"ward_end":null,"ward_altitudeMode":null,"ward_tessellate":-1,"ward_extrude":0,"ward_visibility":-1,"ward_drawOrder":null,"ward_icon":null,"ward_Corporation":"West","ward_corporation_kn":"ಪಶ್ಚಿಮ","ward_corporation_id":"5","ward_ac":"Malleshwaram","ward_ac_kn":"ಮಲ್ಲೇಶ್ವರಂ","ward_ac_no":"157","ward_Assembly":"157 - Malleshwaram","ward_id":"53","ward_name":"53 - Malleshwaram","ward_name_kn":"ಮಲ್ಲೇಶ್ವರಂ","ward_TOT_P":"21827.0","ward_TOT_M":"10665.0","ward_TOT_F":"11162.0","ward_SC_P":"479.0","ward_SC_M":"231.0","ward_SC_F":"248.0","ward_ST_P":"194.0","ward_ST_M":"97.0","ward_ST_F":"97.0","ward_low_range":"18949","ward_high_range":"28424","ward_RO_Code":"6","ward_RO_Division":"RO- Malleshwaram","ward_ARO_Code":"19","ward_ARO_ Sub Division":"ARO- Malleshwaram","ward_zone":"Zone2","ward_zone_name":"Malleshwaram","ward_join_status":"matched","ward_spatial_match_count":1},"geometry":{"type":"Point","coordinates":[77.57072260000007,13.00531490000003,0]},"id":438},{"type":"Feature","properties":{"fid":439,"OBJECTID":439,"Name":"Placemark","FolderPath":"BBMP Toilets","SymbolID":0,"AltMode":-1,"Base":0,"Snippet":"","PopupInfo":"","HasLabel":-1,"LabelID":0,"ward_source_id":"ward_369_final.355","ward_source_Name":null,"ward_description":null,"ward_timestamp":null,"ward_begin":null,"ward_end":null,"ward_altitudeMode":null,"ward_tessellate":-1,"ward_extrude":0,"ward_visibility":-1,"ward_drawOrder":null,"ward_icon":null,"ward_Corporation":"West","ward_corporation_kn":"ಪಶ್ಚಿಮ","ward_corporation_id":"5","ward_ac":"Malleshwaram","ward_ac_kn":"ಮಲ್ಲೇಶ್ವರಂ","ward_ac_no":"157","ward_Assembly":"157 - Malleshwaram","ward_id":"53","ward_name":"53 - Malleshwaram","ward_name_kn":"ಮಲ್ಲೇಶ್ವರಂ","ward_TOT_P":"21827.0","ward_TOT_M":"10665.0","ward_TOT_F":"11162.0","ward_SC_P":"479.0","ward_SC_M":"231.0","ward_SC_F":"248.0","ward_ST_P":"194.0","ward_ST_M":"97.0","ward_ST_F":"97.0","ward_low_range":"18949","ward_high_range":"28424","ward_RO_Code":"6","ward_RO_Division":"RO- Malleshwaram","ward_ARO_Code":"19","ward_ARO_ Sub Division":"ARO- Malleshwaram","ward_zone":"Zone2","ward_zone_name":"Malleshwaram","ward_join_status":"matched","ward_spatial_match_count":1},"geometry":{"type":"Point","coordinates":[77.56355240000005,13.000982200000067,0]},"id":439},{"type":"Feature","properties":{"fid":440,"OBJECTID":440,"Name":"Placemark","FolderPath":"BBMP Toilets","SymbolID":0,"AltMode":-1,"Base":0,"Snippet":"","PopupInfo":"","HasLabel":-1,"LabelID":0,"ward_source_id":"ward_369_final.355","ward_source_Name":null,"ward_description":null,"ward_timestamp":null,"ward_begin":null,"ward_end":null,"ward_altitudeMode":null,"ward_tessellate":-1,"ward_extrude":0,"ward_visibility":-1,"ward_drawOrder":null,"ward_icon":null,"ward_Corporation":"West","ward_corporation_kn":"ಪಶ್ಚಿಮ","ward_corporation_id":"5","ward_ac":"Malleshwaram","ward_ac_kn":"ಮಲ್ಲೇಶ್ವರಂ","ward_ac_no":"157","ward_Assembly":"157 - Malleshwaram","ward_id":"53","ward_name":"53 - Malleshwaram","ward_name_kn":"ಮಲ್ಲೇಶ್ವರಂ","ward_TOT_P":"21827.0","ward_TOT_M":"10665.0","ward_TOT_F":"11162.0","ward_SC_P":"479.0","ward_SC_M":"231.0","ward_SC_F":"248.0","ward_ST_P":"194.0","ward_ST_M":"97.0","ward_ST_F":"97.0","ward_low_range":"18949","ward_high_range":"28424","ward_RO_Code":"6","ward_RO_Division":"RO- Malleshwaram","ward_ARO_Code":"19","ward_ARO_ Sub Division":"ARO- Malleshwaram","ward_zone":"Zone2","ward_zone_name":"Malleshwaram","ward_join_status":"matched","ward_spatial_match_count":1},"geometry":{"type":"Point","coordinates":[77.56866860000008,12.99693110000004,0]},"id":440},{"type":"Feature","properties":{"fid":441,"OBJECTID":441,"Name":"Placemark","FolderPath":"BBMP Toilets","SymbolID":0,"AltMode":-1,"Base":0,"Snippet":"","PopupInfo":"","HasLabel":-1,"LabelID":0,"ward_source_id":"ward_369_final.355","ward_source_Name":null,"ward_description":null,"ward_timestamp":null,"ward_begin":null,"ward_end":null,"ward_altitudeMode":null,"ward_tessellate":-1,"ward_extrude":0,"ward_visibility":-1,"ward_drawOrder":null,"ward_icon":null,"ward_Corporation":"West","ward_corporation_kn":"ಪಶ್ಚಿಮ","ward_corporation_id":"5","ward_ac":"Malleshwaram","ward_ac_kn":"ಮಲ್ಲೇಶ್ವರಂ","ward_ac_no":"157","ward_Assembly":"157 - Malleshwaram","ward_id":"53","ward_name":"53 - Malleshwaram","ward_name_kn":"ಮಲ್ಲೇಶ್ವರಂ","ward_TOT_P":"21827.0","ward_TOT_M":"10665.0","ward_TOT_F":"11162.0","ward_SC_P":"479.0","ward_SC_M":"231.0","ward_SC_F":"248.0","ward_ST_P":"194.0","ward_ST_M":"97.0","ward_ST_F":"97.0","ward_low_range":"18949","ward_high_range":"28424","ward_RO_Code":"6","ward_RO_Division":"RO- Malleshwaram","ward_ARO_Code":"19","ward_ARO_ Sub Division":"ARO- Malleshwaram","ward_zone":"Zone2","ward_zone_name":"Malleshwaram","ward_join_status":"matched","ward_spatial_match_count":1},"geometry":{"type":"Point","coordinates":[77.56949480000003,12.997681800000066,0]},"id":441},{"type":"Feature","properties":{"fid":442,"OBJECTID":442,"Name":"Placemark","FolderPath":"BBMP Toilets","SymbolID":0,"AltMode":-1,"Base":0,"Snippet":"","PopupInfo":"","HasLabel":-1,"LabelID":0,"ward_source_id":"ward_369_final.355","ward_source_Name":null,"ward_description":null,"ward_timestamp":null,"ward_begin":null,"ward_end":null,"ward_altitudeMode":null,"ward_tessellate":-1,"ward_extrude":0,"ward_visibility":-1,"ward_drawOrder":null,"ward_icon":null,"ward_Corporation":"West","ward_corporation_kn":"ಪಶ್ಚಿಮ","ward_corporation_id":"5","ward_ac":"Malleshwaram","ward_ac_kn":"ಮಲ್ಲೇಶ್ವರಂ","ward_ac_no":"157","ward_Assembly":"157 - Malleshwaram","ward_id":"53","ward_name":"53 - Malleshwaram","ward_name_kn":"ಮಲ್ಲೇಶ್ವರಂ","ward_TOT_P":"21827.0","ward_TOT_M":"10665.0","ward_TOT_F":"11162.0","ward_SC_P":"479.0","ward_SC_M":"231.0","ward_SC_F":"248.0","ward_ST_P":"194.0","ward_ST_M":"97.0","ward_ST_F":"97.0","ward_low_range":"18949","ward_high_range":"28424","ward_RO_Code":"6","ward_RO_Division":"RO- Malleshwaram","ward_ARO_Code":"19","ward_ARO_ Sub Division":"ARO- Malleshwaram","ward_zone":"Zone2","ward_zone_name":"Malleshwaram","ward_join_status":"matched","ward_spatial_match_count":1},"geometry":{"type":"Point","coordinates":[77.56953430000004,12.99829580000005,0]},"id":442},{"type":"Feature","properties":{"fid":443,"OBJECTID":443,"Name":"Placemark","FolderPath":"BBMP Toilets","SymbolID":0,"AltMode":-1,"Base":0,"Snippet":"","PopupInfo":"","HasLabel":-1,"LabelID":0,"ward_source_id":"ward_369_final.355","ward_source_Name":null,"ward_description":null,"ward_timestamp":null,"ward_begin":null,"ward_end":null,"ward_altitudeMode":null,"ward_tessellate":-1,"ward_extrude":0,"ward_visibility":-1,"ward_drawOrder":null,"ward_icon":null,"ward_Corporation":"West","ward_corporation_kn":"ಪಶ್ಚಿಮ","ward_corporation_id":"5","ward_ac":"Malleshwaram","ward_ac_kn":"ಮಲ್ಲೇಶ್ವರಂ","ward_ac_no":"157","ward_Assembly":"157 - Malleshwaram","ward_id":"53","ward_name":"53 - Malleshwaram","ward_name_kn":"ಮಲ್ಲೇಶ್ವರಂ","ward_TOT_P":"21827.0","ward_TOT_M":"10665.0","ward_TOT_F":"11162.0","ward_SC_P":"479.0","ward_SC_M":"231.0","ward_SC_F":"248.0","ward_ST_P":"194.0","ward_ST_M":"97.0","ward_ST_F":"97.0","ward_low_range":"18949","ward_high_range":"28424","ward_RO_Code":"6","ward_RO_Division":"RO- Malleshwaram","ward_ARO_Code":"19","ward_ARO_ Sub Division":"ARO- Malleshwaram","ward_zone":"Zone2","ward_zone_name":"Malleshwaram","ward_join_status":"matched","ward_spatial_match_count":1},"geometry":{"type":"Point","coordinates":[77.57084630000008,12.999399900000071,0]},"id":443},{"type":"Feature","properties":{"fid":444,"OBJECTID":444,"Name":"Placemark","FolderPath":"BBMP Toilets","SymbolID":0,"AltMode":-1,"Base":0,"Snippet":"","PopupInfo":"","HasLabel":-1,"LabelID":0,"ward_source_id":"ward_369_final.214","ward_source_Name":null,"ward_description":null,"ward_timestamp":null,"ward_begin":null,"ward_end":null,"ward_altitudeMode":null,"ward_tessellate":-1,"ward_extrude":0,"ward_visibility":-1,"ward_drawOrder":null,"ward_icon":null,"ward_Corporation":"West","ward_corporation_kn":"ಪಶ್ಚಿಮ","ward_corporation_id":"5","ward_ac":"Malleshwaram","ward_ac_kn":"ಮಲ್ಲೇಶ್ವರಂ","ward_ac_no":"157","ward_Assembly":"157 - Malleshwaram","ward_id":"57","ward_name":"57 - Kuvempu Ward","ward_name_kn":"ಕುವೆಂಪು ವಾರ್ಡ್","ward_TOT_P":"24283.0","ward_TOT_M":"12310.0","ward_TOT_F":"11973.0","ward_SC_P":"695.0","ward_SC_M":"362.0","ward_SC_F":"332.0","ward_ST_P":"165.0","ward_ST_M":"93.0","ward_ST_F":"72.0","ward_low_range":"18949","ward_high_range":"28424","ward_RO_Code":"6","ward_RO_Division":"RO- Malleshwaram","ward_ARO_Code":"22","ward_ARO_ Sub Division":"ARO- Subramanyanagara","ward_zone":"Zone2","ward_zone_name":"Malleshwaram","ward_join_status":"matched","ward_spatial_match_count":1},"geometry":{"type":"Point","coordinates":[77.56373730000007,12.996058100000027,0]},"id":444},{"type":"Feature","properties":{"fid":445,"OBJECTID":445,"Name":"Placemark","FolderPath":"BBMP Toilets","SymbolID":0,"AltMode":-1,"Base":0,"Snippet":"","PopupInfo":"","HasLabel":-1,"LabelID":0,"ward_source_id":"ward_369_final.355","ward_source_Name":null,"ward_description":null,"ward_timestamp":null,"ward_begin":null,"ward_end":null,"ward_altitudeMode":null,"ward_tessellate":-1,"ward_extrude":0,"ward_visibility":-1,"ward_drawOrder":null,"ward_icon":null,"ward_Corporation":"West","ward_corporation_kn":"ಪಶ್ಚಿಮ","ward_corporation_id":"5","ward_ac":"Malleshwaram","ward_ac_kn":"ಮಲ್ಲೇಶ್ವರಂ","ward_ac_no":"157","ward_Assembly":"157 - Malleshwaram","ward_id":"53","ward_name":"53 - Malleshwaram","ward_name_kn":"ಮಲ್ಲೇಶ್ವರಂ","ward_TOT_P":"21827.0","ward_TOT_M":"10665.0","ward_TOT_F":"11162.0","ward_SC_P":"479.0","ward_SC_M":"231.0","ward_SC_F":"248.0","ward_ST_P":"194.0","ward_ST_M":"97.0","ward_ST_F":"97.0","ward_low_range":"18949","ward_high_range":"28424","ward_RO_Code":"6","ward_RO_Division":"RO- Malleshwaram","ward_ARO_Code":"19","ward_ARO_ Sub Division":"ARO- Malleshwaram","ward_zone":"Zone2","ward_zone_name":"Malleshwaram","ward_join_status":"matched","ward_spatial_match_count":1},"geometry":{"type":"Point","coordinates":[77.57082250000008,13.001898100000062,0]},"id":445},{"type":"Feature","properties":{"fid":446,"OBJECTID":446,"Name":"Placemark","FolderPath":"BBMP Toilets","SymbolID":0,"AltMode":-1,"Base":0,"Snippet":"","PopupInfo":"","HasLabel":-1,"LabelID":0,"ward_source_id":"ward_369_final.214","ward_source_Name":null,"ward_description":null,"ward_timestamp":null,"ward_begin":null,"ward_end":null,"ward_altitudeMode":null,"ward_tessellate":-1,"ward_extrude":0,"ward_visibility":-1,"ward_drawOrder":null,"ward_icon":null,"ward_Corporation":"West","ward_corporation_kn":"ಪಶ್ಚಿಮ","ward_corporation_id":"5","ward_ac":"Malleshwaram","ward_ac_kn":"ಮಲ್ಲೇಶ್ವರಂ","ward_ac_no":"157","ward_Assembly":"157 - Malleshwaram","ward_id":"57","ward_name":"57 - Kuvempu Ward","ward_name_kn":"ಕುವೆಂಪು ವಾರ್ಡ್","ward_TOT_P":"24283.0","ward_TOT_M":"12310.0","ward_TOT_F":"11973.0","ward_SC_P":"695.0","ward_SC_M":"362.0","ward_SC_F":"332.0","ward_ST_P":"165.0","ward_ST_M":"93.0","ward_ST_F":"72.0","ward_low_range":"18949","ward_high_range":"28424","ward_RO_Code":"6","ward_RO_Division":"RO- Malleshwaram","ward_ARO_Code":"22","ward_ARO_ Sub Division":"ARO- Subramanyanagara","ward_zone":"Zone2","ward_zone_name":"Malleshwaram","ward_join_status":"matched","ward_spatial_match_count":1},"geometry":{"type":"Point","coordinates":[77.56351120000005,12.99368540000006,0]},"id":446},{"type":"Feature","properties":{"fid":447,"OBJECTID":447,"Name":"Placemark","FolderPath":"BBMP Toilets","SymbolID":0,"AltMode":-1,"Base":0,"Snippet":"","PopupInfo":"","HasLabel":-1,"LabelID":0,"ward_source_id":"ward_369_final.66","ward_source_Name":null,"ward_description":null,"ward_timestamp":null,"ward_begin":null,"ward_end":null,"ward_altitudeMode":null,"ward_tessellate":-1,"ward_extrude":0,"ward_visibility":-1,"ward_drawOrder":null,"ward_icon":null,"ward_Corporation":"North","ward_corporation_kn":"ಉತ್ತರ","ward_corporation_id":"2","ward_ac":"Rajarajeshwarinagar","ward_ac_kn":"ರಾಜರಾಜೇಶ್ವರಿನಗರ","ward_ac_no":"154","ward_Assembly":"154 - Rajarajeshwarinagar","ward_id":"64","ward_name":"64 - Yeshwanthpura","ward_name_kn":"ಯಶವಂತಪುರ","ward_TOT_P":"20236.0","ward_TOT_M":"10311.0","ward_TOT_F":"9925.0","ward_SC_P":"1705.0","ward_SC_M":"854.0","ward_SC_F":"852.0","ward_ST_P":"307.0","ward_ST_M":"153.0","ward_ST_F":"154.0","ward_low_range":"19943","ward_high_range":"29914","ward_RO_Code":"8","ward_RO_Division":"RO- Jalahalli","ward_ARO_Code":"21","ward_ARO_ Sub Division":"ARO- Yeshwanthpura","ward_zone":"Zone2","ward_zone_name":"Yelahanka","ward_join_status":"matched","ward_spatial_match_count":1},"geometry":{"type":"Point","coordinates":[77.55320860000006,13.021254500000055,0]},"id":447},{"type":"Feature","properties":{"fid":448,"OBJECTID":448,"Name":"Placemark","FolderPath":"BBMP Toilets","SymbolID":0,"AltMode":-1,"Base":0,"Snippet":"","PopupInfo":"","HasLabel":-1,"LabelID":0,"ward_source_id":"ward_369_final.91","ward_source_Name":null,"ward_description":null,"ward_timestamp":null,"ward_begin":null,"ward_end":null,"ward_altitudeMode":null,"ward_tessellate":-1,"ward_extrude":0,"ward_visibility":-1,"ward_drawOrder":null,"ward_icon":null,"ward_Corporation":"Central","ward_corporation_kn":"ಕೇಂದ್ರ","ward_corporation_id":"1","ward_ac":"Gandhinagara","ward_ac_kn":"ಗಾಂಧಿನಗರ","ward_ac_no":"164","ward_Assembly":"164 - Gandhinagara","ward_id":"62","ward_name":"62 - Swatantra Palya Ward","ward_name_kn":"ಸ್ವತಂತ್ರ ಪಾಳ್ಯ ವಾರ್ಡ್","ward_TOT_P":"28137.0","ward_TOT_M":"14255.0","ward_TOT_F":"13883.0","ward_SC_P":"12723.0","ward_SC_M":"6443.0","ward_SC_F":"6280.0","ward_ST_P":"367.0","ward_ST_M":"198.0","ward_ST_F":"170.0","ward_low_range":"18853","ward_high_range":"28280","ward_RO_Code":"5","ward_RO_Division":"RO - Gandhinagara","ward_ARO_Code":"16","ward_ARO_ Sub Division":"ARO- Okalipuram","ward_zone":"Zone2","ward_zone_name":"Gandhinagara","ward_join_status":"matched","ward_spatial_match_count":1},"geometry":{"type":"Point","coordinates":[77.56831720000008,12.991004600000053,0]},"id":448},{"type":"Feature","properties":{"fid":449,"OBJECTID":449,"Name":"Placemark","FolderPath":"BBMP Toilets","SymbolID":0,"AltMode":-1,"Base":0,"Snippet":"","PopupInfo":"","HasLabel":-1,"LabelID":0,"ward_source_id":"ward_369_final.175","ward_source_Name":null,"ward_description":null,"ward_timestamp":null,"ward_begin":null,"ward_end":null,"ward_altitudeMode":null,"ward_tessellate":-1,"ward_extrude":0,"ward_visibility":-1,"ward_drawOrder":null,"ward_icon":null,"ward_Corporation":"West","ward_corporation_kn":"ಪಶ್ಚಿಮ","ward_corporation_id":"5","ward_ac":"Rajarajeshwarinagar","ward_ac_kn":"ರಾಜರಾಜೇಶ್ವರಿನಗರ","ward_ac_no":"154","ward_Assembly":"154 - Rajarajeshwarinagar","ward_id":"34","ward_name":"34 - Peenya","ward_name_kn":"ಪೀಣ್ಯ","ward_TOT_P":"26003.0","ward_TOT_M":"13620.0","ward_TOT_F":"12383.0","ward_SC_P":"4190.0","ward_SC_M":"2140.0","ward_SC_F":"2050.0","ward_ST_P":"986.0","ward_ST_M":"507.0","ward_ST_F":"479.0","ward_low_range":"18949","ward_high_range":"28424","ward_RO_Code":"10","ward_RO_Division":"RO- Peenya","ward_ARO_Code":"33","ward_ARO_ Sub Division":"ARO- Peenya","ward_zone":"Zone1","ward_zone_name":"Rajarajeshwarinagar","ward_join_status":"matched","ward_spatial_match_count":1},"geometry":{"type":"Point","coordinates":[77.51940930000006,13.039098800000033,0]},"id":449},{"type":"Feature","properties":{"fid":450,"OBJECTID":450,"Name":"Placemark","FolderPath":"BBMP Toilets","SymbolID":0,"AltMode":-1,"Base":0,"Snippet":"","PopupInfo":"","HasLabel":-1,"LabelID":0,"ward_source_id":"ward_369_final.91","ward_source_Name":null,"ward_description":null,"ward_timestamp":null,"ward_begin":null,"ward_end":null,"ward_altitudeMode":null,"ward_tessellate":-1,"ward_extrude":0,"ward_visibility":-1,"ward_drawOrder":null,"ward_icon":null,"ward_Corporation":"Central","ward_corporation_kn":"ಕೇಂದ್ರ","ward_corporation_id":"1","ward_ac":"Gandhinagara","ward_ac_kn":"ಗಾಂಧಿನಗರ","ward_ac_no":"164","ward_Assembly":"164 - Gandhinagara","ward_id":"62","ward_name":"62 - Swatantra Palya Ward","ward_name_kn":"ಸ್ವತಂತ್ರ ಪಾಳ್ಯ ವಾರ್ಡ್","ward_TOT_P":"28137.0","ward_TOT_M":"14255.0","ward_TOT_F":"13883.0","ward_SC_P":"12723.0","ward_SC_M":"6443.0","ward_SC_F":"6280.0","ward_ST_P":"367.0","ward_ST_M":"198.0","ward_ST_F":"170.0","ward_low_range":"18853","ward_high_range":"28280","ward_RO_Code":"5","ward_RO_Division":"RO - Gandhinagara","ward_ARO_Code":"16","ward_ARO_ Sub Division":"ARO- Okalipuram","ward_zone":"Zone2","ward_zone_name":"Gandhinagara","ward_join_status":"matched","ward_spatial_match_count":1},"geometry":{"type":"Point","coordinates":[77.56990920000004,12.985838300000069,0]},"id":450},{"type":"Feature","properties":{"fid":451,"OBJECTID":451,"Name":"Placemark","FolderPath":"BBMP Toilets","SymbolID":0,"AltMode":-1,"Base":0,"Snippet":"","PopupInfo":"","HasLabel":-1,"LabelID":0,"ward_source_id":"ward_369_final.175","ward_source_Name":null,"ward_description":null,"ward_timestamp":null,"ward_begin":null,"ward_end":null,"ward_altitudeMode":null,"ward_tessellate":-1,"ward_extrude":0,"ward_visibility":-1,"ward_drawOrder":null,"ward_icon":null,"ward_Corporation":"West","ward_corporation_kn":"ಪಶ್ಚಿಮ","ward_corporation_id":"5","ward_ac":"Rajarajeshwarinagar","ward_ac_kn":"ರಾಜರಾಜೇಶ್ವರಿನಗರ","ward_ac_no":"154","ward_Assembly":"154 - Rajarajeshwarinagar","ward_id":"34","ward_name":"34 - Peenya","ward_name_kn":"ಪೀಣ್ಯ","ward_TOT_P":"26003.0","ward_TOT_M":"13620.0","ward_TOT_F":"12383.0","ward_SC_P":"4190.0","ward_SC_M":"2140.0","ward_SC_F":"2050.0","ward_ST_P":"986.0","ward_ST_M":"507.0","ward_ST_F":"479.0","ward_low_range":"18949","ward_high_range":"28424","ward_RO_Code":"10","ward_RO_Division":"RO- Peenya","ward_ARO_Code":"33","ward_ARO_ Sub Division":"ARO- Peenya","ward_zone":"Zone1","ward_zone_name":"Rajarajeshwarinagar","ward_join_status":"matched","ward_spatial_match_count":1},"geometry":{"type":"Point","coordinates":[77.51805030000008,13.034819700000071,0]},"id":451},{"type":"Feature","properties":{"fid":452,"OBJECTID":452,"Name":"Placemark","FolderPath":"BBMP Toilets","SymbolID":0,"AltMode":-1,"Base":0,"Snippet":"","PopupInfo":"","HasLabel":-1,"LabelID":0,"ward_source_id":"ward_369_final.175","ward_source_Name":null,"ward_description":null,"ward_timestamp":null,"ward_begin":null,"ward_end":null,"ward_altitudeMode":null,"ward_tessellate":-1,"ward_extrude":0,"ward_visibility":-1,"ward_drawOrder":null,"ward_icon":null,"ward_Corporation":"West","ward_corporation_kn":"ಪಶ್ಚಿಮ","ward_corporation_id":"5","ward_ac":"Rajarajeshwarinagar","ward_ac_kn":"ರಾಜರಾಜೇಶ್ವರಿನಗರ","ward_ac_no":"154","ward_Assembly":"154 - Rajarajeshwarinagar","ward_id":"34","ward_name":"34 - Peenya","ward_name_kn":"ಪೀಣ್ಯ","ward_TOT_P":"26003.0","ward_TOT_M":"13620.0","ward_TOT_F":"12383.0","ward_SC_P":"4190.0","ward_SC_M":"2140.0","ward_SC_F":"2050.0","ward_ST_P":"986.0","ward_ST_M":"507.0","ward_ST_F":"479.0","ward_low_range":"18949","ward_high_range":"28424","ward_RO_Code":"10","ward_RO_Division":"RO- Peenya","ward_ARO_Code":"33","ward_ARO_ Sub Division":"ARO- Peenya","ward_zone":"Zone1","ward_zone_name":"Rajarajeshwarinagar","ward_join_status":"matched","ward_spatial_match_count":1},"geometry":{"type":"Point","coordinates":[77.52541940000003,13.031775100000061,0]},"id":452},{"type":"Feature","properties":{"fid":453,"OBJECTID":453,"Name":"Placemark","FolderPath":"BBMP Toilets","SymbolID":0,"AltMode":-1,"Base":0,"Snippet":"","PopupInfo":"","HasLabel":-1,"LabelID":0,"ward_source_id":"ward_369_final.256","ward_source_Name":null,"ward_description":null,"ward_timestamp":null,"ward_begin":null,"ward_end":null,"ward_altitudeMode":null,"ward_tessellate":-1,"ward_extrude":0,"ward_visibility":-1,"ward_drawOrder":null,"ward_icon":null,"ward_Corporation":"Central","ward_corporation_kn":"ಕೇಂದ್ರ","ward_corporation_id":"1","ward_ac":"Shivajinagar","ward_ac_kn":"ಶಿವಾಜಿನಗರ","ward_ac_no":"162","ward_Assembly":"162 - Shivajinagar","ward_id":"5","ward_name":"5 - Shivajinagar","ward_name_kn":"ಶಿವಾಜಿನಗರ","ward_TOT_P":"25484.0","ward_TOT_M":"13018.0","ward_TOT_F":"12466.0","ward_SC_P":"1300.0","ward_SC_M":"619.0","ward_SC_F":"681.0","ward_ST_P":"127.0","ward_ST_M":"74.0","ward_ST_F":"53.0","ward_low_range":"18853","ward_high_range":"28280","ward_RO_Code":"7","ward_RO_Division":"RO- Shivajinagar","ward_ARO_Code":"23","ward_ARO_ Sub Division":"ARO- Shivajinagar","ward_zone":"Zone2","ward_zone_name":"Gandhinagara","ward_join_status":"matched","ward_spatial_match_count":1},"geometry":{"type":"Point","coordinates":[77.60534570000004,12.986492400000031,0]},"id":453},{"type":"Feature","properties":{"fid":454,"OBJECTID":454,"Name":"Placemark","FolderPath":"BBMP Toilets","SymbolID":0,"AltMode":-1,"Base":0,"Snippet":"","PopupInfo":"","HasLabel":-1,"LabelID":0,"ward_source_id":"ward_369_final.355","ward_source_Name":null,"ward_description":null,"ward_timestamp":null,"ward_begin":null,"ward_end":null,"ward_altitudeMode":null,"ward_tessellate":-1,"ward_extrude":0,"ward_visibility":-1,"ward_drawOrder":null,"ward_icon":null,"ward_Corporation":"West","ward_corporation_kn":"ಪಶ್ಚಿಮ","ward_corporation_id":"5","ward_ac":"Malleshwaram","ward_ac_kn":"ಮಲ್ಲೇಶ್ವರಂ","ward_ac_no":"157","ward_Assembly":"157 - Malleshwaram","ward_id":"53","ward_name":"53 - Malleshwaram","ward_name_kn":"ಮಲ್ಲೇಶ್ವರಂ","ward_TOT_P":"21827.0","ward_TOT_M":"10665.0","ward_TOT_F":"11162.0","ward_SC_P":"479.0","ward_SC_M":"231.0","ward_SC_F":"248.0","ward_ST_P":"194.0","ward_ST_M":"97.0","ward_ST_F":"97.0","ward_low_range":"18949","ward_high_range":"28424","ward_RO_Code":"6","ward_RO_Division":"RO- Malleshwaram","ward_ARO_Code":"19","ward_ARO_ Sub Division":"ARO- Malleshwaram","ward_zone":"Zone2","ward_zone_name":"Malleshwaram","ward_join_status":"matched","ward_spatial_match_count":1},"geometry":{"type":"Point","coordinates":[77.55767530000008,13.018018700000027,0]},"id":454},{"type":"Feature","properties":{"fid":455,"OBJECTID":455,"Name":"Placemark","FolderPath":"BBMP Toilets","SymbolID":0,"AltMode":-1,"Base":0,"Snippet":"","PopupInfo":"","HasLabel":-1,"LabelID":0,"ward_source_id":"ward_369_final.355","ward_source_Name":null,"ward_description":null,"ward_timestamp":null,"ward_begin":null,"ward_end":null,"ward_altitudeMode":null,"ward_tessellate":-1,"ward_extrude":0,"ward_visibility":-1,"ward_drawOrder":null,"ward_icon":null,"ward_Corporation":"West","ward_corporation_kn":"ಪಶ್ಚಿಮ","ward_corporation_id":"5","ward_ac":"Malleshwaram","ward_ac_kn":"ಮಲ್ಲೇಶ್ವರಂ","ward_ac_no":"157","ward_Assembly":"157 - Malleshwaram","ward_id":"53","ward_name":"53 - Malleshwaram","ward_name_kn":"ಮಲ್ಲೇಶ್ವರಂ","ward_TOT_P":"21827.0","ward_TOT_M":"10665.0","ward_TOT_F":"11162.0","ward_SC_P":"479.0","ward_SC_M":"231.0","ward_SC_F":"248.0","ward_ST_P":"194.0","ward_ST_M":"97.0","ward_ST_F":"97.0","ward_low_range":"18949","ward_high_range":"28424","ward_RO_Code":"6","ward_RO_Division":"RO- Malleshwaram","ward_ARO_Code":"19","ward_ARO_ Sub Division":"ARO- Malleshwaram","ward_zone":"Zone2","ward_zone_name":"Malleshwaram","ward_join_status":"matched","ward_spatial_match_count":1},"geometry":{"type":"Point","coordinates":[77.55811810000006,13.01798180000003,0]},"id":455},{"type":"Feature","properties":{"fid":456,"OBJECTID":456,"Name":"Placemark","FolderPath":"BBMP Toilets","SymbolID":0,"AltMode":-1,"Base":0,"Snippet":"","PopupInfo":"","HasLabel":-1,"LabelID":0,"ward_source_id":"ward_369_final.189","ward_source_Name":null,"ward_description":null,"ward_timestamp":null,"ward_begin":null,"ward_end":null,"ward_altitudeMode":null,"ward_tessellate":-1,"ward_extrude":0,"ward_visibility":-1,"ward_drawOrder":null,"ward_icon":null,"ward_Corporation":"West","ward_corporation_kn":"ಪಶ್ಚಿಮ","ward_corporation_id":"5","ward_ac":"Malleshwaram","ward_ac_kn":"ಮಲ್ಲೇಶ್ವರಂ","ward_ac_no":"157","ward_Assembly":"157 - Malleshwaram","ward_id":"54","ward_name":"54 - Subedarpalya","ward_name_kn":"ಸುಬೇದಾರಪಾಳ್ಯ","ward_TOT_P":"24829.0","ward_TOT_M":"12821.0","ward_TOT_F":"12008.0","ward_SC_P":"3319.0","ward_SC_M":"1661.0","ward_SC_F":"1658.0","ward_ST_P":"447.0","ward_ST_M":"226.0","ward_ST_F":"221.0","ward_low_range":"18949","ward_high_range":"28424","ward_RO_Code":"6","ward_RO_Division":"RO- Malleshwaram","ward_ARO_Code":"19","ward_ARO_ Sub Division":"ARO- Malleshwaram","ward_zone":"Zone2","ward_zone_name":"Malleshwaram","ward_join_status":"matched","ward_spatial_match_count":1},"geometry":{"type":"Point","coordinates":[77.55582110000006,13.019979300000045,0]},"id":456},{"type":"Feature","properties":{"fid":457,"OBJECTID":457,"Name":"Placemark","FolderPath":"BBMP Toilets","SymbolID":0,"AltMode":-1,"Base":0,"Snippet":"","PopupInfo":"","HasLabel":-1,"LabelID":0,"ward_source_id":"ward_369_final.66","ward_source_Name":null,"ward_description":null,"ward_timestamp":null,"ward_begin":null,"ward_end":null,"ward_altitudeMode":null,"ward_tessellate":-1,"ward_extrude":0,"ward_visibility":-1,"ward_drawOrder":null,"ward_icon":null,"ward_Corporation":"North","ward_corporation_kn":"ಉತ್ತರ","ward_corporation_id":"2","ward_ac":"Rajarajeshwarinagar","ward_ac_kn":"ರಾಜರಾಜೇಶ್ವರಿನಗರ","ward_ac_no":"154","ward_Assembly":"154 - Rajarajeshwarinagar","ward_id":"64","ward_name":"64 - Yeshwanthpura","ward_name_kn":"ಯಶವಂತಪುರ","ward_TOT_P":"20236.0","ward_TOT_M":"10311.0","ward_TOT_F":"9925.0","ward_SC_P":"1705.0","ward_SC_M":"854.0","ward_SC_F":"852.0","ward_ST_P":"307.0","ward_ST_M":"153.0","ward_ST_F":"154.0","ward_low_range":"19943","ward_high_range":"29914","ward_RO_Code":"8","ward_RO_Division":"RO- Jalahalli","ward_ARO_Code":"21","ward_ARO_ Sub Division":"ARO- Yeshwanthpura","ward_zone":"Zone2","ward_zone_name":"Yelahanka","ward_join_status":"matched","ward_spatial_match_count":1},"geometry":{"type":"Point","coordinates":[77.55734970000003,13.025066400000071,0]},"id":457},{"type":"Feature","properties":{"fid":458,"OBJECTID":458,"Name":"Placemark","FolderPath":"BBMP Toilets","SymbolID":0,"AltMode":-1,"Base":0,"Snippet":"","PopupInfo":"","HasLabel":-1,"LabelID":0,"ward_source_id":"ward_369_final.51","ward_source_Name":null,"ward_description":null,"ward_timestamp":null,"ward_begin":null,"ward_end":null,"ward_altitudeMode":null,"ward_tessellate":-1,"ward_extrude":0,"ward_visibility":-1,"ward_drawOrder":null,"ward_icon":null,"ward_Corporation":"South","ward_corporation_kn":"ದಕ್ಷಿಣ","ward_corporation_id":"4","ward_ac":"Bangalore South","ward_ac_kn":"ಬೆಂಗಳೂರು ದಕ್ಷಿಣ","ward_ac_no":"176","ward_Assembly":"176 - Bangalore South","ward_id":"40","ward_name":"40 - Anjanapura","ward_name_kn":"ಅಂಜನಾಪುರ","ward_TOT_P":"23865.0","ward_TOT_M":"12534.0","ward_TOT_F":"11331.0","ward_SC_P":"2858.0","ward_SC_M":"1472.0","ward_SC_F":"1386.0","ward_ST_P":"352.0","ward_ST_M":"190.0","ward_ST_F":"162.0","ward_low_range":"18594","ward_high_range":"27891","ward_RO_Code":"4","ward_RO_Division":"RO- Anjanapura","ward_ARO_Code":"7","ward_ARO_ Sub Division":"ARO- Anjanapura","ward_zone":"Zone1","ward_zone_name":"Jayanagar","ward_join_status":"matched","ward_spatial_match_count":1},"geometry":{"type":"Point","coordinates":[77.56449400000008,12.862441300000057,0]},"id":458},{"type":"Feature","properties":{"fid":459,"OBJECTID":459,"Name":"Placemark","FolderPath":"BBMP Toilets","SymbolID":0,"AltMode":-1,"Base":0,"Snippet":"","PopupInfo":"","HasLabel":-1,"LabelID":0,"ward_source_id":"ward_369_final.58","ward_source_Name":null,"ward_description":null,"ward_timestamp":null,"ward_begin":null,"ward_end":null,"ward_altitudeMode":null,"ward_tessellate":-1,"ward_extrude":0,"ward_visibility":-1,"ward_drawOrder":null,"ward_icon":null,"ward_Corporation":"West","ward_corporation_kn":"ಪಶ್ಚಿಮ","ward_corporation_id":"5","ward_ac":"Rajarajeshwarinagar","ward_ac_kn":"ರಾಜರಾಜೇಶ್ವರಿನಗರ","ward_ac_no":"154","ward_Assembly":"154 - Rajarajeshwarinagar","ward_id":"35","ward_name":"35 - Goraguntepalya","ward_name_kn":"ಗೋರಗುಂಟೆಪಾಳ್ಯ","ward_TOT_P":"21462.0","ward_TOT_M":"11354.0","ward_TOT_F":"10108.0","ward_SC_P":"4874.0","ward_SC_M":"2455.0","ward_SC_F":"2420.0","ward_ST_P":"823.0","ward_ST_M":"440.0","ward_ST_F":"383.0","ward_low_range":"18949","ward_high_range":"28424","ward_RO_Code":"10","ward_RO_Division":"RO- Peenya","ward_ARO_Code":"33","ward_ARO_ Sub Division":"ARO- Peenya","ward_zone":"Zone1","ward_zone_name":"Rajarajeshwarinagar","ward_join_status":"matched","ward_spatial_match_count":1},"geometry":{"type":"Point","coordinates":[77.53887760000003,13.02742980000005,0]},"id":459},{"type":"Feature","properties":{"fid":460,"OBJECTID":460,"Name":"Placemark","FolderPath":"BBMP Toilets","SymbolID":0,"AltMode":-1,"Base":0,"Snippet":"","PopupInfo":"","HasLabel":-1,"LabelID":0,"ward_source_id":"ward_369_final.58","ward_source_Name":null,"ward_description":null,"ward_timestamp":null,"ward_begin":null,"ward_end":null,"ward_altitudeMode":null,"ward_tessellate":-1,"ward_extrude":0,"ward_visibility":-1,"ward_drawOrder":null,"ward_icon":null,"ward_Corporation":"West","ward_corporation_kn":"ಪಶ್ಚಿಮ","ward_corporation_id":"5","ward_ac":"Rajarajeshwarinagar","ward_ac_kn":"ರಾಜರಾಜೇಶ್ವರಿನಗರ","ward_ac_no":"154","ward_Assembly":"154 - Rajarajeshwarinagar","ward_id":"35","ward_name":"35 - Goraguntepalya","ward_name_kn":"ಗೋರಗುಂಟೆಪಾಳ್ಯ","ward_TOT_P":"21462.0","ward_TOT_M":"11354.0","ward_TOT_F":"10108.0","ward_SC_P":"4874.0","ward_SC_M":"2455.0","ward_SC_F":"2420.0","ward_ST_P":"823.0","ward_ST_M":"440.0","ward_ST_F":"383.0","ward_low_range":"18949","ward_high_range":"28424","ward_RO_Code":"10","ward_RO_Division":"RO- Peenya","ward_ARO_Code":"33","ward_ARO_ Sub Division":"ARO- Peenya","ward_zone":"Zone1","ward_zone_name":"Rajarajeshwarinagar","ward_join_status":"matched","ward_spatial_match_count":1},"geometry":{"type":"Point","coordinates":[77.55366820000006,13.018693900000073,0]},"id":460},{"type":"Feature","properties":{"fid":461,"OBJECTID":461,"Name":"Placemark","FolderPath":"BBMP Toilets","SymbolID":0,"AltMode":-1,"Base":0,"Snippet":"","PopupInfo":"","HasLabel":-1,"LabelID":0,"ward_source_id":"ward_369_final.65","ward_source_Name":null,"ward_description":null,"ward_timestamp":null,"ward_begin":null,"ward_end":null,"ward_altitudeMode":null,"ward_tessellate":-1,"ward_extrude":0,"ward_visibility":-1,"ward_drawOrder":null,"ward_icon":null,"ward_Corporation":"South","ward_corporation_kn":"ದಕ್ಷಿಣ","ward_corporation_id":"4","ward_ac":"Bangalore South","ward_ac_kn":"ಬೆಂಗಳೂರು ದಕ್ಷಿಣ","ward_ac_no":"176","ward_Assembly":"176 - Bangalore South","ward_id":"37","ward_name":"37 - Yelenahalli","ward_name_kn":"ಯೆಲೇನಹಳ್ಳಿ","ward_TOT_P":"18609.0","ward_TOT_M":"9923.0","ward_TOT_F":"8636.0","ward_SC_P":"1636.0","ward_SC_M":"833.0","ward_SC_F":"803.0","ward_ST_P":"156.0","ward_ST_M":"87.0","ward_ST_F":"69.0","ward_low_range":"18594","ward_high_range":"27891","ward_RO_Code":"5","ward_RO_Division":"RO- Beguru","ward_ARO_Code":"11","ward_ARO_ Sub Division":"ARO- Beguru","ward_zone":"Zone1","ward_zone_name":"Jayanagar","ward_join_status":"matched","ward_spatial_match_count":1},"geometry":{"type":"Point","coordinates":[77.59031000000004,12.860093900000038,0]},"id":461},{"type":"Feature","properties":{"fid":462,"OBJECTID":462,"Name":"Placemark","FolderPath":"BBMP Toilets","SymbolID":0,"AltMode":-1,"Base":0,"Snippet":"","PopupInfo":"","HasLabel":-1,"LabelID":0,"ward_source_id":"ward_369_final.65","ward_source_Name":null,"ward_description":null,"ward_timestamp":null,"ward_begin":null,"ward_end":null,"ward_altitudeMode":null,"ward_tessellate":-1,"ward_extrude":0,"ward_visibility":-1,"ward_drawOrder":null,"ward_icon":null,"ward_Corporation":"South","ward_corporation_kn":"ದಕ್ಷಿಣ","ward_corporation_id":"4","ward_ac":"Bangalore South","ward_ac_kn":"ಬೆಂಗಳೂರು ದಕ್ಷಿಣ","ward_ac_no":"176","ward_Assembly":"176 - Bangalore South","ward_id":"37","ward_name":"37 - Yelenahalli","ward_name_kn":"ಯೆಲೇನಹಳ್ಳಿ","ward_TOT_P":"18609.0","ward_TOT_M":"9923.0","ward_TOT_F":"8636.0","ward_SC_P":"1636.0","ward_SC_M":"833.0","ward_SC_F":"803.0","ward_ST_P":"156.0","ward_ST_M":"87.0","ward_ST_F":"69.0","ward_low_range":"18594","ward_high_range":"27891","ward_RO_Code":"5","ward_RO_Division":"RO- Beguru","ward_ARO_Code":"11","ward_ARO_ Sub Division":"ARO- Beguru","ward_zone":"Zone1","ward_zone_name":"Jayanagar","ward_join_status":"matched","ward_spatial_match_count":1},"geometry":{"type":"Point","coordinates":[77.59002050000004,12.859677400000066,0]},"id":462},{"type":"Feature","properties":{"fid":463,"OBJECTID":463,"Name":"Placemark","FolderPath":"BBMP Toilets","SymbolID":0,"AltMode":-1,"Base":0,"Snippet":"","PopupInfo":"","HasLabel":-1,"LabelID":0,"ward_source_id":"ward_369_final.65","ward_source_Name":null,"ward_description":null,"ward_timestamp":null,"ward_begin":null,"ward_end":null,"ward_altitudeMode":null,"ward_tessellate":-1,"ward_extrude":0,"ward_visibility":-1,"ward_drawOrder":null,"ward_icon":null,"ward_Corporation":"South","ward_corporation_kn":"ದಕ್ಷಿಣ","ward_corporation_id":"4","ward_ac":"Bangalore South","ward_ac_kn":"ಬೆಂಗಳೂರು ದಕ್ಷಿಣ","ward_ac_no":"176","ward_Assembly":"176 - Bangalore South","ward_id":"37","ward_name":"37 - Yelenahalli","ward_name_kn":"ಯೆಲೇನಹಳ್ಳಿ","ward_TOT_P":"18609.0","ward_TOT_M":"9923.0","ward_TOT_F":"8636.0","ward_SC_P":"1636.0","ward_SC_M":"833.0","ward_SC_F":"803.0","ward_ST_P":"156.0","ward_ST_M":"87.0","ward_ST_F":"69.0","ward_low_range":"18594","ward_high_range":"27891","ward_RO_Code":"5","ward_RO_Division":"RO- Beguru","ward_ARO_Code":"11","ward_ARO_ Sub Division":"ARO- Beguru","ward_zone":"Zone1","ward_zone_name":"Jayanagar","ward_join_status":"matched","ward_spatial_match_count":1},"geometry":{"type":"Point","coordinates":[77.58881880000007,12.856413000000032,0]},"id":463},{"type":"Feature","properties":{"fid":464,"OBJECTID":464,"Name":"Placemark","FolderPath":"BBMP Toilets","SymbolID":0,"AltMode":-1,"Base":0,"Snippet":"","PopupInfo":"","HasLabel":-1,"LabelID":0,"ward_source_id":"ward_369_final.267","ward_source_Name":null,"ward_description":null,"ward_timestamp":null,"ward_begin":null,"ward_end":null,"ward_altitudeMode":null,"ward_tessellate":-1,"ward_extrude":0,"ward_visibility":-1,"ward_drawOrder":null,"ward_icon":null,"ward_Corporation":"Central","ward_corporation_kn":"ಕೇಂದ್ರ","ward_corporation_id":"1","ward_ac":"Shivajinagar","ward_ac_kn":"ಶಿವಾಜಿನಗರ","ward_ac_no":"162","ward_Assembly":"162 - Shivajinagar","ward_id":"7","ward_name":"7 - K Kamaraj Ward","ward_name_kn":"ಕೆ ಕಾಮರಾಜ್ ವಾರ್ಡ್","ward_TOT_P":"23193.0","ward_TOT_M":"11561.0","ward_TOT_F":"11632.0","ward_SC_P":"1345.0","ward_SC_M":"652.0","ward_SC_F":"693.0","ward_ST_P":"115.0","ward_ST_M":"60.0","ward_ST_F":"55.0","ward_low_range":"18853","ward_high_range":"28280","ward_RO_Code":"7","ward_RO_Division":"RO- Shivajinagar","ward_ARO_Code":"22","ward_ARO_ Sub Division":"ARO- Halasuru","ward_zone":"Zone2","ward_zone_name":"Gandhinagara","ward_join_status":"matched","ward_spatial_match_count":1},"geometry":{"type":"Point","coordinates":[77.61073970000007,12.987993700000061,0]},"id":464},{"type":"Feature","properties":{"fid":465,"OBJECTID":465,"Name":"Placemark","FolderPath":"BBMP Toilets","SymbolID":0,"AltMode":-1,"Base":0,"Snippet":"","PopupInfo":"","HasLabel":-1,"LabelID":0,"ward_source_id":"ward_369_final.14","ward_source_Name":null,"ward_description":null,"ward_timestamp":null,"ward_begin":null,"ward_end":null,"ward_altitudeMode":null,"ward_tessellate":-1,"ward_extrude":0,"ward_visibility":-1,"ward_drawOrder":null,"ward_icon":null,"ward_Corporation":"East","ward_corporation_kn":"ಪೂರ್ವ","ward_corporation_id":"3","ward_ac":"K.R. Pura","ward_ac_kn":"ಕೆ.ಆರ್. ಪುರ","ward_ac_no":"151","ward_Assembly":"151 - K.R. Pura","ward_id":"14","ward_name":"14 - K.R Pura","ward_name_kn":"ಕೆ ಆರ್ ಪುರ","ward_TOT_P":"14930.0","ward_TOT_M":"7717.0","ward_TOT_F":"7213.0","ward_SC_P":"1560.0","ward_SC_M":"794.0","ward_SC_F":"766.0","ward_ST_P":"351.0","ward_ST_M":"194.0","ward_ST_F":"157.0","ward_low_range":"14567","ward_high_range":"21851","ward_RO_Code":"2","ward_RO_Division":"RO- KR Pura","ward_ARO_Code":"6","ward_ARO_ Sub Division":"ARO- KR Pura","ward_zone":"Zone2","ward_zone_name":"K.R. Pura","ward_join_status":"matched","ward_spatial_match_count":1},"geometry":{"type":"Point","coordinates":[77.69582000000008,13.00777000000005,0]},"id":465},{"type":"Feature","properties":{"fid":466,"OBJECTID":466,"Name":"Placemark","FolderPath":"BBMP Toilets","SymbolID":0,"AltMode":-1,"Base":0,"Snippet":"","PopupInfo":"","HasLabel":-1,"LabelID":0,"ward_source_id":"ward_369_final.315","ward_source_Name":null,"ward_description":null,"ward_timestamp":null,"ward_begin":null,"ward_end":null,"ward_altitudeMode":null,"ward_tessellate":-1,"ward_extrude":0,"ward_visibility":-1,"ward_drawOrder":null,"ward_icon":null,"ward_Corporation":"West","ward_corporation_kn":"ಪಶ್ಚಿಮ","ward_corporation_id":"5","ward_ac":"Malleshwaram","ward_ac_kn":"ಮಲ್ಲೇಶ್ವರಂ","ward_ac_no":"157","ward_Assembly":"157 - Malleshwaram","ward_id":"51","ward_name":"51 - Rajamahal","ward_name_kn":"ರಾಜಮಹಲ್","ward_TOT_P":"24705.0","ward_TOT_M":"12375.0","ward_TOT_F":"12400.0","ward_SC_P":"3479.0","ward_SC_M":"1692.0","ward_SC_F":"1787.0","ward_ST_P":"329.0","ward_ST_M":"173.0","ward_ST_F":"156.0","ward_low_range":"18949","ward_high_range":"28424","ward_RO_Code":"6","ward_RO_Division":"RO- Malleshwaram","ward_ARO_Code":"21","ward_ARO_ Sub Division":"ARO- Rajamahal","ward_zone":"Zone2","ward_zone_name":"Malleshwaram","ward_join_status":"matched","ward_spatial_match_count":1},"geometry":{"type":"Point","coordinates":[77.58400150000006,13.002322100000072,0]},"id":466},{"type":"Feature","properties":{"fid":467,"OBJECTID":467,"Name":"Placemark","FolderPath":"BBMP Toilets","SymbolID":0,"AltMode":-1,"Base":0,"Snippet":"","PopupInfo":"","HasLabel":-1,"LabelID":0,"ward_source_id":"ward_369_final.99","ward_source_Name":null,"ward_description":null,"ward_timestamp":null,"ward_begin":null,"ward_end":null,"ward_altitudeMode":null,"ward_tessellate":-1,"ward_extrude":0,"ward_visibility":-1,"ward_drawOrder":null,"ward_icon":null,"ward_Corporation":"South","ward_corporation_kn":"ದಕ್ಷಿಣ","ward_corporation_id":"4","ward_ac":"B.T.M Layout","ward_ac_kn":"ಬಿ.ಟಿ.ಎಂ. ಲೇಔಟ್","ward_ac_no":"172","ward_Assembly":"172 - B.T.M Layout","ward_id":"18","ward_name":"18 - Viswamanava Kuvempu Ward","ward_name_kn":"ವಿಶ್ವಮಾನವ ಕುವೆಂಪು ವಾರ್ಡ್","ward_TOT_P":"25500.0","ward_TOT_M":"13023.0","ward_TOT_F":"12477.0","ward_SC_P":"1408.0","ward_SC_M":"678.0","ward_SC_F":"731.0","ward_ST_P":"177.0","ward_ST_M":"90.0","ward_ST_F":"87.0","ward_low_range":"18594","ward_high_range":"27891","ward_RO_Code":"2","ward_RO_Division":"RO- B.T.M Layout","ward_ARO_Code":"3","ward_ARO_ Sub Division":"ARO- New Tavarekere","ward_zone":"Zone2","ward_zone_name":"Bommanahalli","ward_join_status":"matched","ward_spatial_match_count":1},"geometry":{"type":"Point","coordinates":[77.60091110000008,12.912171600000022,0]},"id":467},{"type":"Feature","properties":{"fid":468,"OBJECTID":468,"Name":"Placemark","FolderPath":"BBMP Toilets","SymbolID":0,"AltMode":-1,"Base":0,"Snippet":"","PopupInfo":"","HasLabel":-1,"LabelID":0,"ward_source_id":"ward_369_final.353","ward_source_Name":null,"ward_description":null,"ward_timestamp":null,"ward_begin":null,"ward_end":null,"ward_altitudeMode":null,"ward_tessellate":-1,"ward_extrude":0,"ward_visibility":-1,"ward_drawOrder":null,"ward_icon":null,"ward_Corporation":"West","ward_corporation_kn":"ಪಶ್ಚಿಮ","ward_corporation_id":"5","ward_ac":"Mahalakshmi Layout","ward_ac_kn":"ಮಹಾಲಕ್ಷ್ಮಿ ಲೇಔಟ್","ward_ac_no":"156","ward_Assembly":"156 - Mahalakshmi Layout","ward_id":"37","ward_name":"37 - Dr. Puneeth Rajkumar Ward","ward_name_kn":"ಡಾ. ಪುನೀತ್ ರಾಜ್‌ಕುಮಾರ್ ವಾರ್ಡ್","ward_TOT_P":"25126.0","ward_TOT_M":"13173.0","ward_TOT_F":"11953.0","ward_SC_P":"3421.0","ward_SC_M":"1764.0","ward_SC_F":"1657.0","ward_ST_P":"440.0","ward_ST_M":"218.0","ward_ST_F":"222.0","ward_low_range":"18949","ward_high_range":"28424","ward_RO_Code":"5","ward_RO_Division":"RO- Mahalakshmi Layout","ward_ARO_Code":"17","ward_ARO_ Sub Division":"ARO- Nandhini Layout","ward_zone":"Zone1","ward_zone_name":"Rajarajeshwarinagar","ward_join_status":"matched","ward_spatial_match_count":1},"geometry":{"type":"Point","coordinates":[77.53199960000006,13.018183900000054,0]},"id":468},{"type":"Feature","properties":{"fid":469,"OBJECTID":469,"Name":"Placemark","FolderPath":"BBMP Toilets","SymbolID":0,"AltMode":-1,"Base":0,"Snippet":"","PopupInfo":"","HasLabel":-1,"LabelID":0,"ward_source_id":"ward_369_final.271","ward_source_Name":null,"ward_description":null,"ward_timestamp":null,"ward_begin":null,"ward_end":null,"ward_altitudeMode":null,"ward_tessellate":-1,"ward_extrude":0,"ward_visibility":-1,"ward_drawOrder":null,"ward_icon":null,"ward_Corporation":"West","ward_corporation_kn":"ಪಶ್ಚಿಮ","ward_corporation_id":"5","ward_ac":"Rajarajeshwarinagar","ward_ac_kn":"ರಾಜರಾಜೇಶ್ವರಿನಗರ","ward_ac_no":"154","ward_Assembly":"154 - Rajarajeshwarinagar","ward_id":"23","ward_name":"23 - Rajarajeshwari Nagara","ward_name_kn":"ರಾಜರಾಜೇಶ್ವರಿ ನಗರ","ward_TOT_P":"26050.0","ward_TOT_M":"13348.0","ward_TOT_F":"12601.0","ward_SC_P":"1457.0","ward_SC_M":"758.0","ward_SC_F":"700.0","ward_ST_P":"652.0","ward_ST_M":"342.0","ward_ST_F":"310.0","ward_low_range":"18949","ward_high_range":"28424","ward_RO_Code":"11","ward_RO_Division":"RO- Rajarajeswari Nagara","ward_ARO_Code":"35","ward_ARO_ Sub Division":"ARO- Rajarajeswari Nagara","ward_zone":"Zone1","ward_zone_name":"Rajarajeshwarinagar","ward_join_status":"matched","ward_spatial_match_count":1},"geometry":{"type":"Point","coordinates":[77.52024120000004,12.919580500000052,0]},"id":469},{"type":"Feature","properties":{"fid":470,"OBJECTID":470,"Name":"Placemark","FolderPath":"BBMP Toilets","SymbolID":0,"AltMode":-1,"Base":0,"Snippet":"","PopupInfo":"","HasLabel":-1,"LabelID":0,"ward_source_id":"ward_369_final.95","ward_source_Name":null,"ward_description":null,"ward_timestamp":null,"ward_begin":null,"ward_end":null,"ward_altitudeMode":null,"ward_tessellate":-1,"ward_extrude":0,"ward_visibility":-1,"ward_drawOrder":null,"ward_icon":null,"ward_Corporation":"South","ward_corporation_kn":"ದಕ್ಷಿಣ","ward_corporation_id":"4","ward_ac":"Jayanagar","ward_ac_kn":"ಜಯನಗರ","ward_ac_no":"173","ward_Assembly":"173 - Jayanagar","ward_id":"14","ward_name":"14 - J.P Nagar","ward_name_kn":"ಜೆ.ಪಿ. ನಗರ","ward_TOT_P":"22264.0","ward_TOT_M":"11250.0","ward_TOT_F":"11015.0","ward_SC_P":"1995.0","ward_SC_M":"966.0","ward_SC_F":"1029.0","ward_ST_P":"173.0","ward_ST_M":"89.0","ward_ST_F":"84.0","ward_low_range":"18594","ward_high_range":"27891","ward_RO_Code":"10","ward_RO_Division":"RO- JP Nagar","ward_ARO_Code":"26","ward_ARO_ Sub Division":"ARO- JP Nagar","ward_zone":"Zone1","ward_zone_name":"Jayanagar","ward_join_status":"matched","ward_spatial_match_count":1},"geometry":{"type":"Point","coordinates":[77.59753500000005,12.916496700000039,0]},"id":470},{"type":"Feature","properties":{"fid":471,"OBJECTID":471,"Name":"Placemark","FolderPath":"BBMP Toilets","SymbolID":0,"AltMode":-1,"Base":0,"Snippet":"","PopupInfo":"","HasLabel":-1,"LabelID":0,"ward_source_id":"ward_369_final.163","ward_source_Name":null,"ward_description":null,"ward_timestamp":null,"ward_begin":null,"ward_end":null,"ward_altitudeMode":null,"ward_tessellate":-1,"ward_extrude":0,"ward_visibility":-1,"ward_drawOrder":null,"ward_icon":null,"ward_Corporation":"South","ward_corporation_kn":"ದಕ್ಷಿಣ","ward_corporation_id":"4","ward_ac":"B.T.M Layout","ward_ac_kn":"ಬಿ.ಟಿ.ಎಂ. ಲೇಔಟ್","ward_ac_no":"172","ward_Assembly":"172 - B.T.M Layout","ward_id":"24","ward_name":"24 - A Adugodi","ward_name_kn":"ಎ. ಆಡುಗೋಡಿ","ward_TOT_P":"21458.0","ward_TOT_M":"11082.0","ward_TOT_F":"10376.0","ward_SC_P":"2344.0","ward_SC_M":"1237.0","ward_SC_F":"1106.0","ward_ST_P":"426.0","ward_ST_M":"207.0","ward_ST_F":"220.0","ward_low_range":"18594","ward_high_range":"27891","ward_RO_Code":"3","ward_RO_Division":"RO- Kormangala","ward_ARO_Code":"6","ward_ARO_ Sub Division":"ARO- Lakkasandra","ward_zone":"Zone2","ward_zone_name":"Bommanahalli","ward_join_status":"matched","ward_spatial_match_count":1},"geometry":{"type":"Point","coordinates":[77.61992970000006,12.940013800000031,0]},"id":471},{"type":"Feature","properties":{"fid":472,"OBJECTID":472,"Name":"Placemark","FolderPath":"BBMP Toilets","SymbolID":0,"AltMode":-1,"Base":0,"Snippet":"","PopupInfo":"","HasLabel":-1,"LabelID":0,"ward_source_id":"ward_369_final.169","ward_source_Name":null,"ward_description":null,"ward_timestamp":null,"ward_begin":null,"ward_end":null,"ward_altitudeMode":null,"ward_tessellate":-1,"ward_extrude":0,"ward_visibility":-1,"ward_drawOrder":null,"ward_icon":null,"ward_Corporation":"South","ward_corporation_kn":"ದಕ್ಷಿಣ","ward_corporation_id":"4","ward_ac":"B.T.M Layout","ward_ac_kn":"ಬಿ.ಟಿ.ಎಂ. ಲೇಔಟ್","ward_ac_no":"172","ward_Assembly":"172 - B.T.M Layout","ward_id":"29","ward_name":"29 - Kormangala West","ward_name_kn":"ಕೋರಮಂಗಲ ಪಶ್ಚಿಮ","ward_TOT_P":"27879.0","ward_TOT_M":"14436.0","ward_TOT_F":"13494.0","ward_SC_P":"5999.0","ward_SC_M":"3098.0","ward_SC_F":"2901.0","ward_ST_P":"1058.0","ward_ST_M":"527.0","ward_ST_F":"531.0","ward_low_range":"18594","ward_high_range":"27891","ward_RO_Code":"3","ward_RO_Division":"RO- Kormangala","ward_ARO_Code":"6","ward_ARO_ Sub Division":"ARO- Lakkasandra","ward_zone":"Zone2","ward_zone_name":"Bommanahalli","ward_join_status":"matched","ward_spatial_match_count":1},"geometry":{"type":"Point","coordinates":[77.61335670000005,12.932641700000033,0]},"id":472},{"type":"Feature","properties":{"fid":473,"OBJECTID":473,"Name":"Placemark","FolderPath":"BBMP Toilets","SymbolID":0,"AltMode":-1,"Base":0,"Snippet":"","PopupInfo":"","HasLabel":-1,"LabelID":0,"ward_source_id":"ward_369_final.256","ward_source_Name":null,"ward_description":null,"ward_timestamp":null,"ward_begin":null,"ward_end":null,"ward_altitudeMode":null,"ward_tessellate":-1,"ward_extrude":0,"ward_visibility":-1,"ward_drawOrder":null,"ward_icon":null,"ward_Corporation":"Central","ward_corporation_kn":"ಕೇಂದ್ರ","ward_corporation_id":"1","ward_ac":"Shivajinagar","ward_ac_kn":"ಶಿವಾಜಿನಗರ","ward_ac_no":"162","ward_Assembly":"162 - Shivajinagar","ward_id":"5","ward_name":"5 - Shivajinagar","ward_name_kn":"ಶಿವಾಜಿನಗರ","ward_TOT_P":"25484.0","ward_TOT_M":"13018.0","ward_TOT_F":"12466.0","ward_SC_P":"1300.0","ward_SC_M":"619.0","ward_SC_F":"681.0","ward_ST_P":"127.0","ward_ST_M":"74.0","ward_ST_F":"53.0","ward_low_range":"18853","ward_high_range":"28280","ward_RO_Code":"7","ward_RO_Division":"RO- Shivajinagar","ward_ARO_Code":"23","ward_ARO_ Sub Division":"ARO- Shivajinagar","ward_zone":"Zone2","ward_zone_name":"Gandhinagara","ward_join_status":"matched","ward_spatial_match_count":1},"geometry":{"type":"Point","coordinates":[77.60531150000008,12.98492120000003,0]},"id":473},{"type":"Feature","properties":{"fid":474,"OBJECTID":474,"Name":"Placemark","FolderPath":"BBMP Toilets","SymbolID":0,"AltMode":-1,"Base":0,"Snippet":"","PopupInfo":"","HasLabel":-1,"LabelID":0,"ward_source_id":"ward_369_final.256","ward_source_Name":null,"ward_description":null,"ward_timestamp":null,"ward_begin":null,"ward_end":null,"ward_altitudeMode":null,"ward_tessellate":-1,"ward_extrude":0,"ward_visibility":-1,"ward_drawOrder":null,"ward_icon":null,"ward_Corporation":"Central","ward_corporation_kn":"ಕೇಂದ್ರ","ward_corporation_id":"1","ward_ac":"Shivajinagar","ward_ac_kn":"ಶಿವಾಜಿನಗರ","ward_ac_no":"162","ward_Assembly":"162 - Shivajinagar","ward_id":"5","ward_name":"5 - Shivajinagar","ward_name_kn":"ಶಿವಾಜಿನಗರ","ward_TOT_P":"25484.0","ward_TOT_M":"13018.0","ward_TOT_F":"12466.0","ward_SC_P":"1300.0","ward_SC_M":"619.0","ward_SC_F":"681.0","ward_ST_P":"127.0","ward_ST_M":"74.0","ward_ST_F":"53.0","ward_low_range":"18853","ward_high_range":"28280","ward_RO_Code":"7","ward_RO_Division":"RO- Shivajinagar","ward_ARO_Code":"23","ward_ARO_ Sub Division":"ARO- Shivajinagar","ward_zone":"Zone2","ward_zone_name":"Gandhinagara","ward_join_status":"matched","ward_spatial_match_count":1},"geometry":{"type":"Point","coordinates":[77.60823430000005,12.986391800000035,0]},"id":474},{"type":"Feature","properties":{"fid":475,"OBJECTID":475,"Name":"Placemark","FolderPath":"BBMP Toilets","SymbolID":0,"AltMode":-1,"Base":0,"Snippet":"","PopupInfo":"","HasLabel":-1,"LabelID":0,"ward_source_id":"ward_369_final.356","ward_source_Name":null,"ward_description":null,"ward_timestamp":null,"ward_begin":null,"ward_end":null,"ward_altitudeMode":null,"ward_tessellate":-1,"ward_extrude":0,"ward_visibility":-1,"ward_drawOrder":null,"ward_icon":null,"ward_Corporation":"West","ward_corporation_kn":"ಪಶ್ಚಿಮ","ward_corporation_id":"5","ward_ac":"Rajajinagar","ward_ac_kn":"ರಾಜಾಜಿನಗರ","ward_ac_no":"165","ward_Assembly":"165 - Rajajinagar","ward_id":"62","ward_name":"62 - Rama Mandira","ward_name_kn":"ರಾಮ ಮಂದಿರ","ward_TOT_P":"22322.0","ward_TOT_M":"11241.0","ward_TOT_F":"11082.0","ward_SC_P":"498.0","ward_SC_M":"251.0","ward_SC_F":"247.0","ward_ST_P":"177.0","ward_ST_M":"92.0","ward_ST_F":"85.0","ward_low_range":"18949","ward_high_range":"28424","ward_RO_Code":"9","ward_RO_Division":"RO- Rajajinagara","ward_ARO_Code":"30","ward_ARO_ Sub Division":"ARO- Rama Mandira","ward_zone":"Zone2","ward_zone_name":"Malleshwaram","ward_join_status":"matched","ward_spatial_match_count":1},"geometry":{"type":"Point","coordinates":[77.55844330000008,12.984781700000042,0]},"id":475},{"type":"Feature","properties":{"fid":476,"OBJECTID":476,"Name":"Placemark","FolderPath":"BBMP Toilets","SymbolID":0,"AltMode":-1,"Base":0,"Snippet":"","PopupInfo":"","HasLabel":-1,"LabelID":0,"ward_source_id":"ward_369_final.149","ward_source_Name":null,"ward_description":null,"ward_timestamp":null,"ward_begin":null,"ward_end":null,"ward_altitudeMode":null,"ward_tessellate":-1,"ward_extrude":0,"ward_visibility":-1,"ward_drawOrder":null,"ward_icon":null,"ward_Corporation":"North","ward_corporation_kn":"ಉತ್ತರ","ward_corporation_id":"2","ward_ac":"Pulakeshinagar","ward_ac_kn":"ಪುಲಕೇಶಿನಗರ","ward_ac_no":"159","ward_Assembly":"159 - Pulakeshinagar","ward_id":"44","ward_name":"44 - Doddanna Nagar","ward_name_kn":"ದೊಡ್ಡಣ್ಣ ನಗರ","ward_TOT_P":"29566.0","ward_TOT_M":"15106.0","ward_TOT_F":"14609.0","ward_SC_P":"6938.0","ward_SC_M":"3526.0","ward_SC_F":"3413.0","ward_ST_P":"429.0","ward_ST_M":"219.0","ward_ST_F":"210.0","ward_low_range":"19943","ward_high_range":"29914","ward_RO_Code":"7","ward_RO_Division":"RO- Pulikeshinagar","ward_ARO_Code":"19","ward_ARO_ Sub Division":"ARO- Sagayapuram","ward_zone":"Zone1","ward_zone_name":"Byatarayanapura","ward_join_status":"matched","ward_spatial_match_count":1},"geometry":{"type":"Point","coordinates":[77.61172000000005,13.004720000000077,0]},"id":476},{"type":"Feature","properties":{"fid":477,"OBJECTID":477,"Name":"Placemark","FolderPath":"BBMP Toilets","SymbolID":0,"AltMode":-1,"Base":0,"Snippet":"","PopupInfo":"","HasLabel":-1,"LabelID":0,"ward_source_id":"ward_369_final.356","ward_source_Name":null,"ward_description":null,"ward_timestamp":null,"ward_begin":null,"ward_end":null,"ward_altitudeMode":null,"ward_tessellate":-1,"ward_extrude":0,"ward_visibility":-1,"ward_drawOrder":null,"ward_icon":null,"ward_Corporation":"West","ward_corporation_kn":"ಪಶ್ಚಿಮ","ward_corporation_id":"5","ward_ac":"Rajajinagar","ward_ac_kn":"ರಾಜಾಜಿನಗರ","ward_ac_no":"165","ward_Assembly":"165 - Rajajinagar","ward_id":"62","ward_name":"62 - Rama Mandira","ward_name_kn":"ರಾಮ ಮಂದಿರ","ward_TOT_P":"22322.0","ward_TOT_M":"11241.0","ward_TOT_F":"11082.0","ward_SC_P":"498.0","ward_SC_M":"251.0","ward_SC_F":"247.0","ward_ST_P":"177.0","ward_ST_M":"92.0","ward_ST_F":"85.0","ward_low_range":"18949","ward_high_range":"28424","ward_RO_Code":"9","ward_RO_Division":"RO- Rajajinagara","ward_ARO_Code":"30","ward_ARO_ Sub Division":"ARO- Rama Mandira","ward_zone":"Zone2","ward_zone_name":"Malleshwaram","ward_join_status":"matched","ward_spatial_match_count":1},"geometry":{"type":"Point","coordinates":[77.55619000000007,12.985635000000059,0]},"id":477},{"type":"Feature","properties":{"fid":478,"OBJECTID":478,"Name":"Placemark","FolderPath":"BBMP Toilets","SymbolID":0,"AltMode":-1,"Base":0,"Snippet":"","PopupInfo":"","HasLabel":-1,"LabelID":0,"ward_source_id":"ward_369_final.141","ward_source_Name":null,"ward_description":null,"ward_timestamp":null,"ward_begin":null,"ward_end":null,"ward_altitudeMode":null,"ward_tessellate":-1,"ward_extrude":0,"ward_visibility":-1,"ward_drawOrder":null,"ward_icon":null,"ward_Corporation":"North","ward_corporation_kn":"ಉತ್ತರ","ward_corporation_id":"2","ward_ac":"Pulakeshinagar","ward_ac_kn":"ಪುಲಕೇಶಿನಗರ","ward_ac_no":"159","ward_Assembly":"159 - Pulakeshinagar","ward_id":"46","ward_name":"46 - Sagayapuram","ward_name_kn":"ಸಗಾಯಪುರಂ","ward_TOT_P":"28588.0","ward_TOT_M":"14196.0","ward_TOT_F":"14452.0","ward_SC_P":"8522.0","ward_SC_M":"4182.0","ward_SC_F":"4340.0","ward_ST_P":"295.0","ward_ST_M":"140.0","ward_ST_F":"154.0","ward_low_range":"19943","ward_high_range":"29914","ward_RO_Code":"7","ward_RO_Division":"RO- Pulikeshinagar","ward_ARO_Code":"19","ward_ARO_ Sub Division":"ARO- Sagayapuram","ward_zone":"Zone1","ward_zone_name":"Byatarayanapura","ward_join_status":"matched","ward_spatial_match_count":1},"geometry":{"type":"Point","coordinates":[77.61975710000007,13.00484890000007,0]},"id":478},{"type":"Feature","properties":{"fid":479,"OBJECTID":479,"Name":"Placemark","FolderPath":"BBMP Toilets","SymbolID":0,"AltMode":-1,"Base":0,"Snippet":"","PopupInfo":"","HasLabel":-1,"LabelID":0,"ward_source_id":"ward_369_final.138","ward_source_Name":null,"ward_description":null,"ward_timestamp":null,"ward_begin":null,"ward_end":null,"ward_altitudeMode":null,"ward_tessellate":-1,"ward_extrude":0,"ward_visibility":-1,"ward_drawOrder":null,"ward_icon":null,"ward_Corporation":"North","ward_corporation_kn":"ಉತ್ತರ","ward_corporation_id":"2","ward_ac":"Pulakeshinagar","ward_ac_kn":"ಪುಲಕೇಶಿನಗರ","ward_ac_no":"159","ward_Assembly":"159 - Pulakeshinagar","ward_id":"48","ward_name":"48 - S.K Garden","ward_name_kn":"ಎಸ್.ಕೆ. ಗಾರ್ಡನ್","ward_TOT_P":"20102.0","ward_TOT_M":"9978.0","ward_TOT_F":"10124.0","ward_SC_P":"3287.0","ward_SC_M":"1620.0","ward_SC_F":"1667.0","ward_ST_P":"268.0","ward_ST_M":"134.0","ward_ST_F":"134.0","ward_low_range":"19943","ward_high_range":"29914","ward_RO_Code":"7","ward_RO_Division":"RO- Pulikeshinagar","ward_ARO_Code":"18","ward_ARO_ Sub Division":"ARO- Pulikeshinagar","ward_zone":"Zone1","ward_zone_name":"Byatarayanapura","ward_join_status":"matched","ward_spatial_match_count":1},"geometry":{"type":"Point","coordinates":[77.60844740000005,13.002092300000072,0]},"id":479},{"type":"Feature","properties":{"fid":480,"OBJECTID":480,"Name":"Placemark","FolderPath":"BBMP Toilets","SymbolID":0,"AltMode":-1,"Base":0,"Snippet":"","PopupInfo":"","HasLabel":-1,"LabelID":0,"ward_source_id":"ward_369_final.356","ward_source_Name":null,"ward_description":null,"ward_timestamp":null,"ward_begin":null,"ward_end":null,"ward_altitudeMode":null,"ward_tessellate":-1,"ward_extrude":0,"ward_visibility":-1,"ward_drawOrder":null,"ward_icon":null,"ward_Corporation":"West","ward_corporation_kn":"ಪಶ್ಚಿಮ","ward_corporation_id":"5","ward_ac":"Rajajinagar","ward_ac_kn":"ರಾಜಾಜಿನಗರ","ward_ac_no":"165","ward_Assembly":"165 - Rajajinagar","ward_id":"62","ward_name":"62 - Rama Mandira","ward_name_kn":"ರಾಮ ಮಂದಿರ","ward_TOT_P":"22322.0","ward_TOT_M":"11241.0","ward_TOT_F":"11082.0","ward_SC_P":"498.0","ward_SC_M":"251.0","ward_SC_F":"247.0","ward_ST_P":"177.0","ward_ST_M":"92.0","ward_ST_F":"85.0","ward_low_range":"18949","ward_high_range":"28424","ward_RO_Code":"9","ward_RO_Division":"RO- Rajajinagara","ward_ARO_Code":"30","ward_ARO_ Sub Division":"ARO- Rama Mandira","ward_zone":"Zone2","ward_zone_name":"Malleshwaram","ward_join_status":"matched","ward_spatial_match_count":1},"geometry":{"type":"Point","coordinates":[77.55576500000006,12.984433300000035,0]},"id":480},{"type":"Feature","properties":{"fid":481,"OBJECTID":481,"Name":"Placemark","FolderPath":"BBMP Toilets","SymbolID":0,"AltMode":-1,"Base":0,"Snippet":"","PopupInfo":"","HasLabel":-1,"LabelID":0,"ward_source_id":"ward_369_final.289","ward_source_Name":null,"ward_description":null,"ward_timestamp":null,"ward_begin":null,"ward_end":null,"ward_altitudeMode":null,"ward_tessellate":-1,"ward_extrude":0,"ward_visibility":-1,"ward_drawOrder":null,"ward_icon":null,"ward_Corporation":"West","ward_corporation_kn":"ಪಶ್ಚಿಮ","ward_corporation_id":"5","ward_ac":"Rajajinagar","ward_ac_kn":"ರಾಜಾಜಿನಗರ","ward_ac_no":"165","ward_Assembly":"165 - Rajajinagar","ward_id":"63","ward_name":"63 - Rajajinagara","ward_name_kn":"ರಾಜಾಜಿನಗರ","ward_TOT_P":"19632.0","ward_TOT_M":"9933.0","ward_TOT_F":"9700.0","ward_SC_P":"600.0","ward_SC_M":"301.0","ward_SC_F":"299.0","ward_ST_P":"174.0","ward_ST_M":"89.0","ward_ST_F":"85.0","ward_low_range":"18949","ward_high_range":"28424","ward_RO_Code":"9","ward_RO_Division":"RO- Rajajinagara","ward_ARO_Code":"29","ward_ARO_ Sub Division":"ARO- Rajajinagara","ward_zone":"Zone2","ward_zone_name":"Malleshwaram","ward_join_status":"matched","ward_spatial_match_count":1},"geometry":{"type":"Point","coordinates":[77.55257830000005,12.997735000000034,0]},"id":481},{"type":"Feature","properties":{"fid":482,"OBJECTID":482,"Name":"Placemark","FolderPath":"BBMP Toilets","SymbolID":0,"AltMode":-1,"Base":0,"Snippet":"","PopupInfo":"","HasLabel":-1,"LabelID":0,"ward_source_id":"ward_369_final.289","ward_source_Name":null,"ward_description":null,"ward_timestamp":null,"ward_begin":null,"ward_end":null,"ward_altitudeMode":null,"ward_tessellate":-1,"ward_extrude":0,"ward_visibility":-1,"ward_drawOrder":null,"ward_icon":null,"ward_Corporation":"West","ward_corporation_kn":"ಪಶ್ಚಿಮ","ward_corporation_id":"5","ward_ac":"Rajajinagar","ward_ac_kn":"ರಾಜಾಜಿನಗರ","ward_ac_no":"165","ward_Assembly":"165 - Rajajinagar","ward_id":"63","ward_name":"63 - Rajajinagara","ward_name_kn":"ರಾಜಾಜಿನಗರ","ward_TOT_P":"19632.0","ward_TOT_M":"9933.0","ward_TOT_F":"9700.0","ward_SC_P":"600.0","ward_SC_M":"301.0","ward_SC_F":"299.0","ward_ST_P":"174.0","ward_ST_M":"89.0","ward_ST_F":"85.0","ward_low_range":"18949","ward_high_range":"28424","ward_RO_Code":"9","ward_RO_Division":"RO- Rajajinagara","ward_ARO_Code":"29","ward_ARO_ Sub Division":"ARO- Rajajinagara","ward_zone":"Zone2","ward_zone_name":"Malleshwaram","ward_join_status":"matched","ward_spatial_match_count":1},"geometry":{"type":"Point","coordinates":[77.55335330000008,12.997465000000034,0]},"id":482},{"type":"Feature","properties":{"fid":483,"OBJECTID":483,"Name":"Placemark","FolderPath":"BBMP Toilets","SymbolID":0,"AltMode":-1,"Base":0,"Snippet":"","PopupInfo":"","HasLabel":-1,"LabelID":0,"ward_source_id":"ward_369_final.175","ward_source_Name":null,"ward_description":null,"ward_timestamp":null,"ward_begin":null,"ward_end":null,"ward_altitudeMode":null,"ward_tessellate":-1,"ward_extrude":0,"ward_visibility":-1,"ward_drawOrder":null,"ward_icon":null,"ward_Corporation":"West","ward_corporation_kn":"ಪಶ್ಚಿಮ","ward_corporation_id":"5","ward_ac":"Rajarajeshwarinagar","ward_ac_kn":"ರಾಜರಾಜೇಶ್ವರಿನಗರ","ward_ac_no":"154","ward_Assembly":"154 - Rajarajeshwarinagar","ward_id":"34","ward_name":"34 - Peenya","ward_name_kn":"ಪೀಣ್ಯ","ward_TOT_P":"26003.0","ward_TOT_M":"13620.0","ward_TOT_F":"12383.0","ward_SC_P":"4190.0","ward_SC_M":"2140.0","ward_SC_F":"2050.0","ward_ST_P":"986.0","ward_ST_M":"507.0","ward_ST_F":"479.0","ward_low_range":"18949","ward_high_range":"28424","ward_RO_Code":"10","ward_RO_Division":"RO- Peenya","ward_ARO_Code":"33","ward_ARO_ Sub Division":"ARO- Peenya","ward_zone":"Zone1","ward_zone_name":"Rajarajeshwarinagar","ward_join_status":"matched","ward_spatial_match_count":1},"geometry":{"type":"Point","coordinates":[77.53086550000006,13.033497900000043,0]},"id":483},{"type":"Feature","properties":{"fid":484,"OBJECTID":484,"Name":"Placemark","FolderPath":"BBMP Toilets","SymbolID":0,"AltMode":-1,"Base":0,"Snippet":"","PopupInfo":"","HasLabel":-1,"LabelID":0,"ward_source_id":"ward_369_final.107","ward_source_Name":null,"ward_description":null,"ward_timestamp":null,"ward_begin":null,"ward_end":null,"ward_altitudeMode":null,"ward_tessellate":-1,"ward_extrude":0,"ward_visibility":-1,"ward_drawOrder":null,"ward_icon":null,"ward_Corporation":"North","ward_corporation_kn":"ಉತ್ತರ","ward_corporation_id":"2","ward_ac":"Rajarajeshwarinagar","ward_ac_kn":"ರಾಜರಾಜೇಶ್ವರಿನಗರ","ward_ac_no":"154","ward_Assembly":"154 - Rajarajeshwarinagar","ward_id":"61","ward_name":"61 - HMT Ward","ward_name_kn":"ಎಚ್ಎಮ್.ಟಿ ವಾರ್ಡ್","ward_TOT_P":"29538.0","ward_TOT_M":"15214.0","ward_TOT_F":"14325.0","ward_SC_P":"3773.0","ward_SC_M":"1932.0","ward_SC_F":"1841.0","ward_ST_P":"995.0","ward_ST_M":"506.0","ward_ST_F":"489.0","ward_low_range":"19943","ward_high_range":"29914","ward_RO_Code":"8","ward_RO_Division":"RO- Jalahalli","ward_ARO_Code":"20","ward_ARO_ Sub Division":"ARO- Jalahalli","ward_zone":"Zone2","ward_zone_name":"Yelahanka","ward_join_status":"matched","ward_spatial_match_count":1},"geometry":{"type":"Point","coordinates":[77.55669510000007,13.042993600000045,0]},"id":484},{"type":"Feature","properties":{"fid":485,"OBJECTID":485,"Name":"Placemark","FolderPath":"BBMP Toilets","SymbolID":0,"AltMode":-1,"Base":0,"Snippet":"","PopupInfo":"","HasLabel":-1,"LabelID":0,"ward_source_id":"ward_369_final.289","ward_source_Name":null,"ward_description":null,"ward_timestamp":null,"ward_begin":null,"ward_end":null,"ward_altitudeMode":null,"ward_tessellate":-1,"ward_extrude":0,"ward_visibility":-1,"ward_drawOrder":null,"ward_icon":null,"ward_Corporation":"West","ward_corporation_kn":"ಪಶ್ಚಿಮ","ward_corporation_id":"5","ward_ac":"Rajajinagar","ward_ac_kn":"ರಾಜಾಜಿನಗರ","ward_ac_no":"165","ward_Assembly":"165 - Rajajinagar","ward_id":"63","ward_name":"63 - Rajajinagara","ward_name_kn":"ರಾಜಾಜಿನಗರ","ward_TOT_P":"19632.0","ward_TOT_M":"9933.0","ward_TOT_F":"9700.0","ward_SC_P":"600.0","ward_SC_M":"301.0","ward_SC_F":"299.0","ward_ST_P":"174.0","ward_ST_M":"89.0","ward_ST_F":"85.0","ward_low_range":"18949","ward_high_range":"28424","ward_RO_Code":"9","ward_RO_Division":"RO- Rajajinagara","ward_ARO_Code":"29","ward_ARO_ Sub Division":"ARO- Rajajinagara","ward_zone":"Zone2","ward_zone_name":"Malleshwaram","ward_join_status":"matched","ward_spatial_match_count":1},"geometry":{"type":"Point","coordinates":[77.55313330000007,12.994941700000027,0]},"id":485},{"type":"Feature","properties":{"fid":486,"OBJECTID":486,"Name":"Placemark","FolderPath":"BBMP Toilets","SymbolID":0,"AltMode":-1,"Base":0,"Snippet":"","PopupInfo":"","HasLabel":-1,"LabelID":0,"ward_source_id":"ward_369_final.130","ward_source_Name":null,"ward_description":null,"ward_timestamp":null,"ward_begin":null,"ward_end":null,"ward_altitudeMode":null,"ward_tessellate":-1,"ward_extrude":0,"ward_visibility":-1,"ward_drawOrder":null,"ward_icon":null,"ward_Corporation":"North","ward_corporation_kn":"ಉತ್ತರ","ward_corporation_id":"2","ward_ac":"Pulakeshinagar","ward_ac_kn":"ಪುಲಕೇಶಿನಗರ","ward_ac_no":"159","ward_Assembly":"159 - Pulakeshinagar","ward_id":"45","ward_name":"45 - Kushal Nagar","ward_name_kn":"ಕುಶಾಲ್ ನಗರ","ward_TOT_P":"19954.0","ward_TOT_M":"10106.0","ward_TOT_F":"9788.0","ward_SC_P":"2913.0","ward_SC_M":"1446.0","ward_SC_F":"1467.0","ward_ST_P":"569.0","ward_ST_M":"295.0","ward_ST_F":"274.0","ward_low_range":"19943","ward_high_range":"29914","ward_RO_Code":"7","ward_RO_Division":"RO- Pulikeshinagar","ward_ARO_Code":"17","ward_ARO_ Sub Division":"ARO - Kushal Nagar","ward_zone":"Zone1","ward_zone_name":"Byatarayanapura","ward_join_status":"matched","ward_spatial_match_count":1},"geometry":{"type":"Point","coordinates":[77.61333560000008,13.009307700000022,0]},"id":486},{"type":"Feature","properties":{"fid":487,"OBJECTID":487,"Name":"Placemark","FolderPath":"BBMP Toilets","SymbolID":0,"AltMode":-1,"Base":0,"Snippet":"","PopupInfo":"","HasLabel":-1,"LabelID":0,"ward_source_id":"ward_369_final.352","ward_source_Name":null,"ward_description":null,"ward_timestamp":null,"ward_begin":null,"ward_end":null,"ward_altitudeMode":null,"ward_tessellate":-1,"ward_extrude":0,"ward_visibility":-1,"ward_drawOrder":null,"ward_icon":null,"ward_Corporation":"West","ward_corporation_kn":"ಪಶ್ಚಿಮ","ward_corporation_id":"5","ward_ac":"Mahalakshmi Layout","ward_ac_kn":"ಮಹಾಲಕ್ಷ್ಮಿ ಲೇಔಟ್","ward_ac_no":"156","ward_Assembly":"156 - Mahalakshmi Layout","ward_id":"36","ward_name":"36 - Nalwadi Krishnaraja Wadiyar Ward","ward_name_kn":"ನಾಲ್ವಡಿ ಕೃಷ್ಣರಾಜ ಒಡೆಯರ್ ವಾರ್ಡ್","ward_TOT_P":"28281.0","ward_TOT_M":"14630.0","ward_TOT_F":"13650.0","ward_SC_P":"4501.0","ward_SC_M":"2286.0","ward_SC_F":"2215.0","ward_ST_P":"503.0","ward_ST_M":"251.0","ward_ST_F":"251.0","ward_low_range":"18949","ward_high_range":"28424","ward_RO_Code":"5","ward_RO_Division":"RO- Mahalakshmi Layout","ward_ARO_Code":"17","ward_ARO_ Sub Division":"ARO- Nandhini Layout","ward_zone":"Zone1","ward_zone_name":"Rajarajeshwarinagar","ward_join_status":"matched","ward_spatial_match_count":1},"geometry":{"type":"Point","coordinates":[77.55197400000003,13.01956910000007,0]},"id":487},{"type":"Feature","properties":{"fid":488,"OBJECTID":488,"Name":"Placemark","FolderPath":"BBMP Toilets","SymbolID":0,"AltMode":-1,"Base":0,"Snippet":"","PopupInfo":"","HasLabel":-1,"LabelID":0,"ward_source_id":"ward_369_final.107","ward_source_Name":null,"ward_description":null,"ward_timestamp":null,"ward_begin":null,"ward_end":null,"ward_altitudeMode":null,"ward_tessellate":-1,"ward_extrude":0,"ward_visibility":-1,"ward_drawOrder":null,"ward_icon":null,"ward_Corporation":"North","ward_corporation_kn":"ಉತ್ತರ","ward_corporation_id":"2","ward_ac":"Rajarajeshwarinagar","ward_ac_kn":"ರಾಜರಾಜೇಶ್ವರಿನಗರ","ward_ac_no":"154","ward_Assembly":"154 - Rajarajeshwarinagar","ward_id":"61","ward_name":"61 - HMT Ward","ward_name_kn":"ಎಚ್ಎಮ್.ಟಿ ವಾರ್ಡ್","ward_TOT_P":"29538.0","ward_TOT_M":"15214.0","ward_TOT_F":"14325.0","ward_SC_P":"3773.0","ward_SC_M":"1932.0","ward_SC_F":"1841.0","ward_ST_P":"995.0","ward_ST_M":"506.0","ward_ST_F":"489.0","ward_low_range":"19943","ward_high_range":"29914","ward_RO_Code":"8","ward_RO_Division":"RO- Jalahalli","ward_ARO_Code":"20","ward_ARO_ Sub Division":"ARO- Jalahalli","ward_zone":"Zone2","ward_zone_name":"Yelahanka","ward_join_status":"matched","ward_spatial_match_count":1},"geometry":{"type":"Point","coordinates":[77.55650410000004,13.042612400000053,0]},"id":488},{"type":"Feature","properties":{"fid":489,"OBJECTID":489,"Name":"Placemark","FolderPath":"BBMP Toilets","SymbolID":0,"AltMode":-1,"Base":0,"Snippet":"","PopupInfo":"","HasLabel":-1,"LabelID":0,"ward_source_id":"ward_369_final.289","ward_source_Name":null,"ward_description":null,"ward_timestamp":null,"ward_begin":null,"ward_end":null,"ward_altitudeMode":null,"ward_tessellate":-1,"ward_extrude":0,"ward_visibility":-1,"ward_drawOrder":null,"ward_icon":null,"ward_Corporation":"West","ward_corporation_kn":"ಪಶ್ಚಿಮ","ward_corporation_id":"5","ward_ac":"Rajajinagar","ward_ac_kn":"ರಾಜಾಜಿನಗರ","ward_ac_no":"165","ward_Assembly":"165 - Rajajinagar","ward_id":"63","ward_name":"63 - Rajajinagara","ward_name_kn":"ರಾಜಾಜಿನಗರ","ward_TOT_P":"19632.0","ward_TOT_M":"9933.0","ward_TOT_F":"9700.0","ward_SC_P":"600.0","ward_SC_M":"301.0","ward_SC_F":"299.0","ward_ST_P":"174.0","ward_ST_M":"89.0","ward_ST_F":"85.0","ward_low_range":"18949","ward_high_range":"28424","ward_RO_Code":"9","ward_RO_Division":"RO- Rajajinagara","ward_ARO_Code":"29","ward_ARO_ Sub Division":"ARO- Rajajinagara","ward_zone":"Zone2","ward_zone_name":"Malleshwaram","ward_join_status":"matched","ward_spatial_match_count":1},"geometry":{"type":"Point","coordinates":[77.55129330000005,12.993063300000074,0]},"id":489},{"type":"Feature","properties":{"fid":490,"OBJECTID":490,"Name":"Placemark","FolderPath":"BBMP Toilets","SymbolID":0,"AltMode":-1,"Base":0,"Snippet":"","PopupInfo":"","HasLabel":-1,"LabelID":0,"ward_source_id":"ward_369_final.369","ward_source_Name":null,"ward_description":null,"ward_timestamp":null,"ward_begin":null,"ward_end":null,"ward_altitudeMode":null,"ward_tessellate":-1,"ward_extrude":0,"ward_visibility":-1,"ward_drawOrder":null,"ward_icon":null,"ward_Corporation":"West","ward_corporation_kn":"ಪಶ್ಚಿಮ","ward_corporation_id":"5","ward_ac":"Rajajinagar","ward_ac_kn":"ರಾಜಾಜಿನಗರ","ward_ac_no":"165","ward_Assembly":"165 - Rajajinagar","ward_id":"61","ward_name":"61 - Da.Ra. Bendre Ward","ward_name_kn":"ದ.ರಾ.ಬೇಂದ್ರೆ ವಾರ್ಡ್","ward_TOT_P":"20756.0","ward_TOT_M":"10743.0","ward_TOT_F":"10013.0","ward_SC_P":"1397.0","ward_SC_M":"705.0","ward_SC_F":"692.0","ward_ST_P":"170.0","ward_ST_M":"88.0","ward_ST_F":"81.0","ward_low_range":"18949","ward_high_range":"28424","ward_RO_Code":"9","ward_RO_Division":"RO- Rajajinagara","ward_ARO_Code":"30","ward_ARO_ Sub Division":"ARO- Rama Mandira","ward_zone":"Zone2","ward_zone_name":"Malleshwaram","ward_join_status":"matched","ward_spatial_match_count":1},"geometry":{"type":"Point","coordinates":[77.55534170000004,12.980021700000066,0]},"id":490},{"type":"Feature","properties":{"fid":491,"OBJECTID":491,"Name":"Placemark","FolderPath":"BBMP Toilets","SymbolID":0,"AltMode":-1,"Base":0,"Snippet":"","PopupInfo":"","HasLabel":-1,"LabelID":0,"ward_source_id":"ward_369_final.271","ward_source_Name":null,"ward_description":null,"ward_timestamp":null,"ward_begin":null,"ward_end":null,"ward_altitudeMode":null,"ward_tessellate":-1,"ward_extrude":0,"ward_visibility":-1,"ward_drawOrder":null,"ward_icon":null,"ward_Corporation":"West","ward_corporation_kn":"ಪಶ್ಚಿಮ","ward_corporation_id":"5","ward_ac":"Rajarajeshwarinagar","ward_ac_kn":"ರಾಜರಾಜೇಶ್ವರಿನಗರ","ward_ac_no":"154","ward_Assembly":"154 - Rajarajeshwarinagar","ward_id":"23","ward_name":"23 - Rajarajeshwari Nagara","ward_name_kn":"ರಾಜರಾಜೇಶ್ವರಿ ನಗರ","ward_TOT_P":"26050.0","ward_TOT_M":"13348.0","ward_TOT_F":"12601.0","ward_SC_P":"1457.0","ward_SC_M":"758.0","ward_SC_F":"700.0","ward_ST_P":"652.0","ward_ST_M":"342.0","ward_ST_F":"310.0","ward_low_range":"18949","ward_high_range":"28424","ward_RO_Code":"11","ward_RO_Division":"RO- Rajarajeswari Nagara","ward_ARO_Code":"35","ward_ARO_ Sub Division":"ARO- Rajarajeswari Nagara","ward_zone":"Zone1","ward_zone_name":"Rajarajeshwarinagar","ward_join_status":"matched","ward_spatial_match_count":1},"geometry":{"type":"Point","coordinates":[77.51580130000008,12.915076300000067,0]},"id":491},{"type":"Feature","properties":{"fid":492,"OBJECTID":492,"Name":"Placemark","FolderPath":"BBMP Toilets","SymbolID":0,"AltMode":-1,"Base":0,"Snippet":"","PopupInfo":"","HasLabel":-1,"LabelID":0,"ward_source_id":"ward_369_final.289","ward_source_Name":null,"ward_description":null,"ward_timestamp":null,"ward_begin":null,"ward_end":null,"ward_altitudeMode":null,"ward_tessellate":-1,"ward_extrude":0,"ward_visibility":-1,"ward_drawOrder":null,"ward_icon":null,"ward_Corporation":"West","ward_corporation_kn":"ಪಶ್ಚಿಮ","ward_corporation_id":"5","ward_ac":"Rajajinagar","ward_ac_kn":"ರಾಜಾಜಿನಗರ","ward_ac_no":"165","ward_Assembly":"165 - Rajajinagar","ward_id":"63","ward_name":"63 - Rajajinagara","ward_name_kn":"ರಾಜಾಜಿನಗರ","ward_TOT_P":"19632.0","ward_TOT_M":"9933.0","ward_TOT_F":"9700.0","ward_SC_P":"600.0","ward_SC_M":"301.0","ward_SC_F":"299.0","ward_ST_P":"174.0","ward_ST_M":"89.0","ward_ST_F":"85.0","ward_low_range":"18949","ward_high_range":"28424","ward_RO_Code":"9","ward_RO_Division":"RO- Rajajinagara","ward_ARO_Code":"29","ward_ARO_ Sub Division":"ARO- Rajajinagara","ward_zone":"Zone2","ward_zone_name":"Malleshwaram","ward_join_status":"matched","ward_spatial_match_count":1},"geometry":{"type":"Point","coordinates":[77.55255670000008,12.991805000000056,0]},"id":492},{"type":"Feature","properties":{"fid":493,"OBJECTID":493,"Name":"Placemark","FolderPath":"BBMP Toilets","SymbolID":0,"AltMode":-1,"Base":0,"Snippet":"","PopupInfo":"","HasLabel":-1,"LabelID":0,"ward_source_id":"ward_369_final.352","ward_source_Name":null,"ward_description":null,"ward_timestamp":null,"ward_begin":null,"ward_end":null,"ward_altitudeMode":null,"ward_tessellate":-1,"ward_extrude":0,"ward_visibility":-1,"ward_drawOrder":null,"ward_icon":null,"ward_Corporation":"West","ward_corporation_kn":"ಪಶ್ಚಿಮ","ward_corporation_id":"5","ward_ac":"Mahalakshmi Layout","ward_ac_kn":"ಮಹಾಲಕ್ಷ್ಮಿ ಲೇಔಟ್","ward_ac_no":"156","ward_Assembly":"156 - Mahalakshmi Layout","ward_id":"36","ward_name":"36 - Nalwadi Krishnaraja Wadiyar Ward","ward_name_kn":"ನಾಲ್ವಡಿ ಕೃಷ್ಣರಾಜ ಒಡೆಯರ್ ವಾರ್ಡ್","ward_TOT_P":"28281.0","ward_TOT_M":"14630.0","ward_TOT_F":"13650.0","ward_SC_P":"4501.0","ward_SC_M":"2286.0","ward_SC_F":"2215.0","ward_ST_P":"503.0","ward_ST_M":"251.0","ward_ST_F":"251.0","ward_low_range":"18949","ward_high_range":"28424","ward_RO_Code":"5","ward_RO_Division":"RO- Mahalakshmi Layout","ward_ARO_Code":"17","ward_ARO_ Sub Division":"ARO- Nandhini Layout","ward_zone":"Zone1","ward_zone_name":"Rajarajeshwarinagar","ward_join_status":"matched","ward_spatial_match_count":1},"geometry":{"type":"Point","coordinates":[77.54899870000008,13.017769600000065,0]},"id":493},{"type":"Feature","properties":{"fid":494,"OBJECTID":494,"Name":"Placemark","FolderPath":"BBMP Toilets","SymbolID":0,"AltMode":-1,"Base":0,"Snippet":"","PopupInfo":"","HasLabel":-1,"LabelID":0,"ward_source_id":"ward_369_final.107","ward_source_Name":null,"ward_description":null,"ward_timestamp":null,"ward_begin":null,"ward_end":null,"ward_altitudeMode":null,"ward_tessellate":-1,"ward_extrude":0,"ward_visibility":-1,"ward_drawOrder":null,"ward_icon":null,"ward_Corporation":"North","ward_corporation_kn":"ಉತ್ತರ","ward_corporation_id":"2","ward_ac":"Rajarajeshwarinagar","ward_ac_kn":"ರಾಜರಾಜೇಶ್ವರಿನಗರ","ward_ac_no":"154","ward_Assembly":"154 - Rajarajeshwarinagar","ward_id":"61","ward_name":"61 - HMT Ward","ward_name_kn":"ಎಚ್ಎಮ್.ಟಿ ವಾರ್ಡ್","ward_TOT_P":"29538.0","ward_TOT_M":"15214.0","ward_TOT_F":"14325.0","ward_SC_P":"3773.0","ward_SC_M":"1932.0","ward_SC_F":"1841.0","ward_ST_P":"995.0","ward_ST_M":"506.0","ward_ST_F":"489.0","ward_low_range":"19943","ward_high_range":"29914","ward_RO_Code":"8","ward_RO_Division":"RO- Jalahalli","ward_ARO_Code":"20","ward_ARO_ Sub Division":"ARO- Jalahalli","ward_zone":"Zone2","ward_zone_name":"Yelahanka","ward_join_status":"matched","ward_spatial_match_count":1},"geometry":{"type":"Point","coordinates":[77.55376210000003,13.043338500000061,0]},"id":494},{"type":"Feature","properties":{"fid":495,"OBJECTID":495,"Name":"Placemark","FolderPath":"BBMP Toilets","SymbolID":0,"AltMode":-1,"Base":0,"Snippet":"","PopupInfo":"","HasLabel":-1,"LabelID":0,"ward_source_id":"ward_369_final.369","ward_source_Name":null,"ward_description":null,"ward_timestamp":null,"ward_begin":null,"ward_end":null,"ward_altitudeMode":null,"ward_tessellate":-1,"ward_extrude":0,"ward_visibility":-1,"ward_drawOrder":null,"ward_icon":null,"ward_Corporation":"West","ward_corporation_kn":"ಪಶ್ಚಿಮ","ward_corporation_id":"5","ward_ac":"Rajajinagar","ward_ac_kn":"ರಾಜಾಜಿನಗರ","ward_ac_no":"165","ward_Assembly":"165 - Rajajinagar","ward_id":"61","ward_name":"61 - Da.Ra. Bendre Ward","ward_name_kn":"ದ.ರಾ.ಬೇಂದ್ರೆ ವಾರ್ಡ್","ward_TOT_P":"20756.0","ward_TOT_M":"10743.0","ward_TOT_F":"10013.0","ward_SC_P":"1397.0","ward_SC_M":"705.0","ward_SC_F":"692.0","ward_ST_P":"170.0","ward_ST_M":"88.0","ward_ST_F":"81.0","ward_low_range":"18949","ward_high_range":"28424","ward_RO_Code":"9","ward_RO_Division":"RO- Rajajinagara","ward_ARO_Code":"30","ward_ARO_ Sub Division":"ARO- Rama Mandira","ward_zone":"Zone2","ward_zone_name":"Malleshwaram","ward_join_status":"matched","ward_spatial_match_count":1},"geometry":{"type":"Point","coordinates":[77.55717830000003,12.980480000000057,0]},"id":495},{"type":"Feature","properties":{"fid":496,"OBJECTID":496,"Name":"Placemark","FolderPath":"BBMP Toilets","SymbolID":0,"AltMode":-1,"Base":0,"Snippet":"","PopupInfo":"","HasLabel":-1,"LabelID":0,"ward_source_id":"ward_369_final.263","ward_source_Name":null,"ward_description":null,"ward_timestamp":null,"ward_begin":null,"ward_end":null,"ward_altitudeMode":null,"ward_tessellate":-1,"ward_extrude":0,"ward_visibility":-1,"ward_drawOrder":null,"ward_icon":null,"ward_Corporation":"West","ward_corporation_kn":"ಪಶ್ಚಿಮ","ward_corporation_id":"5","ward_ac":"Rajajinagar","ward_ac_kn":"ರಾಜಾಜಿನಗರ","ward_ac_no":"165","ward_Assembly":"165 - Rajajinagar","ward_id":"60","ward_name":"60 - Prakash Nagara","ward_name_kn":"ಪ್ರಕಾಶ ನಗರ","ward_TOT_P":"19859.0","ward_TOT_M":"10133.0","ward_TOT_F":"9726.0","ward_SC_P":"1588.0","ward_SC_M":"798.0","ward_SC_F":"790.0","ward_ST_P":"138.0","ward_ST_M":"71.0","ward_ST_F":"68.0","ward_low_range":"18949","ward_high_range":"28424","ward_RO_Code":"9","ward_RO_Division":"RO- Rajajinagara","ward_ARO_Code":"28","ward_ARO_ Sub Division":"ARO- Prakash Nagara","ward_zone":"Zone2","ward_zone_name":"Malleshwaram","ward_join_status":"matched","ward_spatial_match_count":1},"geometry":{"type":"Point","coordinates":[77.55699670000007,12.990611700000045,0]},"id":496},{"type":"Feature","properties":{"fid":497,"OBJECTID":497,"Name":"Placemark","FolderPath":"BBMP Toilets","SymbolID":0,"AltMode":-1,"Base":0,"Snippet":"","PopupInfo":"","HasLabel":-1,"LabelID":0,"ward_source_id":"ward_369_final.352","ward_source_Name":null,"ward_description":null,"ward_timestamp":null,"ward_begin":null,"ward_end":null,"ward_altitudeMode":null,"ward_tessellate":-1,"ward_extrude":0,"ward_visibility":-1,"ward_drawOrder":null,"ward_icon":null,"ward_Corporation":"West","ward_corporation_kn":"ಪಶ್ಚಿಮ","ward_corporation_id":"5","ward_ac":"Mahalakshmi Layout","ward_ac_kn":"ಮಹಾಲಕ್ಷ್ಮಿ ಲೇಔಟ್","ward_ac_no":"156","ward_Assembly":"156 - Mahalakshmi Layout","ward_id":"36","ward_name":"36 - Nalwadi Krishnaraja Wadiyar Ward","ward_name_kn":"ನಾಲ್ವಡಿ ಕೃಷ್ಣರಾಜ ಒಡೆಯರ್ ವಾರ್ಡ್","ward_TOT_P":"28281.0","ward_TOT_M":"14630.0","ward_TOT_F":"13650.0","ward_SC_P":"4501.0","ward_SC_M":"2286.0","ward_SC_F":"2215.0","ward_ST_P":"503.0","ward_ST_M":"251.0","ward_ST_F":"251.0","ward_low_range":"18949","ward_high_range":"28424","ward_RO_Code":"5","ward_RO_Division":"RO- Mahalakshmi Layout","ward_ARO_Code":"17","ward_ARO_ Sub Division":"ARO- Nandhini Layout","ward_zone":"Zone1","ward_zone_name":"Rajarajeshwarinagar","ward_join_status":"matched","ward_spatial_match_count":1},"geometry":{"type":"Point","coordinates":[77.54903670000004,13.01773970000005,0]},"id":497},{"type":"Feature","properties":{"fid":498,"OBJECTID":498,"Name":"Placemark","FolderPath":"BBMP Toilets","SymbolID":0,"AltMode":-1,"Base":0,"Snippet":"","PopupInfo":"","HasLabel":-1,"LabelID":0,"ward_source_id":"ward_369_final.369","ward_source_Name":null,"ward_description":null,"ward_timestamp":null,"ward_begin":null,"ward_end":null,"ward_altitudeMode":null,"ward_tessellate":-1,"ward_extrude":0,"ward_visibility":-1,"ward_drawOrder":null,"ward_icon":null,"ward_Corporation":"West","ward_corporation_kn":"ಪಶ್ಚಿಮ","ward_corporation_id":"5","ward_ac":"Rajajinagar","ward_ac_kn":"ರಾಜಾಜಿನಗರ","ward_ac_no":"165","ward_Assembly":"165 - Rajajinagar","ward_id":"61","ward_name":"61 - Da.Ra. Bendre Ward","ward_name_kn":"ದ.ರಾ.ಬೇಂದ್ರೆ ವಾರ್ಡ್","ward_TOT_P":"20756.0","ward_TOT_M":"10743.0","ward_TOT_F":"10013.0","ward_SC_P":"1397.0","ward_SC_M":"705.0","ward_SC_F":"692.0","ward_ST_P":"170.0","ward_ST_M":"88.0","ward_ST_F":"81.0","ward_low_range":"18949","ward_high_range":"28424","ward_RO_Code":"9","ward_RO_Division":"RO- Rajajinagara","ward_ARO_Code":"30","ward_ARO_ Sub Division":"ARO- Rama Mandira","ward_zone":"Zone2","ward_zone_name":"Malleshwaram","ward_join_status":"matched","ward_spatial_match_count":1},"geometry":{"type":"Point","coordinates":[77.55843500000003,12.980935000000045,0]},"id":498},{"type":"Feature","properties":{"fid":499,"OBJECTID":499,"Name":"Placemark","FolderPath":"BBMP Toilets","SymbolID":0,"AltMode":-1,"Base":0,"Snippet":"","PopupInfo":"","HasLabel":-1,"LabelID":0,"ward_source_id":"ward_369_final.289","ward_source_Name":null,"ward_description":null,"ward_timestamp":null,"ward_begin":null,"ward_end":null,"ward_altitudeMode":null,"ward_tessellate":-1,"ward_extrude":0,"ward_visibility":-1,"ward_drawOrder":null,"ward_icon":null,"ward_Corporation":"West","ward_corporation_kn":"ಪಶ್ಚಿಮ","ward_corporation_id":"5","ward_ac":"Rajajinagar","ward_ac_kn":"ರಾಜಾಜಿನಗರ","ward_ac_no":"165","ward_Assembly":"165 - Rajajinagar","ward_id":"63","ward_name":"63 - Rajajinagara","ward_name_kn":"ರಾಜಾಜಿನಗರ","ward_TOT_P":"19632.0","ward_TOT_M":"9933.0","ward_TOT_F":"9700.0","ward_SC_P":"600.0","ward_SC_M":"301.0","ward_SC_F":"299.0","ward_ST_P":"174.0","ward_ST_M":"89.0","ward_ST_F":"85.0","ward_low_range":"18949","ward_high_range":"28424","ward_RO_Code":"9","ward_RO_Division":"RO- Rajajinagara","ward_ARO_Code":"29","ward_ARO_ Sub Division":"ARO- Rajajinagara","ward_zone":"Zone2","ward_zone_name":"Malleshwaram","ward_join_status":"matched","ward_spatial_match_count":1},"geometry":{"type":"Point","coordinates":[77.55452330000008,12.99320670000003,0]},"id":499},{"type":"Feature","properties":{"fid":500,"OBJECTID":500,"Name":"Placemark","FolderPath":"BBMP Toilets","SymbolID":0,"AltMode":-1,"Base":0,"Snippet":"","PopupInfo":"","HasLabel":-1,"LabelID":0,"ward_source_id":"ward_369_final.356","ward_source_Name":null,"ward_description":null,"ward_timestamp":null,"ward_begin":null,"ward_end":null,"ward_altitudeMode":null,"ward_tessellate":-1,"ward_extrude":0,"ward_visibility":-1,"ward_drawOrder":null,"ward_icon":null,"ward_Corporation":"West","ward_corporation_kn":"ಪಶ್ಚಿಮ","ward_corporation_id":"5","ward_ac":"Rajajinagar","ward_ac_kn":"ರಾಜಾಜಿನಗರ","ward_ac_no":"165","ward_Assembly":"165 - Rajajinagar","ward_id":"62","ward_name":"62 - Rama Mandira","ward_name_kn":"ರಾಮ ಮಂದಿರ","ward_TOT_P":"22322.0","ward_TOT_M":"11241.0","ward_TOT_F":"11082.0","ward_SC_P":"498.0","ward_SC_M":"251.0","ward_SC_F":"247.0","ward_ST_P":"177.0","ward_ST_M":"92.0","ward_ST_F":"85.0","ward_low_range":"18949","ward_high_range":"28424","ward_RO_Code":"9","ward_RO_Division":"RO- Rajajinagara","ward_ARO_Code":"30","ward_ARO_ Sub Division":"ARO- Rama Mandira","ward_zone":"Zone2","ward_zone_name":"Malleshwaram","ward_join_status":"matched","ward_spatial_match_count":1},"geometry":{"type":"Point","coordinates":[77.54955830000006,12.983298300000058,0]},"id":500},{"type":"Feature","properties":{"fid":501,"OBJECTID":501,"Name":"Placemark","FolderPath":"BBMP Toilets","SymbolID":0,"AltMode":-1,"Base":0,"Snippet":"","PopupInfo":"","HasLabel":-1,"LabelID":0,"ward_source_id":"ward_369_final.289","ward_source_Name":null,"ward_description":null,"ward_timestamp":null,"ward_begin":null,"ward_end":null,"ward_altitudeMode":null,"ward_tessellate":-1,"ward_extrude":0,"ward_visibility":-1,"ward_drawOrder":null,"ward_icon":null,"ward_Corporation":"West","ward_corporation_kn":"ಪಶ್ಚಿಮ","ward_corporation_id":"5","ward_ac":"Rajajinagar","ward_ac_kn":"ರಾಜಾಜಿನಗರ","ward_ac_no":"165","ward_Assembly":"165 - Rajajinagar","ward_id":"63","ward_name":"63 - Rajajinagara","ward_name_kn":"ರಾಜಾಜಿನಗರ","ward_TOT_P":"19632.0","ward_TOT_M":"9933.0","ward_TOT_F":"9700.0","ward_SC_P":"600.0","ward_SC_M":"301.0","ward_SC_F":"299.0","ward_ST_P":"174.0","ward_ST_M":"89.0","ward_ST_F":"85.0","ward_low_range":"18949","ward_high_range":"28424","ward_RO_Code":"9","ward_RO_Division":"RO- Rajajinagara","ward_ARO_Code":"29","ward_ARO_ Sub Division":"ARO- Rajajinagara","ward_zone":"Zone2","ward_zone_name":"Malleshwaram","ward_join_status":"matched","ward_spatial_match_count":1},"geometry":{"type":"Point","coordinates":[77.55476170000003,12.994165000000066,0]},"id":501},{"type":"Feature","properties":{"fid":502,"OBJECTID":502,"Name":"Placemark","FolderPath":"BBMP Toilets","SymbolID":0,"AltMode":-1,"Base":0,"Snippet":"","PopupInfo":"","HasLabel":-1,"LabelID":0,"ward_source_id":"ward_369_final.289","ward_source_Name":null,"ward_description":null,"ward_timestamp":null,"ward_begin":null,"ward_end":null,"ward_altitudeMode":null,"ward_tessellate":-1,"ward_extrude":0,"ward_visibility":-1,"ward_drawOrder":null,"ward_icon":null,"ward_Corporation":"West","ward_corporation_kn":"ಪಶ್ಚಿಮ","ward_corporation_id":"5","ward_ac":"Rajajinagar","ward_ac_kn":"ರಾಜಾಜಿನಗರ","ward_ac_no":"165","ward_Assembly":"165 - Rajajinagar","ward_id":"63","ward_name":"63 - Rajajinagara","ward_name_kn":"ರಾಜಾಜಿನಗರ","ward_TOT_P":"19632.0","ward_TOT_M":"9933.0","ward_TOT_F":"9700.0","ward_SC_P":"600.0","ward_SC_M":"301.0","ward_SC_F":"299.0","ward_ST_P":"174.0","ward_ST_M":"89.0","ward_ST_F":"85.0","ward_low_range":"18949","ward_high_range":"28424","ward_RO_Code":"9","ward_RO_Division":"RO- Rajajinagara","ward_ARO_Code":"29","ward_ARO_ Sub Division":"ARO- Rajajinagara","ward_zone":"Zone2","ward_zone_name":"Malleshwaram","ward_join_status":"matched","ward_spatial_match_count":1},"geometry":{"type":"Point","coordinates":[77.55073330000005,12.987723300000027,0]},"id":502},{"type":"Feature","properties":{"fid":503,"OBJECTID":503,"Name":"Placemark","FolderPath":"BBMP Toilets","SymbolID":0,"AltMode":-1,"Base":0,"Snippet":"","PopupInfo":"","HasLabel":-1,"LabelID":0,"ward_source_id":"ward_369_final.271","ward_source_Name":null,"ward_description":null,"ward_timestamp":null,"ward_begin":null,"ward_end":null,"ward_altitudeMode":null,"ward_tessellate":-1,"ward_extrude":0,"ward_visibility":-1,"ward_drawOrder":null,"ward_icon":null,"ward_Corporation":"West","ward_corporation_kn":"ಪಶ್ಚಿಮ","ward_corporation_id":"5","ward_ac":"Rajarajeshwarinagar","ward_ac_kn":"ರಾಜರಾಜೇಶ್ವರಿನಗರ","ward_ac_no":"154","ward_Assembly":"154 - Rajarajeshwarinagar","ward_id":"23","ward_name":"23 - Rajarajeshwari Nagara","ward_name_kn":"ರಾಜರಾಜೇಶ್ವರಿ ನಗರ","ward_TOT_P":"26050.0","ward_TOT_M":"13348.0","ward_TOT_F":"12601.0","ward_SC_P":"1457.0","ward_SC_M":"758.0","ward_SC_F":"700.0","ward_ST_P":"652.0","ward_ST_M":"342.0","ward_ST_F":"310.0","ward_low_range":"18949","ward_high_range":"28424","ward_RO_Code":"11","ward_RO_Division":"RO- Rajarajeswari Nagara","ward_ARO_Code":"35","ward_ARO_ Sub Division":"ARO- Rajarajeswari Nagara","ward_zone":"Zone1","ward_zone_name":"Rajarajeshwarinagar","ward_join_status":"matched","ward_spatial_match_count":1},"geometry":{"type":"Point","coordinates":[77.51395600000006,12.91224950000003,0]},"id":503},{"type":"Feature","properties":{"fid":504,"OBJECTID":504,"Name":"Placemark","FolderPath":"BBMP Toilets","SymbolID":0,"AltMode":-1,"Base":0,"Snippet":"","PopupInfo":"","HasLabel":-1,"LabelID":0,"ward_source_id":"ward_369_final.164","ward_source_Name":null,"ward_description":null,"ward_timestamp":null,"ward_begin":null,"ward_end":null,"ward_altitudeMode":null,"ward_tessellate":-1,"ward_extrude":0,"ward_visibility":-1,"ward_drawOrder":null,"ward_icon":null,"ward_Corporation":"West","ward_corporation_kn":"ಪಶ್ಚಿಮ","ward_corporation_id":"5","ward_ac":"Rajajinagar","ward_ac_kn":"ರಾಜಾಜಿನಗರ","ward_ac_no":"165","ward_Assembly":"165 - Rajajinagar","ward_id":"65","ward_name":"65 - Manjunath Nagara","ward_name_kn":"ಮಂಜುನಾಥ್  ನಗರ","ward_TOT_P":"20584.0","ward_TOT_M":"10676.0","ward_TOT_F":"9907.0","ward_SC_P":"1578.0","ward_SC_M":"798.0","ward_SC_F":"780.0","ward_ST_P":"229.0","ward_ST_M":"136.0","ward_ST_F":"93.0","ward_low_range":"18949","ward_high_range":"28424","ward_RO_Code":"8","ward_RO_Division":"RO- Basaveshwara Nagara","ward_ARO_Code":"27","ward_ARO_ Sub Division":"ARO- Manjunath Nagara","ward_zone":"Zone2","ward_zone_name":"Malleshwaram","ward_join_status":"matched","ward_spatial_match_count":1},"geometry":{"type":"Point","coordinates":[77.54639830000008,12.996963300000061,0]},"id":504},{"type":"Feature","properties":{"fid":505,"OBJECTID":505,"Name":"Placemark","FolderPath":"BBMP Toilets","SymbolID":0,"AltMode":-1,"Base":0,"Snippet":"","PopupInfo":"","HasLabel":-1,"LabelID":0,"ward_source_id":"ward_369_final.271","ward_source_Name":null,"ward_description":null,"ward_timestamp":null,"ward_begin":null,"ward_end":null,"ward_altitudeMode":null,"ward_tessellate":-1,"ward_extrude":0,"ward_visibility":-1,"ward_drawOrder":null,"ward_icon":null,"ward_Corporation":"West","ward_corporation_kn":"ಪಶ್ಚಿಮ","ward_corporation_id":"5","ward_ac":"Rajarajeshwarinagar","ward_ac_kn":"ರಾಜರಾಜೇಶ್ವರಿನಗರ","ward_ac_no":"154","ward_Assembly":"154 - Rajarajeshwarinagar","ward_id":"23","ward_name":"23 - Rajarajeshwari Nagara","ward_name_kn":"ರಾಜರಾಜೇಶ್ವರಿ ನಗರ","ward_TOT_P":"26050.0","ward_TOT_M":"13348.0","ward_TOT_F":"12601.0","ward_SC_P":"1457.0","ward_SC_M":"758.0","ward_SC_F":"700.0","ward_ST_P":"652.0","ward_ST_M":"342.0","ward_ST_F":"310.0","ward_low_range":"18949","ward_high_range":"28424","ward_RO_Code":"11","ward_RO_Division":"RO- Rajarajeswari Nagara","ward_ARO_Code":"35","ward_ARO_ Sub Division":"ARO- Rajarajeswari Nagara","ward_zone":"Zone1","ward_zone_name":"Rajarajeshwarinagar","ward_join_status":"matched","ward_spatial_match_count":1},"geometry":{"type":"Point","coordinates":[77.51421550000003,12.929430800000034,0]},"id":505},{"type":"Feature","properties":{"fid":506,"OBJECTID":506,"Name":"Placemark","FolderPath":"BBMP Toilets","SymbolID":0,"AltMode":-1,"Base":0,"Snippet":"","PopupInfo":"","HasLabel":-1,"LabelID":0,"ward_source_id":"ward_369_final.271","ward_source_Name":null,"ward_description":null,"ward_timestamp":null,"ward_begin":null,"ward_end":null,"ward_altitudeMode":null,"ward_tessellate":-1,"ward_extrude":0,"ward_visibility":-1,"ward_drawOrder":null,"ward_icon":null,"ward_Corporation":"West","ward_corporation_kn":"ಪಶ್ಚಿಮ","ward_corporation_id":"5","ward_ac":"Rajarajeshwarinagar","ward_ac_kn":"ರಾಜರಾಜೇಶ್ವರಿನಗರ","ward_ac_no":"154","ward_Assembly":"154 - Rajarajeshwarinagar","ward_id":"23","ward_name":"23 - Rajarajeshwari Nagara","ward_name_kn":"ರಾಜರಾಜೇಶ್ವರಿ ನಗರ","ward_TOT_P":"26050.0","ward_TOT_M":"13348.0","ward_TOT_F":"12601.0","ward_SC_P":"1457.0","ward_SC_M":"758.0","ward_SC_F":"700.0","ward_ST_P":"652.0","ward_ST_M":"342.0","ward_ST_F":"310.0","ward_low_range":"18949","ward_high_range":"28424","ward_RO_Code":"11","ward_RO_Division":"RO- Rajarajeswari Nagara","ward_ARO_Code":"35","ward_ARO_ Sub Division":"ARO- Rajarajeswari Nagara","ward_zone":"Zone1","ward_zone_name":"Rajarajeshwarinagar","ward_join_status":"matched","ward_spatial_match_count":1},"geometry":{"type":"Point","coordinates":[77.51652880000006,12.932767400000046,0]},"id":506},{"type":"Feature","properties":{"fid":507,"OBJECTID":507,"Name":"Placemark","FolderPath":"BBMP Toilets","SymbolID":0,"AltMode":-1,"Base":0,"Snippet":"","PopupInfo":"","HasLabel":-1,"LabelID":0,"ward_source_id":"ward_369_final.62","ward_source_Name":null,"ward_description":null,"ward_timestamp":null,"ward_begin":null,"ward_end":null,"ward_altitudeMode":null,"ward_tessellate":-1,"ward_extrude":0,"ward_visibility":-1,"ward_drawOrder":null,"ward_icon":null,"ward_Corporation":"West","ward_corporation_kn":"ಪಶ್ಚಿಮ","ward_corporation_id":"5","ward_ac":"Rajarajeshwarinagar","ward_ac_kn":"ರಾಜರಾಜೇಶ್ವರಿನಗರ","ward_ac_no":"154","ward_Assembly":"154 - Rajarajeshwarinagar","ward_id":"22","ward_name":"22 - Bangarappa Nagara","ward_name_kn":"ಬಂಗಾರಪ್ಪ ನಗರ","ward_TOT_P":"28414.0","ward_TOT_M":"14846.0","ward_TOT_F":"13669.0","ward_SC_P":"2140.0","ward_SC_M":"1088.0","ward_SC_F":"1052.0","ward_ST_P":"836.0","ward_ST_M":"430.0","ward_ST_F":"406.0","ward_low_range":"18949","ward_high_range":"28424","ward_RO_Code":"11","ward_RO_Division":"RO- Rajarajeswari Nagara","ward_ARO_Code":"35","ward_ARO_ Sub Division":"ARO- Rajarajeswari Nagara","ward_zone":"Zone1","ward_zone_name":"Rajarajeshwarinagar","ward_join_status":"matched","ward_spatial_match_count":1},"geometry":{"type":"Point","coordinates":[77.52942040000005,12.944010300000059,0]},"id":507},{"type":"Feature","properties":{"fid":508,"OBJECTID":508,"Name":"Placemark","FolderPath":"BBMP Toilets","SymbolID":0,"AltMode":-1,"Base":0,"Snippet":"","PopupInfo":"","HasLabel":-1,"LabelID":0,"ward_source_id":"ward_369_final.62","ward_source_Name":null,"ward_description":null,"ward_timestamp":null,"ward_begin":null,"ward_end":null,"ward_altitudeMode":null,"ward_tessellate":-1,"ward_extrude":0,"ward_visibility":-1,"ward_drawOrder":null,"ward_icon":null,"ward_Corporation":"West","ward_corporation_kn":"ಪಶ್ಚಿಮ","ward_corporation_id":"5","ward_ac":"Rajarajeshwarinagar","ward_ac_kn":"ರಾಜರಾಜೇಶ್ವರಿನಗರ","ward_ac_no":"154","ward_Assembly":"154 - Rajarajeshwarinagar","ward_id":"22","ward_name":"22 - Bangarappa Nagara","ward_name_kn":"ಬಂಗಾರಪ್ಪ ನಗರ","ward_TOT_P":"28414.0","ward_TOT_M":"14846.0","ward_TOT_F":"13669.0","ward_SC_P":"2140.0","ward_SC_M":"1088.0","ward_SC_F":"1052.0","ward_ST_P":"836.0","ward_ST_M":"430.0","ward_ST_F":"406.0","ward_low_range":"18949","ward_high_range":"28424","ward_RO_Code":"11","ward_RO_Division":"RO- Rajarajeswari Nagara","ward_ARO_Code":"35","ward_ARO_ Sub Division":"ARO- Rajarajeswari Nagara","ward_zone":"Zone1","ward_zone_name":"Rajarajeshwarinagar","ward_join_status":"matched","ward_spatial_match_count":1},"geometry":{"type":"Point","coordinates":[77.52946770000005,12.944353700000022,0]},"id":508},{"type":"Feature","properties":{"fid":509,"OBJECTID":509,"Name":"Placemark","FolderPath":"BBMP Toilets","SymbolID":0,"AltMode":-1,"Base":0,"Snippet":"","PopupInfo":"","HasLabel":-1,"LabelID":0,"ward_source_id":"ward_369_final.62","ward_source_Name":null,"ward_description":null,"ward_timestamp":null,"ward_begin":null,"ward_end":null,"ward_altitudeMode":null,"ward_tessellate":-1,"ward_extrude":0,"ward_visibility":-1,"ward_drawOrder":null,"ward_icon":null,"ward_Corporation":"West","ward_corporation_kn":"ಪಶ್ಚಿಮ","ward_corporation_id":"5","ward_ac":"Rajarajeshwarinagar","ward_ac_kn":"ರಾಜರಾಜೇಶ್ವರಿನಗರ","ward_ac_no":"154","ward_Assembly":"154 - Rajarajeshwarinagar","ward_id":"22","ward_name":"22 - Bangarappa Nagara","ward_name_kn":"ಬಂಗಾರಪ್ಪ ನಗರ","ward_TOT_P":"28414.0","ward_TOT_M":"14846.0","ward_TOT_F":"13669.0","ward_SC_P":"2140.0","ward_SC_M":"1088.0","ward_SC_F":"1052.0","ward_ST_P":"836.0","ward_ST_M":"430.0","ward_ST_F":"406.0","ward_low_range":"18949","ward_high_range":"28424","ward_RO_Code":"11","ward_RO_Division":"RO- Rajarajeswari Nagara","ward_ARO_Code":"35","ward_ARO_ Sub Division":"ARO- Rajarajeswari Nagara","ward_zone":"Zone1","ward_zone_name":"Rajarajeshwarinagar","ward_join_status":"matched","ward_spatial_match_count":1},"geometry":{"type":"Point","coordinates":[77.52395170000005,12.939410200000054,0]},"id":509},{"type":"Feature","properties":{"fid":510,"OBJECTID":510,"Name":"Placemark","FolderPath":"BBMP Toilets","SymbolID":0,"AltMode":-1,"Base":0,"Snippet":"","PopupInfo":"","HasLabel":-1,"LabelID":0,"ward_source_id":"ward_369_final.62","ward_source_Name":null,"ward_description":null,"ward_timestamp":null,"ward_begin":null,"ward_end":null,"ward_altitudeMode":null,"ward_tessellate":-1,"ward_extrude":0,"ward_visibility":-1,"ward_drawOrder":null,"ward_icon":null,"ward_Corporation":"West","ward_corporation_kn":"ಪಶ್ಚಿಮ","ward_corporation_id":"5","ward_ac":"Rajarajeshwarinagar","ward_ac_kn":"ರಾಜರಾಜೇಶ್ವರಿನಗರ","ward_ac_no":"154","ward_Assembly":"154 - Rajarajeshwarinagar","ward_id":"22","ward_name":"22 - Bangarappa Nagara","ward_name_kn":"ಬಂಗಾರಪ್ಪ ನಗರ","ward_TOT_P":"28414.0","ward_TOT_M":"14846.0","ward_TOT_F":"13669.0","ward_SC_P":"2140.0","ward_SC_M":"1088.0","ward_SC_F":"1052.0","ward_ST_P":"836.0","ward_ST_M":"430.0","ward_ST_F":"406.0","ward_low_range":"18949","ward_high_range":"28424","ward_RO_Code":"11","ward_RO_Division":"RO- Rajarajeswari Nagara","ward_ARO_Code":"35","ward_ARO_ Sub Division":"ARO- Rajarajeswari Nagara","ward_zone":"Zone1","ward_zone_name":"Rajarajeshwarinagar","ward_join_status":"matched","ward_spatial_match_count":1},"geometry":{"type":"Point","coordinates":[77.52251070000005,12.937952000000053,0]},"id":510},{"type":"Feature","properties":{"fid":511,"OBJECTID":511,"Name":"Placemark","FolderPath":"BBMP Toilets","SymbolID":0,"AltMode":-1,"Base":0,"Snippet":"","PopupInfo":"","HasLabel":-1,"LabelID":0,"ward_source_id":"ward_369_final.165","ward_source_Name":null,"ward_description":null,"ward_timestamp":null,"ward_begin":null,"ward_end":null,"ward_altitudeMode":null,"ward_tessellate":-1,"ward_extrude":0,"ward_visibility":-1,"ward_drawOrder":null,"ward_icon":null,"ward_Corporation":"West","ward_corporation_kn":"ಪಶ್ಚಿಮ","ward_corporation_id":"5","ward_ac":"Rajajinagar","ward_ac_kn":"ರಾಜಾಜಿನಗರ","ward_ac_no":"165","ward_Assembly":"165 - Rajajinagar","ward_id":"66","ward_name":"66 - Sane Guruvana Halli","ward_name_kn":"ಸಾಣೆ ಗುರುವನ ಹಳ್ಳಿ","ward_TOT_P":"20561.0","ward_TOT_M":"10679.0","ward_TOT_F":"9882.0","ward_SC_P":"1354.0","ward_SC_M":"688.0","ward_SC_F":"666.0","ward_ST_P":"415.0","ward_ST_M":"207.0","ward_ST_F":"208.0","ward_low_range":"18949","ward_high_range":"28424","ward_RO_Code":"8","ward_RO_Division":"RO- Basaveshwara Nagara","ward_ARO_Code":"27","ward_ARO_ Sub Division":"ARO- Manjunath Nagara","ward_zone":"Zone2","ward_zone_name":"Malleshwaram","ward_join_status":"matched","ward_spatial_match_count":1},"geometry":{"type":"Point","coordinates":[77.54599720000004,12.99143950000007,0]},"id":511},{"type":"Feature","properties":{"fid":512,"OBJECTID":512,"Name":"Placemark","FolderPath":"BBMP Toilets","SymbolID":0,"AltMode":-1,"Base":0,"Snippet":"","PopupInfo":"","HasLabel":-1,"LabelID":0,"ward_source_id":"ward_369_final.165","ward_source_Name":null,"ward_description":null,"ward_timestamp":null,"ward_begin":null,"ward_end":null,"ward_altitudeMode":null,"ward_tessellate":-1,"ward_extrude":0,"ward_visibility":-1,"ward_drawOrder":null,"ward_icon":null,"ward_Corporation":"West","ward_corporation_kn":"ಪಶ್ಚಿಮ","ward_corporation_id":"5","ward_ac":"Rajajinagar","ward_ac_kn":"ರಾಜಾಜಿನಗರ","ward_ac_no":"165","ward_Assembly":"165 - Rajajinagar","ward_id":"66","ward_name":"66 - Sane Guruvana Halli","ward_name_kn":"ಸಾಣೆ ಗುರುವನ ಹಳ್ಳಿ","ward_TOT_P":"20561.0","ward_TOT_M":"10679.0","ward_TOT_F":"9882.0","ward_SC_P":"1354.0","ward_SC_M":"688.0","ward_SC_F":"666.0","ward_ST_P":"415.0","ward_ST_M":"207.0","ward_ST_F":"208.0","ward_low_range":"18949","ward_high_range":"28424","ward_RO_Code":"8","ward_RO_Division":"RO- Basaveshwara Nagara","ward_ARO_Code":"27","ward_ARO_ Sub Division":"ARO- Manjunath Nagara","ward_zone":"Zone2","ward_zone_name":"Malleshwaram","ward_join_status":"matched","ward_spatial_match_count":1},"geometry":{"type":"Point","coordinates":[77.54347080000008,12.991066100000069,0]},"id":512},{"type":"Feature","properties":{"fid":513,"OBJECTID":513,"Name":"Placemark","FolderPath":"BBMP Toilets","SymbolID":0,"AltMode":-1,"Base":0,"Snippet":"","PopupInfo":"","HasLabel":-1,"LabelID":0,"ward_source_id":"ward_369_final.357","ward_source_Name":null,"ward_description":null,"ward_timestamp":null,"ward_begin":null,"ward_end":null,"ward_altitudeMode":null,"ward_tessellate":-1,"ward_extrude":0,"ward_visibility":-1,"ward_drawOrder":null,"ward_icon":null,"ward_Corporation":"West","ward_corporation_kn":"ಪಶ್ಚಿಮ","ward_corporation_id":"5","ward_ac":"Rajajinagar","ward_ac_kn":"ರಾಜಾಜಿನಗರ","ward_ac_no":"165","ward_Assembly":"165 - Rajajinagar","ward_id":"67","ward_name":"67 - Basaveshwara Nagara","ward_name_kn":"ಬಸವೇಶ್ವರ ನಗರ","ward_TOT_P":"20769.0","ward_TOT_M":"10382.0","ward_TOT_F":"10387.0","ward_SC_P":"1052.0","ward_SC_M":"534.0","ward_SC_F":"518.0","ward_ST_P":"259.0","ward_ST_M":"123.0","ward_ST_F":"136.0","ward_low_range":"18949","ward_high_range":"28424","ward_RO_Code":"8","ward_RO_Division":"RO- Basaveshwara Nagara","ward_ARO_Code":"26","ward_ARO_ Sub Division":"ARO- Basaveshwara Nagara","ward_zone":"Zone2","ward_zone_name":"Malleshwaram","ward_join_status":"matched","ward_spatial_match_count":1},"geometry":{"type":"Point","coordinates":[77.54239230000007,12.98747990000004,0]},"id":513},{"type":"Feature","properties":{"fid":514,"OBJECTID":514,"Name":"Placemark","FolderPath":"BBMP Toilets","SymbolID":0,"AltMode":-1,"Base":0,"Snippet":"","PopupInfo":"","HasLabel":-1,"LabelID":0,"ward_source_id":"ward_369_final.357","ward_source_Name":null,"ward_description":null,"ward_timestamp":null,"ward_begin":null,"ward_end":null,"ward_altitudeMode":null,"ward_tessellate":-1,"ward_extrude":0,"ward_visibility":-1,"ward_drawOrder":null,"ward_icon":null,"ward_Corporation":"West","ward_corporation_kn":"ಪಶ್ಚಿಮ","ward_corporation_id":"5","ward_ac":"Rajajinagar","ward_ac_kn":"ರಾಜಾಜಿನಗರ","ward_ac_no":"165","ward_Assembly":"165 - Rajajinagar","ward_id":"67","ward_name":"67 - Basaveshwara Nagara","ward_name_kn":"ಬಸವೇಶ್ವರ ನಗರ","ward_TOT_P":"20769.0","ward_TOT_M":"10382.0","ward_TOT_F":"10387.0","ward_SC_P":"1052.0","ward_SC_M":"534.0","ward_SC_F":"518.0","ward_ST_P":"259.0","ward_ST_M":"123.0","ward_ST_F":"136.0","ward_low_range":"18949","ward_high_range":"28424","ward_RO_Code":"8","ward_RO_Division":"RO- Basaveshwara Nagara","ward_ARO_Code":"26","ward_ARO_ Sub Division":"ARO- Basaveshwara Nagara","ward_zone":"Zone2","ward_zone_name":"Malleshwaram","ward_join_status":"matched","ward_spatial_match_count":1},"geometry":{"type":"Point","coordinates":[77.53945140000008,12.990865600000063,0]},"id":514},{"type":"Feature","properties":{"fid":515,"OBJECTID":515,"Name":"Placemark","FolderPath":"BBMP Toilets","SymbolID":0,"AltMode":-1,"Base":0,"Snippet":"","PopupInfo":"","HasLabel":-1,"LabelID":0,"ward_source_id":"ward_369_final.357","ward_source_Name":null,"ward_description":null,"ward_timestamp":null,"ward_begin":null,"ward_end":null,"ward_altitudeMode":null,"ward_tessellate":-1,"ward_extrude":0,"ward_visibility":-1,"ward_drawOrder":null,"ward_icon":null,"ward_Corporation":"West","ward_corporation_kn":"ಪಶ್ಚಿಮ","ward_corporation_id":"5","ward_ac":"Rajajinagar","ward_ac_kn":"ರಾಜಾಜಿನಗರ","ward_ac_no":"165","ward_Assembly":"165 - Rajajinagar","ward_id":"67","ward_name":"67 - Basaveshwara Nagara","ward_name_kn":"ಬಸವೇಶ್ವರ ನಗರ","ward_TOT_P":"20769.0","ward_TOT_M":"10382.0","ward_TOT_F":"10387.0","ward_SC_P":"1052.0","ward_SC_M":"534.0","ward_SC_F":"518.0","ward_ST_P":"259.0","ward_ST_M":"123.0","ward_ST_F":"136.0","ward_low_range":"18949","ward_high_range":"28424","ward_RO_Code":"8","ward_RO_Division":"RO- Basaveshwara Nagara","ward_ARO_Code":"26","ward_ARO_ Sub Division":"ARO- Basaveshwara Nagara","ward_zone":"Zone2","ward_zone_name":"Malleshwaram","ward_join_status":"matched","ward_spatial_match_count":1},"geometry":{"type":"Point","coordinates":[77.53417070000006,12.991949800000043,0]},"id":515},{"type":"Feature","properties":{"fid":516,"OBJECTID":516,"Name":"Placemark","FolderPath":"BBMP Toilets","SymbolID":0,"AltMode":-1,"Base":0,"Snippet":"","PopupInfo":"","HasLabel":-1,"LabelID":0,"ward_source_id":"ward_369_final.291","ward_source_Name":null,"ward_description":null,"ward_timestamp":null,"ward_begin":null,"ward_end":null,"ward_altitudeMode":null,"ward_tessellate":-1,"ward_extrude":0,"ward_visibility":-1,"ward_drawOrder":null,"ward_icon":null,"ward_Corporation":"West","ward_corporation_kn":"ಪಶ್ಚಿಮ","ward_corporation_id":"5","ward_ac":"Rajajinagar","ward_ac_kn":"ರಾಜಾಜಿನಗರ","ward_ac_no":"165","ward_Assembly":"165 - Rajajinagar","ward_id":"68","ward_name":"68 - Kamakshipalya","ward_name_kn":"ಕಾಮಾಕ್ಷಿಪಾಳ್ಯ","ward_TOT_P":"25024.0","ward_TOT_M":"13135.0","ward_TOT_F":"11889.0","ward_SC_P":"2345.0","ward_SC_M":"1207.0","ward_SC_F":"1138.0","ward_ST_P":"419.0","ward_ST_M":"217.0","ward_ST_F":"202.0","ward_low_range":"18949","ward_high_range":"28424","ward_RO_Code":"8","ward_RO_Division":"RO- Basaveshwara Nagara","ward_ARO_Code":"26","ward_ARO_ Sub Division":"ARO- Basaveshwara Nagara","ward_zone":"Zone2","ward_zone_name":"Malleshwaram","ward_join_status":"matched","ward_spatial_match_count":1},"geometry":{"type":"Point","coordinates":[77.52921480000003,12.983870000000024,0]},"id":516},{"type":"Feature","properties":{"fid":517,"OBJECTID":517,"Name":"Placemark","FolderPath":"BBMP Toilets","SymbolID":0,"AltMode":-1,"Base":0,"Snippet":"","PopupInfo":"","HasLabel":-1,"LabelID":0,"ward_source_id":"ward_369_final.291","ward_source_Name":null,"ward_description":null,"ward_timestamp":null,"ward_begin":null,"ward_end":null,"ward_altitudeMode":null,"ward_tessellate":-1,"ward_extrude":0,"ward_visibility":-1,"ward_drawOrder":null,"ward_icon":null,"ward_Corporation":"West","ward_corporation_kn":"ಪಶ್ಚಿಮ","ward_corporation_id":"5","ward_ac":"Rajajinagar","ward_ac_kn":"ರಾಜಾಜಿನಗರ","ward_ac_no":"165","ward_Assembly":"165 - Rajajinagar","ward_id":"68","ward_name":"68 - Kamakshipalya","ward_name_kn":"ಕಾಮಾಕ್ಷಿಪಾಳ್ಯ","ward_TOT_P":"25024.0","ward_TOT_M":"13135.0","ward_TOT_F":"11889.0","ward_SC_P":"2345.0","ward_SC_M":"1207.0","ward_SC_F":"1138.0","ward_ST_P":"419.0","ward_ST_M":"217.0","ward_ST_F":"202.0","ward_low_range":"18949","ward_high_range":"28424","ward_RO_Code":"8","ward_RO_Division":"RO- Basaveshwara Nagara","ward_ARO_Code":"26","ward_ARO_ Sub Division":"ARO- Basaveshwara Nagara","ward_zone":"Zone2","ward_zone_name":"Malleshwaram","ward_join_status":"matched","ward_spatial_match_count":1},"geometry":{"type":"Point","coordinates":[77.53006030000006,12.98452100000003,0]},"id":517},{"type":"Feature","properties":{"fid":518,"OBJECTID":518,"Name":"Placemark","FolderPath":"BBMP Toilets","SymbolID":0,"AltMode":-1,"Base":0,"Snippet":"","PopupInfo":"","HasLabel":-1,"LabelID":0,"ward_source_id":"ward_369_final.289","ward_source_Name":null,"ward_description":null,"ward_timestamp":null,"ward_begin":null,"ward_end":null,"ward_altitudeMode":null,"ward_tessellate":-1,"ward_extrude":0,"ward_visibility":-1,"ward_drawOrder":null,"ward_icon":null,"ward_Corporation":"West","ward_corporation_kn":"ಪಶ್ಚಿಮ","ward_corporation_id":"5","ward_ac":"Rajajinagar","ward_ac_kn":"ರಾಜಾಜಿನಗರ","ward_ac_no":"165","ward_Assembly":"165 - Rajajinagar","ward_id":"63","ward_name":"63 - Rajajinagara","ward_name_kn":"ರಾಜಾಜಿನಗರ","ward_TOT_P":"19632.0","ward_TOT_M":"9933.0","ward_TOT_F":"9700.0","ward_SC_P":"600.0","ward_SC_M":"301.0","ward_SC_F":"299.0","ward_ST_P":"174.0","ward_ST_M":"89.0","ward_ST_F":"85.0","ward_low_range":"18949","ward_high_range":"28424","ward_RO_Code":"9","ward_RO_Division":"RO- Rajajinagara","ward_ARO_Code":"29","ward_ARO_ Sub Division":"ARO- Rajajinagara","ward_zone":"Zone2","ward_zone_name":"Malleshwaram","ward_join_status":"matched","ward_spatial_match_count":1},"geometry":{"type":"Point","coordinates":[77.55423550000006,12.990640900000074,0]},"id":518},{"type":"Feature","properties":{"fid":519,"OBJECTID":519,"Name":"Placemark","FolderPath":"BBMP Toilets","SymbolID":0,"AltMode":-1,"Base":0,"Snippet":"","PopupInfo":"","HasLabel":-1,"LabelID":0,"ward_source_id":"ward_369_final.181","ward_source_Name":null,"ward_description":null,"ward_timestamp":null,"ward_begin":null,"ward_end":null,"ward_altitudeMode":null,"ward_tessellate":-1,"ward_extrude":0,"ward_visibility":-1,"ward_drawOrder":null,"ward_icon":null,"ward_Corporation":"North","ward_corporation_kn":"ಉತ್ತರ","ward_corporation_id":"2","ward_ac":"Byatarayanapura","ward_ac_kn":"ಬ್ಯಾಟರಾಯನಪುರ","ward_ac_no":"152","ward_Assembly":"152 - Byatarayanapura","ward_id":"20","ward_name":"20 - Sampigehalli","ward_name_kn":"ಸಂಪಿಗೆಹಳ್ಳಿ","ward_TOT_P":"28461.0","ward_TOT_M":"14733.0","ward_TOT_F":"13727.0","ward_SC_P":"3329.0","ward_SC_M":"1658.0","ward_SC_F":"1672.0","ward_ST_P":"375.0","ward_ST_M":"180.0","ward_ST_F":"195.0","ward_low_range":"19943","ward_high_range":"29914","ward_RO_Code":"2","ward_RO_Division":"RO- Thanisandra","ward_ARO_Code":"5","ward_ARO_ Sub Division":"ARO- Kogilu","ward_zone":"Zone1","ward_zone_name":"Byatarayanapura","ward_join_status":"matched","ward_spatial_match_count":1},"geometry":{"type":"Point","coordinates":[77.62369830000006,13.09070500000007,0]},"id":519},{"type":"Feature","properties":{"fid":520,"OBJECTID":520,"Name":"Placemark","FolderPath":"BBMP Toilets","SymbolID":0,"AltMode":-1,"Base":0,"Snippet":"","PopupInfo":"","HasLabel":-1,"LabelID":0,"ward_source_id":"ward_369_final.227","ward_source_Name":null,"ward_description":null,"ward_timestamp":null,"ward_begin":null,"ward_end":null,"ward_altitudeMode":null,"ward_tessellate":-1,"ward_extrude":0,"ward_visibility":-1,"ward_drawOrder":null,"ward_icon":null,"ward_Corporation":"East","ward_corporation_kn":"ಪೂರ್ವ","ward_corporation_id":"3","ward_ac":"Mahadevapura","ward_ac_kn":"ಮಹದೇವಪುರ","ward_ac_no":"174","ward_Assembly":"174 - Mahadevapura","ward_id":"35","ward_name":"35 - Garudachar Palya","ward_name_kn":"ಗರುಡಾಚಾರ್ ಪಾಳ್ಯ","ward_TOT_P":"20983.0","ward_TOT_M":"11770.0","ward_TOT_F":"9213.0","ward_SC_P":"1513.0","ward_SC_M":"799.0","ward_SC_F":"715.0","ward_ST_P":"433.0","ward_ST_M":"250.0","ward_ST_F":"183.0","ward_low_range":"14567","ward_high_range":"21851","ward_RO_Code":"7","ward_RO_Division":"RO- Marathahalli","ward_ARO_Code":"20","ward_ARO_ Sub Division":"ARO- Garudacharpalya","ward_zone":"Zone1","ward_zone_name":"Mahadevapura","ward_join_status":"matched","ward_spatial_match_count":1},"geometry":{"type":"Point","coordinates":[77.69566170000007,12.99521500000003,0]},"id":520},{"type":"Feature","properties":{"fid":521,"OBJECTID":521,"Name":"Placemark","FolderPath":"BBMP Toilets","SymbolID":0,"AltMode":-1,"Base":0,"Snippet":"","PopupInfo":"","HasLabel":-1,"LabelID":0,"ward_source_id":"ward_369_final.91","ward_source_Name":null,"ward_description":null,"ward_timestamp":null,"ward_begin":null,"ward_end":null,"ward_altitudeMode":null,"ward_tessellate":-1,"ward_extrude":0,"ward_visibility":-1,"ward_drawOrder":null,"ward_icon":null,"ward_Corporation":"Central","ward_corporation_kn":"ಕೇಂದ್ರ","ward_corporation_id":"1","ward_ac":"Gandhinagara","ward_ac_kn":"ಗಾಂಧಿನಗರ","ward_ac_no":"164","ward_Assembly":"164 - Gandhinagara","ward_id":"62","ward_name":"62 - Swatantra Palya Ward","ward_name_kn":"ಸ್ವತಂತ್ರ ಪಾಳ್ಯ ವಾರ್ಡ್","ward_TOT_P":"28137.0","ward_TOT_M":"14255.0","ward_TOT_F":"13883.0","ward_SC_P":"12723.0","ward_SC_M":"6443.0","ward_SC_F":"6280.0","ward_ST_P":"367.0","ward_ST_M":"198.0","ward_ST_F":"170.0","ward_low_range":"18853","ward_high_range":"28280","ward_RO_Code":"5","ward_RO_Division":"RO - Gandhinagara","ward_ARO_Code":"16","ward_ARO_ Sub Division":"ARO- Okalipuram","ward_zone":"Zone2","ward_zone_name":"Gandhinagara","ward_join_status":"matched","ward_spatial_match_count":1},"geometry":{"type":"Point","coordinates":[77.56771670000006,12.988365000000044,0]},"id":521},{"type":"Feature","properties":{"fid":522,"OBJECTID":522,"Name":"Placemark","FolderPath":"BBMP Toilets","SymbolID":0,"AltMode":-1,"Base":0,"Snippet":"","PopupInfo":"","HasLabel":-1,"LabelID":0,"ward_source_id":"ward_369_final.358","ward_source_Name":null,"ward_description":null,"ward_timestamp":null,"ward_begin":null,"ward_end":null,"ward_altitudeMode":null,"ward_tessellate":-1,"ward_extrude":0,"ward_visibility":-1,"ward_drawOrder":null,"ward_icon":null,"ward_Corporation":"West","ward_corporation_kn":"ಪಶ್ಚಿಮ","ward_corporation_id":"5","ward_ac":"Mahalakshmi Layout","ward_ac_kn":"ಮಹಾಲಕ್ಷ್ಮಿ ಲೇಔಟ್","ward_ac_no":"156","ward_Assembly":"156 - Mahalakshmi Layout","ward_id":"39","ward_name":"39 - Jai Maruthi Nagar","ward_name_kn":"ಜೈ ಮಾರುತಿ ನಗರ","ward_TOT_P":"27166.0","ward_TOT_M":"13919.0","ward_TOT_F":"13247.0","ward_SC_P":"1754.0","ward_SC_M":"915.0","ward_SC_F":"839.0","ward_ST_P":"502.0","ward_ST_M":"266.0","ward_ST_F":"236.0","ward_low_range":"18949","ward_high_range":"28424","ward_RO_Code":"5","ward_RO_Division":"RO- Mahalakshmi Layout","ward_ARO_Code":"16","ward_ARO_ Sub Division":"ARO- Mahalakshmipuram","ward_zone":"Zone1","ward_zone_name":"Rajarajeshwarinagar","ward_join_status":"matched","ward_spatial_match_count":1},"geometry":{"type":"Point","coordinates":[77.53678460000003,13.010466000000065,0]},"id":522},{"type":"Feature","properties":{"fid":523,"OBJECTID":523,"Name":"Placemark","FolderPath":"BBMP Toilets","SymbolID":0,"AltMode":-1,"Base":0,"Snippet":"","PopupInfo":"","HasLabel":-1,"LabelID":0,"ward_source_id":"ward_369_final.91","ward_source_Name":null,"ward_description":null,"ward_timestamp":null,"ward_begin":null,"ward_end":null,"ward_altitudeMode":null,"ward_tessellate":-1,"ward_extrude":0,"ward_visibility":-1,"ward_drawOrder":null,"ward_icon":null,"ward_Corporation":"Central","ward_corporation_kn":"ಕೇಂದ್ರ","ward_corporation_id":"1","ward_ac":"Gandhinagara","ward_ac_kn":"ಗಾಂಧಿನಗರ","ward_ac_no":"164","ward_Assembly":"164 - Gandhinagara","ward_id":"62","ward_name":"62 - Swatantra Palya Ward","ward_name_kn":"ಸ್ವತಂತ್ರ ಪಾಳ್ಯ ವಾರ್ಡ್","ward_TOT_P":"28137.0","ward_TOT_M":"14255.0","ward_TOT_F":"13883.0","ward_SC_P":"12723.0","ward_SC_M":"6443.0","ward_SC_F":"6280.0","ward_ST_P":"367.0","ward_ST_M":"198.0","ward_ST_F":"170.0","ward_low_range":"18853","ward_high_range":"28280","ward_RO_Code":"5","ward_RO_Division":"RO - Gandhinagara","ward_ARO_Code":"16","ward_ARO_ Sub Division":"ARO- Okalipuram","ward_zone":"Zone2","ward_zone_name":"Gandhinagara","ward_join_status":"matched","ward_spatial_match_count":1},"geometry":{"type":"Point","coordinates":[77.56875500000007,12.992416700000035,0]},"id":523},{"type":"Feature","properties":{"fid":524,"OBJECTID":524,"Name":"Placemark","FolderPath":"BBMP Toilets","SymbolID":0,"AltMode":-1,"Base":0,"Snippet":"","PopupInfo":"","HasLabel":-1,"LabelID":0,"ward_source_id":"ward_369_final.138","ward_source_Name":null,"ward_description":null,"ward_timestamp":null,"ward_begin":null,"ward_end":null,"ward_altitudeMode":null,"ward_tessellate":-1,"ward_extrude":0,"ward_visibility":-1,"ward_drawOrder":null,"ward_icon":null,"ward_Corporation":"North","ward_corporation_kn":"ಉತ್ತರ","ward_corporation_id":"2","ward_ac":"Pulakeshinagar","ward_ac_kn":"ಪುಲಕೇಶಿನಗರ","ward_ac_no":"159","ward_Assembly":"159 - Pulakeshinagar","ward_id":"48","ward_name":"48 - S.K Garden","ward_name_kn":"ಎಸ್.ಕೆ. ಗಾರ್ಡನ್","ward_TOT_P":"20102.0","ward_TOT_M":"9978.0","ward_TOT_F":"10124.0","ward_SC_P":"3287.0","ward_SC_M":"1620.0","ward_SC_F":"1667.0","ward_ST_P":"268.0","ward_ST_M":"134.0","ward_ST_F":"134.0","ward_low_range":"19943","ward_high_range":"29914","ward_RO_Code":"7","ward_RO_Division":"RO- Pulikeshinagar","ward_ARO_Code":"18","ward_ARO_ Sub Division":"ARO- Pulikeshinagar","ward_zone":"Zone1","ward_zone_name":"Byatarayanapura","ward_join_status":"matched","ward_spatial_match_count":1},"geometry":{"type":"Point","coordinates":[77.60173210000005,13.001395500000058,0]},"id":524},{"type":"Feature","properties":{"fid":525,"OBJECTID":525,"Name":"Placemark","FolderPath":"BBMP Toilets","SymbolID":0,"AltMode":-1,"Base":0,"Snippet":"","PopupInfo":"","HasLabel":-1,"LabelID":0,"ward_source_id":"ward_369_final.278","ward_source_Name":null,"ward_description":null,"ward_timestamp":null,"ward_begin":null,"ward_end":null,"ward_altitudeMode":null,"ward_tessellate":-1,"ward_extrude":0,"ward_visibility":-1,"ward_drawOrder":null,"ward_icon":null,"ward_Corporation":"West","ward_corporation_kn":"ಪಶ್ಚಿಮ","ward_corporation_id":"5","ward_ac":"Rajajinagar","ward_ac_kn":"ರಾಜಾಜಿನಗರ","ward_ac_no":"165","ward_Assembly":"165 - Rajajinagar","ward_id":"59","ward_name":"59 - Bandi Reddy Circle Ward","ward_name_kn":"ಬಂಡಿ ರೆಡ್ಡಿ ವೃತ್ತ ವಾರ್ಡ್","ward_TOT_P":"21286.0","ward_TOT_M":"10840.0","ward_TOT_F":"10446.0","ward_SC_P":"3805.0","ward_SC_M":"1894.0","ward_SC_F":"1912.0","ward_ST_P":"95.0","ward_ST_M":"46.0","ward_ST_F":"49.0","ward_low_range":"18949","ward_high_range":"28424","ward_RO_Code":"9","ward_RO_Division":"RO- Rajajinagara","ward_ARO_Code":"28","ward_ARO_ Sub Division":"ARO- Prakash Nagara","ward_zone":"Zone2","ward_zone_name":"Malleshwaram","ward_join_status":"matched","ward_spatial_match_count":1},"geometry":{"type":"Point","coordinates":[77.56417830000004,12.991418300000078,0]},"id":525},{"type":"Feature","properties":{"fid":526,"OBJECTID":526,"Name":"Placemark","FolderPath":"BBMP Toilets","SymbolID":0,"AltMode":-1,"Base":0,"Snippet":"","PopupInfo":"","HasLabel":-1,"LabelID":0,"ward_source_id":"ward_369_final.278","ward_source_Name":null,"ward_description":null,"ward_timestamp":null,"ward_begin":null,"ward_end":null,"ward_altitudeMode":null,"ward_tessellate":-1,"ward_extrude":0,"ward_visibility":-1,"ward_drawOrder":null,"ward_icon":null,"ward_Corporation":"West","ward_corporation_kn":"ಪಶ್ಚಿಮ","ward_corporation_id":"5","ward_ac":"Rajajinagar","ward_ac_kn":"ರಾಜಾಜಿನಗರ","ward_ac_no":"165","ward_Assembly":"165 - Rajajinagar","ward_id":"59","ward_name":"59 - Bandi Reddy Circle Ward","ward_name_kn":"ಬಂಡಿ ರೆಡ್ಡಿ ವೃತ್ತ ವಾರ್ಡ್","ward_TOT_P":"21286.0","ward_TOT_M":"10840.0","ward_TOT_F":"10446.0","ward_SC_P":"3805.0","ward_SC_M":"1894.0","ward_SC_F":"1912.0","ward_ST_P":"95.0","ward_ST_M":"46.0","ward_ST_F":"49.0","ward_low_range":"18949","ward_high_range":"28424","ward_RO_Code":"9","ward_RO_Division":"RO- Rajajinagara","ward_ARO_Code":"28","ward_ARO_ Sub Division":"ARO- Prakash Nagara","ward_zone":"Zone2","ward_zone_name":"Malleshwaram","ward_join_status":"matched","ward_spatial_match_count":1},"geometry":{"type":"Point","coordinates":[77.56011500000005,12.992971700000055,0]},"id":526},{"type":"Feature","properties":{"fid":527,"OBJECTID":527,"Name":"Placemark","FolderPath":"BBMP Toilets","SymbolID":0,"AltMode":-1,"Base":0,"Snippet":"","PopupInfo":"","HasLabel":-1,"LabelID":0,"ward_source_id":"ward_369_final.306","ward_source_Name":null,"ward_description":null,"ward_timestamp":null,"ward_begin":null,"ward_end":null,"ward_altitudeMode":null,"ward_tessellate":-1,"ward_extrude":0,"ward_visibility":-1,"ward_drawOrder":null,"ward_icon":null,"ward_Corporation":"Central","ward_corporation_kn":"ಕೇಂದ್ರ","ward_corporation_id":"1","ward_ac":"Shivajinagar","ward_ac_kn":"ಶಿವಾಜಿನಗರ","ward_ac_no":"162","ward_Assembly":"162 - Shivajinagar","ward_id":"2","ward_name":"2 - Jayamahal","ward_name_kn":"ಜಯಮಹಲ್","ward_TOT_P":"25834.0","ward_TOT_M":"12803.0","ward_TOT_F":"12981.0","ward_SC_P":"7101.0","ward_SC_M":"3525.0","ward_SC_F":"3575.0","ward_ST_P":"243.0","ward_ST_M":"133.0","ward_ST_F":"111.0","ward_low_range":"18853","ward_high_range":"28280","ward_RO_Code":"7","ward_RO_Division":"RO- Shivajinagar","ward_ARO_Code":"23","ward_ARO_ Sub Division":"ARO- Shivajinagar","ward_zone":"Zone2","ward_zone_name":"Gandhinagara","ward_join_status":"matched","ward_spatial_match_count":1},"geometry":{"type":"Point","coordinates":[77.60196370000006,13.002521000000058,0]},"id":527},{"type":"Feature","properties":{"fid":528,"OBJECTID":528,"Name":"Placemark","FolderPath":"BBMP Toilets","SymbolID":0,"AltMode":-1,"Base":0,"Snippet":"","PopupInfo":"","HasLabel":-1,"LabelID":0,"ward_source_id":"ward_369_final.352","ward_source_Name":null,"ward_description":null,"ward_timestamp":null,"ward_begin":null,"ward_end":null,"ward_altitudeMode":null,"ward_tessellate":-1,"ward_extrude":0,"ward_visibility":-1,"ward_drawOrder":null,"ward_icon":null,"ward_Corporation":"West","ward_corporation_kn":"ಪಶ್ಚಿಮ","ward_corporation_id":"5","ward_ac":"Mahalakshmi Layout","ward_ac_kn":"ಮಹಾಲಕ್ಷ್ಮಿ ಲೇಔಟ್","ward_ac_no":"156","ward_Assembly":"156 - Mahalakshmi Layout","ward_id":"36","ward_name":"36 - Nalwadi Krishnaraja Wadiyar Ward","ward_name_kn":"ನಾಲ್ವಡಿ ಕೃಷ್ಣರಾಜ ಒಡೆಯರ್ ವಾರ್ಡ್","ward_TOT_P":"28281.0","ward_TOT_M":"14630.0","ward_TOT_F":"13650.0","ward_SC_P":"4501.0","ward_SC_M":"2286.0","ward_SC_F":"2215.0","ward_ST_P":"503.0","ward_ST_M":"251.0","ward_ST_F":"251.0","ward_low_range":"18949","ward_high_range":"28424","ward_RO_Code":"5","ward_RO_Division":"RO- Mahalakshmi Layout","ward_ARO_Code":"17","ward_ARO_ Sub Division":"ARO- Nandhini Layout","ward_zone":"Zone1","ward_zone_name":"Rajarajeshwarinagar","ward_join_status":"matched","ward_spatial_match_count":1},"geometry":{"type":"Point","coordinates":[77.54431170000004,13.026089700000057,0]},"id":528},{"type":"Feature","properties":{"fid":529,"OBJECTID":529,"Name":"Placemark","FolderPath":"BBMP Toilets","SymbolID":0,"AltMode":-1,"Base":0,"Snippet":"","PopupInfo":"","HasLabel":-1,"LabelID":0,"ward_source_id":"ward_369_final.273","ward_source_Name":null,"ward_description":null,"ward_timestamp":null,"ward_begin":null,"ward_end":null,"ward_altitudeMode":null,"ward_tessellate":-1,"ward_extrude":0,"ward_visibility":-1,"ward_drawOrder":null,"ward_icon":null,"ward_Corporation":"Central","ward_corporation_kn":"ಕೇಂದ್ರ","ward_corporation_id":"1","ward_ac":"Gandhinagara","ward_ac_kn":"ಗಾಂಧಿನಗರ","ward_ac_no":"164","ward_Assembly":"164 - Gandhinagara","ward_id":"60","ward_name":"60 - Seshadripuram","ward_name_kn":"ಶೇಷಾದ್ರಿಪುರಂ","ward_TOT_P":"19052.0","ward_TOT_M":"9810.0","ward_TOT_F":"9242.0","ward_SC_P":"1790.0","ward_SC_M":"897.0","ward_SC_F":"893.0","ward_ST_P":"178.0","ward_ST_M":"93.0","ward_ST_F":"85.0","ward_low_range":"18853","ward_high_range":"28280","ward_RO_Code":"5","ward_RO_Division":"RO - Gandhinagara","ward_ARO_Code":"17","ward_ARO_ Sub Division":"ARO- Sheshadripuram","ward_zone":"Zone2","ward_zone_name":"Gandhinagara","ward_join_status":"matched","ward_spatial_match_count":1},"geometry":{"type":"Point","coordinates":[77.57430200000005,12.993943700000045,0]},"id":529},{"type":"Feature","properties":{"fid":530,"OBJECTID":530,"Name":"Placemark","FolderPath":"BBMP Toilets","SymbolID":0,"AltMode":-1,"Base":0,"Snippet":"","PopupInfo":"","HasLabel":-1,"LabelID":0,"ward_source_id":"ward_369_final.273","ward_source_Name":null,"ward_description":null,"ward_timestamp":null,"ward_begin":null,"ward_end":null,"ward_altitudeMode":null,"ward_tessellate":-1,"ward_extrude":0,"ward_visibility":-1,"ward_drawOrder":null,"ward_icon":null,"ward_Corporation":"Central","ward_corporation_kn":"ಕೇಂದ್ರ","ward_corporation_id":"1","ward_ac":"Gandhinagara","ward_ac_kn":"ಗಾಂಧಿನಗರ","ward_ac_no":"164","ward_Assembly":"164 - Gandhinagara","ward_id":"60","ward_name":"60 - Seshadripuram","ward_name_kn":"ಶೇಷಾದ್ರಿಪುರಂ","ward_TOT_P":"19052.0","ward_TOT_M":"9810.0","ward_TOT_F":"9242.0","ward_SC_P":"1790.0","ward_SC_M":"897.0","ward_SC_F":"893.0","ward_ST_P":"178.0","ward_ST_M":"93.0","ward_ST_F":"85.0","ward_low_range":"18853","ward_high_range":"28280","ward_RO_Code":"5","ward_RO_Division":"RO - Gandhinagara","ward_ARO_Code":"17","ward_ARO_ Sub Division":"ARO- Sheshadripuram","ward_zone":"Zone2","ward_zone_name":"Gandhinagara","ward_join_status":"matched","ward_spatial_match_count":1},"geometry":{"type":"Point","coordinates":[77.57602520000006,12.994417700000042,0]},"id":530},{"type":"Feature","properties":{"fid":531,"OBJECTID":531,"Name":"Placemark","FolderPath":"BBMP Toilets","SymbolID":0,"AltMode":-1,"Base":0,"Snippet":"","PopupInfo":"","HasLabel":-1,"LabelID":0,"ward_source_id":"ward_369_final.273","ward_source_Name":null,"ward_description":null,"ward_timestamp":null,"ward_begin":null,"ward_end":null,"ward_altitudeMode":null,"ward_tessellate":-1,"ward_extrude":0,"ward_visibility":-1,"ward_drawOrder":null,"ward_icon":null,"ward_Corporation":"Central","ward_corporation_kn":"ಕೇಂದ್ರ","ward_corporation_id":"1","ward_ac":"Gandhinagara","ward_ac_kn":"ಗಾಂಧಿನಗರ","ward_ac_no":"164","ward_Assembly":"164 - Gandhinagara","ward_id":"60","ward_name":"60 - Seshadripuram","ward_name_kn":"ಶೇಷಾದ್ರಿಪುರಂ","ward_TOT_P":"19052.0","ward_TOT_M":"9810.0","ward_TOT_F":"9242.0","ward_SC_P":"1790.0","ward_SC_M":"897.0","ward_SC_F":"893.0","ward_ST_P":"178.0","ward_ST_M":"93.0","ward_ST_F":"85.0","ward_low_range":"18853","ward_high_range":"28280","ward_RO_Code":"5","ward_RO_Division":"RO - Gandhinagara","ward_ARO_Code":"17","ward_ARO_ Sub Division":"ARO- Sheshadripuram","ward_zone":"Zone2","ward_zone_name":"Gandhinagara","ward_join_status":"matched","ward_spatial_match_count":1},"geometry":{"type":"Point","coordinates":[77.57606750000008,12.994296500000075,0]},"id":531},{"type":"Feature","properties":{"fid":532,"OBJECTID":532,"Name":"Placemark","FolderPath":"BBMP Toilets","SymbolID":0,"AltMode":-1,"Base":0,"Snippet":"","PopupInfo":"","HasLabel":-1,"LabelID":0,"ward_source_id":"ward_369_final.281","ward_source_Name":null,"ward_description":null,"ward_timestamp":null,"ward_begin":null,"ward_end":null,"ward_altitudeMode":null,"ward_tessellate":-1,"ward_extrude":0,"ward_visibility":-1,"ward_drawOrder":null,"ward_icon":null,"ward_Corporation":"Central","ward_corporation_kn":"ಕೇಂದ್ರ","ward_corporation_id":"1","ward_ac":"Gandhinagara","ward_ac_kn":"ಗಾಂಧಿನಗರ","ward_ac_no":"164","ward_Assembly":"164 - Gandhinagara","ward_id":"61","ward_name":"61 - Dattatreya Ward","ward_name_kn":"ದತ್ತಾತ್ರೇಯ ವಾರ್ಡ್","ward_TOT_P":"19627.0","ward_TOT_M":"9950.0","ward_TOT_F":"9677.0","ward_SC_P":"3220.0","ward_SC_M":"1611.0","ward_SC_F":"1609.0","ward_ST_P":"300.0","ward_ST_M":"147.0","ward_ST_F":"152.0","ward_low_range":"18853","ward_high_range":"28280","ward_RO_Code":"5","ward_RO_Division":"RO - Gandhinagara","ward_ARO_Code":"17","ward_ARO_ Sub Division":"ARO- Sheshadripuram","ward_zone":"Zone2","ward_zone_name":"Gandhinagara","ward_join_status":"matched","ward_spatial_match_count":1},"geometry":{"type":"Point","coordinates":[77.57522140000003,12.998133600000074,0]},"id":532},{"type":"Feature","properties":{"fid":533,"OBJECTID":533,"Name":"Placemark","FolderPath":"BBMP Toilets","SymbolID":0,"AltMode":-1,"Base":0,"Snippet":"","PopupInfo":"","HasLabel":-1,"LabelID":0,"ward_source_id":"ward_369_final.281","ward_source_Name":null,"ward_description":null,"ward_timestamp":null,"ward_begin":null,"ward_end":null,"ward_altitudeMode":null,"ward_tessellate":-1,"ward_extrude":0,"ward_visibility":-1,"ward_drawOrder":null,"ward_icon":null,"ward_Corporation":"Central","ward_corporation_kn":"ಕೇಂದ್ರ","ward_corporation_id":"1","ward_ac":"Gandhinagara","ward_ac_kn":"ಗಾಂಧಿನಗರ","ward_ac_no":"164","ward_Assembly":"164 - Gandhinagara","ward_id":"61","ward_name":"61 - Dattatreya Ward","ward_name_kn":"ದತ್ತಾತ್ರೇಯ ವಾರ್ಡ್","ward_TOT_P":"19627.0","ward_TOT_M":"9950.0","ward_TOT_F":"9677.0","ward_SC_P":"3220.0","ward_SC_M":"1611.0","ward_SC_F":"1609.0","ward_ST_P":"300.0","ward_ST_M":"147.0","ward_ST_F":"152.0","ward_low_range":"18853","ward_high_range":"28280","ward_RO_Code":"5","ward_RO_Division":"RO - Gandhinagara","ward_ARO_Code":"17","ward_ARO_ Sub Division":"ARO- Sheshadripuram","ward_zone":"Zone2","ward_zone_name":"Gandhinagara","ward_join_status":"matched","ward_spatial_match_count":1},"geometry":{"type":"Point","coordinates":[77.57600860000008,12.99792240000005,0]},"id":533},{"type":"Feature","properties":{"fid":534,"OBJECTID":534,"Name":"Placemark","FolderPath":"BBMP Toilets","SymbolID":0,"AltMode":-1,"Base":0,"Snippet":"","PopupInfo":"","HasLabel":-1,"LabelID":0,"ward_source_id":"ward_369_final.264","ward_source_Name":null,"ward_description":null,"ward_timestamp":null,"ward_begin":null,"ward_end":null,"ward_altitudeMode":null,"ward_tessellate":-1,"ward_extrude":0,"ward_visibility":-1,"ward_drawOrder":null,"ward_icon":null,"ward_Corporation":"Central","ward_corporation_kn":"ಕೇಂದ್ರ","ward_corporation_id":"1","ward_ac":"Shivajinagar","ward_ac_kn":"ಶಿವಾಜಿನಗರ","ward_ac_no":"162","ward_Assembly":"162 - Shivajinagar","ward_id":"1","ward_name":"1 - Ramaswamy Palya","ward_name_kn":"ರಾಮಸ್ವಾಮಿ ಪಾಳ್ಯ","ward_TOT_P":"26124.0","ward_TOT_M":"13164.0","ward_TOT_F":"12960.0","ward_SC_P":"3426.0","ward_SC_M":"1697.0","ward_SC_F":"1729.0","ward_ST_P":"235.0","ward_ST_M":"127.0","ward_ST_F":"107.0","ward_low_range":"18853","ward_high_range":"28280","ward_RO_Code":"7","ward_RO_Division":"RO- Shivajinagar","ward_ARO_Code":"23","ward_ARO_ Sub Division":"ARO- Shivajinagar","ward_zone":"Zone2","ward_zone_name":"Gandhinagara","ward_join_status":"matched","ward_spatial_match_count":1},"geometry":{"type":"Point","coordinates":[77.59590170000007,13.008620200000053,0]},"id":534},{"type":"Feature","properties":{"fid":535,"OBJECTID":535,"Name":"Placemark","FolderPath":"BBMP Toilets","SymbolID":0,"AltMode":-1,"Base":0,"Snippet":"","PopupInfo":"","HasLabel":-1,"LabelID":0,"ward_source_id":"ward_369_final.281","ward_source_Name":null,"ward_description":null,"ward_timestamp":null,"ward_begin":null,"ward_end":null,"ward_altitudeMode":null,"ward_tessellate":-1,"ward_extrude":0,"ward_visibility":-1,"ward_drawOrder":null,"ward_icon":null,"ward_Corporation":"Central","ward_corporation_kn":"ಕೇಂದ್ರ","ward_corporation_id":"1","ward_ac":"Gandhinagara","ward_ac_kn":"ಗಾಂಧಿನಗರ","ward_ac_no":"164","ward_Assembly":"164 - Gandhinagara","ward_id":"61","ward_name":"61 - Dattatreya Ward","ward_name_kn":"ದತ್ತಾತ್ರೇಯ ವಾರ್ಡ್","ward_TOT_P":"19627.0","ward_TOT_M":"9950.0","ward_TOT_F":"9677.0","ward_SC_P":"3220.0","ward_SC_M":"1611.0","ward_SC_F":"1609.0","ward_ST_P":"300.0","ward_ST_M":"147.0","ward_ST_F":"152.0","ward_low_range":"18853","ward_high_range":"28280","ward_RO_Code":"5","ward_RO_Division":"RO - Gandhinagara","ward_ARO_Code":"17","ward_ARO_ Sub Division":"ARO- Sheshadripuram","ward_zone":"Zone2","ward_zone_name":"Gandhinagara","ward_join_status":"matched","ward_spatial_match_count":1},"geometry":{"type":"Point","coordinates":[77.57344400000005,12.996906800000033,0]},"id":535},{"type":"Feature","properties":{"fid":536,"OBJECTID":536,"Name":"Placemark","FolderPath":"BBMP Toilets","SymbolID":0,"AltMode":-1,"Base":0,"Snippet":"","PopupInfo":"","HasLabel":-1,"LabelID":0,"ward_source_id":"ward_369_final.230","ward_source_Name":null,"ward_description":null,"ward_timestamp":null,"ward_begin":null,"ward_end":null,"ward_altitudeMode":null,"ward_tessellate":-1,"ward_extrude":0,"ward_visibility":-1,"ward_drawOrder":null,"ward_icon":null,"ward_Corporation":"East","ward_corporation_kn":"ಪೂರ್ವ","ward_corporation_id":"3","ward_ac":"Mahadevapura","ward_ac_kn":"ಮಹದೇವಪುರ","ward_ac_no":"174","ward_Assembly":"174 - Mahadevapura","ward_id":"34","ward_name":"34 - Kaveri Nagara","ward_name_kn":"ಕಾವೇರಿ ನಗರ","ward_TOT_P":"20959.0","ward_TOT_M":"11560.0","ward_TOT_F":"9399.0","ward_SC_P":"3849.0","ward_SC_M":"1996.0","ward_SC_F":"1853.0","ward_ST_P":"603.0","ward_ST_M":"350.0","ward_ST_F":"253.0","ward_low_range":"14567","ward_high_range":"21851","ward_RO_Code":"7","ward_RO_Division":"RO- Marathahalli","ward_ARO_Code":"20","ward_ARO_ Sub Division":"ARO- Garudacharpalya","ward_zone":"Zone1","ward_zone_name":"Mahadevapura","ward_join_status":"matched","ward_spatial_match_count":1},"geometry":{"type":"Point","coordinates":[77.71582500000005,12.992155000000025,0]},"id":536},{"type":"Feature","properties":{"fid":537,"OBJECTID":537,"Name":"Placemark","FolderPath":"BBMP Toilets","SymbolID":0,"AltMode":-1,"Base":0,"Snippet":"","PopupInfo":"","HasLabel":-1,"LabelID":0,"ward_source_id":"ward_369_final.369","ward_source_Name":null,"ward_description":null,"ward_timestamp":null,"ward_begin":null,"ward_end":null,"ward_altitudeMode":null,"ward_tessellate":-1,"ward_extrude":0,"ward_visibility":-1,"ward_drawOrder":null,"ward_icon":null,"ward_Corporation":"West","ward_corporation_kn":"ಪಶ್ಚಿಮ","ward_corporation_id":"5","ward_ac":"Rajajinagar","ward_ac_kn":"ರಾಜಾಜಿನಗರ","ward_ac_no":"165","ward_Assembly":"165 - Rajajinagar","ward_id":"61","ward_name":"61 - Da.Ra. Bendre Ward","ward_name_kn":"ದ.ರಾ.ಬೇಂದ್ರೆ ವಾರ್ಡ್","ward_TOT_P":"20756.0","ward_TOT_M":"10743.0","ward_TOT_F":"10013.0","ward_SC_P":"1397.0","ward_SC_M":"705.0","ward_SC_F":"692.0","ward_ST_P":"170.0","ward_ST_M":"88.0","ward_ST_F":"81.0","ward_low_range":"18949","ward_high_range":"28424","ward_RO_Code":"9","ward_RO_Division":"RO- Rajajinagara","ward_ARO_Code":"30","ward_ARO_ Sub Division":"ARO- Rama Mandira","ward_zone":"Zone2","ward_zone_name":"Malleshwaram","ward_join_status":"matched","ward_spatial_match_count":1},"geometry":{"type":"Point","coordinates":[77.55924250000004,12.988896400000044,0]},"id":537},{"type":"Feature","properties":{"fid":538,"OBJECTID":538,"Name":"Placemark","FolderPath":"BBMP Toilets","SymbolID":0,"AltMode":-1,"Base":0,"Snippet":"","PopupInfo":"","HasLabel":-1,"LabelID":0,"ward_source_id":"ward_369_final.263","ward_source_Name":null,"ward_description":null,"ward_timestamp":null,"ward_begin":null,"ward_end":null,"ward_altitudeMode":null,"ward_tessellate":-1,"ward_extrude":0,"ward_visibility":-1,"ward_drawOrder":null,"ward_icon":null,"ward_Corporation":"West","ward_corporation_kn":"ಪಶ್ಚಿಮ","ward_corporation_id":"5","ward_ac":"Rajajinagar","ward_ac_kn":"ರಾಜಾಜಿನಗರ","ward_ac_no":"165","ward_Assembly":"165 - Rajajinagar","ward_id":"60","ward_name":"60 - Prakash Nagara","ward_name_kn":"ಪ್ರಕಾಶ ನಗರ","ward_TOT_P":"19859.0","ward_TOT_M":"10133.0","ward_TOT_F":"9726.0","ward_SC_P":"1588.0","ward_SC_M":"798.0","ward_SC_F":"790.0","ward_ST_P":"138.0","ward_ST_M":"71.0","ward_ST_F":"68.0","ward_low_range":"18949","ward_high_range":"28424","ward_RO_Code":"9","ward_RO_Division":"RO- Rajajinagara","ward_ARO_Code":"28","ward_ARO_ Sub Division":"ARO- Prakash Nagara","ward_zone":"Zone2","ward_zone_name":"Malleshwaram","ward_join_status":"matched","ward_spatial_match_count":1},"geometry":{"type":"Point","coordinates":[77.55636850000008,12.99854270000003,0]},"id":538},{"type":"Feature","properties":{"fid":539,"OBJECTID":539,"Name":"Placemark","FolderPath":"BBMP Toilets","SymbolID":0,"AltMode":-1,"Base":0,"Snippet":"","PopupInfo":"","HasLabel":-1,"LabelID":0,"ward_source_id":"ward_369_final.207","ward_source_Name":null,"ward_description":null,"ward_timestamp":null,"ward_begin":null,"ward_end":null,"ward_altitudeMode":null,"ward_tessellate":-1,"ward_extrude":0,"ward_visibility":-1,"ward_drawOrder":null,"ward_icon":null,"ward_Corporation":"East","ward_corporation_kn":"ಪೂರ್ವ","ward_corporation_id":"3","ward_ac":"Mahadevapura","ward_ac_kn":"ಮಹದೇವಪುರ","ward_ac_no":"174","ward_Assembly":"174 - Mahadevapura","ward_id":"29","ward_name":"29 - Hoodi","ward_name_kn":"ಹೂಡಿ","ward_TOT_P":"20699.0","ward_TOT_M":"12317.0","ward_TOT_F":"8382.0","ward_SC_P":"2088.0","ward_SC_M":"1125.0","ward_SC_F":"963.0","ward_ST_P":"462.0","ward_ST_M":"270.0","ward_ST_F":"192.0","ward_low_range":"14567","ward_high_range":"21851","ward_RO_Code":"6","ward_RO_Division":"RO- Hoodi","ward_ARO_Code":"16","ward_ARO_ Sub Division":"ARO- Hoodi","ward_zone":"Zone1","ward_zone_name":"Mahadevapura","ward_join_status":"matched","ward_spatial_match_count":1},"geometry":{"type":"Point","coordinates":[77.72164000000004,12.991205000000036,0]},"id":539},{"type":"Feature","properties":{"fid":540,"OBJECTID":540,"Name":"Placemark","FolderPath":"BBMP Toilets","SymbolID":0,"AltMode":-1,"Base":0,"Snippet":"","PopupInfo":"","HasLabel":-1,"LabelID":0,"ward_source_id":"ward_369_final.151","ward_source_Name":null,"ward_description":null,"ward_timestamp":null,"ward_begin":null,"ward_end":null,"ward_altitudeMode":null,"ward_tessellate":-1,"ward_extrude":0,"ward_visibility":-1,"ward_drawOrder":null,"ward_icon":null,"ward_Corporation":"South","ward_corporation_kn":"ದಕ್ಷಿಣ","ward_corporation_id":"4","ward_ac":"Bommanahalli","ward_ac_kn":"ಬೊಮ್ಮನಹಳ್ಳಿ","ward_ac_no":"175","ward_Assembly":"175 - Bommanahalli","ward_id":"72","ward_name":"72 - HSR Layout","ward_name_kn":"ಎಚ್‌ಎಸ್‌ಆರ್ ಲೇಔಟ್","ward_TOT_P":"18787.0","ward_TOT_M":"9747.0","ward_TOT_F":"9040.0","ward_SC_P":"1304.0","ward_SC_M":"681.0","ward_SC_F":"623.0","ward_ST_P":"297.0","ward_ST_M":"149.0","ward_ST_F":"148.0","ward_low_range":"18594","ward_high_range":"27891","ward_RO_Code":"1","ward_RO_Division":"RO- HSR Layout","ward_ARO_Code":"21","ward_ARO_ Sub Division":"ARO- HSR Layout","ward_zone":"Zone2","ward_zone_name":"Bommanahalli","ward_join_status":"matched","ward_spatial_match_count":1},"geometry":{"type":"Point","coordinates":[77.64469260000004,12.924131600000067,0]},"id":540},{"type":"Feature","properties":{"fid":541,"OBJECTID":541,"Name":"Placemark","FolderPath":"BBMP Toilets","SymbolID":0,"AltMode":-1,"Base":0,"Snippet":"","PopupInfo":"","HasLabel":-1,"LabelID":0,"ward_source_id":"ward_369_final.151","ward_source_Name":null,"ward_description":null,"ward_timestamp":null,"ward_begin":null,"ward_end":null,"ward_altitudeMode":null,"ward_tessellate":-1,"ward_extrude":0,"ward_visibility":-1,"ward_drawOrder":null,"ward_icon":null,"ward_Corporation":"South","ward_corporation_kn":"ದಕ್ಷಿಣ","ward_corporation_id":"4","ward_ac":"Bommanahalli","ward_ac_kn":"ಬೊಮ್ಮನಹಳ್ಳಿ","ward_ac_no":"175","ward_Assembly":"175 - Bommanahalli","ward_id":"72","ward_name":"72 - HSR Layout","ward_name_kn":"ಎಚ್‌ಎಸ್‌ಆರ್ ಲೇಔಟ್","ward_TOT_P":"18787.0","ward_TOT_M":"9747.0","ward_TOT_F":"9040.0","ward_SC_P":"1304.0","ward_SC_M":"681.0","ward_SC_F":"623.0","ward_ST_P":"297.0","ward_ST_M":"149.0","ward_ST_F":"148.0","ward_low_range":"18594","ward_high_range":"27891","ward_RO_Code":"1","ward_RO_Division":"RO- HSR Layout","ward_ARO_Code":"21","ward_ARO_ Sub Division":"ARO- HSR Layout","ward_zone":"Zone2","ward_zone_name":"Bommanahalli","ward_join_status":"matched","ward_spatial_match_count":1},"geometry":{"type":"Point","coordinates":[77.64013590000008,12.923610500000052,0]},"id":541},{"type":"Feature","properties":{"fid":542,"OBJECTID":542,"Name":"Placemark","FolderPath":"BBMP Toilets","SymbolID":0,"AltMode":-1,"Base":0,"Snippet":"","PopupInfo":"","HasLabel":-1,"LabelID":0,"ward_source_id":"ward_369_final.207","ward_source_Name":null,"ward_description":null,"ward_timestamp":null,"ward_begin":null,"ward_end":null,"ward_altitudeMode":null,"ward_tessellate":-1,"ward_extrude":0,"ward_visibility":-1,"ward_drawOrder":null,"ward_icon":null,"ward_Corporation":"East","ward_corporation_kn":"ಪೂರ್ವ","ward_corporation_id":"3","ward_ac":"Mahadevapura","ward_ac_kn":"ಮಹದೇವಪುರ","ward_ac_no":"174","ward_Assembly":"174 - Mahadevapura","ward_id":"29","ward_name":"29 - Hoodi","ward_name_kn":"ಹೂಡಿ","ward_TOT_P":"20699.0","ward_TOT_M":"12317.0","ward_TOT_F":"8382.0","ward_SC_P":"2088.0","ward_SC_M":"1125.0","ward_SC_F":"963.0","ward_ST_P":"462.0","ward_ST_M":"270.0","ward_ST_F":"192.0","ward_low_range":"14567","ward_high_range":"21851","ward_RO_Code":"6","ward_RO_Division":"RO- Hoodi","ward_ARO_Code":"16","ward_ARO_ Sub Division":"ARO- Hoodi","ward_zone":"Zone1","ward_zone_name":"Mahadevapura","ward_join_status":"matched","ward_spatial_match_count":1},"geometry":{"type":"Point","coordinates":[77.71206000000006,13.004225000000076,0]},"id":542},{"type":"Feature","properties":{"fid":543,"OBJECTID":543,"Name":"Placemark","FolderPath":"BBMP Toilets","SymbolID":0,"AltMode":-1,"Base":0,"Snippet":"","PopupInfo":"","HasLabel":-1,"LabelID":0,"ward_source_id":"ward_369_final.95","ward_source_Name":null,"ward_description":null,"ward_timestamp":null,"ward_begin":null,"ward_end":null,"ward_altitudeMode":null,"ward_tessellate":-1,"ward_extrude":0,"ward_visibility":-1,"ward_drawOrder":null,"ward_icon":null,"ward_Corporation":"South","ward_corporation_kn":"ದಕ್ಷಿಣ","ward_corporation_id":"4","ward_ac":"Jayanagar","ward_ac_kn":"ಜಯನಗರ","ward_ac_no":"173","ward_Assembly":"173 - Jayanagar","ward_id":"14","ward_name":"14 - J.P Nagar","ward_name_kn":"ಜೆ.ಪಿ. ನಗರ","ward_TOT_P":"22264.0","ward_TOT_M":"11250.0","ward_TOT_F":"11015.0","ward_SC_P":"1995.0","ward_SC_M":"966.0","ward_SC_F":"1029.0","ward_ST_P":"173.0","ward_ST_M":"89.0","ward_ST_F":"84.0","ward_low_range":"18594","ward_high_range":"27891","ward_RO_Code":"10","ward_RO_Division":"RO- JP Nagar","ward_ARO_Code":"26","ward_ARO_ Sub Division":"ARO- JP Nagar","ward_zone":"Zone1","ward_zone_name":"Jayanagar","ward_join_status":"matched","ward_spatial_match_count":1},"geometry":{"type":"Point","coordinates":[77.60116980000004,12.904289500000061,0]},"id":543},{"type":"Feature","properties":{"fid":544,"OBJECTID":544,"Name":"Placemark","FolderPath":"BBMP Toilets","SymbolID":0,"AltMode":-1,"Base":0,"Snippet":"","PopupInfo":"","HasLabel":-1,"LabelID":0,"ward_source_id":"ward_369_final.22","ward_source_Name":null,"ward_description":null,"ward_timestamp":null,"ward_begin":null,"ward_end":null,"ward_altitudeMode":null,"ward_tessellate":-1,"ward_extrude":0,"ward_visibility":-1,"ward_drawOrder":null,"ward_icon":null,"ward_Corporation":"West","ward_corporation_kn":"ಪಶ್ಚಿಮ","ward_corporation_id":"5","ward_ac":"Yeshwanthapura","ward_ac_kn":"ಯಶವಂತಪುರ","ward_ac_no":"153","ward_Assembly":"153 - Yeshwanthapura","ward_id":"20","ward_name":"20 - Kengeri Kote ward","ward_name_kn":"ಕೆಂಗೇರಿ ಕೋಟೆ ವಾರ್ಡ್","ward_TOT_P":"19339.0","ward_TOT_M":"9841.0","ward_TOT_F":"9499.0","ward_SC_P":"2048.0","ward_SC_M":"968.0","ward_SC_F":"1081.0","ward_ST_P":"336.0","ward_ST_M":"170.0","ward_ST_F":"166.0","ward_low_range":"18949","ward_high_range":"28424","ward_RO_Code":"15","ward_RO_Division":"RO- Kengeri","ward_ARO_Code":"43","ward_ARO_ Sub Division":"ARO- Hemmigepura","ward_zone":"Zone1","ward_zone_name":"Rajarajeshwarinagar","ward_join_status":"matched","ward_spatial_match_count":1},"geometry":{"type":"Point","coordinates":[77.48416130000004,12.909999200000073,0]},"id":544},{"type":"Feature","properties":{"fid":545,"OBJECTID":545,"Name":"Placemark","FolderPath":"BBMP Toilets","SymbolID":0,"AltMode":-1,"Base":0,"Snippet":"","PopupInfo":"","HasLabel":-1,"LabelID":0,"ward_source_id":"ward_369_final.22","ward_source_Name":null,"ward_description":null,"ward_timestamp":null,"ward_begin":null,"ward_end":null,"ward_altitudeMode":null,"ward_tessellate":-1,"ward_extrude":0,"ward_visibility":-1,"ward_drawOrder":null,"ward_icon":null,"ward_Corporation":"West","ward_corporation_kn":"ಪಶ್ಚಿಮ","ward_corporation_id":"5","ward_ac":"Yeshwanthapura","ward_ac_kn":"ಯಶವಂತಪುರ","ward_ac_no":"153","ward_Assembly":"153 - Yeshwanthapura","ward_id":"20","ward_name":"20 - Kengeri Kote ward","ward_name_kn":"ಕೆಂಗೇರಿ ಕೋಟೆ ವಾರ್ಡ್","ward_TOT_P":"19339.0","ward_TOT_M":"9841.0","ward_TOT_F":"9499.0","ward_SC_P":"2048.0","ward_SC_M":"968.0","ward_SC_F":"1081.0","ward_ST_P":"336.0","ward_ST_M":"170.0","ward_ST_F":"166.0","ward_low_range":"18949","ward_high_range":"28424","ward_RO_Code":"15","ward_RO_Division":"RO- Kengeri","ward_ARO_Code":"43","ward_ARO_ Sub Division":"ARO- Hemmigepura","ward_zone":"Zone1","ward_zone_name":"Rajarajeshwarinagar","ward_join_status":"matched","ward_spatial_match_count":1},"geometry":{"type":"Point","coordinates":[77.48354370000004,12.910350700000038,0]},"id":545},{"type":"Feature","properties":{"fid":546,"OBJECTID":546,"Name":"Placemark","FolderPath":"BBMP Toilets","SymbolID":0,"AltMode":-1,"Base":0,"Snippet":"","PopupInfo":"","HasLabel":-1,"LabelID":0,"ward_source_id":"ward_369_final.22","ward_source_Name":null,"ward_description":null,"ward_timestamp":null,"ward_begin":null,"ward_end":null,"ward_altitudeMode":null,"ward_tessellate":-1,"ward_extrude":0,"ward_visibility":-1,"ward_drawOrder":null,"ward_icon":null,"ward_Corporation":"West","ward_corporation_kn":"ಪಶ್ಚಿಮ","ward_corporation_id":"5","ward_ac":"Yeshwanthapura","ward_ac_kn":"ಯಶವಂತಪುರ","ward_ac_no":"153","ward_Assembly":"153 - Yeshwanthapura","ward_id":"20","ward_name":"20 - Kengeri Kote ward","ward_name_kn":"ಕೆಂಗೇರಿ ಕೋಟೆ ವಾರ್ಡ್","ward_TOT_P":"19339.0","ward_TOT_M":"9841.0","ward_TOT_F":"9499.0","ward_SC_P":"2048.0","ward_SC_M":"968.0","ward_SC_F":"1081.0","ward_ST_P":"336.0","ward_ST_M":"170.0","ward_ST_F":"166.0","ward_low_range":"18949","ward_high_range":"28424","ward_RO_Code":"15","ward_RO_Division":"RO- Kengeri","ward_ARO_Code":"43","ward_ARO_ Sub Division":"ARO- Hemmigepura","ward_zone":"Zone1","ward_zone_name":"Rajarajeshwarinagar","ward_join_status":"matched","ward_spatial_match_count":1},"geometry":{"type":"Point","coordinates":[77.46465160000008,12.898476800000026,0]},"id":546},{"type":"Feature","properties":{"fid":547,"OBJECTID":547,"Name":"Placemark","FolderPath":"BBMP Toilets","SymbolID":0,"AltMode":-1,"Base":0,"Snippet":"","PopupInfo":"","HasLabel":-1,"LabelID":0,"ward_source_id":"ward_369_final.201","ward_source_Name":null,"ward_description":null,"ward_timestamp":null,"ward_begin":null,"ward_end":null,"ward_altitudeMode":null,"ward_tessellate":-1,"ward_extrude":0,"ward_visibility":-1,"ward_drawOrder":null,"ward_icon":null,"ward_Corporation":"East","ward_corporation_kn":"ಪೂರ್ವ","ward_corporation_id":"3","ward_ac":"K.R. Pura","ward_ac_kn":"ಕೆ.ಆರ್. ಪುರ","ward_ac_no":"151","ward_Assembly":"151 - K.R. Pura","ward_id":"20","ward_name":"20 - A Narayanapura","ward_name_kn":"ಎ ನಾರಾಯಣಪುರ","ward_TOT_P":"21640.0","ward_TOT_M":"11539.0","ward_TOT_F":"10100.0","ward_SC_P":"5958.0","ward_SC_M":"3014.0","ward_SC_F":"2944.0","ward_ST_P":"299.0","ward_ST_M":"158.0","ward_ST_F":"140.0","ward_low_range":"14567","ward_high_range":"21851","ward_RO_Code":"3","ward_RO_Division":"RO- Ramamurthy Nagara","ward_ARO_Code":"7","ward_ARO_ Sub Division":"ARO- A Narayanapura","ward_zone":"Zone2","ward_zone_name":"K.R. Pura","ward_join_status":"matched","ward_spatial_match_count":1},"geometry":{"type":"Point","coordinates":[77.68792180000008,12.998491100000024,0]},"id":547},{"type":"Feature","properties":{"fid":548,"OBJECTID":548,"Name":"Placemark","FolderPath":"BBMP Toilets","SymbolID":0,"AltMode":-1,"Base":0,"Snippet":"","PopupInfo":"","HasLabel":-1,"LabelID":0,"ward_source_id":"ward_369_final.151","ward_source_Name":null,"ward_description":null,"ward_timestamp":null,"ward_begin":null,"ward_end":null,"ward_altitudeMode":null,"ward_tessellate":-1,"ward_extrude":0,"ward_visibility":-1,"ward_drawOrder":null,"ward_icon":null,"ward_Corporation":"South","ward_corporation_kn":"ದಕ್ಷಿಣ","ward_corporation_id":"4","ward_ac":"Bommanahalli","ward_ac_kn":"ಬೊಮ್ಮನಹಳ್ಳಿ","ward_ac_no":"175","ward_Assembly":"175 - Bommanahalli","ward_id":"72","ward_name":"72 - HSR Layout","ward_name_kn":"ಎಚ್‌ಎಸ್‌ಆರ್ ಲೇಔಟ್","ward_TOT_P":"18787.0","ward_TOT_M":"9747.0","ward_TOT_F":"9040.0","ward_SC_P":"1304.0","ward_SC_M":"681.0","ward_SC_F":"623.0","ward_ST_P":"297.0","ward_ST_M":"149.0","ward_ST_F":"148.0","ward_low_range":"18594","ward_high_range":"27891","ward_RO_Code":"1","ward_RO_Division":"RO- HSR Layout","ward_ARO_Code":"21","ward_ARO_ Sub Division":"ARO- HSR Layout","ward_zone":"Zone2","ward_zone_name":"Bommanahalli","ward_join_status":"matched","ward_spatial_match_count":1},"geometry":{"type":"Point","coordinates":[77.63892560000005,12.91640330000007,0]},"id":548},{"type":"Feature","properties":{"fid":549,"OBJECTID":549,"Name":"Placemark","FolderPath":"BBMP Toilets","SymbolID":0,"AltMode":-1,"Base":0,"Snippet":"","PopupInfo":"","HasLabel":-1,"LabelID":0,"ward_source_id":"ward_369_final.236","ward_source_Name":null,"ward_description":null,"ward_timestamp":null,"ward_begin":null,"ward_end":null,"ward_altitudeMode":null,"ward_tessellate":-1,"ward_extrude":0,"ward_visibility":-1,"ward_drawOrder":null,"ward_icon":null,"ward_Corporation":"East","ward_corporation_kn":"ಪೂರ್ವ","ward_corporation_id":"3","ward_ac":"K.R. Pura","ward_ac_kn":"ಕೆ.ಆರ್. ಪುರ","ward_ac_no":"151","ward_Assembly":"151 - K.R. Pura","ward_id":"13","ward_name":"13 - Rajarajeshwari Temple ward","ward_name_kn":"ರಾಜರಾಜೇಶ್ವರಿ ದೇವಸ್ಥಾನ ವಾರ್ಡ್","ward_TOT_P":"17539.0","ward_TOT_M":"9390.0","ward_TOT_F":"8149.0","ward_SC_P":"1608.0","ward_SC_M":"857.0","ward_SC_F":"751.0","ward_ST_P":"438.0","ward_ST_M":"247.0","ward_ST_F":"190.0","ward_low_range":"14567","ward_high_range":"21851","ward_RO_Code":"2","ward_RO_Division":"RO- KR Pura","ward_ARO_Code":"6","ward_ARO_ Sub Division":"ARO- KR Pura","ward_zone":"Zone2","ward_zone_name":"K.R. Pura","ward_join_status":"matched","ward_spatial_match_count":1},"geometry":{"type":"Point","coordinates":[77.69184560000008,13.007558900000049,0]},"id":549},{"type":"Feature","properties":{"fid":550,"OBJECTID":550,"Name":"Placemark","FolderPath":"BBMP Toilets","SymbolID":0,"AltMode":-1,"Base":0,"Snippet":"","PopupInfo":"","HasLabel":-1,"LabelID":0,"ward_source_id":"ward_369_final.240","ward_source_Name":null,"ward_description":null,"ward_timestamp":null,"ward_begin":null,"ward_end":null,"ward_altitudeMode":null,"ward_tessellate":-1,"ward_extrude":0,"ward_visibility":-1,"ward_drawOrder":null,"ward_icon":null,"ward_Corporation":"East","ward_corporation_kn":"ಪೂರ್ವ","ward_corporation_id":"3","ward_ac":"K.R. Pura","ward_ac_kn":"ಕೆ.ಆರ್. ಪುರ","ward_ac_no":"151","ward_Assembly":"151 - K.R. Pura","ward_id":"12","ward_name":"12 - Devasandra","ward_name_kn":"ದೇವಸಂದ್ರ","ward_TOT_P":"14990.0","ward_TOT_M":"7854.0","ward_TOT_F":"7136.0","ward_SC_P":"1626.0","ward_SC_M":"843.0","ward_SC_F":"783.0","ward_ST_P":"325.0","ward_ST_M":"163.0","ward_ST_F":"161.0","ward_low_range":"14567","ward_high_range":"21851","ward_RO_Code":"2","ward_RO_Division":"RO- KR Pura","ward_ARO_Code":"4","ward_ARO_ Sub Division":"ARO- Basavanapura","ward_zone":"Zone2","ward_zone_name":"K.R. Pura","ward_join_status":"matched","ward_spatial_match_count":1},"geometry":{"type":"Point","coordinates":[77.69687800000008,12.997257900000022,0]},"id":550},{"type":"Feature","properties":{"fid":551,"OBJECTID":551,"Name":"Placemark","FolderPath":"BBMP Toilets","SymbolID":0,"AltMode":-1,"Base":0,"Snippet":"","PopupInfo":"","HasLabel":-1,"LabelID":0,"ward_source_id":"ward_369_final.179","ward_source_Name":null,"ward_description":null,"ward_timestamp":null,"ward_begin":null,"ward_end":null,"ward_altitudeMode":null,"ward_tessellate":-1,"ward_extrude":0,"ward_visibility":-1,"ward_drawOrder":null,"ward_icon":null,"ward_Corporation":"North","ward_corporation_kn":"ಉತ್ತರ","ward_corporation_id":"2","ward_ac":"Pulakeshinagar","ward_ac_kn":"ಪುಲಕೇಶಿನಗರ","ward_ac_no":"159","ward_Assembly":"159 - Pulakeshinagar","ward_id":"43","ward_name":"43 - Varalakshmi Nagar","ward_name_kn":"ವರಲಕ್ಷ್ಮಿ ನಗರ","ward_TOT_P":"26578.0","ward_TOT_M":"13527.0","ward_TOT_F":"13052.0","ward_SC_P":"2711.0","ward_SC_M":"1363.0","ward_SC_F":"1348.0","ward_ST_P":"237.0","ward_ST_M":"116.0","ward_ST_F":"121.0","ward_low_range":"19943","ward_high_range":"29914","ward_RO_Code":"6","ward_RO_Division":"RO- Kavalbyrasandra","ward_ARO_Code":"16","ward_ARO_ Sub Division":"ARO- Varalakshmi Nagar","ward_zone":"Zone1","ward_zone_name":"Byatarayanapura","ward_join_status":"matched","ward_spatial_match_count":1},"geometry":{"type":"Point","coordinates":[77.60377280000006,13.026458500000047,0]},"id":551},{"type":"Feature","properties":{"fid":552,"OBJECTID":552,"Name":"Placemark","FolderPath":"BBMP Toilets","SymbolID":0,"AltMode":-1,"Base":0,"Snippet":"","PopupInfo":"","HasLabel":-1,"LabelID":0,"ward_source_id":"ward_369_final.355","ward_source_Name":null,"ward_description":null,"ward_timestamp":null,"ward_begin":null,"ward_end":null,"ward_altitudeMode":null,"ward_tessellate":-1,"ward_extrude":0,"ward_visibility":-1,"ward_drawOrder":null,"ward_icon":null,"ward_Corporation":"West","ward_corporation_kn":"ಪಶ್ಚಿಮ","ward_corporation_id":"5","ward_ac":"Malleshwaram","ward_ac_kn":"ಮಲ್ಲೇಶ್ವರಂ","ward_ac_no":"157","ward_Assembly":"157 - Malleshwaram","ward_id":"53","ward_name":"53 - Malleshwaram","ward_name_kn":"ಮಲ್ಲೇಶ್ವರಂ","ward_TOT_P":"21827.0","ward_TOT_M":"10665.0","ward_TOT_F":"11162.0","ward_SC_P":"479.0","ward_SC_M":"231.0","ward_SC_F":"248.0","ward_ST_P":"194.0","ward_ST_M":"97.0","ward_ST_F":"97.0","ward_low_range":"18949","ward_high_range":"28424","ward_RO_Code":"6","ward_RO_Division":"RO- Malleshwaram","ward_ARO_Code":"19","ward_ARO_ Sub Division":"ARO- Malleshwaram","ward_zone":"Zone2","ward_zone_name":"Malleshwaram","ward_join_status":"matched","ward_spatial_match_count":1},"geometry":{"type":"Point","coordinates":[77.56312240000005,13.009328800000048,0]},"id":552},{"type":"Feature","properties":{"fid":553,"OBJECTID":553,"Name":"Placemark","FolderPath":"BBMP Toilets","SymbolID":0,"AltMode":-1,"Base":0,"Snippet":"","PopupInfo":"","HasLabel":-1,"LabelID":0,"ward_source_id":"ward_369_final.330","ward_source_Name":null,"ward_description":null,"ward_timestamp":null,"ward_begin":null,"ward_end":null,"ward_altitudeMode":null,"ward_tessellate":-1,"ward_extrude":0,"ward_visibility":-1,"ward_drawOrder":null,"ward_icon":null,"ward_Corporation":"West","ward_corporation_kn":"ಪಶ್ಚಿಮ","ward_corporation_id":"5","ward_ac":"Padmanabanagar","ward_ac_kn":"ಪದ್ಮನಾಭನಗರ","ward_ac_no":"171","ward_Assembly":"171 - Padmanabanagar","ward_id":"105","ward_name":"105 - Yediyuru","ward_name_kn":"ಯಡಿಯೂರು","ward_TOT_P":"23023.0","ward_TOT_M":"11598.0","ward_TOT_F":"11425.0","ward_SC_P":"574.0","ward_SC_M":"297.0","ward_SC_F":"277.0","ward_ST_P":"411.0","ward_ST_M":"191.0","ward_ST_F":"220.0","ward_low_range":"18949","ward_high_range":"28424","ward_RO_Code":"7","ward_RO_Division":"RO- Yediyuru","ward_ARO_Code":"25","ward_ARO_ Sub Division":"ARO- Yediyuru","ward_zone":"Zone1","ward_zone_name":"Rajarajeshwarinagar","ward_join_status":"matched","ward_spatial_match_count":1},"geometry":{"type":"Point","coordinates":[77.58042040000004,12.933046800000056,0]},"id":553},{"type":"Feature","properties":{"fid":554,"OBJECTID":554,"Name":"Placemark","FolderPath":"BBMP Toilets","SymbolID":0,"AltMode":-1,"Base":0,"Snippet":"","PopupInfo":"","HasLabel":-1,"LabelID":0,"ward_source_id":"ward_369_final.330","ward_source_Name":null,"ward_description":null,"ward_timestamp":null,"ward_begin":null,"ward_end":null,"ward_altitudeMode":null,"ward_tessellate":-1,"ward_extrude":0,"ward_visibility":-1,"ward_drawOrder":null,"ward_icon":null,"ward_Corporation":"West","ward_corporation_kn":"ಪಶ್ಚಿಮ","ward_corporation_id":"5","ward_ac":"Padmanabanagar","ward_ac_kn":"ಪದ್ಮನಾಭನಗರ","ward_ac_no":"171","ward_Assembly":"171 - Padmanabanagar","ward_id":"105","ward_name":"105 - Yediyuru","ward_name_kn":"ಯಡಿಯೂರು","ward_TOT_P":"23023.0","ward_TOT_M":"11598.0","ward_TOT_F":"11425.0","ward_SC_P":"574.0","ward_SC_M":"297.0","ward_SC_F":"277.0","ward_ST_P":"411.0","ward_ST_M":"191.0","ward_ST_F":"220.0","ward_low_range":"18949","ward_high_range":"28424","ward_RO_Code":"7","ward_RO_Division":"RO- Yediyuru","ward_ARO_Code":"25","ward_ARO_ Sub Division":"ARO- Yediyuru","ward_zone":"Zone1","ward_zone_name":"Rajarajeshwarinagar","ward_join_status":"matched","ward_spatial_match_count":1},"geometry":{"type":"Point","coordinates":[77.58051820000003,12.933708300000035,0]},"id":554},{"type":"Feature","properties":{"fid":555,"OBJECTID":555,"Name":"Placemark","FolderPath":"BBMP Toilets","SymbolID":0,"AltMode":-1,"Base":0,"Snippet":"","PopupInfo":"","HasLabel":-1,"LabelID":0,"ward_source_id":"ward_369_final.330","ward_source_Name":null,"ward_description":null,"ward_timestamp":null,"ward_begin":null,"ward_end":null,"ward_altitudeMode":null,"ward_tessellate":-1,"ward_extrude":0,"ward_visibility":-1,"ward_drawOrder":null,"ward_icon":null,"ward_Corporation":"West","ward_corporation_kn":"ಪಶ್ಚಿಮ","ward_corporation_id":"5","ward_ac":"Padmanabanagar","ward_ac_kn":"ಪದ್ಮನಾಭನಗರ","ward_ac_no":"171","ward_Assembly":"171 - Padmanabanagar","ward_id":"105","ward_name":"105 - Yediyuru","ward_name_kn":"ಯಡಿಯೂರು","ward_TOT_P":"23023.0","ward_TOT_M":"11598.0","ward_TOT_F":"11425.0","ward_SC_P":"574.0","ward_SC_M":"297.0","ward_SC_F":"277.0","ward_ST_P":"411.0","ward_ST_M":"191.0","ward_ST_F":"220.0","ward_low_range":"18949","ward_high_range":"28424","ward_RO_Code":"7","ward_RO_Division":"RO- Yediyuru","ward_ARO_Code":"25","ward_ARO_ Sub Division":"ARO- Yediyuru","ward_zone":"Zone1","ward_zone_name":"Rajarajeshwarinagar","ward_join_status":"matched","ward_spatial_match_count":1},"geometry":{"type":"Point","coordinates":[77.57966180000005,12.934268300000042,0]},"id":555},{"type":"Feature","properties":{"fid":556,"OBJECTID":556,"Name":"Placemark","FolderPath":"BBMP Toilets","SymbolID":0,"AltMode":-1,"Base":0,"Snippet":"","PopupInfo":"","HasLabel":-1,"LabelID":0,"ward_source_id":"ward_369_final.127","ward_source_Name":null,"ward_description":null,"ward_timestamp":null,"ward_begin":null,"ward_end":null,"ward_altitudeMode":null,"ward_tessellate":-1,"ward_extrude":0,"ward_visibility":-1,"ward_drawOrder":null,"ward_icon":null,"ward_Corporation":"North","ward_corporation_kn":"ಉತ್ತರ","ward_corporation_id":"2","ward_ac":"Pulakeshinagar","ward_ac_kn":"ಪುಲಕೇಶಿನಗರ","ward_ac_no":"159","ward_Assembly":"159 - Pulakeshinagar","ward_id":"39","ward_name":"39 - Kaval Byrasandra","ward_name_kn":"ಕಾವಲ್ ಬೈರಸಂದ್ರ","ward_TOT_P":"21965.0","ward_TOT_M":"11183.0","ward_TOT_F":"10781.0","ward_SC_P":"2529.0","ward_SC_M":"1280.0","ward_SC_F":"1250.0","ward_ST_P":"362.0","ward_ST_M":"176.0","ward_ST_F":"186.0","ward_low_range":"19943","ward_high_range":"29914","ward_RO_Code":"6","ward_RO_Division":"RO- Kavalbyrasandra","ward_ARO_Code":"15","ward_ARO_ Sub Division":"ARO- Kavalbyrasandra","ward_zone":"Zone1","ward_zone_name":"Byatarayanapura","ward_join_status":"matched","ward_spatial_match_count":1},"geometry":{"type":"Point","coordinates":[77.60753970000007,13.019848300000035,0]},"id":556},{"type":"Feature","properties":{"fid":557,"OBJECTID":557,"Name":"Placemark","FolderPath":"BBMP Toilets","SymbolID":0,"AltMode":-1,"Base":0,"Snippet":"","PopupInfo":"","HasLabel":-1,"LabelID":0,"ward_source_id":"ward_369_final.127","ward_source_Name":null,"ward_description":null,"ward_timestamp":null,"ward_begin":null,"ward_end":null,"ward_altitudeMode":null,"ward_tessellate":-1,"ward_extrude":0,"ward_visibility":-1,"ward_drawOrder":null,"ward_icon":null,"ward_Corporation":"North","ward_corporation_kn":"ಉತ್ತರ","ward_corporation_id":"2","ward_ac":"Pulakeshinagar","ward_ac_kn":"ಪುಲಕೇಶಿನಗರ","ward_ac_no":"159","ward_Assembly":"159 - Pulakeshinagar","ward_id":"39","ward_name":"39 - Kaval Byrasandra","ward_name_kn":"ಕಾವಲ್ ಬೈರಸಂದ್ರ","ward_TOT_P":"21965.0","ward_TOT_M":"11183.0","ward_TOT_F":"10781.0","ward_SC_P":"2529.0","ward_SC_M":"1280.0","ward_SC_F":"1250.0","ward_ST_P":"362.0","ward_ST_M":"176.0","ward_ST_F":"186.0","ward_low_range":"19943","ward_high_range":"29914","ward_RO_Code":"6","ward_RO_Division":"RO- Kavalbyrasandra","ward_ARO_Code":"15","ward_ARO_ Sub Division":"ARO- Kavalbyrasandra","ward_zone":"Zone1","ward_zone_name":"Byatarayanapura","ward_join_status":"matched","ward_spatial_match_count":1},"geometry":{"type":"Point","coordinates":[77.60828470000007,13.022233800000038,0]},"id":557},{"type":"Feature","properties":{"fid":558,"OBJECTID":558,"Name":"Placemark","FolderPath":"BBMP Toilets","SymbolID":0,"AltMode":-1,"Base":0,"Snippet":"","PopupInfo":"","HasLabel":-1,"LabelID":0,"ward_source_id":"ward_369_final.130","ward_source_Name":null,"ward_description":null,"ward_timestamp":null,"ward_begin":null,"ward_end":null,"ward_altitudeMode":null,"ward_tessellate":-1,"ward_extrude":0,"ward_visibility":-1,"ward_drawOrder":null,"ward_icon":null,"ward_Corporation":"North","ward_corporation_kn":"ಉತ್ತರ","ward_corporation_id":"2","ward_ac":"Pulakeshinagar","ward_ac_kn":"ಪುಲಕೇಶಿನಗರ","ward_ac_no":"159","ward_Assembly":"159 - Pulakeshinagar","ward_id":"45","ward_name":"45 - Kushal Nagar","ward_name_kn":"ಕುಶಾಲ್ ನಗರ","ward_TOT_P":"19954.0","ward_TOT_M":"10106.0","ward_TOT_F":"9788.0","ward_SC_P":"2913.0","ward_SC_M":"1446.0","ward_SC_F":"1467.0","ward_ST_P":"569.0","ward_ST_M":"295.0","ward_ST_F":"274.0","ward_low_range":"19943","ward_high_range":"29914","ward_RO_Code":"7","ward_RO_Division":"RO- Pulikeshinagar","ward_ARO_Code":"17","ward_ARO_ Sub Division":"ARO - Kushal Nagar","ward_zone":"Zone1","ward_zone_name":"Byatarayanapura","ward_join_status":"matched","ward_spatial_match_count":1},"geometry":{"type":"Point","coordinates":[77.61277830000006,13.008083300000067,0]},"id":558},{"type":"Feature","properties":{"fid":559,"OBJECTID":559,"Name":"Placemark","FolderPath":"BBMP Toilets","SymbolID":0,"AltMode":-1,"Base":0,"Snippet":"","PopupInfo":"","HasLabel":-1,"LabelID":0,"ward_source_id":"ward_369_final.113","ward_source_Name":null,"ward_description":null,"ward_timestamp":null,"ward_begin":null,"ward_end":null,"ward_altitudeMode":null,"ward_tessellate":-1,"ward_extrude":0,"ward_visibility":-1,"ward_drawOrder":null,"ward_icon":null,"ward_Corporation":"North","ward_corporation_kn":"ಉತ್ತರ","ward_corporation_id":"2","ward_ac":"Hebbal","ward_ac_kn":"ಹೆಬ್ಬಾಳ","ward_ac_no":"158","ward_Assembly":"158 - Hebbal","ward_id":"49","ward_name":"49 - Jaya Chamarajendra Nagara","ward_name_kn":"ಜಯ ಚಾಮರಾಜೇಂದ್ರ ನಗರ","ward_TOT_P":"25953.0","ward_TOT_M":"13141.0","ward_TOT_F":"12811.0","ward_SC_P":"2285.0","ward_SC_M":"1164.0","ward_SC_F":"1121.0","ward_ST_P":"247.0","ward_ST_M":"124.0","ward_ST_F":"123.0","ward_low_range":"19943","ward_high_range":"29914","ward_RO_Code":"5","ward_RO_Division":"RO- R.T Nagar","ward_ARO_Code":"13","ward_ARO_ Sub Division":"ARO- R.T Nagar","ward_zone":"Zone2","ward_zone_name":"Yelahanka","ward_join_status":"matched","ward_spatial_match_count":1},"geometry":{"type":"Point","coordinates":[77.59956620000008,13.021420600000056,0]},"id":559},{"type":"Feature","properties":{"fid":560,"OBJECTID":560,"Name":"Placemark","FolderPath":"BBMP Toilets","SymbolID":0,"AltMode":-1,"Base":0,"Snippet":"","PopupInfo":"","HasLabel":-1,"LabelID":0,"ward_source_id":"ward_369_final.93","ward_source_Name":null,"ward_description":null,"ward_timestamp":null,"ward_begin":null,"ward_end":null,"ward_altitudeMode":null,"ward_tessellate":-1,"ward_extrude":0,"ward_visibility":-1,"ward_drawOrder":null,"ward_icon":null,"ward_Corporation":"North","ward_corporation_kn":"ಉತ್ತರ","ward_corporation_id":"2","ward_ac":"Hebbal","ward_ac_kn":"ಹೆಬ್ಬಾಳ","ward_ac_no":"158","ward_Assembly":"158 - Hebbal","ward_id":"54","ward_name":"54 - Gangenahalli","ward_name_kn":"ಗಂಗೇನಹಳ್ಳಿ","ward_TOT_P":"24120.0","ward_TOT_M":"12299.0","ward_TOT_F":"11821.0","ward_SC_P":"2926.0","ward_SC_M":"1476.0","ward_SC_F":"1450.0","ward_ST_P":"328.0","ward_ST_M":"163.0","ward_ST_F":"165.0","ward_low_range":"19943","ward_high_range":"29914","ward_RO_Code":"5","ward_RO_Division":"RO- R.T Nagar","ward_ARO_Code":"12","ward_ARO_ Sub Division":"ARO- Ganganagar","ward_zone":"Zone2","ward_zone_name":"Yelahanka","ward_join_status":"matched","ward_spatial_match_count":1},"geometry":{"type":"Point","coordinates":[77.58457350000003,13.021100300000057,0]},"id":560},{"type":"Feature","properties":{"fid":561,"OBJECTID":561,"Name":"Placemark","FolderPath":"BBMP Toilets","SymbolID":0,"AltMode":-1,"Base":0,"Snippet":"","PopupInfo":"","HasLabel":-1,"LabelID":0,"ward_source_id":"ward_369_final.86","ward_source_Name":null,"ward_description":null,"ward_timestamp":null,"ward_begin":null,"ward_end":null,"ward_altitudeMode":null,"ward_tessellate":-1,"ward_extrude":0,"ward_visibility":-1,"ward_drawOrder":null,"ward_icon":null,"ward_Corporation":"North","ward_corporation_kn":"ಉತ್ತರ","ward_corporation_id":"2","ward_ac":"Hebbal","ward_ac_kn":"ಹೆಬ್ಬಾಳ","ward_ac_no":"158","ward_Assembly":"158 - Hebbal","ward_id":"55","ward_name":"55 - Ganganagar","ward_name_kn":"ಗಂಗಾನಗರ","ward_TOT_P":"25186.0","ward_TOT_M":"12939.0","ward_TOT_F":"12247.0","ward_SC_P":"2088.0","ward_SC_M":"1033.0","ward_SC_F":"1055.0","ward_ST_P":"306.0","ward_ST_M":"172.0","ward_ST_F":"134.0","ward_low_range":"19943","ward_high_range":"29914","ward_RO_Code":"5","ward_RO_Division":"RO- R.T Nagar","ward_ARO_Code":"12","ward_ARO_ Sub Division":"ARO- Ganganagar","ward_zone":"Zone2","ward_zone_name":"Yelahanka","ward_join_status":"matched","ward_spatial_match_count":1},"geometry":{"type":"Point","coordinates":[77.59273930000006,13.026575700000024,0]},"id":561},{"type":"Feature","properties":{"fid":562,"OBJECTID":562,"Name":"Placemark","FolderPath":"BBMP Toilets","SymbolID":0,"AltMode":-1,"Base":0,"Snippet":"","PopupInfo":"","HasLabel":-1,"LabelID":0,"ward_source_id":"ward_369_final.141","ward_source_Name":null,"ward_description":null,"ward_timestamp":null,"ward_begin":null,"ward_end":null,"ward_altitudeMode":null,"ward_tessellate":-1,"ward_extrude":0,"ward_visibility":-1,"ward_drawOrder":null,"ward_icon":null,"ward_Corporation":"North","ward_corporation_kn":"ಉತ್ತರ","ward_corporation_id":"2","ward_ac":"Pulakeshinagar","ward_ac_kn":"ಪುಲಕೇಶಿನಗರ","ward_ac_no":"159","ward_Assembly":"159 - Pulakeshinagar","ward_id":"46","ward_name":"46 - Sagayapuram","ward_name_kn":"ಸಗಾಯಪುರಂ","ward_TOT_P":"28588.0","ward_TOT_M":"14196.0","ward_TOT_F":"14452.0","ward_SC_P":"8522.0","ward_SC_M":"4182.0","ward_SC_F":"4340.0","ward_ST_P":"295.0","ward_ST_M":"140.0","ward_ST_F":"154.0","ward_low_range":"19943","ward_high_range":"29914","ward_RO_Code":"7","ward_RO_Division":"RO- Pulikeshinagar","ward_ARO_Code":"19","ward_ARO_ Sub Division":"ARO- Sagayapuram","ward_zone":"Zone1","ward_zone_name":"Byatarayanapura","ward_join_status":"matched","ward_spatial_match_count":1},"geometry":{"type":"Point","coordinates":[77.61653240000004,13.008902700000021,0]},"id":562},{"type":"Feature","properties":{"fid":563,"OBJECTID":563,"Name":"Placemark","FolderPath":"BBMP Toilets","SymbolID":0,"AltMode":-1,"Base":0,"Snippet":"","PopupInfo":"","HasLabel":-1,"LabelID":0,"ward_source_id":"ward_369_final.93","ward_source_Name":null,"ward_description":null,"ward_timestamp":null,"ward_begin":null,"ward_end":null,"ward_altitudeMode":null,"ward_tessellate":-1,"ward_extrude":0,"ward_visibility":-1,"ward_drawOrder":null,"ward_icon":null,"ward_Corporation":"North","ward_corporation_kn":"ಉತ್ತರ","ward_corporation_id":"2","ward_ac":"Hebbal","ward_ac_kn":"ಹೆಬ್ಬಾಳ","ward_ac_no":"158","ward_Assembly":"158 - Hebbal","ward_id":"54","ward_name":"54 - Gangenahalli","ward_name_kn":"ಗಂಗೇನಹಳ್ಳಿ","ward_TOT_P":"24120.0","ward_TOT_M":"12299.0","ward_TOT_F":"11821.0","ward_SC_P":"2926.0","ward_SC_M":"1476.0","ward_SC_F":"1450.0","ward_ST_P":"328.0","ward_ST_M":"163.0","ward_ST_F":"165.0","ward_low_range":"19943","ward_high_range":"29914","ward_RO_Code":"5","ward_RO_Division":"RO- R.T Nagar","ward_ARO_Code":"12","ward_ARO_ Sub Division":"ARO- Ganganagar","ward_zone":"Zone2","ward_zone_name":"Yelahanka","ward_join_status":"matched","ward_spatial_match_count":1},"geometry":{"type":"Point","coordinates":[77.59197910000006,13.018484700000045,0]},"id":563},{"type":"Feature","properties":{"fid":564,"OBJECTID":564,"Name":"Placemark","FolderPath":"BBMP Toilets","SymbolID":0,"AltMode":-1,"Base":0,"Snippet":"","PopupInfo":"","HasLabel":-1,"LabelID":0,"ward_source_id":"ward_369_final.46","ward_source_Name":null,"ward_description":null,"ward_timestamp":null,"ward_begin":null,"ward_end":null,"ward_altitudeMode":null,"ward_tessellate":-1,"ward_extrude":0,"ward_visibility":-1,"ward_drawOrder":null,"ward_icon":null,"ward_Corporation":"Central","ward_corporation_kn":"ಕೇಂದ್ರ","ward_corporation_id":"1","ward_ac":"C.V. Raman Nagar","ward_ac_kn":"ಸಿ.ವಿ. ರಾಮನ್ ನಗರ","ward_ac_no":"161","ward_Assembly":"161 - C.V. Raman Nagar","ward_id":"9","ward_name":"9 - Hoysala Nagara Central","ward_name_kn":"ಹೊಯ್ಸಳ ನಗರ ಕೇಂದ್ರ","ward_TOT_P":"27798.0","ward_TOT_M":"13720.0","ward_TOT_F":"14078.0","ward_SC_P":"11211.0","ward_SC_M":"5530.0","ward_SC_F":"5681.0","ward_ST_P":"384.0","ward_ST_M":"193.0","ward_ST_F":"190.0","ward_low_range":"18853","ward_high_range":"28280","ward_RO_Code":"1","ward_RO_Division":"RO- Indiranagar","ward_ARO_Code":"1","ward_ARO_ Sub Division":"ARO- Indiranagar","ward_zone":"Zone1","ward_zone_name":"C.V. Raman Nagar","ward_join_status":"matched","ward_spatial_match_count":1},"geometry":{"type":"Point","coordinates":[77.62954170000006,12.982227800000032,0]},"id":564},{"type":"Feature","properties":{"fid":565,"OBJECTID":565,"Name":"Placemark","FolderPath":"BBMP Toilets","SymbolID":0,"AltMode":-1,"Base":0,"Snippet":"","PopupInfo":"","HasLabel":-1,"LabelID":0,"ward_source_id":"ward_369_final.124","ward_source_Name":null,"ward_description":null,"ward_timestamp":null,"ward_begin":null,"ward_end":null,"ward_altitudeMode":null,"ward_tessellate":-1,"ward_extrude":0,"ward_visibility":-1,"ward_drawOrder":null,"ward_icon":null,"ward_Corporation":"North","ward_corporation_kn":"ಉತ್ತರ","ward_corporation_id":"2","ward_ac":"Hebbal","ward_ac_kn":"ಹೆಬ್ಬಾಳ","ward_ac_no":"158","ward_Assembly":"158 - Hebbal","ward_id":"53","ward_name":"53 - R.T Nagar","ward_name_kn":"ಆರ್.ಟಿ ನಗರ","ward_TOT_P":"29905.0","ward_TOT_M":"15442.0","ward_TOT_F":"14473.0","ward_SC_P":"787.0","ward_SC_M":"402.0","ward_SC_F":"385.0","ward_ST_P":"274.0","ward_ST_M":"144.0","ward_ST_F":"130.0","ward_low_range":"19943","ward_high_range":"29914","ward_RO_Code":"5","ward_RO_Division":"RO- R.T Nagar","ward_ARO_Code":"13","ward_ARO_ Sub Division":"ARO- R.T Nagar","ward_zone":"Zone2","ward_zone_name":"Yelahanka","ward_join_status":"matched","ward_spatial_match_count":1},"geometry":{"type":"Point","coordinates":[77.59274290000008,13.022612800000047,0]},"id":565},{"type":"Feature","properties":{"fid":566,"OBJECTID":566,"Name":"Placemark","FolderPath":"BBMP Toilets","SymbolID":0,"AltMode":-1,"Base":0,"Snippet":"","PopupInfo":"","HasLabel":-1,"LabelID":0,"ward_source_id":"ward_369_final.141","ward_source_Name":null,"ward_description":null,"ward_timestamp":null,"ward_begin":null,"ward_end":null,"ward_altitudeMode":null,"ward_tessellate":-1,"ward_extrude":0,"ward_visibility":-1,"ward_drawOrder":null,"ward_icon":null,"ward_Corporation":"North","ward_corporation_kn":"ಉತ್ತರ","ward_corporation_id":"2","ward_ac":"Pulakeshinagar","ward_ac_kn":"ಪುಲಕೇಶಿನಗರ","ward_ac_no":"159","ward_Assembly":"159 - Pulakeshinagar","ward_id":"46","ward_name":"46 - Sagayapuram","ward_name_kn":"ಸಗಾಯಪುರಂ","ward_TOT_P":"28588.0","ward_TOT_M":"14196.0","ward_TOT_F":"14452.0","ward_SC_P":"8522.0","ward_SC_M":"4182.0","ward_SC_F":"4340.0","ward_ST_P":"295.0","ward_ST_M":"140.0","ward_ST_F":"154.0","ward_low_range":"19943","ward_high_range":"29914","ward_RO_Code":"7","ward_RO_Division":"RO- Pulikeshinagar","ward_ARO_Code":"19","ward_ARO_ Sub Division":"ARO- Sagayapuram","ward_zone":"Zone1","ward_zone_name":"Byatarayanapura","ward_join_status":"matched","ward_spatial_match_count":1},"geometry":{"type":"Point","coordinates":[77.61252940000008,13.002185600000075,0]},"id":566},{"type":"Feature","properties":{"fid":567,"OBJECTID":567,"Name":"Placemark","FolderPath":"BBMP Toilets","SymbolID":0,"AltMode":-1,"Base":0,"Snippet":"","PopupInfo":"","HasLabel":-1,"LabelID":0,"ward_source_id":"ward_369_final.86","ward_source_Name":null,"ward_description":null,"ward_timestamp":null,"ward_begin":null,"ward_end":null,"ward_altitudeMode":null,"ward_tessellate":-1,"ward_extrude":0,"ward_visibility":-1,"ward_drawOrder":null,"ward_icon":null,"ward_Corporation":"North","ward_corporation_kn":"ಉತ್ತರ","ward_corporation_id":"2","ward_ac":"Hebbal","ward_ac_kn":"ಹೆಬ್ಬಾಳ","ward_ac_no":"158","ward_Assembly":"158 - Hebbal","ward_id":"55","ward_name":"55 - Ganganagar","ward_name_kn":"ಗಂಗಾನಗರ","ward_TOT_P":"25186.0","ward_TOT_M":"12939.0","ward_TOT_F":"12247.0","ward_SC_P":"2088.0","ward_SC_M":"1033.0","ward_SC_F":"1055.0","ward_ST_P":"306.0","ward_ST_M":"172.0","ward_ST_F":"134.0","ward_low_range":"19943","ward_high_range":"29914","ward_RO_Code":"5","ward_RO_Division":"RO- R.T Nagar","ward_ARO_Code":"12","ward_ARO_ Sub Division":"ARO- Ganganagar","ward_zone":"Zone2","ward_zone_name":"Yelahanka","ward_join_status":"matched","ward_spatial_match_count":1},"geometry":{"type":"Point","coordinates":[77.58911100000006,13.024692500000072,0]},"id":567},{"type":"Feature","properties":{"fid":568,"OBJECTID":568,"Name":"Placemark","FolderPath":"BBMP Toilets","SymbolID":0,"AltMode":-1,"Base":0,"Snippet":"","PopupInfo":"","HasLabel":-1,"LabelID":0,"ward_source_id":"ward_369_final.75","ward_source_Name":null,"ward_description":null,"ward_timestamp":null,"ward_begin":null,"ward_end":null,"ward_altitudeMode":null,"ward_tessellate":-1,"ward_extrude":0,"ward_visibility":-1,"ward_drawOrder":null,"ward_icon":null,"ward_Corporation":"North","ward_corporation_kn":"ಉತ್ತರ","ward_corporation_id":"2","ward_ac":"Hebbal","ward_ac_kn":"ಹೆಬ್ಬಾಳ","ward_ac_no":"158","ward_Assembly":"158 - Hebbal","ward_id":"56","ward_name":"56 - Hebbal","ward_name_kn":"ಹೆಬ್ಬಾಳ","ward_TOT_P":"27422.0","ward_TOT_M":"14044.0","ward_TOT_F":"13378.0","ward_SC_P":"5278.0","ward_SC_M":"2689.0","ward_SC_F":"2588.0","ward_ST_P":"800.0","ward_ST_M":"405.0","ward_ST_F":"395.0","ward_low_range":"19943","ward_high_range":"29914","ward_RO_Code":"4","ward_RO_Division":"RO- Hebbal","ward_ARO_Code":"10","ward_ARO_ Sub Division":"ARO- Hebbal","ward_zone":"Zone2","ward_zone_name":"Yelahanka","ward_join_status":"matched","ward_spatial_match_count":1},"geometry":{"type":"Point","coordinates":[77.58970170000003,13.038238300000046,0]},"id":568},{"type":"Feature","properties":{"fid":569,"OBJECTID":569,"Name":"Placemark","FolderPath":"BBMP Toilets","SymbolID":0,"AltMode":-1,"Base":0,"Snippet":"","PopupInfo":"","HasLabel":-1,"LabelID":0,"ward_source_id":"ward_369_final.75","ward_source_Name":null,"ward_description":null,"ward_timestamp":null,"ward_begin":null,"ward_end":null,"ward_altitudeMode":null,"ward_tessellate":-1,"ward_extrude":0,"ward_visibility":-1,"ward_drawOrder":null,"ward_icon":null,"ward_Corporation":"North","ward_corporation_kn":"ಉತ್ತರ","ward_corporation_id":"2","ward_ac":"Hebbal","ward_ac_kn":"ಹೆಬ್ಬಾಳ","ward_ac_no":"158","ward_Assembly":"158 - Hebbal","ward_id":"56","ward_name":"56 - Hebbal","ward_name_kn":"ಹೆಬ್ಬಾಳ","ward_TOT_P":"27422.0","ward_TOT_M":"14044.0","ward_TOT_F":"13378.0","ward_SC_P":"5278.0","ward_SC_M":"2689.0","ward_SC_F":"2588.0","ward_ST_P":"800.0","ward_ST_M":"405.0","ward_ST_F":"395.0","ward_low_range":"19943","ward_high_range":"29914","ward_RO_Code":"4","ward_RO_Division":"RO- Hebbal","ward_ARO_Code":"10","ward_ARO_ Sub Division":"ARO- Hebbal","ward_zone":"Zone2","ward_zone_name":"Yelahanka","ward_join_status":"matched","ward_spatial_match_count":1},"geometry":{"type":"Point","coordinates":[77.58979000000005,13.03887670000006,0]},"id":569},{"type":"Feature","properties":{"fid":570,"OBJECTID":570,"Name":"Placemark","FolderPath":"BBMP Toilets","SymbolID":0,"AltMode":-1,"Base":0,"Snippet":"","PopupInfo":"","HasLabel":-1,"LabelID":0,"ward_source_id":"ward_369_final.4","ward_source_Name":null,"ward_description":null,"ward_timestamp":null,"ward_begin":null,"ward_end":null,"ward_altitudeMode":null,"ward_tessellate":-1,"ward_extrude":0,"ward_visibility":-1,"ward_drawOrder":null,"ward_icon":null,"ward_Corporation":"North","ward_corporation_kn":"ಉತ್ತರ","ward_corporation_id":"2","ward_ac":"Hebbal","ward_ac_kn":"ಹೆಬ್ಬಾಳ","ward_ac_no":"158","ward_Assembly":"158 - Hebbal","ward_id":"58","ward_name":"58 - Nagashettyhalli","ward_name_kn":"ನಾಗಶೆಟ್ಟಿಹಳ್ಳಿ","ward_TOT_P":"23289.0","ward_TOT_M":"11861.0","ward_TOT_F":"11429.0","ward_SC_P":"1643.0","ward_SC_M":"821.0","ward_SC_F":"821.0","ward_ST_P":"412.0","ward_ST_M":"224.0","ward_ST_F":"187.0","ward_low_range":"19943","ward_high_range":"29914","ward_RO_Code":"4","ward_RO_Division":"RO- Hebbal","ward_ARO_Code":"11","ward_ARO_ Sub Division":"ARO- Nagashettyhalli","ward_zone":"Zone2","ward_zone_name":"Yelahanka","ward_join_status":"matched","ward_spatial_match_count":1},"geometry":{"type":"Point","coordinates":[77.57442140000006,13.036991000000057,0]},"id":570},{"type":"Feature","properties":{"fid":571,"OBJECTID":571,"Name":"Placemark","FolderPath":"BBMP Toilets","SymbolID":0,"AltMode":-1,"Base":0,"Snippet":"","PopupInfo":"","HasLabel":-1,"LabelID":0,"ward_source_id":"ward_369_final.56","ward_source_Name":null,"ward_description":null,"ward_timestamp":null,"ward_begin":null,"ward_end":null,"ward_altitudeMode":null,"ward_tessellate":-1,"ward_extrude":0,"ward_visibility":-1,"ward_drawOrder":null,"ward_icon":null,"ward_Corporation":"North","ward_corporation_kn":"ಉತ್ತರ","ward_corporation_id":"2","ward_ac":"Hebbal","ward_ac_kn":"ಹೆಬ್ಬಾಳ","ward_ac_no":"158","ward_Assembly":"158 - Hebbal","ward_id":"59","ward_name":"59 - Geddalahalli","ward_name_kn":"ಗೆದ್ದಲಹಳ್ಳಿ","ward_TOT_P":"23331.0","ward_TOT_M":"12021.0","ward_TOT_F":"11309.0","ward_SC_P":"2833.0","ward_SC_M":"1466.0","ward_SC_F":"1367.0","ward_ST_P":"533.0","ward_ST_M":"273.0","ward_ST_F":"260.0","ward_low_range":"19943","ward_high_range":"29914","ward_RO_Code":"4","ward_RO_Division":"RO- Hebbal","ward_ARO_Code":"11","ward_ARO_ Sub Division":"ARO- Nagashettyhalli","ward_zone":"Zone2","ward_zone_name":"Yelahanka","ward_join_status":"matched","ward_spatial_match_count":1},"geometry":{"type":"Point","coordinates":[77.57909130000007,13.02847330000003,0]},"id":571},{"type":"Feature","properties":{"fid":572,"OBJECTID":572,"Name":"Placemark","FolderPath":"BBMP Toilets","SymbolID":0,"AltMode":-1,"Base":0,"Snippet":"","PopupInfo":"","HasLabel":-1,"LabelID":0,"ward_source_id":"ward_369_final.4","ward_source_Name":null,"ward_description":null,"ward_timestamp":null,"ward_begin":null,"ward_end":null,"ward_altitudeMode":null,"ward_tessellate":-1,"ward_extrude":0,"ward_visibility":-1,"ward_drawOrder":null,"ward_icon":null,"ward_Corporation":"North","ward_corporation_kn":"ಉತ್ತರ","ward_corporation_id":"2","ward_ac":"Hebbal","ward_ac_kn":"ಹೆಬ್ಬಾಳ","ward_ac_no":"158","ward_Assembly":"158 - Hebbal","ward_id":"58","ward_name":"58 - Nagashettyhalli","ward_name_kn":"ನಾಗಶೆಟ್ಟಿಹಳ್ಳಿ","ward_TOT_P":"23289.0","ward_TOT_M":"11861.0","ward_TOT_F":"11429.0","ward_SC_P":"1643.0","ward_SC_M":"821.0","ward_SC_F":"821.0","ward_ST_P":"412.0","ward_ST_M":"224.0","ward_ST_F":"187.0","ward_low_range":"19943","ward_high_range":"29914","ward_RO_Code":"4","ward_RO_Division":"RO- Hebbal","ward_ARO_Code":"11","ward_ARO_ Sub Division":"ARO- Nagashettyhalli","ward_zone":"Zone2","ward_zone_name":"Yelahanka","ward_join_status":"matched","ward_spatial_match_count":1},"geometry":{"type":"Point","coordinates":[77.57244370000006,13.041623900000047,0]},"id":572},{"type":"Feature","properties":{"fid":573,"OBJECTID":573,"Name":"Placemark","FolderPath":"BBMP Toilets","SymbolID":0,"AltMode":-1,"Base":0,"Snippet":"","PopupInfo":"","HasLabel":-1,"LabelID":0,"ward_source_id":"ward_369_final.4","ward_source_Name":null,"ward_description":null,"ward_timestamp":null,"ward_begin":null,"ward_end":null,"ward_altitudeMode":null,"ward_tessellate":-1,"ward_extrude":0,"ward_visibility":-1,"ward_drawOrder":null,"ward_icon":null,"ward_Corporation":"North","ward_corporation_kn":"ಉತ್ತರ","ward_corporation_id":"2","ward_ac":"Hebbal","ward_ac_kn":"ಹೆಬ್ಬಾಳ","ward_ac_no":"158","ward_Assembly":"158 - Hebbal","ward_id":"58","ward_name":"58 - Nagashettyhalli","ward_name_kn":"ನಾಗಶೆಟ್ಟಿಹಳ್ಳಿ","ward_TOT_P":"23289.0","ward_TOT_M":"11861.0","ward_TOT_F":"11429.0","ward_SC_P":"1643.0","ward_SC_M":"821.0","ward_SC_F":"821.0","ward_ST_P":"412.0","ward_ST_M":"224.0","ward_ST_F":"187.0","ward_low_range":"19943","ward_high_range":"29914","ward_RO_Code":"4","ward_RO_Division":"RO- Hebbal","ward_ARO_Code":"11","ward_ARO_ Sub Division":"ARO- Nagashettyhalli","ward_zone":"Zone2","ward_zone_name":"Yelahanka","ward_join_status":"matched","ward_spatial_match_count":1},"geometry":{"type":"Point","coordinates":[77.57082510000004,13.044249100000059,0]},"id":573},{"type":"Feature","properties":{"fid":574,"OBJECTID":574,"Name":"Placemark","FolderPath":"BBMP Toilets","SymbolID":0,"AltMode":-1,"Base":0,"Snippet":"","PopupInfo":"","HasLabel":-1,"LabelID":0,"ward_source_id":"ward_369_final.56","ward_source_Name":null,"ward_description":null,"ward_timestamp":null,"ward_begin":null,"ward_end":null,"ward_altitudeMode":null,"ward_tessellate":-1,"ward_extrude":0,"ward_visibility":-1,"ward_drawOrder":null,"ward_icon":null,"ward_Corporation":"North","ward_corporation_kn":"ಉತ್ತರ","ward_corporation_id":"2","ward_ac":"Hebbal","ward_ac_kn":"ಹೆಬ್ಬಾಳ","ward_ac_no":"158","ward_Assembly":"158 - Hebbal","ward_id":"59","ward_name":"59 - Geddalahalli","ward_name_kn":"ಗೆದ್ದಲಹಳ್ಳಿ","ward_TOT_P":"23331.0","ward_TOT_M":"12021.0","ward_TOT_F":"11309.0","ward_SC_P":"2833.0","ward_SC_M":"1466.0","ward_SC_F":"1367.0","ward_ST_P":"533.0","ward_ST_M":"273.0","ward_ST_F":"260.0","ward_low_range":"19943","ward_high_range":"29914","ward_RO_Code":"4","ward_RO_Division":"RO- Hebbal","ward_ARO_Code":"11","ward_ARO_ Sub Division":"ARO- Nagashettyhalli","ward_zone":"Zone2","ward_zone_name":"Yelahanka","ward_join_status":"matched","ward_spatial_match_count":1},"geometry":{"type":"Point","coordinates":[77.56829620000008,13.040772300000071,0]},"id":574},{"type":"Feature","properties":{"fid":575,"OBJECTID":575,"Name":"Placemark","FolderPath":"BBMP Toilets","SymbolID":0,"AltMode":-1,"Base":0,"Snippet":"","PopupInfo":"","HasLabel":-1,"LabelID":0,"ward_source_id":"ward_369_final.56","ward_source_Name":null,"ward_description":null,"ward_timestamp":null,"ward_begin":null,"ward_end":null,"ward_altitudeMode":null,"ward_tessellate":-1,"ward_extrude":0,"ward_visibility":-1,"ward_drawOrder":null,"ward_icon":null,"ward_Corporation":"North","ward_corporation_kn":"ಉತ್ತರ","ward_corporation_id":"2","ward_ac":"Hebbal","ward_ac_kn":"ಹೆಬ್ಬಾಳ","ward_ac_no":"158","ward_Assembly":"158 - Hebbal","ward_id":"59","ward_name":"59 - Geddalahalli","ward_name_kn":"ಗೆದ್ದಲಹಳ್ಳಿ","ward_TOT_P":"23331.0","ward_TOT_M":"12021.0","ward_TOT_F":"11309.0","ward_SC_P":"2833.0","ward_SC_M":"1466.0","ward_SC_F":"1367.0","ward_ST_P":"533.0","ward_ST_M":"273.0","ward_ST_F":"260.0","ward_low_range":"19943","ward_high_range":"29914","ward_RO_Code":"4","ward_RO_Division":"RO- Hebbal","ward_ARO_Code":"11","ward_ARO_ Sub Division":"ARO- Nagashettyhalli","ward_zone":"Zone2","ward_zone_name":"Yelahanka","ward_join_status":"matched","ward_spatial_match_count":1},"geometry":{"type":"Point","coordinates":[77.56828690000003,13.042484900000034,0]},"id":575},{"type":"Feature","properties":{"fid":576,"OBJECTID":576,"Name":"Placemark","FolderPath":"BBMP Toilets","SymbolID":0,"AltMode":-1,"Base":0,"Snippet":"","PopupInfo":"","HasLabel":-1,"LabelID":0,"ward_source_id":"ward_369_final.56","ward_source_Name":null,"ward_description":null,"ward_timestamp":null,"ward_begin":null,"ward_end":null,"ward_altitudeMode":null,"ward_tessellate":-1,"ward_extrude":0,"ward_visibility":-1,"ward_drawOrder":null,"ward_icon":null,"ward_Corporation":"North","ward_corporation_kn":"ಉತ್ತರ","ward_corporation_id":"2","ward_ac":"Hebbal","ward_ac_kn":"ಹೆಬ್ಬಾಳ","ward_ac_no":"158","ward_Assembly":"158 - Hebbal","ward_id":"59","ward_name":"59 - Geddalahalli","ward_name_kn":"ಗೆದ್ದಲಹಳ್ಳಿ","ward_TOT_P":"23331.0","ward_TOT_M":"12021.0","ward_TOT_F":"11309.0","ward_SC_P":"2833.0","ward_SC_M":"1466.0","ward_SC_F":"1367.0","ward_ST_P":"533.0","ward_ST_M":"273.0","ward_ST_F":"260.0","ward_low_range":"19943","ward_high_range":"29914","ward_RO_Code":"4","ward_RO_Division":"RO- Hebbal","ward_ARO_Code":"11","ward_ARO_ Sub Division":"ARO- Nagashettyhalli","ward_zone":"Zone2","ward_zone_name":"Yelahanka","ward_join_status":"matched","ward_spatial_match_count":1},"geometry":{"type":"Point","coordinates":[77.56979110000003,13.03262170000005,0]},"id":576},{"type":"Feature","properties":{"fid":577,"OBJECTID":577,"Name":"Placemark","FolderPath":"BBMP Toilets","SymbolID":0,"AltMode":-1,"Base":0,"Snippet":"","PopupInfo":"","HasLabel":-1,"LabelID":0,"ward_source_id":"ward_369_final.56","ward_source_Name":null,"ward_description":null,"ward_timestamp":null,"ward_begin":null,"ward_end":null,"ward_altitudeMode":null,"ward_tessellate":-1,"ward_extrude":0,"ward_visibility":-1,"ward_drawOrder":null,"ward_icon":null,"ward_Corporation":"North","ward_corporation_kn":"ಉತ್ತರ","ward_corporation_id":"2","ward_ac":"Hebbal","ward_ac_kn":"ಹೆಬ್ಬಾಳ","ward_ac_no":"158","ward_Assembly":"158 - Hebbal","ward_id":"59","ward_name":"59 - Geddalahalli","ward_name_kn":"ಗೆದ್ದಲಹಳ್ಳಿ","ward_TOT_P":"23331.0","ward_TOT_M":"12021.0","ward_TOT_F":"11309.0","ward_SC_P":"2833.0","ward_SC_M":"1466.0","ward_SC_F":"1367.0","ward_ST_P":"533.0","ward_ST_M":"273.0","ward_ST_F":"260.0","ward_low_range":"19943","ward_high_range":"29914","ward_RO_Code":"4","ward_RO_Division":"RO- Hebbal","ward_ARO_Code":"11","ward_ARO_ Sub Division":"ARO- Nagashettyhalli","ward_zone":"Zone2","ward_zone_name":"Yelahanka","ward_join_status":"matched","ward_spatial_match_count":1},"geometry":{"type":"Point","coordinates":[77.57076060000009,13.030259900000033,0]},"id":577},{"type":"Feature","properties":{"fid":578,"OBJECTID":578,"Name":"Placemark","FolderPath":"BBMP Toilets","SymbolID":0,"AltMode":-1,"Base":0,"Snippet":"","PopupInfo":"","HasLabel":-1,"LabelID":0,"ward_source_id":"ward_369_final.56","ward_source_Name":null,"ward_description":null,"ward_timestamp":null,"ward_begin":null,"ward_end":null,"ward_altitudeMode":null,"ward_tessellate":-1,"ward_extrude":0,"ward_visibility":-1,"ward_drawOrder":null,"ward_icon":null,"ward_Corporation":"North","ward_corporation_kn":"ಉತ್ತರ","ward_corporation_id":"2","ward_ac":"Hebbal","ward_ac_kn":"ಹೆಬ್ಬಾಳ","ward_ac_no":"158","ward_Assembly":"158 - Hebbal","ward_id":"59","ward_name":"59 - Geddalahalli","ward_name_kn":"ಗೆದ್ದಲಹಳ್ಳಿ","ward_TOT_P":"23331.0","ward_TOT_M":"12021.0","ward_TOT_F":"11309.0","ward_SC_P":"2833.0","ward_SC_M":"1466.0","ward_SC_F":"1367.0","ward_ST_P":"533.0","ward_ST_M":"273.0","ward_ST_F":"260.0","ward_low_range":"19943","ward_high_range":"29914","ward_RO_Code":"4","ward_RO_Division":"RO- Hebbal","ward_ARO_Code":"11","ward_ARO_ Sub Division":"ARO- Nagashettyhalli","ward_zone":"Zone2","ward_zone_name":"Yelahanka","ward_join_status":"matched","ward_spatial_match_count":1},"geometry":{"type":"Point","coordinates":[77.57716050000005,13.031218900000056,0]},"id":578},{"type":"Feature","properties":{"fid":579,"OBJECTID":579,"Name":"Placemark","FolderPath":"BBMP Toilets","SymbolID":0,"AltMode":-1,"Base":0,"Snippet":"","PopupInfo":"","HasLabel":-1,"LabelID":0,"ward_source_id":"ward_369_final.264","ward_source_Name":null,"ward_description":null,"ward_timestamp":null,"ward_begin":null,"ward_end":null,"ward_altitudeMode":null,"ward_tessellate":-1,"ward_extrude":0,"ward_visibility":-1,"ward_drawOrder":null,"ward_icon":null,"ward_Corporation":"Central","ward_corporation_kn":"ಕೇಂದ್ರ","ward_corporation_id":"1","ward_ac":"Shivajinagar","ward_ac_kn":"ಶಿವಾಜಿನಗರ","ward_ac_no":"162","ward_Assembly":"162 - Shivajinagar","ward_id":"1","ward_name":"1 - Ramaswamy Palya","ward_name_kn":"ರಾಮಸ್ವಾಮಿ ಪಾಳ್ಯ","ward_TOT_P":"26124.0","ward_TOT_M":"13164.0","ward_TOT_F":"12960.0","ward_SC_P":"3426.0","ward_SC_M":"1697.0","ward_SC_F":"1729.0","ward_ST_P":"235.0","ward_ST_M":"127.0","ward_ST_F":"107.0","ward_low_range":"18853","ward_high_range":"28280","ward_RO_Code":"7","ward_RO_Division":"RO- Shivajinagar","ward_ARO_Code":"23","ward_ARO_ Sub Division":"ARO- Shivajinagar","ward_zone":"Zone2","ward_zone_name":"Gandhinagara","ward_join_status":"matched","ward_spatial_match_count":1},"geometry":{"type":"Point","coordinates":[77.59385860000003,13.00532480000004,0]},"id":579},{"type":"Feature","properties":{"fid":580,"OBJECTID":580,"Name":"Placemark","FolderPath":"BBMP Toilets","SymbolID":0,"AltMode":-1,"Base":0,"Snippet":"","PopupInfo":"","HasLabel":-1,"LabelID":0,"ward_source_id":"ward_369_final.47","ward_source_Name":null,"ward_description":null,"ward_timestamp":null,"ward_begin":null,"ward_end":null,"ward_altitudeMode":null,"ward_tessellate":-1,"ward_extrude":0,"ward_visibility":-1,"ward_drawOrder":null,"ward_icon":null,"ward_Corporation":"South","ward_corporation_kn":"ದಕ್ಷಿಣ","ward_corporation_id":"4","ward_ac":"Yeshwanthapura","ward_ac_kn":"ಯಶವಂತಪುರ","ward_ac_no":"153","ward_Assembly":"153 - Yeshwanthapura","ward_id":"52","ward_name":"52 - Talagattapura","ward_name_kn":"ತಲಘಟ್ಟಪುರ","ward_TOT_P":"23797.0","ward_TOT_M":"11887.0","ward_TOT_F":"10620.0","ward_SC_P":"3135.0","ward_SC_M":"1606.0","ward_SC_F":"1529.0","ward_ST_P":"401.0","ward_ST_M":"212.0","ward_ST_F":"189.0","ward_low_range":"18594","ward_high_range":"27891","ward_RO_Code":"4","ward_RO_Division":"RO- Anjanapura","ward_ARO_Code":"7","ward_ARO_ Sub Division":"ARO- Anjanapura","ward_zone":"Zone1","ward_zone_name":"Jayanagar","ward_join_status":"matched","ward_spatial_match_count":1},"geometry":{"type":"Point","coordinates":[77.53148820000007,12.862603100000058,0]},"id":580},{"type":"Feature","properties":{"fid":581,"OBJECTID":581,"Name":"Placemark","FolderPath":"BBMP Toilets","SymbolID":0,"AltMode":-1,"Base":0,"Snippet":"","PopupInfo":"","HasLabel":-1,"LabelID":0,"ward_source_id":"ward_369_final.47","ward_source_Name":null,"ward_description":null,"ward_timestamp":null,"ward_begin":null,"ward_end":null,"ward_altitudeMode":null,"ward_tessellate":-1,"ward_extrude":0,"ward_visibility":-1,"ward_drawOrder":null,"ward_icon":null,"ward_Corporation":"South","ward_corporation_kn":"ದಕ್ಷಿಣ","ward_corporation_id":"4","ward_ac":"Yeshwanthapura","ward_ac_kn":"ಯಶವಂತಪುರ","ward_ac_no":"153","ward_Assembly":"153 - Yeshwanthapura","ward_id":"52","ward_name":"52 - Talagattapura","ward_name_kn":"ತಲಘಟ್ಟಪುರ","ward_TOT_P":"23797.0","ward_TOT_M":"11887.0","ward_TOT_F":"10620.0","ward_SC_P":"3135.0","ward_SC_M":"1606.0","ward_SC_F":"1529.0","ward_ST_P":"401.0","ward_ST_M":"212.0","ward_ST_F":"189.0","ward_low_range":"18594","ward_high_range":"27891","ward_RO_Code":"4","ward_RO_Division":"RO- Anjanapura","ward_ARO_Code":"7","ward_ARO_ Sub Division":"ARO- Anjanapura","ward_zone":"Zone1","ward_zone_name":"Jayanagar","ward_join_status":"matched","ward_spatial_match_count":1},"geometry":{"type":"Point","coordinates":[77.52849320000007,12.858967800000073,0]},"id":581},{"type":"Feature","properties":{"fid":582,"OBJECTID":582,"Name":"Placemark","FolderPath":"BBMP Toilets","SymbolID":0,"AltMode":-1,"Base":0,"Snippet":"","PopupInfo":"","HasLabel":-1,"LabelID":0,"ward_source_id":"ward_369_final.290","ward_source_Name":null,"ward_description":null,"ward_timestamp":null,"ward_begin":null,"ward_end":null,"ward_altitudeMode":null,"ward_tessellate":-1,"ward_extrude":0,"ward_visibility":-1,"ward_drawOrder":null,"ward_icon":null,"ward_Corporation":"West","ward_corporation_kn":"ಪಶ್ಚಿಮ","ward_corporation_id":"5","ward_ac":"Yeshwanthapura","ward_ac_kn":"ಯಶವಂತಪುರ","ward_ac_no":"153","ward_Assembly":"153 - Yeshwanthapura","ward_id":"21","ward_name":"21 - Kengeri","ward_name_kn":"ಕೆಂಗೇರಿ","ward_TOT_P":"21835.0","ward_TOT_M":"11253.0","ward_TOT_F":"10582.0","ward_SC_P":"2478.0","ward_SC_M":"1266.0","ward_SC_F":"1212.0","ward_ST_P":"371.0","ward_ST_M":"210.0","ward_ST_F":"161.0","ward_low_range":"18949","ward_high_range":"28424","ward_RO_Code":"15","ward_RO_Division":"RO- Kengeri","ward_ARO_Code":"44","ward_ARO_ Sub Division":"ARO- Kengeri","ward_zone":"Zone1","ward_zone_name":"Rajarajeshwarinagar","ward_join_status":"matched","ward_spatial_match_count":1},"geometry":{"type":"Point","coordinates":[77.50850510000004,12.904319200000032,0]},"id":582},{"type":"Feature","properties":{"fid":583,"OBJECTID":583,"Name":"Placemark","FolderPath":"BBMP Toilets","SymbolID":0,"AltMode":-1,"Base":0,"Snippet":"","PopupInfo":"","HasLabel":-1,"LabelID":0,"ward_source_id":"ward_369_final.290","ward_source_Name":null,"ward_description":null,"ward_timestamp":null,"ward_begin":null,"ward_end":null,"ward_altitudeMode":null,"ward_tessellate":-1,"ward_extrude":0,"ward_visibility":-1,"ward_drawOrder":null,"ward_icon":null,"ward_Corporation":"West","ward_corporation_kn":"ಪಶ್ಚಿಮ","ward_corporation_id":"5","ward_ac":"Yeshwanthapura","ward_ac_kn":"ಯಶವಂತಪುರ","ward_ac_no":"153","ward_Assembly":"153 - Yeshwanthapura","ward_id":"21","ward_name":"21 - Kengeri","ward_name_kn":"ಕೆಂಗೇರಿ","ward_TOT_P":"21835.0","ward_TOT_M":"11253.0","ward_TOT_F":"10582.0","ward_SC_P":"2478.0","ward_SC_M":"1266.0","ward_SC_F":"1212.0","ward_ST_P":"371.0","ward_ST_M":"210.0","ward_ST_F":"161.0","ward_low_range":"18949","ward_high_range":"28424","ward_RO_Code":"15","ward_RO_Division":"RO- Kengeri","ward_ARO_Code":"44","ward_ARO_ Sub Division":"ARO- Kengeri","ward_zone":"Zone1","ward_zone_name":"Rajarajeshwarinagar","ward_join_status":"matched","ward_spatial_match_count":1},"geometry":{"type":"Point","coordinates":[77.50752130000006,12.904272700000035,0]},"id":583},{"type":"Feature","properties":{"fid":584,"OBJECTID":584,"Name":"Placemark","FolderPath":"BBMP Toilets","SymbolID":0,"AltMode":-1,"Base":0,"Snippet":"","PopupInfo":"","HasLabel":-1,"LabelID":0,"ward_source_id":"ward_369_final.290","ward_source_Name":null,"ward_description":null,"ward_timestamp":null,"ward_begin":null,"ward_end":null,"ward_altitudeMode":null,"ward_tessellate":-1,"ward_extrude":0,"ward_visibility":-1,"ward_drawOrder":null,"ward_icon":null,"ward_Corporation":"West","ward_corporation_kn":"ಪಶ್ಚಿಮ","ward_corporation_id":"5","ward_ac":"Yeshwanthapura","ward_ac_kn":"ಯಶವಂತಪುರ","ward_ac_no":"153","ward_Assembly":"153 - Yeshwanthapura","ward_id":"21","ward_name":"21 - Kengeri","ward_name_kn":"ಕೆಂಗೇರಿ","ward_TOT_P":"21835.0","ward_TOT_M":"11253.0","ward_TOT_F":"10582.0","ward_SC_P":"2478.0","ward_SC_M":"1266.0","ward_SC_F":"1212.0","ward_ST_P":"371.0","ward_ST_M":"210.0","ward_ST_F":"161.0","ward_low_range":"18949","ward_high_range":"28424","ward_RO_Code":"15","ward_RO_Division":"RO- Kengeri","ward_ARO_Code":"44","ward_ARO_ Sub Division":"ARO- Kengeri","ward_zone":"Zone1","ward_zone_name":"Rajarajeshwarinagar","ward_join_status":"matched","ward_spatial_match_count":1},"geometry":{"type":"Point","coordinates":[77.50660910000005,12.904453400000023,0]},"id":584},{"type":"Feature","properties":{"fid":585,"OBJECTID":585,"Name":"Placemark","FolderPath":"BBMP Toilets","SymbolID":0,"AltMode":-1,"Base":0,"Snippet":"","PopupInfo":"","HasLabel":-1,"LabelID":0,"ward_source_id":"ward_369_final.1","ward_source_Name":null,"ward_description":null,"ward_timestamp":null,"ward_begin":null,"ward_end":null,"ward_altitudeMode":null,"ward_tessellate":-1,"ward_extrude":0,"ward_visibility":-1,"ward_drawOrder":null,"ward_icon":null,"ward_Corporation":"West","ward_corporation_kn":"ಪಶ್ಚಿಮ","ward_corporation_id":"5","ward_ac":"Rajarajeshwarinagar","ward_ac_kn":"ರಾಜರಾಜೇಶ್ವರಿನಗರ","ward_ac_no":"154","ward_Assembly":"154 - Rajarajeshwarinagar","ward_id":"25","ward_name":"25 - Vinayaka Layout","ward_name_kn":"ವಿನಾಯಕ ಲೇಔಟ್","ward_TOT_P":"20170.0","ward_TOT_M":"10168.0","ward_TOT_F":"10002.0","ward_SC_P":"1496.0","ward_SC_M":"767.0","ward_SC_F":"729.0","ward_ST_P":"406.0","ward_ST_M":"205.0","ward_ST_F":"201.0","ward_low_range":"18949","ward_high_range":"28424","ward_RO_Code":"11","ward_RO_Division":"RO- Rajarajeswari Nagara","ward_ARO_Code":"34","ward_ARO_ Sub Division":"ARO- Jnana Bharathi","ward_zone":"Zone1","ward_zone_name":"Rajarajeshwarinagar","ward_join_status":"matched","ward_spatial_match_count":1},"geometry":{"type":"Point","coordinates":[77.50638280000004,12.968589400000042,0]},"id":585},{"type":"Feature","properties":{"fid":586,"OBJECTID":586,"Name":"Placemark","FolderPath":"BBMP Toilets","SymbolID":0,"AltMode":-1,"Base":0,"Snippet":"","PopupInfo":"","HasLabel":-1,"LabelID":0,"ward_source_id":"ward_369_final.1","ward_source_Name":null,"ward_description":null,"ward_timestamp":null,"ward_begin":null,"ward_end":null,"ward_altitudeMode":null,"ward_tessellate":-1,"ward_extrude":0,"ward_visibility":-1,"ward_drawOrder":null,"ward_icon":null,"ward_Corporation":"West","ward_corporation_kn":"ಪಶ್ಚಿಮ","ward_corporation_id":"5","ward_ac":"Rajarajeshwarinagar","ward_ac_kn":"ರಾಜರಾಜೇಶ್ವರಿನಗರ","ward_ac_no":"154","ward_Assembly":"154 - Rajarajeshwarinagar","ward_id":"25","ward_name":"25 - Vinayaka Layout","ward_name_kn":"ವಿನಾಯಕ ಲೇಔಟ್","ward_TOT_P":"20170.0","ward_TOT_M":"10168.0","ward_TOT_F":"10002.0","ward_SC_P":"1496.0","ward_SC_M":"767.0","ward_SC_F":"729.0","ward_ST_P":"406.0","ward_ST_M":"205.0","ward_ST_F":"201.0","ward_low_range":"18949","ward_high_range":"28424","ward_RO_Code":"11","ward_RO_Division":"RO- Rajarajeswari Nagara","ward_ARO_Code":"34","ward_ARO_ Sub Division":"ARO- Jnana Bharathi","ward_zone":"Zone1","ward_zone_name":"Rajarajeshwarinagar","ward_join_status":"matched","ward_spatial_match_count":1},"geometry":{"type":"Point","coordinates":[77.51615700000008,12.96662260000005,0]},"id":586},{"type":"Feature","properties":{"fid":587,"OBJECTID":587,"Name":"Placemark","FolderPath":"BBMP Toilets","SymbolID":0,"AltMode":-1,"Base":0,"Snippet":"","PopupInfo":"","HasLabel":-1,"LabelID":0,"ward_source_id":"ward_369_final.59","ward_source_Name":null,"ward_description":null,"ward_timestamp":null,"ward_begin":null,"ward_end":null,"ward_altitudeMode":null,"ward_tessellate":-1,"ward_extrude":0,"ward_visibility":-1,"ward_drawOrder":null,"ward_icon":null,"ward_Corporation":"West","ward_corporation_kn":"ಪಶ್ಚಿಮ","ward_corporation_id":"5","ward_ac":"Rajarajeshwarinagar","ward_ac_kn":"ರಾಜರಾಜೇಶ್ವರಿನಗರ","ward_ac_no":"154","ward_Assembly":"154 - Rajarajeshwarinagar","ward_id":"28","ward_name":"28 - Kottegepalya","ward_name_kn":"ಕೊಟ್ಟಿಗೆಪಾಳ್ಯ","ward_TOT_P":"22872.0","ward_TOT_M":"12165.0","ward_TOT_F":"10707.0","ward_SC_P":"2906.0","ward_SC_M":"1616.0","ward_SC_F":"1291.0","ward_ST_P":"612.0","ward_ST_M":"337.0","ward_ST_F":"275.0","ward_low_range":"18949","ward_high_range":"28424","ward_RO_Code":"10","ward_RO_Division":"RO- Peenya","ward_ARO_Code":"31","ward_ARO_ Sub Division":"ARO- Kotigepalya","ward_zone":"Zone1","ward_zone_name":"Rajarajeshwarinagar","ward_join_status":"matched","ward_spatial_match_count":1},"geometry":{"type":"Point","coordinates":[77.51925770000008,12.986821400000053,0]},"id":587},{"type":"Feature","properties":{"fid":588,"OBJECTID":588,"Name":"Placemark","FolderPath":"BBMP Toilets","SymbolID":0,"AltMode":-1,"Base":0,"Snippet":"","PopupInfo":"","HasLabel":-1,"LabelID":0,"ward_source_id":"ward_369_final.59","ward_source_Name":null,"ward_description":null,"ward_timestamp":null,"ward_begin":null,"ward_end":null,"ward_altitudeMode":null,"ward_tessellate":-1,"ward_extrude":0,"ward_visibility":-1,"ward_drawOrder":null,"ward_icon":null,"ward_Corporation":"West","ward_corporation_kn":"ಪಶ್ಚಿಮ","ward_corporation_id":"5","ward_ac":"Rajarajeshwarinagar","ward_ac_kn":"ರಾಜರಾಜೇಶ್ವರಿನಗರ","ward_ac_no":"154","ward_Assembly":"154 - Rajarajeshwarinagar","ward_id":"28","ward_name":"28 - Kottegepalya","ward_name_kn":"ಕೊಟ್ಟಿಗೆಪಾಳ್ಯ","ward_TOT_P":"22872.0","ward_TOT_M":"12165.0","ward_TOT_F":"10707.0","ward_SC_P":"2906.0","ward_SC_M":"1616.0","ward_SC_F":"1291.0","ward_ST_P":"612.0","ward_ST_M":"337.0","ward_ST_F":"275.0","ward_low_range":"18949","ward_high_range":"28424","ward_RO_Code":"10","ward_RO_Division":"RO- Peenya","ward_ARO_Code":"31","ward_ARO_ Sub Division":"ARO- Kotigepalya","ward_zone":"Zone1","ward_zone_name":"Rajarajeshwarinagar","ward_join_status":"matched","ward_spatial_match_count":1},"geometry":{"type":"Point","coordinates":[77.52267450000005,12.994467100000065,0]},"id":588},{"type":"Feature","properties":{"fid":589,"OBJECTID":589,"Name":"Placemark","FolderPath":"BBMP Toilets","SymbolID":0,"AltMode":-1,"Base":0,"Snippet":"","PopupInfo":"","HasLabel":-1,"LabelID":0,"ward_source_id":"ward_369_final.59","ward_source_Name":null,"ward_description":null,"ward_timestamp":null,"ward_begin":null,"ward_end":null,"ward_altitudeMode":null,"ward_tessellate":-1,"ward_extrude":0,"ward_visibility":-1,"ward_drawOrder":null,"ward_icon":null,"ward_Corporation":"West","ward_corporation_kn":"ಪಶ್ಚಿಮ","ward_corporation_id":"5","ward_ac":"Rajarajeshwarinagar","ward_ac_kn":"ರಾಜರಾಜೇಶ್ವರಿನಗರ","ward_ac_no":"154","ward_Assembly":"154 - Rajarajeshwarinagar","ward_id":"28","ward_name":"28 - Kottegepalya","ward_name_kn":"ಕೊಟ್ಟಿಗೆಪಾಳ್ಯ","ward_TOT_P":"22872.0","ward_TOT_M":"12165.0","ward_TOT_F":"10707.0","ward_SC_P":"2906.0","ward_SC_M":"1616.0","ward_SC_F":"1291.0","ward_ST_P":"612.0","ward_ST_M":"337.0","ward_ST_F":"275.0","ward_low_range":"18949","ward_high_range":"28424","ward_RO_Code":"10","ward_RO_Division":"RO- Peenya","ward_ARO_Code":"31","ward_ARO_ Sub Division":"ARO- Kotigepalya","ward_zone":"Zone1","ward_zone_name":"Rajarajeshwarinagar","ward_join_status":"matched","ward_spatial_match_count":1},"geometry":{"type":"Point","coordinates":[77.52205000000004,12.995272900000032,0]},"id":589},{"type":"Feature","properties":{"fid":590,"OBJECTID":590,"Name":"Placemark","FolderPath":"BBMP Toilets","SymbolID":0,"AltMode":-1,"Base":0,"Snippet":"","PopupInfo":"","HasLabel":-1,"LabelID":0,"ward_source_id":"ward_369_final.59","ward_source_Name":null,"ward_description":null,"ward_timestamp":null,"ward_begin":null,"ward_end":null,"ward_altitudeMode":null,"ward_tessellate":-1,"ward_extrude":0,"ward_visibility":-1,"ward_drawOrder":null,"ward_icon":null,"ward_Corporation":"West","ward_corporation_kn":"ಪಶ್ಚಿಮ","ward_corporation_id":"5","ward_ac":"Rajarajeshwarinagar","ward_ac_kn":"ರಾಜರಾಜೇಶ್ವರಿನಗರ","ward_ac_no":"154","ward_Assembly":"154 - Rajarajeshwarinagar","ward_id":"28","ward_name":"28 - Kottegepalya","ward_name_kn":"ಕೊಟ್ಟಿಗೆಪಾಳ್ಯ","ward_TOT_P":"22872.0","ward_TOT_M":"12165.0","ward_TOT_F":"10707.0","ward_SC_P":"2906.0","ward_SC_M":"1616.0","ward_SC_F":"1291.0","ward_ST_P":"612.0","ward_ST_M":"337.0","ward_ST_F":"275.0","ward_low_range":"18949","ward_high_range":"28424","ward_RO_Code":"10","ward_RO_Division":"RO- Peenya","ward_ARO_Code":"31","ward_ARO_ Sub Division":"ARO- Kotigepalya","ward_zone":"Zone1","ward_zone_name":"Rajarajeshwarinagar","ward_join_status":"matched","ward_spatial_match_count":1},"geometry":{"type":"Point","coordinates":[77.51259010000007,12.987367800000072,0]},"id":590},{"type":"Feature","properties":{"fid":591,"OBJECTID":591,"Name":"Placemark","FolderPath":"BBMP Toilets","SymbolID":0,"AltMode":-1,"Base":0,"Snippet":"","PopupInfo":"","HasLabel":-1,"LabelID":0,"ward_source_id":"ward_369_final.59","ward_source_Name":null,"ward_description":null,"ward_timestamp":null,"ward_begin":null,"ward_end":null,"ward_altitudeMode":null,"ward_tessellate":-1,"ward_extrude":0,"ward_visibility":-1,"ward_drawOrder":null,"ward_icon":null,"ward_Corporation":"West","ward_corporation_kn":"ಪಶ್ಚಿಮ","ward_corporation_id":"5","ward_ac":"Rajarajeshwarinagar","ward_ac_kn":"ರಾಜರಾಜೇಶ್ವರಿನಗರ","ward_ac_no":"154","ward_Assembly":"154 - Rajarajeshwarinagar","ward_id":"28","ward_name":"28 - Kottegepalya","ward_name_kn":"ಕೊಟ್ಟಿಗೆಪಾಳ್ಯ","ward_TOT_P":"22872.0","ward_TOT_M":"12165.0","ward_TOT_F":"10707.0","ward_SC_P":"2906.0","ward_SC_M":"1616.0","ward_SC_F":"1291.0","ward_ST_P":"612.0","ward_ST_M":"337.0","ward_ST_F":"275.0","ward_low_range":"18949","ward_high_range":"28424","ward_RO_Code":"10","ward_RO_Division":"RO- Peenya","ward_ARO_Code":"31","ward_ARO_ Sub Division":"ARO- Kotigepalya","ward_zone":"Zone1","ward_zone_name":"Rajarajeshwarinagar","ward_join_status":"matched","ward_spatial_match_count":1},"geometry":{"type":"Point","coordinates":[77.51107930000006,12.988828900000044,0]},"id":591},{"type":"Feature","properties":{"fid":592,"OBJECTID":592,"Name":"Placemark","FolderPath":"BBMP Toilets","SymbolID":0,"AltMode":-1,"Base":0,"Snippet":"","PopupInfo":"","HasLabel":-1,"LabelID":0,"ward_source_id":"ward_369_final.290","ward_source_Name":null,"ward_description":null,"ward_timestamp":null,"ward_begin":null,"ward_end":null,"ward_altitudeMode":null,"ward_tessellate":-1,"ward_extrude":0,"ward_visibility":-1,"ward_drawOrder":null,"ward_icon":null,"ward_Corporation":"West","ward_corporation_kn":"ಪಶ್ಚಿಮ","ward_corporation_id":"5","ward_ac":"Yeshwanthapura","ward_ac_kn":"ಯಶವಂತಪುರ","ward_ac_no":"153","ward_Assembly":"153 - Yeshwanthapura","ward_id":"21","ward_name":"21 - Kengeri","ward_name_kn":"ಕೆಂಗೇರಿ","ward_TOT_P":"21835.0","ward_TOT_M":"11253.0","ward_TOT_F":"10582.0","ward_SC_P":"2478.0","ward_SC_M":"1266.0","ward_SC_F":"1212.0","ward_ST_P":"371.0","ward_ST_M":"210.0","ward_ST_F":"161.0","ward_low_range":"18949","ward_high_range":"28424","ward_RO_Code":"15","ward_RO_Division":"RO- Kengeri","ward_ARO_Code":"44","ward_ARO_ Sub Division":"ARO- Kengeri","ward_zone":"Zone1","ward_zone_name":"Rajarajeshwarinagar","ward_join_status":"matched","ward_spatial_match_count":1},"geometry":{"type":"Point","coordinates":[77.50131970000007,12.926231200000075,0]},"id":592},{"type":"Feature","properties":{"fid":593,"OBJECTID":593,"Name":"Placemark","FolderPath":"BBMP Toilets","SymbolID":0,"AltMode":-1,"Base":0,"Snippet":"","PopupInfo":"","HasLabel":-1,"LabelID":0,"ward_source_id":"ward_369_final.304","ward_source_Name":null,"ward_description":null,"ward_timestamp":null,"ward_begin":null,"ward_end":null,"ward_altitudeMode":null,"ward_tessellate":-1,"ward_extrude":0,"ward_visibility":-1,"ward_drawOrder":null,"ward_icon":null,"ward_Corporation":"West","ward_corporation_kn":"ಪಶ್ಚಿಮ","ward_corporation_id":"5","ward_ac":"Rajarajeshwarinagar","ward_ac_kn":"ರಾಜರಾಜೇಶ್ವರಿನಗರ","ward_ac_no":"154","ward_Assembly":"154 - Rajarajeshwarinagar","ward_id":"24","ward_name":"24 - Jnana Bharathi Ward","ward_name_kn":"ಜ್ಞಾನ ಭಾರತಿ ವಾರ್ಡ್","ward_TOT_P":"20533.0","ward_TOT_M":"10816.0","ward_TOT_F":"9717.0","ward_SC_P":"2181.0","ward_SC_M":"1121.0","ward_SC_F":"1060.0","ward_ST_P":"434.0","ward_ST_M":"240.0","ward_ST_F":"194.0","ward_low_range":"18949","ward_high_range":"28424","ward_RO_Code":"11","ward_RO_Division":"RO- Rajarajeswari Nagara","ward_ARO_Code":"34","ward_ARO_ Sub Division":"ARO- Jnana Bharathi","ward_zone":"Zone1","ward_zone_name":"Rajarajeshwarinagar","ward_join_status":"matched","ward_spatial_match_count":1},"geometry":{"type":"Point","coordinates":[77.49481160000005,12.95159540000003,0]},"id":593},{"type":"Feature","properties":{"fid":594,"OBJECTID":594,"Name":"Placemark","FolderPath":"BBMP Toilets","SymbolID":0,"AltMode":-1,"Base":0,"Snippet":"","PopupInfo":"","HasLabel":-1,"LabelID":0,"ward_source_id":"ward_369_final.304","ward_source_Name":null,"ward_description":null,"ward_timestamp":null,"ward_begin":null,"ward_end":null,"ward_altitudeMode":null,"ward_tessellate":-1,"ward_extrude":0,"ward_visibility":-1,"ward_drawOrder":null,"ward_icon":null,"ward_Corporation":"West","ward_corporation_kn":"ಪಶ್ಚಿಮ","ward_corporation_id":"5","ward_ac":"Rajarajeshwarinagar","ward_ac_kn":"ರಾಜರಾಜೇಶ್ವರಿನಗರ","ward_ac_no":"154","ward_Assembly":"154 - Rajarajeshwarinagar","ward_id":"24","ward_name":"24 - Jnana Bharathi Ward","ward_name_kn":"ಜ್ಞಾನ ಭಾರತಿ ವಾರ್ಡ್","ward_TOT_P":"20533.0","ward_TOT_M":"10816.0","ward_TOT_F":"9717.0","ward_SC_P":"2181.0","ward_SC_M":"1121.0","ward_SC_F":"1060.0","ward_ST_P":"434.0","ward_ST_M":"240.0","ward_ST_F":"194.0","ward_low_range":"18949","ward_high_range":"28424","ward_RO_Code":"11","ward_RO_Division":"RO- Rajarajeswari Nagara","ward_ARO_Code":"34","ward_ARO_ Sub Division":"ARO- Jnana Bharathi","ward_zone":"Zone1","ward_zone_name":"Rajarajeshwarinagar","ward_join_status":"matched","ward_spatial_match_count":1},"geometry":{"type":"Point","coordinates":[77.50265760000008,12.957167800000036,0]},"id":594},{"type":"Feature","properties":{"fid":595,"OBJECTID":595,"Name":"Placemark","FolderPath":"BBMP Toilets","SymbolID":0,"AltMode":-1,"Base":0,"Snippet":"","PopupInfo":"","HasLabel":-1,"LabelID":0,"ward_source_id":"ward_369_final.304","ward_source_Name":null,"ward_description":null,"ward_timestamp":null,"ward_begin":null,"ward_end":null,"ward_altitudeMode":null,"ward_tessellate":-1,"ward_extrude":0,"ward_visibility":-1,"ward_drawOrder":null,"ward_icon":null,"ward_Corporation":"West","ward_corporation_kn":"ಪಶ್ಚಿಮ","ward_corporation_id":"5","ward_ac":"Rajarajeshwarinagar","ward_ac_kn":"ರಾಜರಾಜೇಶ್ವರಿನಗರ","ward_ac_no":"154","ward_Assembly":"154 - Rajarajeshwarinagar","ward_id":"24","ward_name":"24 - Jnana Bharathi Ward","ward_name_kn":"ಜ್ಞಾನ ಭಾರತಿ ವಾರ್ಡ್","ward_TOT_P":"20533.0","ward_TOT_M":"10816.0","ward_TOT_F":"9717.0","ward_SC_P":"2181.0","ward_SC_M":"1121.0","ward_SC_F":"1060.0","ward_ST_P":"434.0","ward_ST_M":"240.0","ward_ST_F":"194.0","ward_low_range":"18949","ward_high_range":"28424","ward_RO_Code":"11","ward_RO_Division":"RO- Rajarajeswari Nagara","ward_ARO_Code":"34","ward_ARO_ Sub Division":"ARO- Jnana Bharathi","ward_zone":"Zone1","ward_zone_name":"Rajarajeshwarinagar","ward_join_status":"matched","ward_spatial_match_count":1},"geometry":{"type":"Point","coordinates":[77.50079160000007,12.958677200000068,0]},"id":595},{"type":"Feature","properties":{"fid":596,"OBJECTID":596,"Name":"Placemark","FolderPath":"BBMP Toilets","SymbolID":0,"AltMode":-1,"Base":0,"Snippet":"","PopupInfo":"","HasLabel":-1,"LabelID":0,"ward_source_id":"ward_369_final.1","ward_source_Name":null,"ward_description":null,"ward_timestamp":null,"ward_begin":null,"ward_end":null,"ward_altitudeMode":null,"ward_tessellate":-1,"ward_extrude":0,"ward_visibility":-1,"ward_drawOrder":null,"ward_icon":null,"ward_Corporation":"West","ward_corporation_kn":"ಪಶ್ಚಿಮ","ward_corporation_id":"5","ward_ac":"Rajarajeshwarinagar","ward_ac_kn":"ರಾಜರಾಜೇಶ್ವರಿನಗರ","ward_ac_no":"154","ward_Assembly":"154 - Rajarajeshwarinagar","ward_id":"25","ward_name":"25 - Vinayaka Layout","ward_name_kn":"ವಿನಾಯಕ ಲೇಔಟ್","ward_TOT_P":"20170.0","ward_TOT_M":"10168.0","ward_TOT_F":"10002.0","ward_SC_P":"1496.0","ward_SC_M":"767.0","ward_SC_F":"729.0","ward_ST_P":"406.0","ward_ST_M":"205.0","ward_ST_F":"201.0","ward_low_range":"18949","ward_high_range":"28424","ward_RO_Code":"11","ward_RO_Division":"RO- Rajarajeswari Nagara","ward_ARO_Code":"34","ward_ARO_ Sub Division":"ARO- Jnana Bharathi","ward_zone":"Zone1","ward_zone_name":"Rajarajeshwarinagar","ward_join_status":"matched","ward_spatial_match_count":1},"geometry":{"type":"Point","coordinates":[77.51047830000005,12.960844800000075,0]},"id":596},{"type":"Feature","properties":{"fid":597,"OBJECTID":597,"Name":"Placemark","FolderPath":"BBMP Toilets","SymbolID":0,"AltMode":-1,"Base":0,"Snippet":"","PopupInfo":"","HasLabel":-1,"LabelID":0,"ward_source_id":"ward_369_final.1","ward_source_Name":null,"ward_description":null,"ward_timestamp":null,"ward_begin":null,"ward_end":null,"ward_altitudeMode":null,"ward_tessellate":-1,"ward_extrude":0,"ward_visibility":-1,"ward_drawOrder":null,"ward_icon":null,"ward_Corporation":"West","ward_corporation_kn":"ಪಶ್ಚಿಮ","ward_corporation_id":"5","ward_ac":"Rajarajeshwarinagar","ward_ac_kn":"ರಾಜರಾಜೇಶ್ವರಿನಗರ","ward_ac_no":"154","ward_Assembly":"154 - Rajarajeshwarinagar","ward_id":"25","ward_name":"25 - Vinayaka Layout","ward_name_kn":"ವಿನಾಯಕ ಲೇಔಟ್","ward_TOT_P":"20170.0","ward_TOT_M":"10168.0","ward_TOT_F":"10002.0","ward_SC_P":"1496.0","ward_SC_M":"767.0","ward_SC_F":"729.0","ward_ST_P":"406.0","ward_ST_M":"205.0","ward_ST_F":"201.0","ward_low_range":"18949","ward_high_range":"28424","ward_RO_Code":"11","ward_RO_Division":"RO- Rajarajeswari Nagara","ward_ARO_Code":"34","ward_ARO_ Sub Division":"ARO- Jnana Bharathi","ward_zone":"Zone1","ward_zone_name":"Rajarajeshwarinagar","ward_join_status":"matched","ward_spatial_match_count":1},"geometry":{"type":"Point","coordinates":[77.50461170000005,12.960311800000056,0]},"id":597},{"type":"Feature","properties":{"fid":598,"OBJECTID":598,"Name":"Placemark","FolderPath":"BBMP Toilets","SymbolID":0,"AltMode":-1,"Base":0,"Snippet":"","PopupInfo":"","HasLabel":-1,"LabelID":0,"ward_source_id":"ward_369_final.243","ward_source_Name":null,"ward_description":null,"ward_timestamp":null,"ward_begin":null,"ward_end":null,"ward_altitudeMode":null,"ward_tessellate":-1,"ward_extrude":0,"ward_visibility":-1,"ward_drawOrder":null,"ward_icon":null,"ward_Corporation":"West","ward_corporation_kn":"ಪಶ್ಚಿಮ","ward_corporation_id":"5","ward_ac":"Rajarajeshwarinagar","ward_ac_kn":"ರಾಜರಾಜೇಶ್ವರಿನಗರ","ward_ac_no":"154","ward_Assembly":"154 - Rajarajeshwarinagar","ward_id":"26","ward_name":"26 - Mallathahalli","ward_name_kn":"ಮಲ್ಲತ್ತಹಳ್ಳಿ","ward_TOT_P":"21575.0","ward_TOT_M":"11199.0","ward_TOT_F":"10375.0","ward_SC_P":"2488.0","ward_SC_M":"1262.0","ward_SC_F":"1226.0","ward_ST_P":"754.0","ward_ST_M":"403.0","ward_ST_F":"351.0","ward_low_range":"18949","ward_high_range":"28424","ward_RO_Code":"11","ward_RO_Division":"RO- Rajarajeswari Nagara","ward_ARO_Code":"34","ward_ARO_ Sub Division":"ARO- Jnana Bharathi","ward_zone":"Zone1","ward_zone_name":"Rajarajeshwarinagar","ward_join_status":"matched","ward_spatial_match_count":1},"geometry":{"type":"Point","coordinates":[77.50478770000007,12.96651010000005,0]},"id":598},{"type":"Feature","properties":{"fid":599,"OBJECTID":599,"Name":"Placemark","FolderPath":"BBMP Toilets","SymbolID":0,"AltMode":-1,"Base":0,"Snippet":"","PopupInfo":"","HasLabel":-1,"LabelID":0,"ward_source_id":"ward_369_final.13","ward_source_Name":null,"ward_description":null,"ward_timestamp":null,"ward_begin":null,"ward_end":null,"ward_altitudeMode":null,"ward_tessellate":-1,"ward_extrude":0,"ward_visibility":-1,"ward_drawOrder":null,"ward_icon":null,"ward_Corporation":"North","ward_corporation_kn":"ಉತ್ತರ","ward_corporation_id":"2","ward_ac":"Rajarajeshwarinagar","ward_ac_kn":"ರಾಜರಾಜೇಶ್ವರಿನಗರ","ward_ac_no":"154","ward_Assembly":"154 - Rajarajeshwarinagar","ward_id":"60","ward_name":"60 - Jalahalli","ward_name_kn":"ಜಾಲಹಳ್ಳಿ","ward_TOT_P":"23400.0","ward_TOT_M":"11902.0","ward_TOT_F":"11498.0","ward_SC_P":"7043.0","ward_SC_M":"3489.0","ward_SC_F":"3554.0","ward_ST_P":"1129.0","ward_ST_M":"577.0","ward_ST_F":"553.0","ward_low_range":"19943","ward_high_range":"29914","ward_RO_Code":"8","ward_RO_Division":"RO- Jalahalli","ward_ARO_Code":"20","ward_ARO_ Sub Division":"ARO- Jalahalli","ward_zone":"Zone2","ward_zone_name":"Yelahanka","ward_join_status":"matched","ward_spatial_match_count":1},"geometry":{"type":"Point","coordinates":[77.54927930000008,13.048704400000076,0]},"id":599},{"type":"Feature","properties":{"fid":600,"OBJECTID":600,"Name":"Placemark","FolderPath":"BBMP Toilets","SymbolID":0,"AltMode":-1,"Base":0,"Snippet":"","PopupInfo":"","HasLabel":-1,"LabelID":0,"ward_source_id":"ward_369_final.327","ward_source_Name":null,"ward_description":null,"ward_timestamp":null,"ward_begin":null,"ward_end":null,"ward_altitudeMode":null,"ward_tessellate":-1,"ward_extrude":0,"ward_visibility":-1,"ward_drawOrder":null,"ward_icon":null,"ward_Corporation":"West","ward_corporation_kn":"ಪಶ್ಚಿಮ","ward_corporation_id":"5","ward_ac":"Yeshwanthapura","ward_ac_kn":"ಯಶವಂತಪುರ","ward_ac_no":"153","ward_Assembly":"153 - Yeshwanthapura","ward_id":"17","ward_name":"17 - Nagadevanahalli","ward_name_kn":"ನಾಗದೇವನಹಳ್ಳಿ","ward_TOT_P":"23269.0","ward_TOT_M":"12102.0","ward_TOT_F":"11167.0","ward_SC_P":"2569.0","ward_SC_M":"1353.0","ward_SC_F":"1216.0","ward_ST_P":"324.0","ward_ST_M":"172.0","ward_ST_F":"152.0","ward_low_range":"18949","ward_high_range":"28424","ward_RO_Code":"15","ward_RO_Division":"RO- Kengeri","ward_ARO_Code":"45","ward_ARO_ Sub Division":"ARO- Ullal","ward_zone":"Zone1","ward_zone_name":"Rajarajeshwarinagar","ward_join_status":"matched","ward_spatial_match_count":1},"geometry":{"type":"Point","coordinates":[77.48872790000007,12.932927100000029,0]},"id":600},{"type":"Feature","properties":{"fid":601,"OBJECTID":601,"Name":"Placemark","FolderPath":"BBMP Toilets","SymbolID":0,"AltMode":-1,"Base":0,"Snippet":"","PopupInfo":"","HasLabel":-1,"LabelID":0,"ward_source_id":"ward_369_final.327","ward_source_Name":null,"ward_description":null,"ward_timestamp":null,"ward_begin":null,"ward_end":null,"ward_altitudeMode":null,"ward_tessellate":-1,"ward_extrude":0,"ward_visibility":-1,"ward_drawOrder":null,"ward_icon":null,"ward_Corporation":"West","ward_corporation_kn":"ಪಶ್ಚಿಮ","ward_corporation_id":"5","ward_ac":"Yeshwanthapura","ward_ac_kn":"ಯಶವಂತಪುರ","ward_ac_no":"153","ward_Assembly":"153 - Yeshwanthapura","ward_id":"17","ward_name":"17 - Nagadevanahalli","ward_name_kn":"ನಾಗದೇವನಹಳ್ಳಿ","ward_TOT_P":"23269.0","ward_TOT_M":"12102.0","ward_TOT_F":"11167.0","ward_SC_P":"2569.0","ward_SC_M":"1353.0","ward_SC_F":"1216.0","ward_ST_P":"324.0","ward_ST_M":"172.0","ward_ST_F":"152.0","ward_low_range":"18949","ward_high_range":"28424","ward_RO_Code":"15","ward_RO_Division":"RO- Kengeri","ward_ARO_Code":"45","ward_ARO_ Sub Division":"ARO- Ullal","ward_zone":"Zone1","ward_zone_name":"Rajarajeshwarinagar","ward_join_status":"matched","ward_spatial_match_count":1},"geometry":{"type":"Point","coordinates":[77.49034970000008,12.93275200000005,0]},"id":601},{"type":"Feature","properties":{"fid":602,"OBJECTID":602,"Name":"Placemark","FolderPath":"BBMP Toilets","SymbolID":0,"AltMode":-1,"Base":0,"Snippet":"","PopupInfo":"","HasLabel":-1,"LabelID":0,"ward_source_id":"ward_369_final.327","ward_source_Name":null,"ward_description":null,"ward_timestamp":null,"ward_begin":null,"ward_end":null,"ward_altitudeMode":null,"ward_tessellate":-1,"ward_extrude":0,"ward_visibility":-1,"ward_drawOrder":null,"ward_icon":null,"ward_Corporation":"West","ward_corporation_kn":"ಪಶ್ಚಿಮ","ward_corporation_id":"5","ward_ac":"Yeshwanthapura","ward_ac_kn":"ಯಶವಂತಪುರ","ward_ac_no":"153","ward_Assembly":"153 - Yeshwanthapura","ward_id":"17","ward_name":"17 - Nagadevanahalli","ward_name_kn":"ನಾಗದೇವನಹಳ್ಳಿ","ward_TOT_P":"23269.0","ward_TOT_M":"12102.0","ward_TOT_F":"11167.0","ward_SC_P":"2569.0","ward_SC_M":"1353.0","ward_SC_F":"1216.0","ward_ST_P":"324.0","ward_ST_M":"172.0","ward_ST_F":"152.0","ward_low_range":"18949","ward_high_range":"28424","ward_RO_Code":"15","ward_RO_Division":"RO- Kengeri","ward_ARO_Code":"45","ward_ARO_ Sub Division":"ARO- Ullal","ward_zone":"Zone1","ward_zone_name":"Rajarajeshwarinagar","ward_join_status":"matched","ward_spatial_match_count":1},"geometry":{"type":"Point","coordinates":[77.49301630000008,12.935964600000034,0]},"id":602},{"type":"Feature","properties":{"fid":603,"OBJECTID":603,"Name":"Placemark","FolderPath":"BBMP Toilets","SymbolID":0,"AltMode":-1,"Base":0,"Snippet":"","PopupInfo":"","HasLabel":-1,"LabelID":0,"ward_source_id":"ward_369_final.327","ward_source_Name":null,"ward_description":null,"ward_timestamp":null,"ward_begin":null,"ward_end":null,"ward_altitudeMode":null,"ward_tessellate":-1,"ward_extrude":0,"ward_visibility":-1,"ward_drawOrder":null,"ward_icon":null,"ward_Corporation":"West","ward_corporation_kn":"ಪಶ್ಚಿಮ","ward_corporation_id":"5","ward_ac":"Yeshwanthapura","ward_ac_kn":"ಯಶವಂತಪುರ","ward_ac_no":"153","ward_Assembly":"153 - Yeshwanthapura","ward_id":"17","ward_name":"17 - Nagadevanahalli","ward_name_kn":"ನಾಗದೇವನಹಳ್ಳಿ","ward_TOT_P":"23269.0","ward_TOT_M":"12102.0","ward_TOT_F":"11167.0","ward_SC_P":"2569.0","ward_SC_M":"1353.0","ward_SC_F":"1216.0","ward_ST_P":"324.0","ward_ST_M":"172.0","ward_ST_F":"152.0","ward_low_range":"18949","ward_high_range":"28424","ward_RO_Code":"15","ward_RO_Division":"RO- Kengeri","ward_ARO_Code":"45","ward_ARO_ Sub Division":"ARO- Ullal","ward_zone":"Zone1","ward_zone_name":"Rajarajeshwarinagar","ward_join_status":"matched","ward_spatial_match_count":1},"geometry":{"type":"Point","coordinates":[77.49252810000007,12.938102900000047,0]},"id":603},{"type":"Feature","properties":{"fid":604,"OBJECTID":604,"Name":"Placemark","FolderPath":"BBMP Toilets","SymbolID":0,"AltMode":-1,"Base":0,"Snippet":"","PopupInfo":"","HasLabel":-1,"LabelID":0,"ward_source_id":"ward_369_final.327","ward_source_Name":null,"ward_description":null,"ward_timestamp":null,"ward_begin":null,"ward_end":null,"ward_altitudeMode":null,"ward_tessellate":-1,"ward_extrude":0,"ward_visibility":-1,"ward_drawOrder":null,"ward_icon":null,"ward_Corporation":"West","ward_corporation_kn":"ಪಶ್ಚಿಮ","ward_corporation_id":"5","ward_ac":"Yeshwanthapura","ward_ac_kn":"ಯಶವಂತಪುರ","ward_ac_no":"153","ward_Assembly":"153 - Yeshwanthapura","ward_id":"17","ward_name":"17 - Nagadevanahalli","ward_name_kn":"ನಾಗದೇವನಹಳ್ಳಿ","ward_TOT_P":"23269.0","ward_TOT_M":"12102.0","ward_TOT_F":"11167.0","ward_SC_P":"2569.0","ward_SC_M":"1353.0","ward_SC_F":"1216.0","ward_ST_P":"324.0","ward_ST_M":"172.0","ward_ST_F":"152.0","ward_low_range":"18949","ward_high_range":"28424","ward_RO_Code":"15","ward_RO_Division":"RO- Kengeri","ward_ARO_Code":"45","ward_ARO_ Sub Division":"ARO- Ullal","ward_zone":"Zone1","ward_zone_name":"Rajarajeshwarinagar","ward_join_status":"matched","ward_spatial_match_count":1},"geometry":{"type":"Point","coordinates":[77.48956830000003,12.942329200000074,0]},"id":604},{"type":"Feature","properties":{"fid":605,"OBJECTID":605,"Name":"Placemark","FolderPath":"BBMP Toilets","SymbolID":0,"AltMode":-1,"Base":0,"Snippet":"","PopupInfo":"","HasLabel":-1,"LabelID":0,"ward_source_id":"ward_369_final.327","ward_source_Name":null,"ward_description":null,"ward_timestamp":null,"ward_begin":null,"ward_end":null,"ward_altitudeMode":null,"ward_tessellate":-1,"ward_extrude":0,"ward_visibility":-1,"ward_drawOrder":null,"ward_icon":null,"ward_Corporation":"West","ward_corporation_kn":"ಪಶ್ಚಿಮ","ward_corporation_id":"5","ward_ac":"Yeshwanthapura","ward_ac_kn":"ಯಶವಂತಪುರ","ward_ac_no":"153","ward_Assembly":"153 - Yeshwanthapura","ward_id":"17","ward_name":"17 - Nagadevanahalli","ward_name_kn":"ನಾಗದೇವನಹಳ್ಳಿ","ward_TOT_P":"23269.0","ward_TOT_M":"12102.0","ward_TOT_F":"11167.0","ward_SC_P":"2569.0","ward_SC_M":"1353.0","ward_SC_F":"1216.0","ward_ST_P":"324.0","ward_ST_M":"172.0","ward_ST_F":"152.0","ward_low_range":"18949","ward_high_range":"28424","ward_RO_Code":"15","ward_RO_Division":"RO- Kengeri","ward_ARO_Code":"45","ward_ARO_ Sub Division":"ARO- Ullal","ward_zone":"Zone1","ward_zone_name":"Rajarajeshwarinagar","ward_join_status":"matched","ward_spatial_match_count":1},"geometry":{"type":"Point","coordinates":[77.49299780000007,12.941454200000067,0]},"id":605},{"type":"Feature","properties":{"fid":606,"OBJECTID":606,"Name":"Placemark","FolderPath":"BBMP Toilets","SymbolID":0,"AltMode":-1,"Base":0,"Snippet":"","PopupInfo":"","HasLabel":-1,"LabelID":0,"ward_source_id":"ward_369_final.327","ward_source_Name":null,"ward_description":null,"ward_timestamp":null,"ward_begin":null,"ward_end":null,"ward_altitudeMode":null,"ward_tessellate":-1,"ward_extrude":0,"ward_visibility":-1,"ward_drawOrder":null,"ward_icon":null,"ward_Corporation":"West","ward_corporation_kn":"ಪಶ್ಚಿಮ","ward_corporation_id":"5","ward_ac":"Yeshwanthapura","ward_ac_kn":"ಯಶವಂತಪುರ","ward_ac_no":"153","ward_Assembly":"153 - Yeshwanthapura","ward_id":"17","ward_name":"17 - Nagadevanahalli","ward_name_kn":"ನಾಗದೇವನಹಳ್ಳಿ","ward_TOT_P":"23269.0","ward_TOT_M":"12102.0","ward_TOT_F":"11167.0","ward_SC_P":"2569.0","ward_SC_M":"1353.0","ward_SC_F":"1216.0","ward_ST_P":"324.0","ward_ST_M":"172.0","ward_ST_F":"152.0","ward_low_range":"18949","ward_high_range":"28424","ward_RO_Code":"15","ward_RO_Division":"RO- Kengeri","ward_ARO_Code":"45","ward_ARO_ Sub Division":"ARO- Ullal","ward_zone":"Zone1","ward_zone_name":"Rajarajeshwarinagar","ward_join_status":"matched","ward_spatial_match_count":1},"geometry":{"type":"Point","coordinates":[77.49652380000003,12.94600900000006,0]},"id":606},{"type":"Feature","properties":{"fid":607,"OBJECTID":607,"Name":"Placemark","FolderPath":"BBMP Toilets","SymbolID":0,"AltMode":-1,"Base":0,"Snippet":"","PopupInfo":"","HasLabel":-1,"LabelID":0,"ward_source_id":"ward_369_final.292","ward_source_Name":null,"ward_description":null,"ward_timestamp":null,"ward_begin":null,"ward_end":null,"ward_altitudeMode":null,"ward_tessellate":-1,"ward_extrude":0,"ward_visibility":-1,"ward_drawOrder":null,"ward_icon":null,"ward_Corporation":"Central","ward_corporation_kn":"ಕೇಂದ್ರ","ward_corporation_id":"1","ward_ac":"Chamrajapet","ward_ac_kn":"ಚಾಮರಾಜಪೇಟೆ","ward_ac_no":"168","ward_Assembly":"168 - Chamrajapet","ward_id":"44","ward_name":"44 - Chamarajpet","ward_name_kn":"ಚಾಮರಾಜಪೇಟೆ","ward_TOT_P":"25619.0","ward_TOT_M":"13095.0","ward_TOT_F":"12523.0","ward_SC_P":"668.0","ward_SC_M":"374.0","ward_SC_F":"294.0","ward_ST_P":"379.0","ward_ST_M":"213.0","ward_ST_F":"167.0","ward_low_range":"18853","ward_high_range":"28280","ward_RO_Code":"3","ward_RO_Division":"RO - Chamrajapet","ward_ARO_Code":"7","ward_ARO_ Sub Division":"ARO- Chamarajpet","ward_zone":"Zone2","ward_zone_name":"Gandhinagara","ward_join_status":"matched","ward_spatial_match_count":1},"geometry":{"type":"Point","coordinates":[77.57229280000007,12.957956600000045,0]},"id":607},{"type":"Feature","properties":{"fid":608,"OBJECTID":608,"Name":"Placemark","FolderPath":"BBMP Toilets","SymbolID":0,"AltMode":-1,"Base":0,"Snippet":"","PopupInfo":"","HasLabel":-1,"LabelID":0,"ward_source_id":"ward_369_final.292","ward_source_Name":null,"ward_description":null,"ward_timestamp":null,"ward_begin":null,"ward_end":null,"ward_altitudeMode":null,"ward_tessellate":-1,"ward_extrude":0,"ward_visibility":-1,"ward_drawOrder":null,"ward_icon":null,"ward_Corporation":"Central","ward_corporation_kn":"ಕೇಂದ್ರ","ward_corporation_id":"1","ward_ac":"Chamrajapet","ward_ac_kn":"ಚಾಮರಾಜಪೇಟೆ","ward_ac_no":"168","ward_Assembly":"168 - Chamrajapet","ward_id":"44","ward_name":"44 - Chamarajpet","ward_name_kn":"ಚಾಮರಾಜಪೇಟೆ","ward_TOT_P":"25619.0","ward_TOT_M":"13095.0","ward_TOT_F":"12523.0","ward_SC_P":"668.0","ward_SC_M":"374.0","ward_SC_F":"294.0","ward_ST_P":"379.0","ward_ST_M":"213.0","ward_ST_F":"167.0","ward_low_range":"18853","ward_high_range":"28280","ward_RO_Code":"3","ward_RO_Division":"RO - Chamrajapet","ward_ARO_Code":"7","ward_ARO_ Sub Division":"ARO- Chamarajpet","ward_zone":"Zone2","ward_zone_name":"Gandhinagara","ward_join_status":"matched","ward_spatial_match_count":1},"geometry":{"type":"Point","coordinates":[77.57200580000006,12.95806650000003,0]},"id":608},{"type":"Feature","properties":{"fid":609,"OBJECTID":609,"Name":"Placemark","FolderPath":"BBMP Toilets","SymbolID":0,"AltMode":-1,"Base":0,"Snippet":"","PopupInfo":"","HasLabel":-1,"LabelID":0,"ward_source_id":"ward_369_final.272","ward_source_Name":null,"ward_description":null,"ward_timestamp":null,"ward_begin":null,"ward_end":null,"ward_altitudeMode":null,"ward_tessellate":-1,"ward_extrude":0,"ward_visibility":-1,"ward_drawOrder":null,"ward_icon":null,"ward_Corporation":"Central","ward_corporation_kn":"ಕೇಂದ್ರ","ward_corporation_id":"1","ward_ac":"Shanthinagar","ward_ac_kn":"ಶಾಂತಿನಗರ","ward_ac_no":"163","ward_Assembly":"163 - Shanthinagar","ward_id":"22","ward_name":"22 - Domluru","ward_name_kn":"ದೊಮ್ಮಲೂರು","ward_TOT_P":"19982.0","ward_TOT_M":"10120.0","ward_TOT_F":"9862.0","ward_SC_P":"2790.0","ward_SC_M":"1392.0","ward_SC_F":"1398.0","ward_ST_P":"542.0","ward_ST_M":"272.0","ward_ST_F":"270.0","ward_low_range":"18853","ward_high_range":"28280","ward_RO_Code":"6","ward_RO_Division":"RO - Shanthinagar","ward_ARO_Code":"18","ward_ARO_ Sub Division":"ARO- Domluru","ward_zone":"Zone1","ward_zone_name":"C.V. Raman Nagar","ward_join_status":"matched","ward_spatial_match_count":1},"geometry":{"type":"Point","coordinates":[77.63703950000007,12.961064200000067,0]},"id":609},{"type":"Feature","properties":{"fid":610,"OBJECTID":610,"Name":"Placemark","FolderPath":"BBMP Toilets","SymbolID":0,"AltMode":-1,"Base":0,"Snippet":"","PopupInfo":"","HasLabel":-1,"LabelID":0,"ward_source_id":"ward_369_final.293","ward_source_Name":null,"ward_description":null,"ward_timestamp":null,"ward_begin":null,"ward_end":null,"ward_altitudeMode":null,"ward_tessellate":-1,"ward_extrude":0,"ward_visibility":-1,"ward_drawOrder":null,"ward_icon":null,"ward_Corporation":"Central","ward_corporation_kn":"ಕೇಂದ್ರ","ward_corporation_id":"1","ward_ac":"C.V. Raman Nagar","ward_ac_kn":"ಸಿ.ವಿ. ರಾಮನ್ ನಗರ","ward_ac_no":"161","ward_Assembly":"161 - C.V. Raman Nagar","ward_id":"15","ward_name":"15 - Indiranagar","ward_name_kn":"ಇಂದಿರಾನಗರ","ward_TOT_P":"19324.0","ward_TOT_M":"9711.0","ward_TOT_F":"9613.0","ward_SC_P":"3803.0","ward_SC_M":"1930.0","ward_SC_F":"1873.0","ward_ST_P":"224.0","ward_ST_M":"115.0","ward_ST_F":"109.0","ward_low_range":"18853","ward_high_range":"28280","ward_RO_Code":"1","ward_RO_Division":"RO- Indiranagar","ward_ARO_Code":"1","ward_ARO_ Sub Division":"ARO- Indiranagar","ward_zone":"Zone1","ward_zone_name":"C.V. Raman Nagar","ward_join_status":"matched","ward_spatial_match_count":1},"geometry":{"type":"Point","coordinates":[77.64971530000008,12.968719700000065,0]},"id":610},{"type":"Feature","properties":{"fid":611,"OBJECTID":611,"Name":"Placemark","FolderPath":"BBMP Toilets","SymbolID":0,"AltMode":-1,"Base":0,"Snippet":"","PopupInfo":"","HasLabel":-1,"LabelID":0,"ward_source_id":"ward_369_final.298","ward_source_Name":null,"ward_description":null,"ward_timestamp":null,"ward_begin":null,"ward_end":null,"ward_altitudeMode":null,"ward_tessellate":-1,"ward_extrude":0,"ward_visibility":-1,"ward_drawOrder":null,"ward_icon":null,"ward_Corporation":"Central","ward_corporation_kn":"ಕೇಂದ್ರ","ward_corporation_id":"1","ward_ac":"Shivajinagar","ward_ac_kn":"ಶಿವಾಜಿನಗರ","ward_ac_no":"162","ward_Assembly":"162 - Shivajinagar","ward_id":"3","ward_name":"3 - Vasanth Nagar","ward_name_kn":"ವಸಂತ ನಗರ","ward_TOT_P":"28272.0","ward_TOT_M":"14112.0","ward_TOT_F":"14209.0","ward_SC_P":"3957.0","ward_SC_M":"1956.0","ward_SC_F":"2001.0","ward_ST_P":"186.0","ward_ST_M":"102.0","ward_ST_F":"84.0","ward_low_range":"18853","ward_high_range":"28280","ward_RO_Code":"7","ward_RO_Division":"RO- Shivajinagar","ward_ARO_Code":"24","ward_ARO_ Sub Division":"ARO- Vasanthanagar","ward_zone":"Zone2","ward_zone_name":"Gandhinagara","ward_join_status":"matched","ward_spatial_match_count":1},"geometry":{"type":"Point","coordinates":[77.60005510000008,12.990639500000043,0]},"id":611},{"type":"Feature","properties":{"fid":612,"OBJECTID":612,"Name":"Placemark","FolderPath":"BBMP Toilets","SymbolID":0,"AltMode":-1,"Base":0,"Snippet":"","PopupInfo":"","HasLabel":-1,"LabelID":0,"ward_source_id":"ward_369_final.306","ward_source_Name":null,"ward_description":null,"ward_timestamp":null,"ward_begin":null,"ward_end":null,"ward_altitudeMode":null,"ward_tessellate":-1,"ward_extrude":0,"ward_visibility":-1,"ward_drawOrder":null,"ward_icon":null,"ward_Corporation":"Central","ward_corporation_kn":"ಕೇಂದ್ರ","ward_corporation_id":"1","ward_ac":"Shivajinagar","ward_ac_kn":"ಶಿವಾಜಿನಗರ","ward_ac_no":"162","ward_Assembly":"162 - Shivajinagar","ward_id":"2","ward_name":"2 - Jayamahal","ward_name_kn":"ಜಯಮಹಲ್","ward_TOT_P":"25834.0","ward_TOT_M":"12803.0","ward_TOT_F":"12981.0","ward_SC_P":"7101.0","ward_SC_M":"3525.0","ward_SC_F":"3575.0","ward_ST_P":"243.0","ward_ST_M":"133.0","ward_ST_F":"111.0","ward_low_range":"18853","ward_high_range":"28280","ward_RO_Code":"7","ward_RO_Division":"RO- Shivajinagar","ward_ARO_Code":"23","ward_ARO_ Sub Division":"ARO- Shivajinagar","ward_zone":"Zone2","ward_zone_name":"Gandhinagara","ward_join_status":"matched","ward_spatial_match_count":1},"geometry":{"type":"Point","coordinates":[77.60387860000003,12.990701900000033,0]},"id":612},{"type":"Feature","properties":{"fid":613,"OBJECTID":613,"Name":"Placemark","FolderPath":"BBMP Toilets","SymbolID":0,"AltMode":-1,"Base":0,"Snippet":"","PopupInfo":"","HasLabel":-1,"LabelID":0,"ward_source_id":"ward_369_final.138","ward_source_Name":null,"ward_description":null,"ward_timestamp":null,"ward_begin":null,"ward_end":null,"ward_altitudeMode":null,"ward_tessellate":-1,"ward_extrude":0,"ward_visibility":-1,"ward_drawOrder":null,"ward_icon":null,"ward_Corporation":"North","ward_corporation_kn":"ಉತ್ತರ","ward_corporation_id":"2","ward_ac":"Pulakeshinagar","ward_ac_kn":"ಪುಲಕೇಶಿನಗರ","ward_ac_no":"159","ward_Assembly":"159 - Pulakeshinagar","ward_id":"48","ward_name":"48 - S.K Garden","ward_name_kn":"ಎಸ್.ಕೆ. ಗಾರ್ಡನ್","ward_TOT_P":"20102.0","ward_TOT_M":"9978.0","ward_TOT_F":"10124.0","ward_SC_P":"3287.0","ward_SC_M":"1620.0","ward_SC_F":"1667.0","ward_ST_P":"268.0","ward_ST_M":"134.0","ward_ST_F":"134.0","ward_low_range":"19943","ward_high_range":"29914","ward_RO_Code":"7","ward_RO_Division":"RO- Pulikeshinagar","ward_ARO_Code":"18","ward_ARO_ Sub Division":"ARO- Pulikeshinagar","ward_zone":"Zone1","ward_zone_name":"Byatarayanapura","ward_join_status":"matched","ward_spatial_match_count":1},"geometry":{"type":"Point","coordinates":[77.60526730000004,12.991100300000028,0]},"id":613}]}
