{"type":"FeatureCollection","name":"Bengaluru_Master — Bengaluru_Urban_Police_Station_Locations","crs":{"type":"name","properties":{"name":"urn:ogc:def:crs:OGC:1.3:CRS84"}},"features":[{"type":"Feature","properties":{"fid":1,"OBJECTID":1,"Name":"Placemark","FolderPath":"Document/blr_police_station_locs","SymbolID":0,"AltMode":-1,"Base":0,"Snippet":"\r","PopupInfo":"껠","HasLabel":-1,"LabelID":0,"ward_source_id":"ward_369_final.275","ward_source_Name":null,"ward_description":null,"ward_timestamp":null,"ward_begin":null,"ward_end":null,"ward_altitudeMode":null,"ward_tessellate":-1,"ward_extrude":0,"ward_visibility":-1,"ward_drawOrder":null,"ward_icon":null,"ward_Corporation":"Central","ward_corporation_kn":"ಕೇಂದ್ರ","ward_corporation_id":"1","ward_ac":"Shanthinagar","ward_ac_kn":"ಶಾಂತಿನಗರ","ward_ac_no":"163","ward_Assembly":"163 - Shanthinagar","ward_id":"25","ward_name":"25 - Ashokanagar","ward_name_kn":"ಅಶೋಕನಗರ","ward_TOT_P":"21804.0","ward_TOT_M":"10895.0","ward_TOT_F":"10909.0","ward_SC_P":"1987.0","ward_SC_M":"931.0","ward_SC_F":"1056.0","ward_ST_P":"311.0","ward_ST_M":"137.0","ward_ST_F":"174.0","ward_low_range":"18853","ward_high_range":"28280","ward_RO_Code":"6","ward_RO_Division":"RO - Shanthinagar","ward_ARO_Code":"21","ward_ARO_ Sub Division":"ARO- Shanthinagar","ward_zone":"Zone1","ward_zone_name":"C.V. Raman Nagar","ward_join_status":"matched","ward_spatial_match_count":1},"geometry":{"type":"Point","coordinates":[77.59796414300007,12.980029843000068,0]},"id":1},{"type":"Feature","properties":{"fid":2,"OBJECTID":2,"Name":"Placemark","FolderPath":"Document/blr_police_station_locs","SymbolID":0,"AltMode":-1,"Base":0,"Snippet":"","PopupInfo":"","HasLabel":-1,"LabelID":0,"ward_source_id":"ward_369_final.77","ward_source_Name":null,"ward_description":null,"ward_timestamp":null,"ward_begin":null,"ward_end":null,"ward_altitudeMode":null,"ward_tessellate":-1,"ward_extrude":0,"ward_visibility":-1,"ward_drawOrder":null,"ward_icon":null,"ward_Corporation":"Central","ward_corporation_kn":"ಕೇಂದ್ರ","ward_corporation_id":"1","ward_ac":"Shivajinagar","ward_ac_kn":"ಶಿವಾಜಿನಗರ","ward_ac_no":"162","ward_Assembly":"162 - Shivajinagar","ward_id":"4","ward_name":"4 - Sampangirama Nagar","ward_name_kn":"ಸಂಪಂಗಿರಾಮ ನಗರ","ward_TOT_P":"27874.0","ward_TOT_M":"13872.0","ward_TOT_F":"14002.0","ward_SC_P":"1810.0","ward_SC_M":"884.0","ward_SC_F":"926.0","ward_ST_P":"224.0","ward_ST_M":"92.0","ward_ST_F":"132.0","ward_low_range":"18853","ward_high_range":"28280","ward_RO_Code":"7","ward_RO_Division":"RO- Shivajinagar","ward_ARO_Code":"24","ward_ARO_ Sub Division":"ARO- Vasanthanagar","ward_zone":"Zone2","ward_zone_name":"Gandhinagara","ward_join_status":"matched","ward_spatial_match_count":1},"geometry":{"type":"Point","coordinates":[77.58861428900008,12.977320969000061,0]},"id":2},{"type":"Feature","properties":{"fid":3,"OBJECTID":3,"Name":"Placemark","FolderPath":"Document/blr_police_station_locs","SymbolID":0,"AltMode":-1,"Base":0,"Snippet":"","PopupInfo":"","HasLabel":-1,"LabelID":0,"ward_source_id":"ward_369_final.115","ward_source_Name":null,"ward_description":null,"ward_timestamp":null,"ward_begin":null,"ward_end":null,"ward_altitudeMode":null,"ward_tessellate":-1,"ward_extrude":0,"ward_visibility":-1,"ward_drawOrder":null,"ward_icon":null,"ward_Corporation":"Central","ward_corporation_kn":"ಕೇಂದ್ರ","ward_corporation_id":"1","ward_ac":"Shanthinagar","ward_ac_kn":"ಶಾಂತಿನಗರ","ward_ac_no":"163","ward_Assembly":"163 - Shanthinagar","ward_id":"27","ward_name":"27 - Ambedkarnagar","ward_name_kn":"ಅಂಬೇಡ್ಕರ್‌ನಗರ","ward_TOT_P":"27816.0","ward_TOT_M":"14227.0","ward_TOT_F":"13589.0","ward_SC_P":"11069.0","ward_SC_M":"5507.0","ward_SC_F":"5562.0","ward_ST_P":"481.0","ward_ST_M":"251.0","ward_ST_F":"230.0","ward_low_range":"18853","ward_high_range":"28280","ward_RO_Code":"6","ward_RO_Division":"RO - Shanthinagar","ward_ARO_Code":"20","ward_ARO_ Sub Division":"ARO- Neelasandra","ward_zone":"Zone1","ward_zone_name":"C.V. Raman Nagar","ward_join_status":"matched","ward_spatial_match_count":1},"geometry":{"type":"Point","coordinates":[77.62229900000006,12.951547000000062,0]},"id":3},{"type":"Feature","properties":{"fid":4,"OBJECTID":4,"Name":"Placemark","FolderPath":"Document/blr_police_station_locs","SymbolID":0,"AltMode":-1,"Base":0,"Snippet":"","PopupInfo":"","HasLabel":-1,"LabelID":0,"ward_source_id":"ward_369_final.77","ward_source_Name":null,"ward_description":null,"ward_timestamp":null,"ward_begin":null,"ward_end":null,"ward_altitudeMode":null,"ward_tessellate":-1,"ward_extrude":0,"ward_visibility":-1,"ward_drawOrder":null,"ward_icon":null,"ward_Corporation":"Central","ward_corporation_kn":"ಕೇಂದ್ರ","ward_corporation_id":"1","ward_ac":"Shivajinagar","ward_ac_kn":"ಶಿವಾಜಿನಗರ","ward_ac_no":"162","ward_Assembly":"162 - Shivajinagar","ward_id":"4","ward_name":"4 - Sampangirama Nagar","ward_name_kn":"ಸಂಪಂಗಿರಾಮ ನಗರ","ward_TOT_P":"27874.0","ward_TOT_M":"13872.0","ward_TOT_F":"14002.0","ward_SC_P":"1810.0","ward_SC_M":"884.0","ward_SC_F":"926.0","ward_ST_P":"224.0","ward_ST_M":"92.0","ward_ST_F":"132.0","ward_low_range":"18853","ward_high_range":"28280","ward_RO_Code":"7","ward_RO_Division":"RO- Shivajinagar","ward_ARO_Code":"24","ward_ARO_ Sub Division":"ARO- Vasanthanagar","ward_zone":"Zone2","ward_zone_name":"Gandhinagara","ward_join_status":"matched","ward_spatial_match_count":1},"geometry":{"type":"Point","coordinates":[77.58677680000005,12.967906000000028,0]},"id":4},{"type":"Feature","properties":{"fid":5,"OBJECTID":5,"Name":"Placemark","FolderPath":"Document/blr_police_station_locs","SymbolID":0,"AltMode":-1,"Base":0,"Snippet":"","PopupInfo":"","HasLabel":-1,"LabelID":0,"ward_source_id":"ward_369_final.77","ward_source_Name":null,"ward_description":null,"ward_timestamp":null,"ward_begin":null,"ward_end":null,"ward_altitudeMode":null,"ward_tessellate":-1,"ward_extrude":0,"ward_visibility":-1,"ward_drawOrder":null,"ward_icon":null,"ward_Corporation":"Central","ward_corporation_kn":"ಕೇಂದ್ರ","ward_corporation_id":"1","ward_ac":"Shivajinagar","ward_ac_kn":"ಶಿವಾಜಿನಗರ","ward_ac_no":"162","ward_Assembly":"162 - Shivajinagar","ward_id":"4","ward_name":"4 - Sampangirama Nagar","ward_name_kn":"ಸಂಪಂಗಿರಾಮ ನಗರ","ward_TOT_P":"27874.0","ward_TOT_M":"13872.0","ward_TOT_F":"14002.0","ward_SC_P":"1810.0","ward_SC_M":"884.0","ward_SC_F":"926.0","ward_ST_P":"224.0","ward_ST_M":"92.0","ward_ST_F":"132.0","ward_low_range":"18853","ward_high_range":"28280","ward_RO_Code":"7","ward_RO_Division":"RO- Shivajinagar","ward_ARO_Code":"24","ward_ARO_ Sub Division":"ARO- Vasanthanagar","ward_zone":"Zone2","ward_zone_name":"Gandhinagara","ward_join_status":"matched","ward_spatial_match_count":1},"geometry":{"type":"Point","coordinates":[77.59216000000004,12.963065000000029,0]},"id":5},{"type":"Feature","properties":{"fid":6,"OBJECTID":6,"Name":"Placemark","FolderPath":"Document/blr_police_station_locs","SymbolID":0,"AltMode":-1,"Base":0,"Snippet":"","PopupInfo":"","HasLabel":-1,"LabelID":0,"ward_source_id":"ward_369_final.266","ward_source_Name":null,"ward_description":null,"ward_timestamp":null,"ward_begin":null,"ward_end":null,"ward_altitudeMode":null,"ward_tessellate":-1,"ward_extrude":0,"ward_visibility":-1,"ward_drawOrder":null,"ward_icon":null,"ward_Corporation":"Central","ward_corporation_kn":"ಕೇಂದ್ರ","ward_corporation_id":"1","ward_ac":"Chickpet","ward_ac_kn":"ಚಿಕ್ಕಪೇಟೆ","ward_ac_no":"169","ward_Assembly":"169 - Chickpet","ward_id":"35","ward_name":"35 - Hombegowda Nagara","ward_name_kn":"ಹೊಂಬೇಗೌಡ ನಗರ","ward_TOT_P":"18866.0","ward_TOT_M":"9795.0","ward_TOT_F":"9011.0","ward_SC_P":"1898.0","ward_SC_M":"948.0","ward_SC_F":"950.0","ward_ST_P":"238.0","ward_ST_M":"126.0","ward_ST_F":"112.0","ward_low_range":"18853","ward_high_range":"28280","ward_RO_Code":"4","ward_RO_Division":"RO - Chickpet","ward_ARO_Code":"12","ward_ARO_ Sub Division":"ARO- Hombegowda Nagar","ward_zone":"Zone2","ward_zone_name":"Gandhinagara","ward_join_status":"matched","ward_spatial_match_count":1},"geometry":{"type":"Point","coordinates":[77.59619800000007,12.95004300000005,0]},"id":6},{"type":"Feature","properties":{"fid":7,"OBJECTID":7,"Name":"Placemark","FolderPath":"Document/blr_police_station_locs","SymbolID":0,"AltMode":-1,"Base":0,"Snippet":"","PopupInfo":"","HasLabel":-1,"LabelID":0,"ward_source_id":"ward_369_final.298","ward_source_Name":null,"ward_description":null,"ward_timestamp":null,"ward_begin":null,"ward_end":null,"ward_altitudeMode":null,"ward_tessellate":-1,"ward_extrude":0,"ward_visibility":-1,"ward_drawOrder":null,"ward_icon":null,"ward_Corporation":"Central","ward_corporation_kn":"ಕೇಂದ್ರ","ward_corporation_id":"1","ward_ac":"Shivajinagar","ward_ac_kn":"ಶಿವಾಜಿನಗರ","ward_ac_no":"162","ward_Assembly":"162 - Shivajinagar","ward_id":"3","ward_name":"3 - Vasanth Nagar","ward_name_kn":"ವಸಂತ ನಗರ","ward_TOT_P":"28272.0","ward_TOT_M":"14112.0","ward_TOT_F":"14209.0","ward_SC_P":"3957.0","ward_SC_M":"1956.0","ward_SC_F":"2001.0","ward_ST_P":"186.0","ward_ST_M":"102.0","ward_ST_F":"84.0","ward_low_range":"18853","ward_high_range":"28280","ward_RO_Code":"7","ward_RO_Division":"RO- Shivajinagar","ward_ARO_Code":"24","ward_ARO_ Sub Division":"ARO- Vasanthanagar","ward_zone":"Zone2","ward_zone_name":"Gandhinagara","ward_join_status":"matched","ward_spatial_match_count":1},"geometry":{"type":"Point","coordinates":[77.59276644500005,12.989957353000023,0]},"id":7},{"type":"Feature","properties":{"fid":8,"OBJECTID":8,"Name":"Placemark","FolderPath":"Document/blr_police_station_locs","SymbolID":0,"AltMode":-1,"Base":0,"Snippet":"","PopupInfo":"","HasLabel":-1,"LabelID":0,"ward_source_id":"ward_369_final.363","ward_source_Name":null,"ward_description":null,"ward_timestamp":null,"ward_begin":null,"ward_end":null,"ward_altitudeMode":null,"ward_tessellate":-1,"ward_extrude":0,"ward_visibility":-1,"ward_drawOrder":null,"ward_icon":null,"ward_Corporation":"West","ward_corporation_kn":"ಪಶ್ಚಿಮ","ward_corporation_id":"5","ward_ac":"Malleshwaram","ward_ac_kn":"ಮಲ್ಲೇಶ್ವರಂ","ward_ac_no":"157","ward_Assembly":"157 - Malleshwaram","ward_id":"50","ward_name":"50 - Sadashiva Nagara","ward_name_kn":"ಸದಾಶಿವ ನಗರ","ward_TOT_P":"19596.0","ward_TOT_M":"10143.0","ward_TOT_F":"9453.0","ward_SC_P":"1777.0","ward_SC_M":"925.0","ward_SC_F":"853.0","ward_ST_P":"483.0","ward_ST_M":"249.0","ward_ST_F":"234.0","ward_low_range":"18949","ward_high_range":"28424","ward_RO_Code":"6","ward_RO_Division":"RO- Malleshwaram","ward_ARO_Code":"20","ward_ARO_ Sub Division":"ARO- Mathikere","ward_zone":"Zone2","ward_zone_name":"Malleshwaram","ward_join_status":"matched","ward_spatial_match_count":1},"geometry":{"type":"Point","coordinates":[77.57254478400006,13.014909411000076,0]},"id":8},{"type":"Feature","properties":{"fid":9,"OBJECTID":9,"Name":"Placemark","FolderPath":"Document/blr_police_station_locs","SymbolID":0,"AltMode":-1,"Base":0,"Snippet":"","PopupInfo":"","HasLabel":-1,"LabelID":0,"ward_source_id":"ward_369_final.307","ward_source_Name":null,"ward_description":null,"ward_timestamp":null,"ward_begin":null,"ward_end":null,"ward_altitudeMode":null,"ward_tessellate":-1,"ward_extrude":0,"ward_visibility":-1,"ward_drawOrder":null,"ward_icon":null,"ward_Corporation":"Central","ward_corporation_kn":"ಕೇಂದ್ರ","ward_corporation_id":"1","ward_ac":"Gandhinagara","ward_ac_kn":"ಗಾಂಧಿನಗರ","ward_ac_no":"164","ward_Assembly":"164 - Gandhinagara","ward_id":"59","ward_name":"59 - Nehru Nagar","ward_name_kn":"ನೆಹರು ನಗರ","ward_TOT_P":"25780.0","ward_TOT_M":"14248.0","ward_TOT_F":"11532.0","ward_SC_P":"6345.0","ward_SC_M":"3194.0","ward_SC_F":"3150.0","ward_ST_P":"255.0","ward_ST_M":"149.0","ward_ST_F":"106.0","ward_low_range":"18853","ward_high_range":"28280","ward_RO_Code":"5","ward_RO_Division":"RO - Gandhinagara","ward_ARO_Code":"15","ward_ARO_ Sub Division":"ARO- Chickpete","ward_zone":"Zone2","ward_zone_name":"Gandhinagara","ward_join_status":"matched","ward_spatial_match_count":1},"geometry":{"type":"Point","coordinates":[77.57359020000007,12.987929300000076,0]},"id":9},{"type":"Feature","properties":{"fid":10,"OBJECTID":10,"Name":"Placemark","FolderPath":"Document/blr_police_station_locs","SymbolID":0,"AltMode":-1,"Base":0,"Snippet":"","PopupInfo":"","HasLabel":-1,"LabelID":0,"ward_source_id":"ward_369_final.315","ward_source_Name":null,"ward_description":null,"ward_timestamp":null,"ward_begin":null,"ward_end":null,"ward_altitudeMode":null,"ward_tessellate":-1,"ward_extrude":0,"ward_visibility":-1,"ward_drawOrder":null,"ward_icon":null,"ward_Corporation":"West","ward_corporation_kn":"ಪಶ್ಚಿಮ","ward_corporation_id":"5","ward_ac":"Malleshwaram","ward_ac_kn":"ಮಲ್ಲೇಶ್ವರಂ","ward_ac_no":"157","ward_Assembly":"157 - Malleshwaram","ward_id":"51","ward_name":"51 - Rajamahal","ward_name_kn":"ರಾಜಮಹಲ್","ward_TOT_P":"24705.0","ward_TOT_M":"12375.0","ward_TOT_F":"12400.0","ward_SC_P":"3479.0","ward_SC_M":"1692.0","ward_SC_F":"1787.0","ward_ST_P":"329.0","ward_ST_M":"173.0","ward_ST_F":"156.0","ward_low_range":"18949","ward_high_range":"28424","ward_RO_Code":"6","ward_RO_Division":"RO- Malleshwaram","ward_ARO_Code":"21","ward_ARO_ Sub Division":"ARO- Rajamahal","ward_zone":"Zone2","ward_zone_name":"Malleshwaram","ward_join_status":"matched","ward_spatial_match_count":1},"geometry":{"type":"Point","coordinates":[77.57864160000008,13.00149250000004,0]},"id":10},{"type":"Feature","properties":{"fid":11,"OBJECTID":11,"Name":"Placemark","FolderPath":"Document/blr_police_station_locs","SymbolID":0,"AltMode":-1,"Base":0,"Snippet":"","PopupInfo":"","HasLabel":-1,"LabelID":0,"ward_source_id":"ward_369_final.319","ward_source_Name":null,"ward_description":null,"ward_timestamp":null,"ward_begin":null,"ward_end":null,"ward_altitudeMode":null,"ward_tessellate":-1,"ward_extrude":0,"ward_visibility":-1,"ward_drawOrder":null,"ward_icon":null,"ward_Corporation":"North","ward_corporation_kn":"ಉತ್ತರ","ward_corporation_id":"2","ward_ac":"Sarvagnanagar","ward_ac_kn":"ಸರ್ವಜ್ಞನಗರ","ward_ac_no":"160","ward_Assembly":"160 - Sarvagnanagar","ward_id":"31","ward_name":"31 - Kalyan Nagar","ward_name_kn":"ಕಲ್ಯಾಣ ನಗರ","ward_TOT_P":"23746.0","ward_TOT_M":"11942.0","ward_TOT_F":"11804.0","ward_SC_P":"2783.0","ward_SC_M":"1441.0","ward_SC_F":"1342.0","ward_ST_P":"352.0","ward_ST_M":"173.0","ward_ST_F":"179.0","ward_low_range":"19943","ward_high_range":"29914","ward_RO_Code":"10","ward_RO_Division":"RO- Maruthi Sevanagar","ward_ARO_Code":"25","ward_ARO_ Sub Division":"ARO- Banaswadi","ward_zone":"Zone1","ward_zone_name":"Byatarayanapura","ward_join_status":"matched","ward_spatial_match_count":1},"geometry":{"type":"Point","coordinates":[77.64030870000005,13.019634500000052,0]},"id":11},{"type":"Feature","properties":{"fid":12,"OBJECTID":12,"Name":"Placemark","FolderPath":"Document/blr_police_station_locs","SymbolID":0,"AltMode":-1,"Base":0,"Snippet":"","PopupInfo":"","HasLabel":-1,"LabelID":0,"ward_source_id":"ward_369_final.149","ward_source_Name":null,"ward_description":null,"ward_timestamp":null,"ward_begin":null,"ward_end":null,"ward_altitudeMode":null,"ward_tessellate":-1,"ward_extrude":0,"ward_visibility":-1,"ward_drawOrder":null,"ward_icon":null,"ward_Corporation":"North","ward_corporation_kn":"ಉತ್ತರ","ward_corporation_id":"2","ward_ac":"Pulakeshinagar","ward_ac_kn":"ಪುಲಕೇಶಿನಗರ","ward_ac_no":"159","ward_Assembly":"159 - Pulakeshinagar","ward_id":"44","ward_name":"44 - Doddanna Nagar","ward_name_kn":"ದೊಡ್ಡಣ್ಣ ನಗರ","ward_TOT_P":"29566.0","ward_TOT_M":"15106.0","ward_TOT_F":"14609.0","ward_SC_P":"6938.0","ward_SC_M":"3526.0","ward_SC_F":"3413.0","ward_ST_P":"429.0","ward_ST_M":"219.0","ward_ST_F":"210.0","ward_low_range":"19943","ward_high_range":"29914","ward_RO_Code":"7","ward_RO_Division":"RO- Pulikeshinagar","ward_ARO_Code":"19","ward_ARO_ Sub Division":"ARO- Sagayapuram","ward_zone":"Zone1","ward_zone_name":"Byatarayanapura","ward_join_status":"matched","ward_spatial_match_count":1},"geometry":{"type":"Point","coordinates":[77.61033670000006,13.009331900000063,0]},"id":12},{"type":"Feature","properties":{"fid":13,"OBJECTID":13,"Name":"Placemark","FolderPath":"Document/blr_police_station_locs","SymbolID":0,"AltMode":-1,"Base":0,"Snippet":"","PopupInfo":"","HasLabel":-1,"LabelID":0,"ward_source_id":"ward_369_final.242","ward_source_Name":null,"ward_description":null,"ward_timestamp":null,"ward_begin":null,"ward_end":null,"ward_altitudeMode":null,"ward_tessellate":-1,"ward_extrude":0,"ward_visibility":-1,"ward_drawOrder":null,"ward_icon":null,"ward_Corporation":"East","ward_corporation_kn":"ಪೂರ್ವ","ward_corporation_id":"3","ward_ac":"K.R. Pura","ward_ac_kn":"ಕೆ.ಆರ್. ಪುರ","ward_ac_no":"151","ward_Assembly":"151 - K.R. Pura","ward_id":"3","ward_name":"3 - Chellakere","ward_name_kn":"ಚೆಲ್ಲಕೆರೆ","ward_TOT_P":"17010.0","ward_TOT_M":"8884.0","ward_TOT_F":"8126.0","ward_SC_P":"2144.0","ward_SC_M":"1084.0","ward_SC_F":"1060.0","ward_ST_P":"214.0","ward_ST_M":"112.0","ward_ST_F":"103.0","ward_low_range":"14567","ward_high_range":"21851","ward_RO_Code":"1","ward_RO_Division":"RO- Horamavu","ward_ARO_Code":"1","ward_ARO_ Sub Division":"ARO- Chellakere","ward_zone":"Zone2","ward_zone_name":"K.R. Pura","ward_join_status":"matched","ward_spatial_match_count":1},"geometry":{"type":"Point","coordinates":[77.64574669200005,13.024142139000048,0]},"id":13},{"type":"Feature","properties":{"fid":14,"OBJECTID":14,"Name":"Placemark","FolderPath":"Document/blr_police_station_locs","SymbolID":0,"AltMode":-1,"Base":0,"Snippet":"","PopupInfo":"","HasLabel":-1,"LabelID":0,"ward_source_id":"ward_369_final.136","ward_source_Name":null,"ward_description":null,"ward_timestamp":null,"ward_begin":null,"ward_end":null,"ward_altitudeMode":null,"ward_tessellate":-1,"ward_extrude":0,"ward_visibility":-1,"ward_drawOrder":null,"ward_icon":null,"ward_Corporation":"North","ward_corporation_kn":"ಉತ್ತರ","ward_corporation_id":"2","ward_ac":"Sarvagnanagar","ward_ac_kn":"ಸರ್ವಜ್ಞನಗರ","ward_ac_no":"160","ward_Assembly":"160 - Sarvagnanagar","ward_id":"24","ward_name":"24 - HBR Layout","ward_name_kn":"ಎಚ್.ಬಿ.ಆರ್. ಲೇಔಟ್","ward_TOT_P":"20380.0","ward_TOT_M":"10367.0","ward_TOT_F":"10013.0","ward_SC_P":"2575.0","ward_SC_M":"1306.0","ward_SC_F":"1269.0","ward_ST_P":"329.0","ward_ST_M":"162.0","ward_ST_F":"167.0","ward_low_range":"19943","ward_high_range":"29914","ward_RO_Code":"9","ward_RO_Division":"RO- HBR Layout","ward_ARO_Code":"22","ward_ARO_ Sub Division":"ARO- HBR Layout","ward_zone":"Zone1","ward_zone_name":"Byatarayanapura","ward_join_status":"matched","ward_spatial_match_count":1},"geometry":{"type":"Point","coordinates":[77.62745960000007,13.02505190000005,0]},"id":14},{"type":"Feature","properties":{"fid":15,"OBJECTID":15,"Name":"Placemark","FolderPath":"Document/blr_police_station_locs","SymbolID":0,"AltMode":-1,"Base":0,"Snippet":"","PopupInfo":"","HasLabel":-1,"LabelID":0,"ward_source_id":"ward_369_final.206","ward_source_Name":null,"ward_description":null,"ward_timestamp":null,"ward_begin":null,"ward_end":null,"ward_altitudeMode":null,"ward_tessellate":-1,"ward_extrude":0,"ward_visibility":-1,"ward_drawOrder":null,"ward_icon":null,"ward_Corporation":"East","ward_corporation_kn":"ಪೂರ್ವ","ward_corporation_id":"3","ward_ac":"K.R. Pura","ward_ac_kn":"ಕೆ.ಆರ್. ಪುರ","ward_ac_no":"151","ward_Assembly":"151 - K.R. Pura","ward_id":"18","ward_name":"18 - Dooravaninagar","ward_name_kn":"ದೂರವಾಣಿನಗರ","ward_TOT_P":"14677.0","ward_TOT_M":"7550.0","ward_TOT_F":"7128.0","ward_SC_P":"2377.0","ward_SC_M":"1200.0","ward_SC_F":"1177.0","ward_ST_P":"267.0","ward_ST_M":"138.0","ward_ST_F":"129.0","ward_low_range":"14567","ward_high_range":"21851","ward_RO_Code":"3","ward_RO_Division":"RO- Ramamurthy Nagara","ward_ARO_Code":"8","ward_ARO_ Sub Division":"ARO- Ramamurthy Nagara","ward_zone":"Zone2","ward_zone_name":"K.R. Pura","ward_join_status":"matched","ward_spatial_match_count":1},"geometry":{"type":"Point","coordinates":[77.66761470100005,13.012195889000054,0]},"id":15},{"type":"Feature","properties":{"fid":16,"OBJECTID":16,"Name":"Placemark","FolderPath":"Document/blr_police_station_locs","SymbolID":0,"AltMode":-1,"Base":0,"Snippet":"","PopupInfo":"","HasLabel":-1,"LabelID":0,"ward_source_id":"ward_369_final.41","ward_source_Name":null,"ward_description":null,"ward_timestamp":null,"ward_begin":null,"ward_end":null,"ward_altitudeMode":null,"ward_tessellate":-1,"ward_extrude":0,"ward_visibility":-1,"ward_drawOrder":null,"ward_icon":null,"ward_Corporation":"Central","ward_corporation_kn":"ಕೇಂದ್ರ","ward_corporation_id":"1","ward_ac":"C.V. Raman Nagar","ward_ac_kn":"ಸಿ.ವಿ. ರಾಮನ್ ನಗರ","ward_ac_no":"161","ward_Assembly":"161 - C.V. Raman Nagar","ward_id":"13","ward_name":"13 - Krishnaiahnapalya","ward_name_kn":"ಕೃಷ್ಣಯ್ಯನ ಪಾಳ್ಯ","ward_TOT_P":"19302.0","ward_TOT_M":"10744.0","ward_TOT_F":"8558.0","ward_SC_P":"3104.0","ward_SC_M":"1576.0","ward_SC_F":"1528.0","ward_ST_P":"706.0","ward_ST_M":"386.0","ward_ST_F":"319.0","ward_low_range":"18853","ward_high_range":"28280","ward_RO_Code":"1","ward_RO_Division":"RO- Indiranagar","ward_ARO_Code":"2","ward_ARO_ Sub Division":"ARO- Kasturi Nagar","ward_zone":"Zone1","ward_zone_name":"C.V. Raman Nagar","ward_join_status":"matched","ward_spatial_match_count":1},"geometry":{"type":"Point","coordinates":[77.65687336700006,12.991466564000063,0]},"id":16},{"type":"Feature","properties":{"fid":17,"OBJECTID":17,"Name":"Placemark","FolderPath":"Document/blr_police_station_locs","SymbolID":0,"AltMode":-1,"Base":0,"Snippet":"","PopupInfo":"","HasLabel":-1,"LabelID":0,"ward_source_id":"ward_369_final.7","ward_source_Name":null,"ward_description":null,"ward_timestamp":null,"ward_begin":null,"ward_end":null,"ward_altitudeMode":null,"ward_tessellate":-1,"ward_extrude":0,"ward_visibility":-1,"ward_drawOrder":null,"ward_icon":null,"ward_Corporation":"Central","ward_corporation_kn":"ಕೇಂದ್ರ","ward_corporation_id":"1","ward_ac":"Shanthinagar","ward_ac_kn":"ಶಾಂತಿನಗರ","ward_ac_no":"163","ward_Assembly":"163 - Shanthinagar","ward_id":"24","ward_name":"24 - Agaram","ward_name_kn":"ಅಗರಂ","ward_TOT_P":"28081.0","ward_TOT_M":"14088.0","ward_TOT_F":"13993.0","ward_SC_P":"7580.0","ward_SC_M":"3709.0","ward_SC_F":"3871.0","ward_ST_P":"530.0","ward_ST_M":"272.0","ward_ST_F":"258.0","ward_low_range":"18853","ward_high_range":"28280","ward_RO_Code":"6","ward_RO_Division":"RO - Shanthinagar","ward_ARO_Code":"18","ward_ARO_ Sub Division":"ARO- Domluru","ward_zone":"Zone1","ward_zone_name":"C.V. Raman Nagar","ward_join_status":"matched","ward_spatial_match_count":1},"geometry":{"type":"Point","coordinates":[77.62533306100005,12.974812880000059,0]},"id":17},{"type":"Feature","properties":{"fid":18,"OBJECTID":18,"Name":"Placemark","FolderPath":"Document/blr_police_station_locs","SymbolID":0,"AltMode":-1,"Base":0,"Snippet":"","PopupInfo":"","HasLabel":-1,"LabelID":0,"ward_source_id":"ward_369_final.293","ward_source_Name":null,"ward_description":null,"ward_timestamp":null,"ward_begin":null,"ward_end":null,"ward_altitudeMode":null,"ward_tessellate":-1,"ward_extrude":0,"ward_visibility":-1,"ward_drawOrder":null,"ward_icon":null,"ward_Corporation":"Central","ward_corporation_kn":"ಕೇಂದ್ರ","ward_corporation_id":"1","ward_ac":"C.V. Raman Nagar","ward_ac_kn":"ಸಿ.ವಿ. ರಾಮನ್ ನಗರ","ward_ac_no":"161","ward_Assembly":"161 - C.V. Raman Nagar","ward_id":"15","ward_name":"15 - Indiranagar","ward_name_kn":"ಇಂದಿರಾನಗರ","ward_TOT_P":"19324.0","ward_TOT_M":"9711.0","ward_TOT_F":"9613.0","ward_SC_P":"3803.0","ward_SC_M":"1930.0","ward_SC_F":"1873.0","ward_ST_P":"224.0","ward_ST_M":"115.0","ward_ST_F":"109.0","ward_low_range":"18853","ward_high_range":"28280","ward_RO_Code":"1","ward_RO_Division":"RO- Indiranagar","ward_ARO_Code":"1","ward_ARO_ Sub Division":"ARO- Indiranagar","ward_zone":"Zone1","ward_zone_name":"C.V. Raman Nagar","ward_join_status":"matched","ward_spatial_match_count":1},"geometry":{"type":"Point","coordinates":[77.63828000000007,12.982985700000029,0]},"id":18},{"type":"Feature","properties":{"fid":19,"OBJECTID":19,"Name":"Placemark","FolderPath":"Document/blr_police_station_locs","SymbolID":0,"AltMode":-1,"Base":0,"Snippet":"","PopupInfo":"","HasLabel":-1,"LabelID":0,"ward_source_id":"ward_369_final.210","ward_source_Name":null,"ward_description":null,"ward_timestamp":null,"ward_begin":null,"ward_end":null,"ward_altitudeMode":null,"ward_tessellate":-1,"ward_extrude":0,"ward_visibility":-1,"ward_drawOrder":null,"ward_icon":null,"ward_Corporation":"Central","ward_corporation_kn":"ಕೇಂದ್ರ","ward_corporation_id":"1","ward_ac":"C.V. Raman Nagar","ward_ac_kn":"ಸಿ.ವಿ. ರಾಮನ್ ನಗರ","ward_ac_no":"161","ward_Assembly":"161 - C.V. Raman Nagar","ward_id":"19","ward_name":"19 - Jeevan Bhimanagar","ward_name_kn":"ಜೀವನ್ ಭೀಮನಗರ","ward_TOT_P":"27299.0","ward_TOT_M":"13789.0","ward_TOT_F":"13510.0","ward_SC_P":"6352.0","ward_SC_M":"3174.0","ward_SC_F":"3178.0","ward_ST_P":"463.0","ward_ST_M":"233.0","ward_ST_F":"230.0","ward_low_range":"18853","ward_high_range":"28280","ward_RO_Code":"2","ward_RO_Division":"RO- Jeevan Bhimanagar","ward_ARO_Code":"3","ward_ARO_ Sub Division":"ARO- Jeevan Bhimanagar","ward_zone":"Zone1","ward_zone_name":"C.V. Raman Nagar","ward_join_status":"matched","ward_spatial_match_count":1},"geometry":{"type":"Point","coordinates":[77.65538530000003,12.967699000000039,0]},"id":19},{"type":"Feature","properties":{"fid":20,"OBJECTID":20,"Name":"Placemark","FolderPath":"Document/blr_police_station_locs","SymbolID":0,"AltMode":-1,"Base":0,"Snippet":"","PopupInfo":"","HasLabel":-1,"LabelID":0,"ward_source_id":"ward_369_final.279","ward_source_Name":null,"ward_description":null,"ward_timestamp":null,"ward_begin":null,"ward_end":null,"ward_altitudeMode":null,"ward_tessellate":-1,"ward_extrude":0,"ward_visibility":-1,"ward_drawOrder":null,"ward_icon":null,"ward_Corporation":"Central","ward_corporation_kn":"ಕೇಂದ್ರ","ward_corporation_id":"1","ward_ac":"Shivajinagar","ward_ac_kn":"ಶಿವಾಜಿನಗರ","ward_ac_no":"162","ward_Assembly":"162 - Shivajinagar","ward_id":"6","ward_name":"6 - Bharathi Nagar","ward_name_kn":"ಭಾರತಿ ನಗರ","ward_TOT_P":"24220.0","ward_TOT_M":"12305.0","ward_TOT_F":"11915.0","ward_SC_P":"2102.0","ward_SC_M":"1022.0","ward_SC_F":"1080.0","ward_ST_P":"108.0","ward_ST_M":"52.0","ward_ST_F":"56.0","ward_low_range":"18853","ward_high_range":"28280","ward_RO_Code":"7","ward_RO_Division":"RO- Shivajinagar","ward_ARO_Code":"22","ward_ARO_ Sub Division":"ARO- Halasuru","ward_zone":"Zone2","ward_zone_name":"Gandhinagara","ward_join_status":"matched","ward_spatial_match_count":1},"geometry":{"type":"Point","coordinates":[77.61208560000006,12.991202500000043,0]},"id":20},{"type":"Feature","properties":{"fid":21,"OBJECTID":21,"Name":"Placemark","FolderPath":"Document/blr_police_station_locs","SymbolID":0,"AltMode":-1,"Base":0,"Snippet":"","PopupInfo":"","HasLabel":-1,"LabelID":0,"ward_source_id":"ward_369_final.256","ward_source_Name":null,"ward_description":null,"ward_timestamp":null,"ward_begin":null,"ward_end":null,"ward_altitudeMode":null,"ward_tessellate":-1,"ward_extrude":0,"ward_visibility":-1,"ward_drawOrder":null,"ward_icon":null,"ward_Corporation":"Central","ward_corporation_kn":"ಕೇಂದ್ರ","ward_corporation_id":"1","ward_ac":"Shivajinagar","ward_ac_kn":"ಶಿವಾಜಿನಗರ","ward_ac_no":"162","ward_Assembly":"162 - Shivajinagar","ward_id":"5","ward_name":"5 - Shivajinagar","ward_name_kn":"ಶಿವಾಜಿನಗರ","ward_TOT_P":"25484.0","ward_TOT_M":"13018.0","ward_TOT_F":"12466.0","ward_SC_P":"1300.0","ward_SC_M":"619.0","ward_SC_F":"681.0","ward_ST_P":"127.0","ward_ST_M":"74.0","ward_ST_F":"53.0","ward_low_range":"18853","ward_high_range":"28280","ward_RO_Code":"7","ward_RO_Division":"RO- Shivajinagar","ward_ARO_Code":"23","ward_ARO_ Sub Division":"ARO- Shivajinagar","ward_zone":"Zone2","ward_zone_name":"Gandhinagara","ward_join_status":"matched","ward_spatial_match_count":1},"geometry":{"type":"Point","coordinates":[77.60643070000003,12.982075800000075,0]},"id":21},{"type":"Feature","properties":{"fid":22,"OBJECTID":22,"Name":"Placemark","FolderPath":"Document/blr_police_station_locs","SymbolID":0,"AltMode":-1,"Base":0,"Snippet":"","PopupInfo":"","HasLabel":-1,"LabelID":0,"ward_source_id":"ward_369_final.161","ward_source_Name":null,"ward_description":null,"ward_timestamp":null,"ward_begin":null,"ward_end":null,"ward_altitudeMode":null,"ward_tessellate":-1,"ward_extrude":0,"ward_visibility":-1,"ward_drawOrder":null,"ward_icon":null,"ward_Corporation":"Central","ward_corporation_kn":"ಕೇಂದ್ರ","ward_corporation_id":"1","ward_ac":"C.V. Raman Nagar","ward_ac_kn":"ಸಿ.ವಿ. ರಾಮನ್ ನಗರ","ward_ac_no":"161","ward_Assembly":"161 - C.V. Raman Nagar","ward_id":"10","ward_name":"10 - Cox Town","ward_name_kn":"ಕಾಕ್ಸ್ ಟೌನ್","ward_TOT_P":"21026.0","ward_TOT_M":"10550.0","ward_TOT_F":"10477.0","ward_SC_P":"6341.0","ward_SC_M":"3203.0","ward_SC_F":"3137.0","ward_ST_P":"177.0","ward_ST_M":"90.0","ward_ST_F":"87.0","ward_low_range":"18853","ward_high_range":"28280","ward_RO_Code":"1","ward_RO_Division":"RO- Indiranagar","ward_ARO_Code":"1","ward_ARO_ Sub Division":"ARO- Indiranagar","ward_zone":"Zone1","ward_zone_name":"C.V. Raman Nagar","ward_join_status":"matched","ward_spatial_match_count":1},"geometry":{"type":"Point","coordinates":[77.61965317000005,12.99927255700004,0]},"id":22},{"type":"Feature","properties":{"fid":23,"OBJECTID":23,"Name":"Placemark","FolderPath":"Document/blr_police_station_locs","SymbolID":0,"AltMode":-1,"Base":0,"Snippet":"","PopupInfo":"","HasLabel":-1,"LabelID":0,"ward_source_id":"ward_369_final.256","ward_source_Name":null,"ward_description":null,"ward_timestamp":null,"ward_begin":null,"ward_end":null,"ward_altitudeMode":null,"ward_tessellate":-1,"ward_extrude":0,"ward_visibility":-1,"ward_drawOrder":null,"ward_icon":null,"ward_Corporation":"Central","ward_corporation_kn":"ಕೇಂದ್ರ","ward_corporation_id":"1","ward_ac":"Shivajinagar","ward_ac_kn":"ಶಿವಾಜಿನಗರ","ward_ac_no":"162","ward_Assembly":"162 - Shivajinagar","ward_id":"5","ward_name":"5 - Shivajinagar","ward_name_kn":"ಶಿವಾಜಿನಗರ","ward_TOT_P":"25484.0","ward_TOT_M":"13018.0","ward_TOT_F":"12466.0","ward_SC_P":"1300.0","ward_SC_M":"619.0","ward_SC_F":"681.0","ward_ST_P":"127.0","ward_ST_M":"74.0","ward_ST_F":"53.0","ward_low_range":"18853","ward_high_range":"28280","ward_RO_Code":"7","ward_RO_Division":"RO- Shivajinagar","ward_ARO_Code":"23","ward_ARO_ Sub Division":"ARO- Shivajinagar","ward_zone":"Zone2","ward_zone_name":"Gandhinagara","ward_join_status":"matched","ward_spatial_match_count":1},"geometry":{"type":"Point","coordinates":[77.60524750000008,12.985509800000045,0]},"id":23},{"type":"Feature","properties":{"fid":24,"OBJECTID":24,"Name":"Placemark","FolderPath":"Document/blr_police_station_locs","SymbolID":0,"AltMode":-1,"Base":0,"Snippet":"","PopupInfo":"","HasLabel":-1,"LabelID":0,"ward_source_id":"ward_369_final.19","ward_source_Name":null,"ward_description":null,"ward_timestamp":null,"ward_begin":null,"ward_end":null,"ward_altitudeMode":null,"ward_tessellate":-1,"ward_extrude":0,"ward_visibility":-1,"ward_drawOrder":null,"ward_icon":null,"ward_Corporation":"South","ward_corporation_kn":"ದಕ್ಷಿಣ","ward_corporation_id":"4","ward_ac":"Jayanagar","ward_ac_kn":"ಜಯನಗರ","ward_ac_no":"173","ward_Assembly":"173 - Jayanagar","ward_id":"8","ward_name":"8 - Tilak Nagara","ward_name_kn":"ತಿಲಕ ನಗರ","ward_TOT_P":"25625.0","ward_TOT_M":"13008.0","ward_TOT_F":"12617.0","ward_SC_P":"2769.0","ward_SC_M":"1375.0","ward_SC_F":"1395.0","ward_ST_P":"262.0","ward_ST_M":"128.0","ward_ST_F":"134.0","ward_low_range":"18594","ward_high_range":"27891","ward_RO_Code":"9","ward_RO_Division":"RO- Jayanagar","ward_ARO_Code":"23","ward_ARO_ Sub Division":"ARO- Byrasandra","ward_zone":"Zone1","ward_zone_name":"Jayanagar","ward_join_status":"matched","ward_spatial_match_count":1},"geometry":{"type":"Point","coordinates":[77.59057300000006,12.928363000000047,0]},"id":24},{"type":"Feature","properties":{"fid":25,"OBJECTID":25,"Name":"Placemark","FolderPath":"Document/blr_police_station_locs","SymbolID":0,"AltMode":-1,"Base":0,"Snippet":"","PopupInfo":"","HasLabel":-1,"LabelID":0,"ward_source_id":"ward_369_final.270","ward_source_Name":null,"ward_description":null,"ward_timestamp":null,"ward_begin":null,"ward_end":null,"ward_altitudeMode":null,"ward_tessellate":-1,"ward_extrude":0,"ward_visibility":-1,"ward_drawOrder":null,"ward_icon":null,"ward_Corporation":"Central","ward_corporation_kn":"ಕೇಂದ್ರ","ward_corporation_id":"1","ward_ac":"Chamrajapet","ward_ac_kn":"ಚಾಮರಾಜಪೇಟೆ","ward_ac_no":"168","ward_Assembly":"168 - Chamrajapet","ward_id":"45","ward_name":"45 - K.R Market","ward_name_kn":"ಕೆ.ಆರ್. ಮಾರುಕಟ್ಟೆ","ward_TOT_P":"22413.0","ward_TOT_M":"11685.0","ward_TOT_F":"10728.0","ward_SC_P":"4963.0","ward_SC_M":"2481.0","ward_SC_F":"2482.0","ward_ST_P":"251.0","ward_ST_M":"119.0","ward_ST_F":"133.0","ward_low_range":"18853","ward_high_range":"28280","ward_RO_Code":"3","ward_RO_Division":"RO - Chamrajapet","ward_ARO_Code":"7","ward_ARO_ Sub Division":"ARO- Chamarajpet","ward_zone":"Zone2","ward_zone_name":"Gandhinagara","ward_join_status":"matched","ward_spatial_match_count":1},"geometry":{"type":"Point","coordinates":[77.56702640000003,12.960542700000076,0]},"id":25},{"type":"Feature","properties":{"fid":26,"OBJECTID":26,"Name":"Placemark","FolderPath":"Document/blr_police_station_locs","SymbolID":0,"AltMode":-1,"Base":0,"Snippet":"","PopupInfo":"","HasLabel":-1,"LabelID":0,"ward_source_id":"ward_369_final.270","ward_source_Name":null,"ward_description":null,"ward_timestamp":null,"ward_begin":null,"ward_end":null,"ward_altitudeMode":null,"ward_tessellate":-1,"ward_extrude":0,"ward_visibility":-1,"ward_drawOrder":null,"ward_icon":null,"ward_Corporation":"Central","ward_corporation_kn":"ಕೇಂದ್ರ","ward_corporation_id":"1","ward_ac":"Chamrajapet","ward_ac_kn":"ಚಾಮರಾಜಪೇಟೆ","ward_ac_no":"168","ward_Assembly":"168 - Chamrajapet","ward_id":"45","ward_name":"45 - K.R Market","ward_name_kn":"ಕೆ.ಆರ್. ಮಾರುಕಟ್ಟೆ","ward_TOT_P":"22413.0","ward_TOT_M":"11685.0","ward_TOT_F":"10728.0","ward_SC_P":"4963.0","ward_SC_M":"2481.0","ward_SC_F":"2482.0","ward_ST_P":"251.0","ward_ST_M":"119.0","ward_ST_F":"133.0","ward_low_range":"18853","ward_high_range":"28280","ward_RO_Code":"3","ward_RO_Division":"RO - Chamrajapet","ward_ARO_Code":"7","ward_ARO_ Sub Division":"ARO- Chamarajpet","ward_zone":"Zone2","ward_zone_name":"Gandhinagara","ward_join_status":"matched","ward_spatial_match_count":1},"geometry":{"type":"Point","coordinates":[77.57612665800008,12.964957672000025,0]},"id":26},{"type":"Feature","properties":{"fid":27,"OBJECTID":27,"Name":"Placemark","FolderPath":"Document/blr_police_station_locs","SymbolID":0,"AltMode":-1,"Base":0,"Snippet":"","PopupInfo":"","HasLabel":-1,"LabelID":0,"ward_source_id":"ward_369_final.366","ward_source_Name":null,"ward_description":null,"ward_timestamp":null,"ward_begin":null,"ward_end":null,"ward_altitudeMode":null,"ward_tessellate":-1,"ward_extrude":0,"ward_visibility":-1,"ward_drawOrder":null,"ward_icon":null,"ward_Corporation":"Central","ward_corporation_kn":"ಕೇಂದ್ರ","ward_corporation_id":"1","ward_ac":"Gandhinagara","ward_ac_kn":"ಗಾಂಧಿನಗರ","ward_ac_no":"164","ward_Assembly":"164 - Gandhinagara","ward_id":"57","ward_name":"57 - Cottonpete","ward_name_kn":"ಕಾಟನ್‌ಪೇಟೆ","ward_TOT_P":"27147.0","ward_TOT_M":"14426.0","ward_TOT_F":"12720.0","ward_SC_P":"871.0","ward_SC_M":"436.0","ward_SC_F":"435.0","ward_ST_P":"193.0","ward_ST_M":"108.0","ward_ST_F":"85.0","ward_low_range":"18853","ward_high_range":"28280","ward_RO_Code":"5","ward_RO_Division":"RO - Gandhinagara","ward_ARO_Code":"15","ward_ARO_ Sub Division":"ARO- Chickpete","ward_zone":"Zone2","ward_zone_name":"Gandhinagara","ward_join_status":"matched","ward_spatial_match_count":1},"geometry":{"type":"Point","coordinates":[77.57009793300006,12.968017024000062,0]},"id":27},{"type":"Feature","properties":{"fid":28,"OBJECTID":28,"Name":"Placemark","FolderPath":"Document/blr_police_station_locs","SymbolID":0,"AltMode":-1,"Base":0,"Snippet":"","PopupInfo":"","HasLabel":-1,"LabelID":0,"ward_source_id":"ward_369_final.160","ward_source_Name":null,"ward_description":null,"ward_timestamp":null,"ward_begin":null,"ward_end":null,"ward_altitudeMode":null,"ward_tessellate":-1,"ward_extrude":0,"ward_visibility":-1,"ward_drawOrder":null,"ward_icon":null,"ward_Corporation":"Central","ward_corporation_kn":"ಕೇಂದ್ರ","ward_corporation_id":"1","ward_ac":"Chickpet","ward_ac_kn":"ಚಿಕ್ಕಪೇಟೆ","ward_ac_no":"169","ward_Assembly":"169 - Chickpet","ward_id":"34","ward_name":"34 - D.V Gundappa Ward","ward_name_kn":"ಡಿ.ವಿ. ಗುಂಡಪ್ಪ ವಾರ್ಡ್","ward_TOT_P":"20279.0","ward_TOT_M":"10418.0","ward_TOT_F":"9986.0","ward_SC_P":"5426.0","ward_SC_M":"2672.0","ward_SC_F":"2754.0","ward_ST_P":"102.0","ward_ST_M":"47.0","ward_ST_F":"55.0","ward_low_range":"18853","ward_high_range":"28280","ward_RO_Code":"4","ward_RO_Division":"RO - Chickpet","ward_ARO_Code":"11","ward_ARO_ Sub Division":"ARO- Dharmaraya Swamy Temple","ward_zone":"Zone2","ward_zone_name":"Gandhinagara","ward_join_status":"matched","ward_spatial_match_count":1},"geometry":{"type":"Point","coordinates":[77.57735769300007,12.95737041700005,0]},"id":28},{"type":"Feature","properties":{"fid":29,"OBJECTID":29,"Name":"Placemark","FolderPath":"Document/blr_police_station_locs","SymbolID":0,"AltMode":-1,"Base":0,"Snippet":"","PopupInfo":"","HasLabel":-1,"LabelID":0,"ward_source_id":"ward_369_final.307","ward_source_Name":null,"ward_description":null,"ward_timestamp":null,"ward_begin":null,"ward_end":null,"ward_altitudeMode":null,"ward_tessellate":-1,"ward_extrude":0,"ward_visibility":-1,"ward_drawOrder":null,"ward_icon":null,"ward_Corporation":"Central","ward_corporation_kn":"ಕೇಂದ್ರ","ward_corporation_id":"1","ward_ac":"Gandhinagara","ward_ac_kn":"ಗಾಂಧಿನಗರ","ward_ac_no":"164","ward_Assembly":"164 - Gandhinagara","ward_id":"59","ward_name":"59 - Nehru Nagar","ward_name_kn":"ನೆಹರು ನಗರ","ward_TOT_P":"25780.0","ward_TOT_M":"14248.0","ward_TOT_F":"11532.0","ward_SC_P":"6345.0","ward_SC_M":"3194.0","ward_SC_F":"3150.0","ward_ST_P":"255.0","ward_ST_M":"149.0","ward_ST_F":"106.0","ward_low_range":"18853","ward_high_range":"28280","ward_RO_Code":"5","ward_RO_Division":"RO - Gandhinagara","ward_ARO_Code":"15","ward_ARO_ Sub Division":"ARO- Chickpete","ward_zone":"Zone2","ward_zone_name":"Gandhinagara","ward_join_status":"matched","ward_spatial_match_count":1},"geometry":{"type":"Point","coordinates":[77.57482113500004,12.974475956000049,0]},"id":29},{"type":"Feature","properties":{"fid":30,"OBJECTID":30,"Name":"Placemark","FolderPath":"Document/blr_police_station_locs","SymbolID":0,"AltMode":-1,"Base":0,"Snippet":"","PopupInfo":"","HasLabel":-1,"LabelID":0,"ward_source_id":null,"ward_source_Name":null,"ward_description":null,"ward_timestamp":null,"ward_begin":null,"ward_end":null,"ward_altitudeMode":null,"ward_tessellate":null,"ward_extrude":null,"ward_visibility":null,"ward_drawOrder":null,"ward_icon":null,"ward_Corporation":null,"ward_corporation_kn":null,"ward_corporation_id":null,"ward_ac":null,"ward_ac_kn":null,"ward_ac_no":null,"ward_Assembly":null,"ward_id":null,"ward_name":null,"ward_name_kn":null,"ward_TOT_P":null,"ward_TOT_M":null,"ward_TOT_F":null,"ward_SC_P":null,"ward_SC_M":null,"ward_SC_F":null,"ward_ST_P":null,"ward_ST_M":null,"ward_ST_F":null,"ward_low_range":null,"ward_high_range":null,"ward_RO_Code":null,"ward_RO_Division":null,"ward_ARO_Code":null,"ward_ARO_ Sub Division":null,"ward_zone":null,"ward_zone_name":null,"ward_join_status":"unmatched","ward_spatial_match_count":0},"geometry":{"type":"Point","coordinates":[77.44414600000005,12.87516400000004,0]},"id":30},{"type":"Feature","properties":{"fid":31,"OBJECTID":31,"Name":"Placemark","FolderPath":"Document/blr_police_station_locs","SymbolID":0,"AltMode":-1,"Base":0,"Snippet":"","PopupInfo":"","HasLabel":-1,"LabelID":0,"ward_source_id":null,"ward_source_Name":null,"ward_description":null,"ward_timestamp":null,"ward_begin":null,"ward_end":null,"ward_altitudeMode":null,"ward_tessellate":null,"ward_extrude":null,"ward_visibility":null,"ward_drawOrder":null,"ward_icon":null,"ward_Corporation":null,"ward_corporation_kn":null,"ward_corporation_id":null,"ward_ac":null,"ward_ac_kn":null,"ward_ac_no":null,"ward_Assembly":null,"ward_id":null,"ward_name":null,"ward_name_kn":null,"ward_TOT_P":null,"ward_TOT_M":null,"ward_TOT_F":null,"ward_SC_P":null,"ward_SC_M":null,"ward_SC_F":null,"ward_ST_P":null,"ward_ST_M":null,"ward_ST_F":null,"ward_low_range":null,"ward_high_range":null,"ward_RO_Code":null,"ward_RO_Division":null,"ward_ARO_Code":null,"ward_ARO_ Sub Division":null,"ward_zone":null,"ward_zone_name":null,"ward_join_status":"unmatched","ward_spatial_match_count":0},"geometry":{"type":"Point","coordinates":[77.40077100000008,12.966244000000074,0]},"id":31},{"type":"Feature","properties":{"fid":32,"OBJECTID":32,"Name":"Placemark","FolderPath":"Document/blr_police_station_locs","SymbolID":0,"AltMode":-1,"Base":0,"Snippet":"","PopupInfo":"","HasLabel":-1,"LabelID":0,"ward_source_id":"ward_369_final.281","ward_source_Name":null,"ward_description":null,"ward_timestamp":null,"ward_begin":null,"ward_end":null,"ward_altitudeMode":null,"ward_tessellate":-1,"ward_extrude":0,"ward_visibility":-1,"ward_drawOrder":null,"ward_icon":null,"ward_Corporation":"Central","ward_corporation_kn":"ಕೇಂದ್ರ","ward_corporation_id":"1","ward_ac":"Gandhinagara","ward_ac_kn":"ಗಾಂಧಿನಗರ","ward_ac_no":"164","ward_Assembly":"164 - Gandhinagara","ward_id":"61","ward_name":"61 - Dattatreya Ward","ward_name_kn":"ದತ್ತಾತ್ರೇಯ ವಾರ್ಡ್","ward_TOT_P":"19627.0","ward_TOT_M":"9950.0","ward_TOT_F":"9677.0","ward_SC_P":"3220.0","ward_SC_M":"1611.0","ward_SC_F":"1609.0","ward_ST_P":"300.0","ward_ST_M":"147.0","ward_ST_F":"152.0","ward_low_range":"18853","ward_high_range":"28280","ward_RO_Code":"5","ward_RO_Division":"RO - Gandhinagara","ward_ARO_Code":"17","ward_ARO_ Sub Division":"ARO- Sheshadripuram","ward_zone":"Zone2","ward_zone_name":"Gandhinagara","ward_join_status":"matched","ward_spatial_match_count":1},"geometry":{"type":"Point","coordinates":[77.56958700000007,12.996645000000058,0]},"id":32},{"type":"Feature","properties":{"fid":33,"OBJECTID":33,"Name":"Placemark","FolderPath":"Document/blr_police_station_locs","SymbolID":0,"AltMode":-1,"Base":0,"Snippet":"","PopupInfo":"","HasLabel":-1,"LabelID":0,"ward_source_id":"ward_369_final.265","ward_source_Name":null,"ward_description":null,"ward_timestamp":null,"ward_begin":null,"ward_end":null,"ward_altitudeMode":null,"ward_tessellate":-1,"ward_extrude":0,"ward_visibility":-1,"ward_drawOrder":null,"ward_icon":null,"ward_Corporation":"West","ward_corporation_kn":"ಪಶ್ಚಿಮ","ward_corporation_id":"5","ward_ac":"Rajajinagar","ward_ac_kn":"ರಾಜಾಜಿನಗರ","ward_ac_no":"165","ward_Assembly":"165 - Rajajinagar","ward_id":"58","ward_name":"58 - Dayanand Nagara","ward_name_kn":"ದಯಾನಂದ ನಗರ","ward_TOT_P":"21165.0","ward_TOT_M":"10793.0","ward_TOT_F":"10372.0","ward_SC_P":"7449.0","ward_SC_M":"3733.0","ward_SC_F":"3716.0","ward_ST_P":"165.0","ward_ST_M":"88.0","ward_ST_F":"77.0","ward_low_range":"18949","ward_high_range":"28424","ward_RO_Code":"9","ward_RO_Division":"RO- Rajajinagara","ward_ARO_Code":"28","ward_ARO_ Sub Division":"ARO- Prakash Nagara","ward_zone":"Zone2","ward_zone_name":"Malleshwaram","ward_join_status":"matched","ward_spatial_match_count":1},"geometry":{"type":"Point","coordinates":[77.56500500000004,12.989993000000027,0]},"id":33},{"type":"Feature","properties":{"fid":34,"OBJECTID":34,"Name":"Placemark","FolderPath":"Document/blr_police_station_locs","SymbolID":0,"AltMode":-1,"Base":0,"Snippet":"","PopupInfo":"","HasLabel":-1,"LabelID":0,"ward_source_id":"ward_369_final.300","ward_source_Name":null,"ward_description":null,"ward_timestamp":null,"ward_begin":null,"ward_end":null,"ward_altitudeMode":null,"ward_tessellate":-1,"ward_extrude":0,"ward_visibility":-1,"ward_drawOrder":null,"ward_icon":null,"ward_Corporation":"West","ward_corporation_kn":"ಪಶ್ಚಿಮ","ward_corporation_id":"5","ward_ac":"Malleshwaram","ward_ac_kn":"ಮಲ್ಲೇಶ್ವರಂ","ward_ac_no":"157","ward_Assembly":"157 - Malleshwaram","ward_id":"55","ward_name":"55 - Subramanyanagara","ward_name_kn":"ಸುಬ್ರಹ್ಮಣ್ಯನಗರ","ward_TOT_P":"27312.0","ward_TOT_M":"13591.0","ward_TOT_F":"13721.0","ward_SC_P":"978.0","ward_SC_M":"471.0","ward_SC_F":"507.0","ward_ST_P":"286.0","ward_ST_M":"148.0","ward_ST_F":"138.0","ward_low_range":"18949","ward_high_range":"28424","ward_RO_Code":"6","ward_RO_Division":"RO- Malleshwaram","ward_ARO_Code":"22","ward_ARO_ Sub Division":"ARO- Subramanyanagara","ward_zone":"Zone2","ward_zone_name":"Malleshwaram","ward_join_status":"matched","ward_spatial_match_count":1},"geometry":{"type":"Point","coordinates":[77.55368000000004,13.003342000000032,0]},"id":34},{"type":"Feature","properties":{"fid":35,"OBJECTID":35,"Name":"Placemark","FolderPath":"Document/blr_police_station_locs","SymbolID":0,"AltMode":-1,"Base":0,"Snippet":"","PopupInfo":"","HasLabel":-1,"LabelID":0,"ward_source_id":"ward_369_final.289","ward_source_Name":null,"ward_description":null,"ward_timestamp":null,"ward_begin":null,"ward_end":null,"ward_altitudeMode":null,"ward_tessellate":-1,"ward_extrude":0,"ward_visibility":-1,"ward_drawOrder":null,"ward_icon":null,"ward_Corporation":"West","ward_corporation_kn":"ಪಶ್ಚಿಮ","ward_corporation_id":"5","ward_ac":"Rajajinagar","ward_ac_kn":"ರಾಜಾಜಿನಗರ","ward_ac_no":"165","ward_Assembly":"165 - Rajajinagar","ward_id":"63","ward_name":"63 - Rajajinagara","ward_name_kn":"ರಾಜಾಜಿನಗರ","ward_TOT_P":"19632.0","ward_TOT_M":"9933.0","ward_TOT_F":"9700.0","ward_SC_P":"600.0","ward_SC_M":"301.0","ward_SC_F":"299.0","ward_ST_P":"174.0","ward_ST_M":"89.0","ward_ST_F":"85.0","ward_low_range":"18949","ward_high_range":"28424","ward_RO_Code":"9","ward_RO_Division":"RO- Rajajinagara","ward_ARO_Code":"29","ward_ARO_ Sub Division":"ARO- Rajajinagara","ward_zone":"Zone2","ward_zone_name":"Malleshwaram","ward_join_status":"matched","ward_spatial_match_count":1},"geometry":{"type":"Point","coordinates":[77.55421700000005,12.99462600000004,0]},"id":35},{"type":"Feature","properties":{"fid":36,"OBJECTID":36,"Name":"Placemark","FolderPath":"Document/blr_police_station_locs","SymbolID":0,"AltMode":-1,"Base":0,"Snippet":"","PopupInfo":"","HasLabel":-1,"LabelID":0,"ward_source_id":"ward_369_final.348","ward_source_Name":null,"ward_description":null,"ward_timestamp":null,"ward_begin":null,"ward_end":null,"ward_altitudeMode":null,"ward_tessellate":-1,"ward_extrude":0,"ward_visibility":-1,"ward_drawOrder":null,"ward_icon":null,"ward_Corporation":"West","ward_corporation_kn":"ಪಶ್ಚಿಮ","ward_corporation_id":"5","ward_ac":"Dasarahalli","ward_ac_kn":"ದಾಸರಹಳ್ಳಿ","ward_ac_no":"155","ward_Assembly":"155 - Dasarahalli","ward_id":"6","ward_name":"6 - Shivapura","ward_name_kn":"ಶಿವಪುರ","ward_TOT_P":"26408.0","ward_TOT_M":"14281.0","ward_TOT_F":"12117.0","ward_SC_P":"3647.0","ward_SC_M":"1945.0","ward_SC_F":"1702.0","ward_ST_P":"958.0","ward_ST_M":"517.0","ward_ST_F":"441.0","ward_low_range":"18949","ward_high_range":"28424","ward_RO_Code":"2","ward_RO_Division":"RO- Hegganahalli","ward_ARO_Code":"7","ward_ARO_ Sub Division":"ARO- Shivapura","ward_zone":"Zone1","ward_zone_name":"Rajarajeshwarinagar","ward_join_status":"matched","ward_spatial_match_count":1},"geometry":{"type":"Point","coordinates":[77.51357100000007,13.017350000000022,0]},"id":36},{"type":"Feature","properties":{"fid":37,"OBJECTID":37,"Name":"Placemark","FolderPath":"Document/blr_police_station_locs","SymbolID":0,"AltMode":-1,"Base":0,"Snippet":"","PopupInfo":"","HasLabel":-1,"LabelID":0,"ward_source_id":"ward_369_final.358","ward_source_Name":null,"ward_description":null,"ward_timestamp":null,"ward_begin":null,"ward_end":null,"ward_altitudeMode":null,"ward_tessellate":-1,"ward_extrude":0,"ward_visibility":-1,"ward_drawOrder":null,"ward_icon":null,"ward_Corporation":"West","ward_corporation_kn":"ಪಶ್ಚಿಮ","ward_corporation_id":"5","ward_ac":"Mahalakshmi Layout","ward_ac_kn":"ಮಹಾಲಕ್ಷ್ಮಿ ಲೇಔಟ್","ward_ac_no":"156","ward_Assembly":"156 - Mahalakshmi Layout","ward_id":"39","ward_name":"39 - Jai Maruthi Nagar","ward_name_kn":"ಜೈ ಮಾರುತಿ ನಗರ","ward_TOT_P":"27166.0","ward_TOT_M":"13919.0","ward_TOT_F":"13247.0","ward_SC_P":"1754.0","ward_SC_M":"915.0","ward_SC_F":"839.0","ward_ST_P":"502.0","ward_ST_M":"266.0","ward_ST_F":"236.0","ward_low_range":"18949","ward_high_range":"28424","ward_RO_Code":"5","ward_RO_Division":"RO- Mahalakshmi Layout","ward_ARO_Code":"16","ward_ARO_ Sub Division":"ARO- Mahalakshmipuram","ward_zone":"Zone1","ward_zone_name":"Rajarajeshwarinagar","ward_join_status":"matched","ward_spatial_match_count":1},"geometry":{"type":"Point","coordinates":[77.53670600000004,13.01236700000004,0]},"id":37},{"type":"Feature","properties":{"fid":38,"OBJECTID":38,"Name":"Placemark","FolderPath":"Document/blr_police_station_locs","SymbolID":0,"AltMode":-1,"Base":0,"Snippet":"","PopupInfo":"","HasLabel":-1,"LabelID":0,"ward_source_id":"ward_369_final.355","ward_source_Name":null,"ward_description":null,"ward_timestamp":null,"ward_begin":null,"ward_end":null,"ward_altitudeMode":null,"ward_tessellate":-1,"ward_extrude":0,"ward_visibility":-1,"ward_drawOrder":null,"ward_icon":null,"ward_Corporation":"West","ward_corporation_kn":"ಪಶ್ಚಿಮ","ward_corporation_id":"5","ward_ac":"Malleshwaram","ward_ac_kn":"ಮಲ್ಲೇಶ್ವರಂ","ward_ac_no":"157","ward_Assembly":"157 - Malleshwaram","ward_id":"53","ward_name":"53 - Malleshwaram","ward_name_kn":"ಮಲ್ಲೇಶ್ವರಂ","ward_TOT_P":"21827.0","ward_TOT_M":"10665.0","ward_TOT_F":"11162.0","ward_SC_P":"479.0","ward_SC_M":"231.0","ward_SC_F":"248.0","ward_ST_P":"194.0","ward_ST_M":"97.0","ward_ST_F":"97.0","ward_low_range":"18949","ward_high_range":"28424","ward_RO_Code":"6","ward_RO_Division":"RO- Malleshwaram","ward_ARO_Code":"19","ward_ARO_ Sub Division":"ARO- Malleshwaram","ward_zone":"Zone2","ward_zone_name":"Malleshwaram","ward_join_status":"matched","ward_spatial_match_count":1},"geometry":{"type":"Point","coordinates":[77.55809900000008,13.018195000000048,0]},"id":38},{"type":"Feature","properties":{"fid":39,"OBJECTID":39,"Name":"Placemark","FolderPath":"Document/blr_police_station_locs","SymbolID":0,"AltMode":-1,"Base":0,"Snippet":"","PopupInfo":"","HasLabel":-1,"LabelID":0,"ward_source_id":"ward_369_final.58","ward_source_Name":null,"ward_description":null,"ward_timestamp":null,"ward_begin":null,"ward_end":null,"ward_altitudeMode":null,"ward_tessellate":-1,"ward_extrude":0,"ward_visibility":-1,"ward_drawOrder":null,"ward_icon":null,"ward_Corporation":"West","ward_corporation_kn":"ಪಶ್ಚಿಮ","ward_corporation_id":"5","ward_ac":"Rajarajeshwarinagar","ward_ac_kn":"ರಾಜರಾಜೇಶ್ವರಿನಗರ","ward_ac_no":"154","ward_Assembly":"154 - Rajarajeshwarinagar","ward_id":"35","ward_name":"35 - Goraguntepalya","ward_name_kn":"ಗೋರಗುಂಟೆಪಾಳ್ಯ","ward_TOT_P":"21462.0","ward_TOT_M":"11354.0","ward_TOT_F":"10108.0","ward_SC_P":"4874.0","ward_SC_M":"2455.0","ward_SC_F":"2420.0","ward_ST_P":"823.0","ward_ST_M":"440.0","ward_ST_F":"383.0","ward_low_range":"18949","ward_high_range":"28424","ward_RO_Code":"10","ward_RO_Division":"RO- Peenya","ward_ARO_Code":"33","ward_ARO_ Sub Division":"ARO- Peenya","ward_zone":"Zone1","ward_zone_name":"Rajarajeshwarinagar","ward_join_status":"matched","ward_spatial_match_count":1},"geometry":{"type":"Point","coordinates":[77.54992307900005,13.023521263000077,0]},"id":39},{"type":"Feature","properties":{"fid":40,"OBJECTID":40,"Name":"Placemark","FolderPath":"Document/blr_police_station_locs","SymbolID":0,"AltMode":-1,"Base":0,"Snippet":"","PopupInfo":"","HasLabel":-1,"LabelID":0,"ward_source_id":"ward_369_final.175","ward_source_Name":null,"ward_description":null,"ward_timestamp":null,"ward_begin":null,"ward_end":null,"ward_altitudeMode":null,"ward_tessellate":-1,"ward_extrude":0,"ward_visibility":-1,"ward_drawOrder":null,"ward_icon":null,"ward_Corporation":"West","ward_corporation_kn":"ಪಶ್ಚಿಮ","ward_corporation_id":"5","ward_ac":"Rajarajeshwarinagar","ward_ac_kn":"ರಾಜರಾಜೇಶ್ವರಿನಗರ","ward_ac_no":"154","ward_Assembly":"154 - Rajarajeshwarinagar","ward_id":"34","ward_name":"34 - Peenya","ward_name_kn":"ಪೀಣ್ಯ","ward_TOT_P":"26003.0","ward_TOT_M":"13620.0","ward_TOT_F":"12383.0","ward_SC_P":"4190.0","ward_SC_M":"2140.0","ward_SC_F":"2050.0","ward_ST_P":"986.0","ward_ST_M":"507.0","ward_ST_F":"479.0","ward_low_range":"18949","ward_high_range":"28424","ward_RO_Code":"10","ward_RO_Division":"RO- Peenya","ward_ARO_Code":"33","ward_ARO_ Sub Division":"ARO- Peenya","ward_zone":"Zone1","ward_zone_name":"Rajarajeshwarinagar","ward_join_status":"matched","ward_spatial_match_count":1},"geometry":{"type":"Point","coordinates":[77.52116402400003,13.036040136000054,0]},"id":40},{"type":"Feature","properties":{"fid":41,"OBJECTID":41,"Name":"Placemark","FolderPath":"Document/blr_police_station_locs","SymbolID":0,"AltMode":-1,"Base":0,"Snippet":"","PopupInfo":"","HasLabel":-1,"LabelID":0,"ward_source_id":"ward_369_final.10","ward_source_Name":null,"ward_description":null,"ward_timestamp":null,"ward_begin":null,"ward_end":null,"ward_altitudeMode":null,"ward_tessellate":-1,"ward_extrude":0,"ward_visibility":-1,"ward_drawOrder":null,"ward_icon":null,"ward_Corporation":"North","ward_corporation_kn":"ಉತ್ತರ","ward_corporation_id":"2","ward_ac":"Dasarahalli","ward_ac_kn":"ದಾಸರಹಳ್ಳಿ","ward_ac_no":"155","ward_Assembly":"155 - Dasarahalli","ward_id":"69","ward_name":"69 - Bagalagunte","ward_name_kn":"ಬಾಗಲಗುಂಟೆ","ward_TOT_P":"28685.0","ward_TOT_M":"14976.0","ward_TOT_F":"13709.0","ward_SC_P":"1422.0","ward_SC_M":"734.0","ward_SC_F":"688.0","ward_ST_P":"794.0","ward_ST_M":"393.0","ward_ST_F":"400.0","ward_low_range":"19943","ward_high_range":"29914","ward_RO_Code":"3","ward_RO_Division":"RO- Dasarahalli","ward_ARO_Code":"7","ward_ARO_ Sub Division":"ARO- Bagalagunte","ward_zone":"Zone2","ward_zone_name":"Yelahanka","ward_join_status":"matched","ward_spatial_match_count":1},"geometry":{"type":"Point","coordinates":[77.50365700000003,13.059549000000061,0]},"id":41},{"type":"Feature","properties":{"fid":42,"OBJECTID":42,"Name":"Placemark","FolderPath":"Document/blr_police_station_locs","SymbolID":0,"AltMode":-1,"Base":0,"Snippet":"","PopupInfo":"","HasLabel":-1,"LabelID":0,"ward_source_id":"ward_369_final.34","ward_source_Name":null,"ward_description":null,"ward_timestamp":null,"ward_begin":null,"ward_end":null,"ward_altitudeMode":null,"ward_tessellate":-1,"ward_extrude":0,"ward_visibility":-1,"ward_drawOrder":null,"ward_icon":null,"ward_Corporation":"North","ward_corporation_kn":"ಉತ್ತರ","ward_corporation_id":"2","ward_ac":"Dasarahalli","ward_ac_kn":"ದಾಸರಹಳ್ಳಿ","ward_ac_no":"155","ward_Assembly":"155 - Dasarahalli","ward_id":"66","ward_name":"66 - Kammagondanahalli","ward_name_kn":"ಕಮ್ಮಗೊಂಡನಹಳ್ಳಿ","ward_TOT_P":"20542.0","ward_TOT_M":"10868.0","ward_TOT_F":"9674.0","ward_SC_P":"3515.0","ward_SC_M":"1807.0","ward_SC_F":"1708.0","ward_ST_P":"498.0","ward_ST_M":"259.0","ward_ST_F":"240.0","ward_low_range":"19943","ward_high_range":"29914","ward_RO_Code":"3","ward_RO_Division":"RO- Dasarahalli","ward_ARO_Code":"9","ward_ARO_ Sub Division":"ARO- Shetty Halli","ward_zone":"Zone2","ward_zone_name":"Yelahanka","ward_join_status":"matched","ward_spatial_match_count":1},"geometry":{"type":"Point","coordinates":[77.52998500000007,13.072155000000066,0]},"id":42},{"type":"Feature","properties":{"fid":43,"OBJECTID":43,"Name":"Placemark","FolderPath":"Document/blr_police_station_locs","SymbolID":0,"AltMode":-1,"Base":0,"Snippet":"","PopupInfo":"","HasLabel":-1,"LabelID":0,"ward_source_id":null,"ward_source_Name":null,"ward_description":null,"ward_timestamp":null,"ward_begin":null,"ward_end":null,"ward_altitudeMode":null,"ward_tessellate":null,"ward_extrude":null,"ward_visibility":null,"ward_drawOrder":null,"ward_icon":null,"ward_Corporation":null,"ward_corporation_kn":null,"ward_corporation_id":null,"ward_ac":null,"ward_ac_kn":null,"ward_ac_no":null,"ward_Assembly":null,"ward_id":null,"ward_name":null,"ward_name_kn":null,"ward_TOT_P":null,"ward_TOT_M":null,"ward_TOT_F":null,"ward_SC_P":null,"ward_SC_M":null,"ward_SC_F":null,"ward_ST_P":null,"ward_ST_M":null,"ward_ST_F":null,"ward_low_range":null,"ward_high_range":null,"ward_RO_Code":null,"ward_RO_Division":null,"ward_ARO_Code":null,"ward_ARO_ Sub Division":null,"ward_zone":null,"ward_zone_name":null,"ward_join_status":"unmatched","ward_spatial_match_count":0},"geometry":{"type":"Point","coordinates":[77.48904000000005,13.093431000000066,0]},"id":43},{"type":"Feature","properties":{"fid":44,"OBJECTID":44,"Name":"Placemark","FolderPath":"Document/blr_police_station_locs","SymbolID":0,"AltMode":-1,"Base":0,"Snippet":"","PopupInfo":"","HasLabel":-1,"LabelID":0,"ward_source_id":"ward_369_final.13","ward_source_Name":null,"ward_description":null,"ward_timestamp":null,"ward_begin":null,"ward_end":null,"ward_altitudeMode":null,"ward_tessellate":-1,"ward_extrude":0,"ward_visibility":-1,"ward_drawOrder":null,"ward_icon":null,"ward_Corporation":"North","ward_corporation_kn":"ಉತ್ತರ","ward_corporation_id":"2","ward_ac":"Rajarajeshwarinagar","ward_ac_kn":"ರಾಜರಾಜೇಶ್ವರಿನಗರ","ward_ac_no":"154","ward_Assembly":"154 - Rajarajeshwarinagar","ward_id":"60","ward_name":"60 - Jalahalli","ward_name_kn":"ಜಾಲಹಳ್ಳಿ","ward_TOT_P":"23400.0","ward_TOT_M":"11902.0","ward_TOT_F":"11498.0","ward_SC_P":"7043.0","ward_SC_M":"3489.0","ward_SC_F":"3554.0","ward_ST_P":"1129.0","ward_ST_M":"577.0","ward_ST_F":"553.0","ward_low_range":"19943","ward_high_range":"29914","ward_RO_Code":"8","ward_RO_Division":"RO- Jalahalli","ward_ARO_Code":"20","ward_ARO_ Sub Division":"ARO- Jalahalli","ward_zone":"Zone2","ward_zone_name":"Yelahanka","ward_join_status":"matched","ward_spatial_match_count":1},"geometry":{"type":"Point","coordinates":[77.54954000000004,13.048668000000077,0]},"id":44},{"type":"Feature","properties":{"fid":45,"OBJECTID":45,"Name":"Placemark","FolderPath":"Document/blr_police_station_locs","SymbolID":0,"AltMode":-1,"Base":0,"Snippet":"","PopupInfo":"","HasLabel":-1,"LabelID":0,"ward_source_id":"ward_369_final.264","ward_source_Name":null,"ward_description":null,"ward_timestamp":null,"ward_begin":null,"ward_end":null,"ward_altitudeMode":null,"ward_tessellate":-1,"ward_extrude":0,"ward_visibility":-1,"ward_drawOrder":null,"ward_icon":null,"ward_Corporation":"Central","ward_corporation_kn":"ಕೇಂದ್ರ","ward_corporation_id":"1","ward_ac":"Shivajinagar","ward_ac_kn":"ಶಿವಾಜಿನಗರ","ward_ac_no":"162","ward_Assembly":"162 - Shivajinagar","ward_id":"1","ward_name":"1 - Ramaswamy Palya","ward_name_kn":"ರಾಮಸ್ವಾಮಿ ಪಾಳ್ಯ","ward_TOT_P":"26124.0","ward_TOT_M":"13164.0","ward_TOT_F":"12960.0","ward_SC_P":"3426.0","ward_SC_M":"1697.0","ward_SC_F":"1729.0","ward_ST_P":"235.0","ward_ST_M":"127.0","ward_ST_F":"107.0","ward_low_range":"18853","ward_high_range":"28280","ward_RO_Code":"7","ward_RO_Division":"RO- Shivajinagar","ward_ARO_Code":"23","ward_ARO_ Sub Division":"ARO- Shivajinagar","ward_zone":"Zone2","ward_zone_name":"Gandhinagara","ward_join_status":"matched","ward_spatial_match_count":1},"geometry":{"type":"Point","coordinates":[77.59357400000005,13.005579000000068,0]},"id":45},{"type":"Feature","properties":{"fid":46,"OBJECTID":46,"Name":"Placemark","FolderPath":"Document/blr_police_station_locs","SymbolID":0,"AltMode":-1,"Base":0,"Snippet":"","PopupInfo":"","HasLabel":-1,"LabelID":0,"ward_source_id":"ward_369_final.124","ward_source_Name":null,"ward_description":null,"ward_timestamp":null,"ward_begin":null,"ward_end":null,"ward_altitudeMode":null,"ward_tessellate":-1,"ward_extrude":0,"ward_visibility":-1,"ward_drawOrder":null,"ward_icon":null,"ward_Corporation":"North","ward_corporation_kn":"ಉತ್ತರ","ward_corporation_id":"2","ward_ac":"Hebbal","ward_ac_kn":"ಹೆಬ್ಬಾಳ","ward_ac_no":"158","ward_Assembly":"158 - Hebbal","ward_id":"53","ward_name":"53 - R.T Nagar","ward_name_kn":"ಆರ್.ಟಿ ನಗರ","ward_TOT_P":"29905.0","ward_TOT_M":"15442.0","ward_TOT_F":"14473.0","ward_SC_P":"787.0","ward_SC_M":"402.0","ward_SC_F":"385.0","ward_ST_P":"274.0","ward_ST_M":"144.0","ward_ST_F":"130.0","ward_low_range":"19943","ward_high_range":"29914","ward_RO_Code":"5","ward_RO_Division":"RO- R.T Nagar","ward_ARO_Code":"13","ward_ARO_ Sub Division":"ARO- R.T Nagar","ward_zone":"Zone2","ward_zone_name":"Yelahanka","ward_join_status":"matched","ward_spatial_match_count":1},"geometry":{"type":"Point","coordinates":[77.59319900000008,13.024728000000039,0]},"id":46},{"type":"Feature","properties":{"fid":47,"OBJECTID":47,"Name":"Placemark","FolderPath":"Document/blr_police_station_locs","SymbolID":0,"AltMode":-1,"Base":0,"Snippet":"","PopupInfo":"","HasLabel":-1,"LabelID":0,"ward_source_id":"ward_369_final.56","ward_source_Name":null,"ward_description":null,"ward_timestamp":null,"ward_begin":null,"ward_end":null,"ward_altitudeMode":null,"ward_tessellate":-1,"ward_extrude":0,"ward_visibility":-1,"ward_drawOrder":null,"ward_icon":null,"ward_Corporation":"North","ward_corporation_kn":"ಉತ್ತರ","ward_corporation_id":"2","ward_ac":"Hebbal","ward_ac_kn":"ಹೆಬ್ಬಾಳ","ward_ac_no":"158","ward_Assembly":"158 - Hebbal","ward_id":"59","ward_name":"59 - Geddalahalli","ward_name_kn":"ಗೆದ್ದಲಹಳ್ಳಿ","ward_TOT_P":"23331.0","ward_TOT_M":"12021.0","ward_TOT_F":"11309.0","ward_SC_P":"2833.0","ward_SC_M":"1466.0","ward_SC_F":"1367.0","ward_ST_P":"533.0","ward_ST_M":"273.0","ward_ST_F":"260.0","ward_low_range":"19943","ward_high_range":"29914","ward_RO_Code":"4","ward_RO_Division":"RO- Hebbal","ward_ARO_Code":"11","ward_ARO_ Sub Division":"ARO- Nagashettyhalli","ward_zone":"Zone2","ward_zone_name":"Yelahanka","ward_join_status":"matched","ward_spatial_match_count":1},"geometry":{"type":"Point","coordinates":[77.57580000000007,13.033354000000031,0]},"id":47},{"type":"Feature","properties":{"fid":48,"OBJECTID":48,"Name":"Placemark","FolderPath":"Document/blr_police_station_locs","SymbolID":0,"AltMode":-1,"Base":0,"Snippet":"","PopupInfo":"","HasLabel":-1,"LabelID":0,"ward_source_id":"ward_369_final.75","ward_source_Name":null,"ward_description":null,"ward_timestamp":null,"ward_begin":null,"ward_end":null,"ward_altitudeMode":null,"ward_tessellate":-1,"ward_extrude":0,"ward_visibility":-1,"ward_drawOrder":null,"ward_icon":null,"ward_Corporation":"North","ward_corporation_kn":"ಉತ್ತರ","ward_corporation_id":"2","ward_ac":"Hebbal","ward_ac_kn":"ಹೆಬ್ಬಾಳ","ward_ac_no":"158","ward_Assembly":"158 - Hebbal","ward_id":"56","ward_name":"56 - Hebbal","ward_name_kn":"ಹೆಬ್ಬಾಳ","ward_TOT_P":"27422.0","ward_TOT_M":"14044.0","ward_TOT_F":"13378.0","ward_SC_P":"5278.0","ward_SC_M":"2689.0","ward_SC_F":"2588.0","ward_ST_P":"800.0","ward_ST_M":"405.0","ward_ST_F":"395.0","ward_low_range":"19943","ward_high_range":"29914","ward_RO_Code":"4","ward_RO_Division":"RO- Hebbal","ward_ARO_Code":"10","ward_ARO_ Sub Division":"ARO- Hebbal","ward_zone":"Zone2","ward_zone_name":"Yelahanka","ward_join_status":"matched","ward_spatial_match_count":1},"geometry":{"type":"Point","coordinates":[77.58966100000004,13.03839000000005,0]},"id":48},{"type":"Feature","properties":{"fid":49,"OBJECTID":49,"Name":"Placemark","FolderPath":"Document/blr_police_station_locs","SymbolID":0,"AltMode":-1,"Base":0,"Snippet":"","PopupInfo":"","HasLabel":-1,"LabelID":0,"ward_source_id":null,"ward_source_Name":null,"ward_description":null,"ward_timestamp":null,"ward_begin":null,"ward_end":null,"ward_altitudeMode":null,"ward_tessellate":null,"ward_extrude":null,"ward_visibility":null,"ward_drawOrder":null,"ward_icon":null,"ward_Corporation":null,"ward_corporation_kn":null,"ward_corporation_id":null,"ward_ac":null,"ward_ac_kn":null,"ward_ac_no":null,"ward_Assembly":null,"ward_id":null,"ward_name":null,"ward_name_kn":null,"ward_TOT_P":null,"ward_TOT_M":null,"ward_TOT_F":null,"ward_SC_P":null,"ward_SC_M":null,"ward_SC_F":null,"ward_ST_P":null,"ward_ST_M":null,"ward_ST_F":null,"ward_low_range":null,"ward_high_range":null,"ward_RO_Code":null,"ward_RO_Division":null,"ward_ARO_Code":null,"ward_ARO_ Sub Division":null,"ward_zone":null,"ward_zone_name":null,"ward_join_status":"unmatched","ward_spatial_match_count":0},"geometry":{"type":"Point","coordinates":[77.63321400000007,13.173285000000021,0]},"id":49},{"type":"Feature","properties":{"fid":50,"OBJECTID":50,"Name":"Placemark","FolderPath":"Document/blr_police_station_locs","SymbolID":0,"AltMode":-1,"Base":0,"Snippet":"","PopupInfo":"","HasLabel":-1,"LabelID":0,"ward_source_id":"ward_369_final.137","ward_source_Name":null,"ward_description":null,"ward_timestamp":null,"ward_begin":null,"ward_end":null,"ward_altitudeMode":null,"ward_tessellate":-1,"ward_extrude":0,"ward_visibility":-1,"ward_drawOrder":null,"ward_icon":null,"ward_Corporation":"North","ward_corporation_kn":"ಉತ್ತರ","ward_corporation_id":"2","ward_ac":"Byatarayanapura","ward_ac_kn":"ಬ್ಯಾಟರಾಯನಪುರ","ward_ac_no":"152","ward_Assembly":"152 - Byatarayanapura","ward_id":"15","ward_name":"15 - Byatarayanapura","ward_name_kn":"ಬ್ಯಾಟರಾಯನಪುರ","ward_TOT_P":"28870.0","ward_TOT_M":"14792.0","ward_TOT_F":"14079.0","ward_SC_P":"1719.0","ward_SC_M":"907.0","ward_SC_F":"813.0","ward_ST_P":"961.0","ward_ST_M":"506.0","ward_ST_F":"456.0","ward_low_range":"19943","ward_high_range":"29914","ward_RO_Code":"1","ward_RO_Division":"RO- Bytarayanapura","ward_ARO_Code":"1","ward_ARO_ Sub Division":"ARO- Bytarayanapura","ward_zone":"Zone1","ward_zone_name":"Byatarayanapura","ward_join_status":"matched","ward_spatial_match_count":1},"geometry":{"type":"Point","coordinates":[77.59856500000006,13.056858000000034,0]},"id":50},{"type":"Feature","properties":{"fid":51,"OBJECTID":51,"Name":"Placemark","FolderPath":"Document/blr_police_station_locs","SymbolID":0,"AltMode":-1,"Base":0,"Snippet":"","PopupInfo":"","HasLabel":-1,"LabelID":0,"ward_source_id":"ward_369_final.39","ward_source_Name":null,"ward_description":null,"ward_timestamp":null,"ward_begin":null,"ward_end":null,"ward_altitudeMode":null,"ward_tessellate":-1,"ward_extrude":0,"ward_visibility":-1,"ward_drawOrder":null,"ward_icon":null,"ward_Corporation":"East","ward_corporation_kn":"ಪೂರ್ವ","ward_corporation_id":"3","ward_ac":"K.R. Pura","ward_ac_kn":"ಕೆ.ಆರ್. ಪುರ","ward_ac_no":"151","ward_Assembly":"151 - K.R. Pura","ward_id":"1","ward_name":"1 - K Narayanapura","ward_name_kn":"ಕೆ ನಾರಾಯಣಪುರ","ward_TOT_P":"15003.0","ward_TOT_M":"7804.0","ward_TOT_F":"7199.0","ward_SC_P":"1413.0","ward_SC_M":"729.0","ward_SC_F":"684.0","ward_ST_P":"316.0","ward_ST_M":"170.0","ward_ST_F":"146.0","ward_low_range":"14567","ward_high_range":"21851","ward_RO_Code":"1","ward_RO_Division":"RO- Horamavu","ward_ARO_Code":"2","ward_ARO_ Sub Division":"ARO- Horamavu","ward_zone":"Zone2","ward_zone_name":"K.R. Pura","ward_join_status":"matched","ward_spatial_match_count":1},"geometry":{"type":"Point","coordinates":[77.64640596000004,13.055513490000067,0]},"id":51},{"type":"Feature","properties":{"fid":52,"OBJECTID":52,"Name":"Placemark","FolderPath":"Document/blr_police_station_locs","SymbolID":0,"AltMode":-1,"Base":0,"Snippet":"","PopupInfo":"","HasLabel":-1,"LabelID":0,"ward_source_id":"ward_369_final.181","ward_source_Name":null,"ward_description":null,"ward_timestamp":null,"ward_begin":null,"ward_end":null,"ward_altitudeMode":null,"ward_tessellate":-1,"ward_extrude":0,"ward_visibility":-1,"ward_drawOrder":null,"ward_icon":null,"ward_Corporation":"North","ward_corporation_kn":"ಉತ್ತರ","ward_corporation_id":"2","ward_ac":"Byatarayanapura","ward_ac_kn":"ಬ್ಯಾಟರಾಯನಪುರ","ward_ac_no":"152","ward_Assembly":"152 - Byatarayanapura","ward_id":"20","ward_name":"20 - Sampigehalli","ward_name_kn":"ಸಂಪಿಗೆಹಳ್ಳಿ","ward_TOT_P":"28461.0","ward_TOT_M":"14733.0","ward_TOT_F":"13727.0","ward_SC_P":"3329.0","ward_SC_M":"1658.0","ward_SC_F":"1672.0","ward_ST_P":"375.0","ward_ST_M":"180.0","ward_ST_F":"195.0","ward_low_range":"19943","ward_high_range":"29914","ward_RO_Code":"2","ward_RO_Division":"RO- Thanisandra","ward_ARO_Code":"5","ward_ARO_ Sub Division":"ARO- Kogilu","ward_zone":"Zone1","ward_zone_name":"Byatarayanapura","ward_join_status":"matched","ward_spatial_match_count":1},"geometry":{"type":"Point","coordinates":[77.63334300000008,13.075329000000067,0]},"id":52},{"type":"Feature","properties":{"fid":53,"OBJECTID":53,"Name":"Placemark","FolderPath":"Document/blr_police_station_locs","SymbolID":0,"AltMode":-1,"Base":0,"Snippet":"","PopupInfo":"","HasLabel":-1,"LabelID":0,"ward_source_id":"ward_369_final.182","ward_source_Name":null,"ward_description":null,"ward_timestamp":null,"ward_begin":null,"ward_end":null,"ward_altitudeMode":null,"ward_tessellate":-1,"ward_extrude":0,"ward_visibility":-1,"ward_drawOrder":null,"ward_icon":null,"ward_Corporation":"North","ward_corporation_kn":"ಉತ್ತರ","ward_corporation_id":"2","ward_ac":"Byatarayanapura","ward_ac_kn":"ಬ್ಯಾಟರಾಯನಪುರ","ward_ac_no":"152","ward_Assembly":"152 - Byatarayanapura","ward_id":"12","ward_name":"12 - Thindlu","ward_name_kn":"ತಿಂಡ್ಲು","ward_TOT_P":"24289.0","ward_TOT_M":"12524.0","ward_TOT_F":"11765.0","ward_SC_P":"2074.0","ward_SC_M":"1065.0","ward_SC_F":"1008.0","ward_ST_P":"735.0","ward_ST_M":"374.0","ward_ST_F":"360.0","ward_low_range":"19943","ward_high_range":"29914","ward_RO_Code":"1","ward_RO_Division":"RO- Bytarayanapura","ward_ARO_Code":"2","ward_ARO_ Sub Division":"ARO- Kodigehalli","ward_zone":"Zone1","ward_zone_name":"Byatarayanapura","ward_join_status":"matched","ward_spatial_match_count":1},"geometry":{"type":"Point","coordinates":[77.57406600000007,13.062104000000033,0]},"id":53},{"type":"Feature","properties":{"fid":54,"OBJECTID":54,"Name":"Placemark","FolderPath":"Document/blr_police_station_locs","SymbolID":0,"AltMode":-1,"Base":0,"Snippet":"","PopupInfo":"","HasLabel":-1,"LabelID":0,"ward_source_id":"ward_369_final.61","ward_source_Name":null,"ward_description":null,"ward_timestamp":null,"ward_begin":null,"ward_end":null,"ward_altitudeMode":null,"ward_tessellate":-1,"ward_extrude":0,"ward_visibility":-1,"ward_drawOrder":null,"ward_icon":null,"ward_Corporation":"North","ward_corporation_kn":"ಉತ್ತರ","ward_corporation_id":"2","ward_ac":"Yelahanka","ward_ac_kn":"ಯಲಹಂಕ","ward_ac_no":"150","ward_Assembly":"150 - Yelahanka","ward_id":"5","ward_name":"5 - Yelahanka Satellite Town","ward_name_kn":"ಯಲಹಂಕ ಸ್ಯಾಟಲೈಟ್‌ ಟೌನ್‌","ward_TOT_P":"29889.0","ward_TOT_M":"15351.0","ward_TOT_F":"14528.0","ward_SC_P":"3050.0","ward_SC_M":"1534.0","ward_SC_F":"1516.0","ward_ST_P":"800.0","ward_ST_M":"402.0","ward_ST_F":"397.0","ward_low_range":"19943","ward_high_range":"29914","ward_RO_Code":"11","ward_RO_Division":"RO- Yelahanka","ward_ARO_Code":"30","ward_ARO_ Sub Division":"ARO- Yelahanka Satellite Town","ward_zone":"Zone2","ward_zone_name":"Yelahanka","ward_join_status":"matched","ward_spatial_match_count":1},"geometry":{"type":"Point","coordinates":[77.58381711400006,13.099996450000049,0]},"id":54},{"type":"Feature","properties":{"fid":55,"OBJECTID":55,"Name":"Placemark","FolderPath":"Document/blr_police_station_locs","SymbolID":0,"AltMode":-1,"Base":0,"Snippet":"","PopupInfo":"","HasLabel":-1,"LabelID":0,"ward_source_id":"ward_369_final.97","ward_source_Name":null,"ward_description":null,"ward_timestamp":null,"ward_begin":null,"ward_end":null,"ward_altitudeMode":null,"ward_tessellate":-1,"ward_extrude":0,"ward_visibility":-1,"ward_drawOrder":null,"ward_icon":null,"ward_Corporation":"North","ward_corporation_kn":"ಉತ್ತರ","ward_corporation_id":"2","ward_ac":"Yelahanka","ward_ac_kn":"ಯಲಹಂಕ","ward_ac_no":"150","ward_Assembly":"150 - Yelahanka","ward_id":"4","ward_name":"4 - Nyayanga Badavane","ward_name_kn":"ನ್ಯಾಯಾಂಗ ಬಡಾವಣೆ","ward_TOT_P":"20006.0","ward_TOT_M":"10561.0","ward_TOT_F":"9446.0","ward_SC_P":"4044.0","ward_SC_M":"2066.0","ward_SC_F":"1979.0","ward_ST_P":"541.0","ward_ST_M":"288.0","ward_ST_F":"253.0","ward_low_range":"19943","ward_high_range":"29914","ward_RO_Code":"11","ward_RO_Division":"RO- Yelahanka","ward_ARO_Code":"30","ward_ARO_ Sub Division":"ARO- Yelahanka Satellite Town","ward_zone":"Zone2","ward_zone_name":"Yelahanka","ward_join_status":"matched","ward_spatial_match_count":1},"geometry":{"type":"Point","coordinates":[77.59409390700006,13.094898214000068,0]},"id":55},{"type":"Feature","properties":{"fid":56,"OBJECTID":56,"Name":"Placemark","FolderPath":"Document/blr_police_station_locs","SymbolID":0,"AltMode":-1,"Base":0,"Snippet":"","PopupInfo":"","HasLabel":-1,"LabelID":0,"ward_source_id":"ward_369_final.337","ward_source_Name":null,"ward_description":null,"ward_timestamp":null,"ward_begin":null,"ward_end":null,"ward_altitudeMode":null,"ward_tessellate":-1,"ward_extrude":0,"ward_visibility":-1,"ward_drawOrder":null,"ward_icon":null,"ward_Corporation":"West","ward_corporation_kn":"ಪಶ್ಚಿಮ","ward_corporation_id":"5","ward_ac":"Padmanabanagar","ward_ac_kn":"ಪದ್ಮನಾಭನಗರ","ward_ac_no":"171","ward_Assembly":"171 - Padmanabanagar","ward_id":"108","ward_name":"108 - Ganesh Mandira Ward","ward_name_kn":"ಗಣೇಶ್ ಮಂದಿರಾ ವಾರ್ಡ್","ward_TOT_P":"24265.0","ward_TOT_M":"12133.0","ward_TOT_F":"12133.0","ward_SC_P":"774.0","ward_SC_M":"396.0","ward_SC_F":"378.0","ward_ST_P":"247.0","ward_ST_M":"127.0","ward_ST_F":"120.0","ward_low_range":"18949","ward_high_range":"28424","ward_RO_Code":"7","ward_RO_Division":"RO- Yediyuru","ward_ARO_Code":"23","ward_ARO_ Sub Division":"ARO- Ganesh Mandir","ward_zone":"Zone1","ward_zone_name":"Rajarajeshwarinagar","ward_join_status":"matched","ward_spatial_match_count":1},"geometry":{"type":"Point","coordinates":[77.56797100000006,12.92927400000002,0]},"id":56},{"type":"Feature","properties":{"fid":57,"OBJECTID":57,"Name":"Placemark","FolderPath":"Document/blr_police_station_locs","SymbolID":0,"AltMode":-1,"Base":0,"Snippet":"","PopupInfo":"","HasLabel":-1,"LabelID":0,"ward_source_id":"ward_369_final.285","ward_source_Name":null,"ward_description":null,"ward_timestamp":null,"ward_begin":null,"ward_end":null,"ward_altitudeMode":null,"ward_tessellate":-1,"ward_extrude":0,"ward_visibility":-1,"ward_drawOrder":null,"ward_icon":null,"ward_Corporation":"Central","ward_corporation_kn":"ಕೇಂದ್ರ","ward_corporation_id":"1","ward_ac":"Chickpet","ward_ac_kn":"ಚಿಕ್ಕಪೇಟೆ","ward_ac_no":"169","ward_Assembly":"169 - Chickpet","ward_id":"42","ward_name":"42 - Sunkenahalli","ward_name_kn":"ಸುಂಕೇನಹಳ್ಳಿ","ward_TOT_P":"21179.0","ward_TOT_M":"10743.0","ward_TOT_F":"10436.0","ward_SC_P":"273.0","ward_SC_M":"154.0","ward_SC_F":"119.0","ward_ST_P":"131.0","ward_ST_M":"65.0","ward_ST_F":"67.0","ward_low_range":"18853","ward_high_range":"28280","ward_RO_Code":"4","ward_RO_Division":"RO - Chickpet","ward_ARO_Code":"13","ward_ARO_ Sub Division":"ARO- V.V Puram","ward_zone":"Zone2","ward_zone_name":"Gandhinagara","ward_join_status":"matched","ward_spatial_match_count":1},"geometry":{"type":"Point","coordinates":[77.57424061800003,12.941999421000048,0]},"id":57},{"type":"Feature","properties":{"fid":58,"OBJECTID":58,"Name":"Placemark","FolderPath":"Document/blr_police_station_locs","SymbolID":0,"AltMode":-1,"Base":0,"Snippet":"","PopupInfo":"","HasLabel":-1,"LabelID":0,"ward_source_id":"ward_369_final.18","ward_source_Name":null,"ward_description":null,"ward_timestamp":null,"ward_begin":null,"ward_end":null,"ward_altitudeMode":null,"ward_tessellate":-1,"ward_extrude":0,"ward_visibility":-1,"ward_drawOrder":null,"ward_icon":null,"ward_Corporation":"South","ward_corporation_kn":"ದಕ್ಷಿಣ","ward_corporation_id":"4","ward_ac":"Jayanagar","ward_ac_kn":"ಜಯನಗರ","ward_ac_no":"173","ward_Assembly":"173 - Jayanagar","ward_id":"7","ward_name":"7 - Byrasandra","ward_name_kn":"ಬೈರಸಂದ್ರ","ward_TOT_P":"21108.0","ward_TOT_M":"10510.0","ward_TOT_F":"10598.0","ward_SC_P":"2813.0","ward_SC_M":"1399.0","ward_SC_F":"1414.0","ward_ST_P":"225.0","ward_ST_M":"109.0","ward_ST_F":"116.0","ward_low_range":"18594","ward_high_range":"27891","ward_RO_Code":"9","ward_RO_Division":"RO- Jayanagar","ward_ARO_Code":"23","ward_ARO_ Sub Division":"ARO- Byrasandra","ward_zone":"Zone1","ward_zone_name":"Jayanagar","ward_join_status":"matched","ward_spatial_match_count":1},"geometry":{"type":"Point","coordinates":[77.58138800000006,12.928575000000023,0]},"id":58},{"type":"Feature","properties":{"fid":59,"OBJECTID":59,"Name":"Placemark","FolderPath":"Document/blr_police_station_locs","SymbolID":0,"AltMode":-1,"Base":0,"Snippet":"","PopupInfo":"","HasLabel":-1,"LabelID":0,"ward_source_id":"ward_369_final.30","ward_source_Name":null,"ward_description":null,"ward_timestamp":null,"ward_begin":null,"ward_end":null,"ward_altitudeMode":null,"ward_tessellate":-1,"ward_extrude":0,"ward_visibility":-1,"ward_drawOrder":null,"ward_icon":null,"ward_Corporation":"South","ward_corporation_kn":"ದಕ್ಷಿಣ","ward_corporation_id":"4","ward_ac":"Jayanagar","ward_ac_kn":"ಜಯನಗರ","ward_ac_no":"173","ward_Assembly":"173 - Jayanagar","ward_id":"13","ward_name":"13 - Marenahalli South","ward_name_kn":"ಮಾರೇನಹಳ್ಳಿ ದಕ್ಷಿಣ","ward_TOT_P":"23458.0","ward_TOT_M":"12151.0","ward_TOT_F":"11307.0","ward_SC_P":"4326.0","ward_SC_M":"2147.0","ward_SC_F":"2178.0","ward_ST_P":"407.0","ward_ST_M":"202.0","ward_ST_F":"204.0","ward_low_range":"18594","ward_high_range":"27891","ward_RO_Code":"10","ward_RO_Division":"RO- JP Nagar","ward_ARO_Code":"26","ward_ARO_ Sub Division":"ARO- JP Nagar","ward_zone":"Zone1","ward_zone_name":"Jayanagar","ward_join_status":"matched","ward_spatial_match_count":1},"geometry":{"type":"Point","coordinates":[77.58760000000007,12.911800000000028,0]},"id":59},{"type":"Feature","properties":{"fid":60,"OBJECTID":60,"Name":"Placemark","FolderPath":"Document/blr_police_station_locs","SymbolID":0,"AltMode":-1,"Base":0,"Snippet":"","PopupInfo":"","HasLabel":-1,"LabelID":0,"ward_source_id":"ward_369_final.112","ward_source_Name":null,"ward_description":null,"ward_timestamp":null,"ward_begin":null,"ward_end":null,"ward_altitudeMode":null,"ward_tessellate":-1,"ward_extrude":0,"ward_visibility":-1,"ward_drawOrder":null,"ward_icon":null,"ward_Corporation":"Central","ward_corporation_kn":"ಕೇಂದ್ರ","ward_corporation_id":"1","ward_ac":"Chickpet","ward_ac_kn":"ಚಿಕ್ಕಪೇಟೆ","ward_ac_no":"169","ward_Assembly":"169 - Chickpet","ward_id":"36","ward_name":"36 - Someshwara Nagara","ward_name_kn":"ಸೋಮೇಶ್ವರ ನಗರ","ward_TOT_P":"18863.0","ward_TOT_M":"9580.0","ward_TOT_F":"9243.0","ward_SC_P":"1521.0","ward_SC_M":"754.0","ward_SC_F":"767.0","ward_ST_P":"335.0","ward_ST_M":"163.0","ward_ST_F":"172.0","ward_low_range":"18853","ward_high_range":"28280","ward_RO_Code":"4","ward_RO_Division":"RO - Chickpet","ward_ARO_Code":"12","ward_ARO_ Sub Division":"ARO- Hombegowda Nagar","ward_zone":"Zone2","ward_zone_name":"Gandhinagara","ward_join_status":"matched","ward_spatial_match_count":1},"geometry":{"type":"Point","coordinates":[77.59417800000006,12.939629000000025,0]},"id":60},{"type":"Feature","properties":{"fid":61,"OBJECTID":61,"Name":"Placemark","FolderPath":"Document/blr_police_station_locs","SymbolID":0,"AltMode":-1,"Base":0,"Snippet":"","PopupInfo":"","HasLabel":-1,"LabelID":0,"ward_source_id":"ward_369_final.337","ward_source_Name":null,"ward_description":null,"ward_timestamp":null,"ward_begin":null,"ward_end":null,"ward_altitudeMode":null,"ward_tessellate":-1,"ward_extrude":0,"ward_visibility":-1,"ward_drawOrder":null,"ward_icon":null,"ward_Corporation":"West","ward_corporation_kn":"ಪಶ್ಚಿಮ","ward_corporation_id":"5","ward_ac":"Padmanabanagar","ward_ac_kn":"ಪದ್ಮನಾಭನಗರ","ward_ac_no":"171","ward_Assembly":"171 - Padmanabanagar","ward_id":"108","ward_name":"108 - Ganesh Mandira Ward","ward_name_kn":"ಗಣೇಶ್ ಮಂದಿರಾ ವಾರ್ಡ್","ward_TOT_P":"24265.0","ward_TOT_M":"12133.0","ward_TOT_F":"12133.0","ward_SC_P":"774.0","ward_SC_M":"396.0","ward_SC_F":"378.0","ward_ST_P":"247.0","ward_ST_M":"127.0","ward_ST_F":"120.0","ward_low_range":"18949","ward_high_range":"28424","ward_RO_Code":"7","ward_RO_Division":"RO- Yediyuru","ward_ARO_Code":"23","ward_ARO_ Sub Division":"ARO- Ganesh Mandir","ward_zone":"Zone1","ward_zone_name":"Rajarajeshwarinagar","ward_join_status":"matched","ward_spatial_match_count":1},"geometry":{"type":"Point","coordinates":[77.56781070000005,12.929008100000033,0]},"id":61},{"type":"Feature","properties":{"fid":62,"OBJECTID":62,"Name":"Placemark","FolderPath":"Document/blr_police_station_locs","SymbolID":0,"AltMode":-1,"Base":0,"Snippet":"","PopupInfo":"","HasLabel":-1,"LabelID":0,"ward_source_id":"ward_369_final.29","ward_source_Name":null,"ward_description":null,"ward_timestamp":null,"ward_begin":null,"ward_end":null,"ward_altitudeMode":null,"ward_tessellate":-1,"ward_extrude":0,"ward_visibility":-1,"ward_drawOrder":null,"ward_icon":null,"ward_Corporation":"South","ward_corporation_kn":"ದಕ್ಷಿಣ","ward_corporation_id":"4","ward_ac":"Bangalore South","ward_ac_kn":"ಬೆಂಗಳೂರು ದಕ್ಷಿಣ","ward_ac_no":"176","ward_Assembly":"176 - Bangalore South","ward_id":"45","ward_name":"45 - Konanakunte","ward_name_kn":"ಕೋಣನಕುಂಟೆ","ward_TOT_P":"20525.0","ward_TOT_M":"10604.0","ward_TOT_F":"9921.0","ward_SC_P":"1590.0","ward_SC_M":"843.0","ward_SC_F":"747.0","ward_ST_P":"193.0","ward_ST_M":"96.0","ward_ST_F":"97.0","ward_low_range":"18594","ward_high_range":"27891","ward_RO_Code":"4","ward_RO_Division":"RO- Anjanapura","ward_ARO_Code":"8","ward_ARO_ Sub Division":"ARO- Konanakunte","ward_zone":"Zone1","ward_zone_name":"Jayanagar","ward_join_status":"matched","ward_spatial_match_count":1},"geometry":{"type":"Point","coordinates":[77.56640800000008,12.883932000000073,0]},"id":62},{"type":"Feature","properties":{"fid":63,"OBJECTID":63,"Name":"Placemark","FolderPath":"Document/blr_police_station_locs","SymbolID":0,"AltMode":-1,"Base":0,"Snippet":"","PopupInfo":"","HasLabel":-1,"LabelID":0,"ward_source_id":"ward_369_final.45","ward_source_Name":null,"ward_description":null,"ward_timestamp":null,"ward_begin":null,"ward_end":null,"ward_altitudeMode":null,"ward_tessellate":-1,"ward_extrude":0,"ward_visibility":-1,"ward_drawOrder":null,"ward_icon":null,"ward_Corporation":"South","ward_corporation_kn":"ದಕ್ಷಿಣ","ward_corporation_id":"4","ward_ac":"Padmanabanagar","ward_ac_kn":"ಪದ್ಮನಾಭನಗರ","ward_ac_no":"171","ward_Assembly":"171 - Padmanabanagar","ward_id":"5","ward_name":"5 - Kane Muneshwara Ward","ward_name_kn":"ಕಾನೆ ಮುನೇಶ್ವರ ವಾರ್ಡ್","ward_TOT_P":"22022.0","ward_TOT_M":"11400.0","ward_TOT_F":"10622.0","ward_SC_P":"1240.0","ward_SC_M":"612.0","ward_SC_F":"627.0","ward_ST_P":"203.0","ward_ST_M":"98.0","ward_ST_F":"105.0","ward_low_range":"18594","ward_high_range":"27891","ward_RO_Code":"11","ward_RO_Division":"RO- Padmanabhanagara","ward_ARO_Code":"28","ward_ARO_ Sub Division":"ARO- Banashankari","ward_zone":"Zone1","ward_zone_name":"Jayanagar","ward_join_status":"matched","ward_spatial_match_count":1},"geometry":{"type":"Point","coordinates":[77.56329800000003,12.905329130000041,0]},"id":63},{"type":"Feature","properties":{"fid":64,"OBJECTID":64,"Name":"Placemark","FolderPath":"Document/blr_police_station_locs","SymbolID":0,"AltMode":-1,"Base":0,"Snippet":"","PopupInfo":"","HasLabel":-1,"LabelID":0,"ward_source_id":"ward_369_final.170","ward_source_Name":null,"ward_description":null,"ward_timestamp":null,"ward_begin":null,"ward_end":null,"ward_altitudeMode":null,"ward_tessellate":-1,"ward_extrude":0,"ward_visibility":-1,"ward_drawOrder":null,"ward_icon":null,"ward_Corporation":"South","ward_corporation_kn":"ದಕ್ಷಿಣ","ward_corporation_id":"4","ward_ac":"Bommanahalli","ward_ac_kn":"ಬೊಮ್ಮನಹಳ್ಳಿ","ward_ac_no":"175","ward_Assembly":"175 - Bommanahalli","ward_id":"54","ward_name":"54 - Kengal Hanumanthaiah South","ward_name_kn":"ಕೆಂಗಲ್ ಹನುಮಂತಯ್ಯ ದಕ್ಷಿಣ","ward_TOT_P":"25484.0","ward_TOT_M":"13425.0","ward_TOT_F":"12058.0","ward_SC_P":"1020.0","ward_SC_M":"540.0","ward_SC_F":"480.0","ward_ST_P":"457.0","ward_ST_M":"236.0","ward_ST_F":"221.0","ward_low_range":"18594","ward_high_range":"27891","ward_RO_Code":"6","ward_RO_Division":"RO- Arakere","ward_ARO_Code":"17","ward_ARO_ Sub Division":"ARO- Jaraganahalli","ward_zone":"Zone2","ward_zone_name":"Bommanahalli","ward_join_status":"matched","ward_spatial_match_count":1},"geometry":{"type":"Point","coordinates":[77.58197500000006,12.902402778000067,0]},"id":64},{"type":"Feature","properties":{"fid":65,"OBJECTID":65,"Name":"Placemark","FolderPath":"Document/blr_police_station_locs","SymbolID":0,"AltMode":-1,"Base":0,"Snippet":"","PopupInfo":"","HasLabel":-1,"LabelID":0,"ward_source_id":"ward_369_final.63","ward_source_Name":null,"ward_description":null,"ward_timestamp":null,"ward_begin":null,"ward_end":null,"ward_altitudeMode":null,"ward_tessellate":-1,"ward_extrude":0,"ward_visibility":-1,"ward_drawOrder":null,"ward_icon":null,"ward_Corporation":"South","ward_corporation_kn":"ದಕ್ಷಿಣ","ward_corporation_id":"4","ward_ac":"Bangalore South","ward_ac_kn":"ಬೆಂಗಳೂರು ದಕ್ಷಿಣ","ward_ac_no":"176","ward_Assembly":"176 - Bangalore South","ward_id":"49","ward_name":"49 - Uttarahalli","ward_name_kn":"ಉತ್ತರಹಳ್ಳಿ","ward_TOT_P":"25302.0","ward_TOT_M":"13208.0","ward_TOT_F":"12094.0","ward_SC_P":"3474.0","ward_SC_M":"1757.0","ward_SC_F":"1717.0","ward_ST_P":"601.0","ward_ST_M":"304.0","ward_ST_F":"297.0","ward_low_range":"18594","ward_high_range":"27891","ward_RO_Code":"4","ward_RO_Division":"RO- Anjanapura","ward_ARO_Code":"9","ward_ARO_ Sub Division":"ARO- Uttarahalli","ward_zone":"Zone1","ward_zone_name":"Jayanagar","ward_join_status":"matched","ward_spatial_match_count":1},"geometry":{"type":"Point","coordinates":[77.54431706200006,12.901203319000047,0]},"id":65},{"type":"Feature","properties":{"fid":66,"OBJECTID":66,"Name":"Placemark","FolderPath":"Document/blr_police_station_locs","SymbolID":0,"AltMode":-1,"Base":0,"Snippet":"","PopupInfo":"","HasLabel":-1,"LabelID":0,"ward_source_id":"ward_369_final.47","ward_source_Name":null,"ward_description":null,"ward_timestamp":null,"ward_begin":null,"ward_end":null,"ward_altitudeMode":null,"ward_tessellate":-1,"ward_extrude":0,"ward_visibility":-1,"ward_drawOrder":null,"ward_icon":null,"ward_Corporation":"South","ward_corporation_kn":"ದಕ್ಷಿಣ","ward_corporation_id":"4","ward_ac":"Yeshwanthapura","ward_ac_kn":"ಯಶವಂತಪುರ","ward_ac_no":"153","ward_Assembly":"153 - Yeshwanthapura","ward_id":"52","ward_name":"52 - Talagattapura","ward_name_kn":"ತಲಘಟ್ಟಪುರ","ward_TOT_P":"23797.0","ward_TOT_M":"11887.0","ward_TOT_F":"10620.0","ward_SC_P":"3135.0","ward_SC_M":"1606.0","ward_SC_F":"1529.0","ward_ST_P":"401.0","ward_ST_M":"212.0","ward_ST_F":"189.0","ward_low_range":"18594","ward_high_range":"27891","ward_RO_Code":"4","ward_RO_Division":"RO- Anjanapura","ward_ARO_Code":"7","ward_ARO_ Sub Division":"ARO- Anjanapura","ward_zone":"Zone1","ward_zone_name":"Jayanagar","ward_join_status":"matched","ward_spatial_match_count":1},"geometry":{"type":"Point","coordinates":[77.53628600000008,12.869024000000024,0]},"id":66},{"type":"Feature","properties":{"fid":67,"OBJECTID":67,"Name":"Placemark","FolderPath":"Document/blr_police_station_locs","SymbolID":0,"AltMode":-1,"Base":0,"Snippet":"","PopupInfo":"","HasLabel":-1,"LabelID":0,"ward_source_id":"ward_369_final.292","ward_source_Name":null,"ward_description":null,"ward_timestamp":null,"ward_begin":null,"ward_end":null,"ward_altitudeMode":null,"ward_tessellate":-1,"ward_extrude":0,"ward_visibility":-1,"ward_drawOrder":null,"ward_icon":null,"ward_Corporation":"Central","ward_corporation_kn":"ಕೇಂದ್ರ","ward_corporation_id":"1","ward_ac":"Chamrajapet","ward_ac_kn":"ಚಾಮರಾಜಪೇಟೆ","ward_ac_no":"168","ward_Assembly":"168 - Chamrajapet","ward_id":"44","ward_name":"44 - Chamarajpet","ward_name_kn":"ಚಾಮರಾಜಪೇಟೆ","ward_TOT_P":"25619.0","ward_TOT_M":"13095.0","ward_TOT_F":"12523.0","ward_SC_P":"668.0","ward_SC_M":"374.0","ward_SC_F":"294.0","ward_ST_P":"379.0","ward_ST_M":"213.0","ward_ST_F":"167.0","ward_low_range":"18853","ward_high_range":"28280","ward_RO_Code":"3","ward_RO_Division":"RO - Chamrajapet","ward_ARO_Code":"7","ward_ARO_ Sub Division":"ARO- Chamarajpet","ward_zone":"Zone2","ward_zone_name":"Gandhinagara","ward_join_status":"matched","ward_spatial_match_count":1},"geometry":{"type":"Point","coordinates":[77.57226585000006,12.959619580000037,0]},"id":67},{"type":"Feature","properties":{"fid":68,"OBJECTID":68,"Name":"Placemark","FolderPath":"Document/blr_police_station_locs","SymbolID":0,"AltMode":-1,"Base":0,"Snippet":"","PopupInfo":"","HasLabel":-1,"LabelID":0,"ward_source_id":"ward_369_final.326","ward_source_Name":null,"ward_description":null,"ward_timestamp":null,"ward_begin":null,"ward_end":null,"ward_altitudeMode":null,"ward_tessellate":-1,"ward_extrude":0,"ward_visibility":-1,"ward_drawOrder":null,"ward_icon":null,"ward_Corporation":"West","ward_corporation_kn":"ಪಶ್ಚಿಮ","ward_corporation_id":"5","ward_ac":"Basavanagudi","ward_ac_kn":"ಬಸವನಗುಡಿ","ward_ac_no":"170","ward_Assembly":"170 - Basavanagudi","ward_id":"96","ward_name":"96 - Kathriguppe","ward_name_kn":"ಕತ್ರಿಗುಪ್ಪೆ","ward_TOT_P":"27696.0","ward_TOT_M":"14064.0","ward_TOT_F":"13632.0","ward_SC_P":"557.0","ward_SC_M":"294.0","ward_SC_F":"263.0","ward_ST_P":"372.0","ward_ST_M":"179.0","ward_ST_F":"193.0","ward_low_range":"18949","ward_high_range":"28424","ward_RO_Code":"1","ward_RO_Division":"RO- Basavanagudi","ward_ARO_Code":"2","ward_ARO_ Sub Division":"ARO- Katriguppe","ward_zone":"Zone2","ward_zone_name":"Malleshwaram","ward_join_status":"matched","ward_spatial_match_count":1},"geometry":{"type":"Point","coordinates":[77.56060459000008,12.930116240000075,0]},"id":68},{"type":"Feature","properties":{"fid":69,"OBJECTID":69,"Name":"Placemark","FolderPath":"Document/blr_police_station_locs","SymbolID":0,"AltMode":-1,"Base":0,"Snippet":"","PopupInfo":"","HasLabel":-1,"LabelID":0,"ward_source_id":"ward_369_final.253","ward_source_Name":null,"ward_description":null,"ward_timestamp":null,"ward_begin":null,"ward_end":null,"ward_altitudeMode":null,"ward_tessellate":-1,"ward_extrude":0,"ward_visibility":-1,"ward_drawOrder":null,"ward_icon":null,"ward_Corporation":"Central","ward_corporation_kn":"ಕೇಂದ್ರ","ward_corporation_id":"1","ward_ac":"Chickpet","ward_ac_kn":"ಚಿಕ್ಕಪೇಟೆ","ward_ac_no":"169","ward_Assembly":"169 - Chickpet","ward_id":"43","ward_name":"43 - Devaraj Urs Ward","ward_name_kn":"ದೇವರಾಜ ಅರಸು ವಾರ್ಡ್‌","ward_TOT_P":"19525.0","ward_TOT_M":"9934.0","ward_TOT_F":"9592.0","ward_SC_P":"1201.0","ward_SC_M":"594.0","ward_SC_F":"607.0","ward_ST_P":"247.0","ward_ST_M":"118.0","ward_ST_F":"129.0","ward_low_range":"18853","ward_high_range":"28280","ward_RO_Code":"4","ward_RO_Division":"RO - Chickpet","ward_ARO_Code":"13","ward_ARO_ Sub Division":"ARO- V.V Puram","ward_zone":"Zone2","ward_zone_name":"Gandhinagara","ward_join_status":"matched","ward_spatial_match_count":1},"geometry":{"type":"Point","coordinates":[77.56318000000005,12.949160000000063,0]},"id":69},{"type":"Feature","properties":{"fid":70,"OBJECTID":70,"Name":"Placemark","FolderPath":"Document/blr_police_station_locs","SymbolID":0,"AltMode":-1,"Base":0,"Snippet":"","PopupInfo":"","HasLabel":-1,"LabelID":0,"ward_source_id":"ward_369_final.284","ward_source_Name":null,"ward_description":null,"ward_timestamp":null,"ward_begin":null,"ward_end":null,"ward_altitudeMode":null,"ward_tessellate":-1,"ward_extrude":0,"ward_visibility":-1,"ward_drawOrder":null,"ward_icon":null,"ward_Corporation":"West","ward_corporation_kn":"ಪಶ್ಚಿಮ","ward_corporation_id":"5","ward_ac":"Basavanagudi","ward_ac_kn":"ಬಸವನಗುಡಿ","ward_ac_no":"170","ward_Assembly":"170 - Basavanagudi","ward_id":"95","ward_name":"95 - Swamy Vivekananda Ward","ward_name_kn":"ಸ್ವಾಮಿ ವಿವೇಕಾನಂದ ವಾರ್ಡ್","ward_TOT_P":"28152.0","ward_TOT_M":"14070.0","ward_TOT_F":"14081.0","ward_SC_P":"445.0","ward_SC_M":"224.0","ward_SC_F":"221.0","ward_ST_P":"226.0","ward_ST_M":"115.0","ward_ST_F":"111.0","ward_low_range":"18949","ward_high_range":"28424","ward_RO_Code":"1","ward_RO_Division":"RO- Basavanagudi","ward_ARO_Code":"2","ward_ARO_ Sub Division":"ARO- Katriguppe","ward_zone":"Zone2","ward_zone_name":"Malleshwaram","ward_join_status":"matched","ward_spatial_match_count":1},"geometry":{"type":"Point","coordinates":[77.54390000000006,12.936000000000035,0]},"id":70},{"type":"Feature","properties":{"fid":71,"OBJECTID":71,"Name":"Placemark","FolderPath":"Document/blr_police_station_locs","SymbolID":0,"AltMode":-1,"Base":0,"Snippet":"","PopupInfo":"","HasLabel":-1,"LabelID":0,"ward_source_id":"ward_369_final.120","ward_source_Name":null,"ward_description":null,"ward_timestamp":null,"ward_begin":null,"ward_end":null,"ward_altitudeMode":null,"ward_tessellate":-1,"ward_extrude":0,"ward_visibility":-1,"ward_drawOrder":null,"ward_icon":null,"ward_Corporation":"South","ward_corporation_kn":"ದಕ್ಷಿಣ","ward_corporation_id":"4","ward_ac":"Bommanahalli","ward_ac_kn":"ಬೊಮ್ಮನಹಳ್ಳಿ","ward_ac_no":"175","ward_Assembly":"175 - Bommanahalli","ward_id":"71","ward_name":"71 - Agara","ward_name_kn":"ಅಗರ","ward_TOT_P":"18836.0","ward_TOT_M":"9742.0","ward_TOT_F":"9095.0","ward_SC_P":"1264.0","ward_SC_M":"639.0","ward_SC_F":"625.0","ward_ST_P":"288.0","ward_ST_M":"142.0","ward_ST_F":"147.0","ward_low_range":"18594","ward_high_range":"27891","ward_RO_Code":"1","ward_RO_Division":"RO- HSR Layout","ward_ARO_Code":"21","ward_ARO_ Sub Division":"ARO- HSR Layout","ward_zone":"Zone2","ward_zone_name":"Bommanahalli","ward_join_status":"matched","ward_spatial_match_count":1},"geometry":{"type":"Point","coordinates":[77.64153333300004,12.90560000000005,0]},"id":71},{"type":"Feature","properties":{"fid":72,"OBJECTID":72,"Name":"Placemark","FolderPath":"Document/blr_police_station_locs","SymbolID":0,"AltMode":-1,"Base":0,"Snippet":"","PopupInfo":"","HasLabel":-1,"LabelID":0,"ward_source_id":"ward_369_final.1","ward_source_Name":null,"ward_description":null,"ward_timestamp":null,"ward_begin":null,"ward_end":null,"ward_altitudeMode":null,"ward_tessellate":-1,"ward_extrude":0,"ward_visibility":-1,"ward_drawOrder":null,"ward_icon":null,"ward_Corporation":"West","ward_corporation_kn":"ಪಶ್ಚಿಮ","ward_corporation_id":"5","ward_ac":"Rajarajeshwarinagar","ward_ac_kn":"ರಾಜರಾಜೇಶ್ವರಿನಗರ","ward_ac_no":"154","ward_Assembly":"154 - Rajarajeshwarinagar","ward_id":"25","ward_name":"25 - Vinayaka Layout","ward_name_kn":"ವಿನಾಯಕ ಲೇಔಟ್","ward_TOT_P":"20170.0","ward_TOT_M":"10168.0","ward_TOT_F":"10002.0","ward_SC_P":"1496.0","ward_SC_M":"767.0","ward_SC_F":"729.0","ward_ST_P":"406.0","ward_ST_M":"205.0","ward_ST_F":"201.0","ward_low_range":"18949","ward_high_range":"28424","ward_RO_Code":"11","ward_RO_Division":"RO- Rajarajeswari Nagara","ward_ARO_Code":"34","ward_ARO_ Sub Division":"ARO- Jnana Bharathi","ward_zone":"Zone1","ward_zone_name":"Rajarajeshwarinagar","ward_join_status":"matched","ward_spatial_match_count":1},"geometry":{"type":"Point","coordinates":[77.51273630000003,12.976494500000058,0]},"id":72},{"type":"Feature","properties":{"fid":73,"OBJECTID":73,"Name":"Placemark","FolderPath":"Document/blr_police_station_locs","SymbolID":0,"AltMode":-1,"Base":0,"Snippet":"","PopupInfo":"","HasLabel":-1,"LabelID":0,"ward_source_id":"ward_369_final.339","ward_source_Name":null,"ward_description":null,"ward_timestamp":null,"ward_begin":null,"ward_end":null,"ward_altitudeMode":null,"ward_tessellate":-1,"ward_extrude":0,"ward_visibility":-1,"ward_drawOrder":null,"ward_icon":null,"ward_Corporation":"West","ward_corporation_kn":"ಪಶ್ಚಿಮ","ward_corporation_id":"5","ward_ac":"Vijayanagar","ward_ac_kn":"ವಿಜಯನಗರ","ward_ac_no":"167","ward_Assembly":"167 - Vijayanagar","ward_id":"91","ward_name":"91 - Gali Anjaneya Temple Ward","ward_name_kn":"ಗಾಳಿ ಆಂಜನೇಯ ದೇವಸ್ಥಾನ ವಾರ್ಡ್","ward_TOT_P":"22841.0","ward_TOT_M":"11807.0","ward_TOT_F":"11034.0","ward_SC_P":"2269.0","ward_SC_M":"1187.0","ward_SC_F":"1082.0","ward_ST_P":"688.0","ward_ST_M":"367.0","ward_ST_F":"321.0","ward_low_range":"18949","ward_high_range":"28424","ward_RO_Code":"13","ward_RO_Division":"RO- Vijayanagar","ward_ARO_Code":"38","ward_ARO_ Sub Division":"ARO- Gali Anjaneya Temple","ward_zone":"Zone2","ward_zone_name":"Malleshwaram","ward_join_status":"matched","ward_spatial_match_count":1},"geometry":{"type":"Point","coordinates":[77.54012471800007,12.951396493000061,0]},"id":73},{"type":"Feature","properties":{"fid":74,"OBJECTID":74,"Name":"Placemark","FolderPath":"Document/blr_police_station_locs","SymbolID":0,"AltMode":-1,"Base":0,"Snippet":"","PopupInfo":"","HasLabel":-1,"LabelID":0,"ward_source_id":"ward_369_final.280","ward_source_Name":null,"ward_description":null,"ward_timestamp":null,"ward_begin":null,"ward_end":null,"ward_altitudeMode":null,"ward_tessellate":-1,"ward_extrude":0,"ward_visibility":-1,"ward_drawOrder":null,"ward_icon":null,"ward_Corporation":"West","ward_corporation_kn":"ಪಶ್ಚಿಮ","ward_corporation_id":"5","ward_ac":"Vijayanagar","ward_ac_kn":"ವಿಜಯನಗರ","ward_ac_no":"167","ward_Assembly":"167 - Vijayanagar","ward_id":"82","ward_name":"82 - Attigupe","ward_name_kn":"ಅತ್ತಿಗುಪ್ಪೆ","ward_TOT_P":"24614.0","ward_TOT_M":"12673.0","ward_TOT_F":"11941.0","ward_SC_P":"1632.0","ward_SC_M":"843.0","ward_SC_F":"789.0","ward_ST_P":"258.0","ward_ST_M":"129.0","ward_ST_F":"129.0","ward_low_range":"18949","ward_high_range":"28424","ward_RO_Code":"12","ward_RO_Division":"RO- Hampi Nagar","ward_ARO_Code":"37","ward_ARO_ Sub Division":"ARO- Hampi Nagar","ward_zone":"Zone2","ward_zone_name":"Malleshwaram","ward_join_status":"matched","ward_spatial_match_count":1},"geometry":{"type":"Point","coordinates":[77.52839541700007,12.958899159000055,0]},"id":74},{"type":"Feature","properties":{"fid":75,"OBJECTID":75,"Name":"Placemark","FolderPath":"Document/blr_police_station_locs","SymbolID":0,"AltMode":-1,"Base":0,"Snippet":"","PopupInfo":"","HasLabel":-1,"LabelID":0,"ward_source_id":"ward_369_final.142","ward_source_Name":null,"ward_description":null,"ward_timestamp":null,"ward_begin":null,"ward_end":null,"ward_altitudeMode":null,"ward_tessellate":-1,"ward_extrude":0,"ward_visibility":-1,"ward_drawOrder":null,"ward_icon":null,"ward_Corporation":"Central","ward_corporation_kn":"ಕೇಂದ್ರ","ward_corporation_id":"1","ward_ac":"Chamrajapet","ward_ac_kn":"ಚಾಮರಾಜಪೇಟೆ","ward_ac_no":"168","ward_Assembly":"168 - Chamrajapet","ward_id":"50","ward_name":"50 - JJR Nagara","ward_name_kn":"ಜೆಜೆಆರ್ ನಗರ","ward_TOT_P":"27850.0","ward_TOT_M":"14231.0","ward_TOT_F":"13618.0","ward_SC_P":"3716.0","ward_SC_M":"1864.0","ward_SC_F":"1852.0","ward_ST_P":"300.0","ward_ST_M":"155.0","ward_ST_F":"145.0","ward_low_range":"18853","ward_high_range":"28280","ward_RO_Code":"3","ward_RO_Division":"RO - Chamrajapet","ward_ARO_Code":"8","ward_ARO_ Sub Division":"ARO- JJR Nagar","ward_zone":"Zone2","ward_zone_name":"Gandhinagara","ward_join_status":"matched","ward_spatial_match_count":1},"geometry":{"type":"Point","coordinates":[77.55507593900006,12.964081607000026,0]},"id":75},{"type":"Feature","properties":{"fid":76,"OBJECTID":76,"Name":"Placemark","FolderPath":"Document/blr_police_station_locs","SymbolID":0,"AltMode":-1,"Base":0,"Snippet":"","PopupInfo":"","HasLabel":-1,"LabelID":0,"ward_source_id":"ward_369_final.304","ward_source_Name":null,"ward_description":null,"ward_timestamp":null,"ward_begin":null,"ward_end":null,"ward_altitudeMode":null,"ward_tessellate":-1,"ward_extrude":0,"ward_visibility":-1,"ward_drawOrder":null,"ward_icon":null,"ward_Corporation":"West","ward_corporation_kn":"ಪಶ್ಚಿಮ","ward_corporation_id":"5","ward_ac":"Rajarajeshwarinagar","ward_ac_kn":"ರಾಜರಾಜೇಶ್ವರಿನಗರ","ward_ac_no":"154","ward_Assembly":"154 - Rajarajeshwarinagar","ward_id":"24","ward_name":"24 - Jnana Bharathi Ward","ward_name_kn":"ಜ್ಞಾನ ಭಾರತಿ ವಾರ್ಡ್","ward_TOT_P":"20533.0","ward_TOT_M":"10816.0","ward_TOT_F":"9717.0","ward_SC_P":"2181.0","ward_SC_M":"1121.0","ward_SC_F":"1060.0","ward_ST_P":"434.0","ward_ST_M":"240.0","ward_ST_F":"194.0","ward_low_range":"18949","ward_high_range":"28424","ward_RO_Code":"11","ward_RO_Division":"RO- Rajarajeswari Nagara","ward_ARO_Code":"34","ward_ARO_ Sub Division":"ARO- Jnana Bharathi","ward_zone":"Zone1","ward_zone_name":"Rajarajeshwarinagar","ward_join_status":"matched","ward_spatial_match_count":1},"geometry":{"type":"Point","coordinates":[77.50026668000004,12.950552929000025,0]},"id":76},{"type":"Feature","properties":{"fid":77,"OBJECTID":77,"Name":"Placemark","FolderPath":"Document/blr_police_station_locs","SymbolID":0,"AltMode":-1,"Base":0,"Snippet":"","PopupInfo":"","HasLabel":-1,"LabelID":0,"ward_source_id":"ward_369_final.290","ward_source_Name":null,"ward_description":null,"ward_timestamp":null,"ward_begin":null,"ward_end":null,"ward_altitudeMode":null,"ward_tessellate":-1,"ward_extrude":0,"ward_visibility":-1,"ward_drawOrder":null,"ward_icon":null,"ward_Corporation":"West","ward_corporation_kn":"ಪಶ್ಚಿಮ","ward_corporation_id":"5","ward_ac":"Yeshwanthapura","ward_ac_kn":"ಯಶವಂತಪುರ","ward_ac_no":"153","ward_Assembly":"153 - Yeshwanthapura","ward_id":"21","ward_name":"21 - Kengeri","ward_name_kn":"ಕೆಂಗೇರಿ","ward_TOT_P":"21835.0","ward_TOT_M":"11253.0","ward_TOT_F":"10582.0","ward_SC_P":"2478.0","ward_SC_M":"1266.0","ward_SC_F":"1212.0","ward_ST_P":"371.0","ward_ST_M":"210.0","ward_ST_F":"161.0","ward_low_range":"18949","ward_high_range":"28424","ward_RO_Code":"15","ward_RO_Division":"RO- Kengeri","ward_ARO_Code":"44","ward_ARO_ Sub Division":"ARO- Kengeri","ward_zone":"Zone1","ward_zone_name":"Rajarajeshwarinagar","ward_join_status":"matched","ward_spatial_match_count":1},"geometry":{"type":"Point","coordinates":[77.48157118900008,12.910477516000071,0]},"id":77},{"type":"Feature","properties":{"fid":78,"OBJECTID":78,"Name":"Placemark","FolderPath":"Document/blr_police_station_locs","SymbolID":0,"AltMode":-1,"Base":0,"Snippet":"","PopupInfo":"","HasLabel":-1,"LabelID":0,"ward_source_id":"ward_369_final.271","ward_source_Name":null,"ward_description":null,"ward_timestamp":null,"ward_begin":null,"ward_end":null,"ward_altitudeMode":null,"ward_tessellate":-1,"ward_extrude":0,"ward_visibility":-1,"ward_drawOrder":null,"ward_icon":null,"ward_Corporation":"West","ward_corporation_kn":"ಪಶ್ಚಿಮ","ward_corporation_id":"5","ward_ac":"Rajarajeshwarinagar","ward_ac_kn":"ರಾಜರಾಜೇಶ್ವರಿನಗರ","ward_ac_no":"154","ward_Assembly":"154 - Rajarajeshwarinagar","ward_id":"23","ward_name":"23 - Rajarajeshwari Nagara","ward_name_kn":"ರಾಜರಾಜೇಶ್ವರಿ ನಗರ","ward_TOT_P":"26050.0","ward_TOT_M":"13348.0","ward_TOT_F":"12601.0","ward_SC_P":"1457.0","ward_SC_M":"758.0","ward_SC_F":"700.0","ward_ST_P":"652.0","ward_ST_M":"342.0","ward_ST_F":"310.0","ward_low_range":"18949","ward_high_range":"28424","ward_RO_Code":"11","ward_RO_Division":"RO- Rajarajeswari Nagara","ward_ARO_Code":"35","ward_ARO_ Sub Division":"ARO- Rajarajeswari Nagara","ward_zone":"Zone1","ward_zone_name":"Rajarajeshwarinagar","ward_join_status":"matched","ward_spatial_match_count":1},"geometry":{"type":"Point","coordinates":[77.52063304900008,12.912840343000028,0]},"id":78},{"type":"Feature","properties":{"fid":79,"OBJECTID":79,"Name":"Placemark","FolderPath":"Document/blr_police_station_locs","SymbolID":0,"AltMode":-1,"Base":0,"Snippet":"","PopupInfo":"","HasLabel":-1,"LabelID":0,"ward_source_id":"ward_369_final.276","ward_source_Name":null,"ward_description":null,"ward_timestamp":null,"ward_begin":null,"ward_end":null,"ward_altitudeMode":null,"ward_tessellate":-1,"ward_extrude":0,"ward_visibility":-1,"ward_drawOrder":null,"ward_icon":null,"ward_Corporation":"West","ward_corporation_kn":"ಪಶ್ಚಿಮ","ward_corporation_id":"5","ward_ac":"Govindraj Nagar","ward_ac_kn":"ಗೋವಿಂದರಾಜ ನಗರ","ward_ac_no":"166","ward_Assembly":"166 - Govindraj Nagar","ward_id":"70","ward_name":"70 - Dr Rajkumar Ward","ward_name_kn":"ಡಾ. ರಾಜ್‌ಕುಮಾರ್ ವಾರ್ಡ್","ward_TOT_P":"24106.0","ward_TOT_M":"12476.0","ward_TOT_F":"11630.0","ward_SC_P":"2155.0","ward_SC_M":"1117.0","ward_SC_F":"1038.0","ward_ST_P":"676.0","ward_ST_M":"352.0","ward_ST_F":"324.0","ward_low_range":"18949","ward_high_range":"28424","ward_RO_Code":"4","ward_RO_Division":"RO- Govindraj Nagar","ward_ARO_Code":"12","ward_ARO_ Sub Division":"ARO- Agrahara Dasarahalli","ward_zone":"Zone2","ward_zone_name":"Malleshwaram","ward_join_status":"matched","ward_spatial_match_count":1},"geometry":{"type":"Point","coordinates":[77.54257199400007,12.985307001000024,0]},"id":79},{"type":"Feature","properties":{"fid":80,"OBJECTID":80,"Name":"Placemark","FolderPath":"Document/blr_police_station_locs","SymbolID":0,"AltMode":-1,"Base":0,"Snippet":"","PopupInfo":"","HasLabel":-1,"LabelID":0,"ward_source_id":"ward_369_final.291","ward_source_Name":null,"ward_description":null,"ward_timestamp":null,"ward_begin":null,"ward_end":null,"ward_altitudeMode":null,"ward_tessellate":-1,"ward_extrude":0,"ward_visibility":-1,"ward_drawOrder":null,"ward_icon":null,"ward_Corporation":"West","ward_corporation_kn":"ಪಶ್ಚಿಮ","ward_corporation_id":"5","ward_ac":"Rajajinagar","ward_ac_kn":"ರಾಜಾಜಿನಗರ","ward_ac_no":"165","ward_Assembly":"165 - Rajajinagar","ward_id":"68","ward_name":"68 - Kamakshipalya","ward_name_kn":"ಕಾಮಾಕ್ಷಿಪಾಳ್ಯ","ward_TOT_P":"25024.0","ward_TOT_M":"13135.0","ward_TOT_F":"11889.0","ward_SC_P":"2345.0","ward_SC_M":"1207.0","ward_SC_F":"1138.0","ward_ST_P":"419.0","ward_ST_M":"217.0","ward_ST_F":"202.0","ward_low_range":"18949","ward_high_range":"28424","ward_RO_Code":"8","ward_RO_Division":"RO- Basaveshwara Nagara","ward_ARO_Code":"26","ward_ARO_ Sub Division":"ARO- Basaveshwara Nagara","ward_zone":"Zone2","ward_zone_name":"Malleshwaram","ward_join_status":"matched","ward_spatial_match_count":1},"geometry":{"type":"Point","coordinates":[77.53201890200006,12.982223660000045,0]},"id":80},{"type":"Feature","properties":{"fid":81,"OBJECTID":81,"Name":"Placemark","FolderPath":"Document/blr_police_station_locs","SymbolID":0,"AltMode":-1,"Base":0,"Snippet":"","PopupInfo":"","HasLabel":-1,"LabelID":0,"ward_source_id":"ward_369_final.261","ward_source_Name":null,"ward_description":null,"ward_timestamp":null,"ward_begin":null,"ward_end":null,"ward_altitudeMode":null,"ward_tessellate":-1,"ward_extrude":0,"ward_visibility":-1,"ward_drawOrder":null,"ward_icon":null,"ward_Corporation":"Central","ward_corporation_kn":"ಕೇಂದ್ರ","ward_corporation_id":"1","ward_ac":"Gandhinagara","ward_ac_kn":"ಗಾಂಧಿನಗರ","ward_ac_no":"164","ward_Assembly":"164 - Gandhinagara","ward_id":"55","ward_name":"55 - Bhuvaneshwari Nagar","ward_name_kn":"ಭುವನೇಶ್ವರಿ ನಗರ","ward_TOT_P":"19936.0","ward_TOT_M":"10174.0","ward_TOT_F":"9762.0","ward_SC_P":"1586.0","ward_SC_M":"837.0","ward_SC_F":"749.0","ward_ST_P":"670.0","ward_ST_M":"336.0","ward_ST_F":"333.0","ward_low_range":"18853","ward_high_range":"28280","ward_RO_Code":"5","ward_RO_Division":"RO - Gandhinagara","ward_ARO_Code":"14","ward_ARO_ Sub Division":"ARO- Binnypete","ward_zone":"Zone2","ward_zone_name":"Gandhinagara","ward_join_status":"matched","ward_spatial_match_count":1},"geometry":{"type":"Point","coordinates":[77.56157732100007,12.972512539000036,0]},"id":81},{"type":"Feature","properties":{"fid":82,"OBJECTID":82,"Name":"Placemark","FolderPath":"Document/blr_police_station_locs","SymbolID":0,"AltMode":-1,"Base":0,"Snippet":"","PopupInfo":"","HasLabel":-1,"LabelID":0,"ward_source_id":"ward_369_final.276","ward_source_Name":null,"ward_description":null,"ward_timestamp":null,"ward_begin":null,"ward_end":null,"ward_altitudeMode":null,"ward_tessellate":-1,"ward_extrude":0,"ward_visibility":-1,"ward_drawOrder":null,"ward_icon":null,"ward_Corporation":"West","ward_corporation_kn":"ಪಶ್ಚಿಮ","ward_corporation_id":"5","ward_ac":"Govindraj Nagar","ward_ac_kn":"ಗೋವಿಂದರಾಜ ನಗರ","ward_ac_no":"166","ward_Assembly":"166 - Govindraj Nagar","ward_id":"70","ward_name":"70 - Dr Rajkumar Ward","ward_name_kn":"ಡಾ. ರಾಜ್‌ಕುಮಾರ್ ವಾರ್ಡ್","ward_TOT_P":"24106.0","ward_TOT_M":"12476.0","ward_TOT_F":"11630.0","ward_SC_P":"2155.0","ward_SC_M":"1117.0","ward_SC_F":"1038.0","ward_ST_P":"676.0","ward_ST_M":"352.0","ward_ST_F":"324.0","ward_low_range":"18949","ward_high_range":"28424","ward_RO_Code":"4","ward_RO_Division":"RO- Govindraj Nagar","ward_ARO_Code":"12","ward_ARO_ Sub Division":"ARO- Agrahara Dasarahalli","ward_zone":"Zone2","ward_zone_name":"Malleshwaram","ward_join_status":"matched","ward_spatial_match_count":1},"geometry":{"type":"Point","coordinates":[77.55016990000007,12.975566100000037,0]},"id":82},{"type":"Feature","properties":{"fid":83,"OBJECTID":83,"Name":"Placemark","FolderPath":"Document/blr_police_station_locs","SymbolID":0,"AltMode":-1,"Base":0,"Snippet":"","PopupInfo":"","HasLabel":-1,"LabelID":0,"ward_source_id":"ward_369_final.347","ward_source_Name":null,"ward_description":null,"ward_timestamp":null,"ward_begin":null,"ward_end":null,"ward_altitudeMode":null,"ward_tessellate":-1,"ward_extrude":0,"ward_visibility":-1,"ward_drawOrder":null,"ward_icon":null,"ward_Corporation":"West","ward_corporation_kn":"ಪಶ್ಚಿಮ","ward_corporation_id":"5","ward_ac":"Vijayanagar","ward_ac_kn":"ವಿಜಯನಗರ","ward_ac_no":"167","ward_Assembly":"167 - Vijayanagar","ward_id":"84","ward_name":"84 - Hosahalli","ward_name_kn":"ಹೊಸಹಳ್ಳಿ","ward_TOT_P":"27966.0","ward_TOT_M":"14417.0","ward_TOT_F":"13548.0","ward_SC_P":"3020.0","ward_SC_M":"1536.0","ward_SC_F":"1484.0","ward_ST_P":"376.0","ward_ST_M":"194.0","ward_ST_F":"183.0","ward_low_range":"18949","ward_high_range":"28424","ward_RO_Code":"13","ward_RO_Division":"RO- Vijayanagar","ward_ARO_Code":"39","ward_ARO_ Sub Division":"ARO- Hosahalli","ward_zone":"Zone2","ward_zone_name":"Malleshwaram","ward_join_status":"matched","ward_spatial_match_count":1},"geometry":{"type":"Point","coordinates":[77.53846743800005,12.972350264000056,0]},"id":83},{"type":"Feature","properties":{"fid":84,"OBJECTID":84,"Name":"Placemark","FolderPath":"Document/blr_police_station_locs","SymbolID":0,"AltMode":-1,"Base":0,"Snippet":"","PopupInfo":"","HasLabel":-1,"LabelID":0,"ward_source_id":null,"ward_source_Name":null,"ward_description":null,"ward_timestamp":null,"ward_begin":null,"ward_end":null,"ward_altitudeMode":null,"ward_tessellate":null,"ward_extrude":null,"ward_visibility":null,"ward_drawOrder":null,"ward_icon":null,"ward_Corporation":null,"ward_corporation_kn":null,"ward_corporation_id":null,"ward_ac":null,"ward_ac_kn":null,"ward_ac_no":null,"ward_Assembly":null,"ward_id":null,"ward_name":null,"ward_name_kn":null,"ward_TOT_P":null,"ward_TOT_M":null,"ward_TOT_F":null,"ward_SC_P":null,"ward_SC_M":null,"ward_SC_F":null,"ward_ST_P":null,"ward_ST_M":null,"ward_ST_F":null,"ward_low_range":null,"ward_high_range":null,"ward_RO_Code":null,"ward_RO_Division":null,"ward_ARO_Code":null,"ward_ARO_ Sub Division":null,"ward_zone":null,"ward_zone_name":null,"ward_join_status":"unmatched","ward_spatial_match_count":0},"geometry":{"type":"Point","coordinates":[77.51008200000007,12.799546000000078,0]},"id":84},{"type":"Feature","properties":{"fid":85,"OBJECTID":85,"Name":"Placemark","FolderPath":"Document/blr_police_station_locs","SymbolID":0,"AltMode":-1,"Base":0,"Snippet":"","PopupInfo":"","HasLabel":-1,"LabelID":0,"ward_source_id":null,"ward_source_Name":null,"ward_description":null,"ward_timestamp":null,"ward_begin":null,"ward_end":null,"ward_altitudeMode":null,"ward_tessellate":null,"ward_extrude":null,"ward_visibility":null,"ward_drawOrder":null,"ward_icon":null,"ward_Corporation":null,"ward_corporation_kn":null,"ward_corporation_id":null,"ward_ac":null,"ward_ac_kn":null,"ward_ac_no":null,"ward_Assembly":null,"ward_id":null,"ward_name":null,"ward_name_kn":null,"ward_TOT_P":null,"ward_TOT_M":null,"ward_TOT_F":null,"ward_SC_P":null,"ward_SC_M":null,"ward_SC_F":null,"ward_ST_P":null,"ward_ST_M":null,"ward_ST_F":null,"ward_low_range":null,"ward_high_range":null,"ward_RO_Code":null,"ward_RO_Division":null,"ward_ARO_Code":null,"ward_ARO_ Sub Division":null,"ward_zone":null,"ward_zone_name":null,"ward_join_status":"unmatched","ward_spatial_match_count":0},"geometry":{"type":"Point","coordinates":[77.66306400000008,12.840009000000066,0]},"id":85},{"type":"Feature","properties":{"fid":86,"OBJECTID":86,"Name":"Placemark","FolderPath":"Document/blr_police_station_locs","SymbolID":0,"AltMode":-1,"Base":0,"Snippet":"","PopupInfo":"","HasLabel":-1,"LabelID":0,"ward_source_id":"ward_369_final.80","ward_source_Name":null,"ward_description":null,"ward_timestamp":null,"ward_begin":null,"ward_end":null,"ward_altitudeMode":null,"ward_tessellate":-1,"ward_extrude":0,"ward_visibility":-1,"ward_drawOrder":null,"ward_icon":null,"ward_Corporation":"South","ward_corporation_kn":"ದಕ್ಷಿಣ","ward_corporation_id":"4","ward_ac":"Bangalore South","ward_ac_kn":"ಬೆಂಗಳೂರು ದಕ್ಷಿಣ","ward_ac_no":"176","ward_Assembly":"176 - Bangalore South","ward_id":"33","ward_name":"33 - Naganathapura","ward_name_kn":"ನಾಗನಾಥಪುರ","ward_TOT_P":"18599.0","ward_TOT_M":"10063.0","ward_TOT_F":"8497.0","ward_SC_P":"2528.0","ward_SC_M":"1327.0","ward_SC_F":"1201.0","ward_ST_P":"564.0","ward_ST_M":"330.0","ward_ST_F":"234.0","ward_low_range":"18594","ward_high_range":"27891","ward_RO_Code":"5","ward_RO_Division":"RO- Beguru","ward_ARO_Code":"14","ward_ARO_ Sub Division":"ARO- Naganathpura","ward_zone":"Zone1","ward_zone_name":"Jayanagar","ward_join_status":"matched","ward_spatial_match_count":1},"geometry":{"type":"Point","coordinates":[77.66735555600008,12.87731388900005,0]},"id":86},{"type":"Feature","properties":{"fid":87,"OBJECTID":87,"Name":"Placemark","FolderPath":"Document/blr_police_station_locs","SymbolID":0,"AltMode":-1,"Base":0,"Snippet":"","PopupInfo":"","HasLabel":-1,"LabelID":0,"ward_source_id":"ward_369_final.169","ward_source_Name":null,"ward_description":null,"ward_timestamp":null,"ward_begin":null,"ward_end":null,"ward_altitudeMode":null,"ward_tessellate":-1,"ward_extrude":0,"ward_visibility":-1,"ward_drawOrder":null,"ward_icon":null,"ward_Corporation":"South","ward_corporation_kn":"ದಕ್ಷಿಣ","ward_corporation_id":"4","ward_ac":"B.T.M Layout","ward_ac_kn":"ಬಿ.ಟಿ.ಎಂ. ಲೇಔಟ್","ward_ac_no":"172","ward_Assembly":"172 - B.T.M Layout","ward_id":"29","ward_name":"29 - Kormangala West","ward_name_kn":"ಕೋರಮಂಗಲ ಪಶ್ಚಿಮ","ward_TOT_P":"27879.0","ward_TOT_M":"14436.0","ward_TOT_F":"13494.0","ward_SC_P":"5999.0","ward_SC_M":"3098.0","ward_SC_F":"2901.0","ward_ST_P":"1058.0","ward_ST_M":"527.0","ward_ST_F":"531.0","ward_low_range":"18594","ward_high_range":"27891","ward_RO_Code":"3","ward_RO_Division":"RO- Kormangala","ward_ARO_Code":"6","ward_ARO_ Sub Division":"ARO- Lakkasandra","ward_zone":"Zone2","ward_zone_name":"Bommanahalli","ward_join_status":"matched","ward_spatial_match_count":1},"geometry":{"type":"Point","coordinates":[77.61154200000004,12.941431000000023,0]},"id":87},{"type":"Feature","properties":{"fid":88,"OBJECTID":88,"Name":"Placemark","FolderPath":"Document/blr_police_station_locs","SymbolID":0,"AltMode":-1,"Base":0,"Snippet":"","PopupInfo":"","HasLabel":-1,"LabelID":0,"ward_source_id":"ward_369_final.105","ward_source_Name":null,"ward_description":null,"ward_timestamp":null,"ward_begin":null,"ward_end":null,"ward_altitudeMode":null,"ward_tessellate":-1,"ward_extrude":0,"ward_visibility":-1,"ward_drawOrder":null,"ward_icon":null,"ward_Corporation":"South","ward_corporation_kn":"ದಕ್ಷಿಣ","ward_corporation_id":"4","ward_ac":"Bommanahalli","ward_ac_kn":"ಬೊಮ್ಮನಹಳ್ಳಿ","ward_ac_no":"175","ward_Assembly":"175 - Bommanahalli","ward_id":"70","ward_name":"70 - Iblur","ward_name_kn":"ಇಬ್ಬಲೂರು","ward_TOT_P":"27146.0","ward_TOT_M":"14110.0","ward_TOT_F":"13035.0","ward_SC_P":"3177.0","ward_SC_M":"1608.0","ward_SC_F":"1568.0","ward_ST_P":"437.0","ward_ST_M":"231.0","ward_ST_F":"206.0","ward_low_range":"18594","ward_high_range":"27891","ward_RO_Code":"1","ward_RO_Division":"RO- HSR Layout","ward_ARO_Code":"22","ward_ARO_ Sub Division":"ARO- Iblur","ward_zone":"Zone2","ward_zone_name":"Bommanahalli","ward_join_status":"matched","ward_spatial_match_count":1},"geometry":{"type":"Point","coordinates":[77.65138900000005,12.920151000000033,0]},"id":88},{"type":"Feature","properties":{"fid":89,"OBJECTID":89,"Name":"Placemark","FolderPath":"Document/blr_police_station_locs","SymbolID":0,"AltMode":-1,"Base":0,"Snippet":"","PopupInfo":"","HasLabel":-1,"LabelID":0,"ward_source_id":"ward_369_final.163","ward_source_Name":null,"ward_description":null,"ward_timestamp":null,"ward_begin":null,"ward_end":null,"ward_altitudeMode":null,"ward_tessellate":-1,"ward_extrude":0,"ward_visibility":-1,"ward_drawOrder":null,"ward_icon":null,"ward_Corporation":"South","ward_corporation_kn":"ದಕ್ಷಿಣ","ward_corporation_id":"4","ward_ac":"B.T.M Layout","ward_ac_kn":"ಬಿ.ಟಿ.ಎಂ. ಲೇಔಟ್","ward_ac_no":"172","ward_Assembly":"172 - B.T.M Layout","ward_id":"24","ward_name":"24 - A Adugodi","ward_name_kn":"ಎ. ಆಡುಗೋಡಿ","ward_TOT_P":"21458.0","ward_TOT_M":"11082.0","ward_TOT_F":"10376.0","ward_SC_P":"2344.0","ward_SC_M":"1237.0","ward_SC_F":"1106.0","ward_ST_P":"426.0","ward_ST_M":"207.0","ward_ST_F":"220.0","ward_low_range":"18594","ward_high_range":"27891","ward_RO_Code":"3","ward_RO_Division":"RO- Kormangala","ward_ARO_Code":"6","ward_ARO_ Sub Division":"ARO- Lakkasandra","ward_zone":"Zone2","ward_zone_name":"Bommanahalli","ward_join_status":"matched","ward_spatial_match_count":1},"geometry":{"type":"Point","coordinates":[77.62134166700008,12.94121388900004,0]},"id":89},{"type":"Feature","properties":{"fid":90,"OBJECTID":90,"Name":"Placemark","FolderPath":"Document/blr_police_station_locs","SymbolID":0,"AltMode":-1,"Base":0,"Snippet":"","PopupInfo":"","HasLabel":-1,"LabelID":0,"ward_source_id":"ward_369_final.119","ward_source_Name":null,"ward_description":null,"ward_timestamp":null,"ward_begin":null,"ward_end":null,"ward_altitudeMode":null,"ward_tessellate":-1,"ward_extrude":0,"ward_visibility":-1,"ward_drawOrder":null,"ward_icon":null,"ward_Corporation":"South","ward_corporation_kn":"ದಕ್ಷಿಣ","ward_corporation_id":"4","ward_ac":"Mahadevapura","ward_ac_kn":"ಮಹದೇವಪುರ","ward_ac_no":"174","ward_Assembly":"174 - Mahadevapura","ward_id":"31","ward_name":"31 - Kasavanahalli","ward_name_kn":"ಕಸವನಹಳ್ಳಿ","ward_TOT_P":"21288.0","ward_TOT_M":"11166.0","ward_TOT_F":"10122.0","ward_SC_P":"1819.0","ward_SC_M":"922.0","ward_SC_F":"897.0","ward_ST_P":"357.0","ward_ST_M":"183.0","ward_ST_F":"174.0","ward_low_range":"18594","ward_high_range":"27891","ward_RO_Code":"1","ward_RO_Division":"RO- HSR Layout","ward_ARO_Code":"1","ward_ARO_ Sub Division":"ARO- Kudlu","ward_zone":"Zone2","ward_zone_name":"Bommanahalli","ward_join_status":"matched","ward_spatial_match_count":1},"geometry":{"type":"Point","coordinates":[77.66786800000006,12.919162000000028,0]},"id":90},{"type":"Feature","properties":{"fid":91,"OBJECTID":91,"Name":"Placemark","FolderPath":"Document/blr_police_station_locs","SymbolID":0,"AltMode":-1,"Base":0,"Snippet":"","PopupInfo":"","HasLabel":-1,"LabelID":0,"ward_source_id":"ward_369_final.215","ward_source_Name":null,"ward_description":null,"ward_timestamp":null,"ward_begin":null,"ward_end":null,"ward_altitudeMode":null,"ward_tessellate":-1,"ward_extrude":0,"ward_visibility":-1,"ward_drawOrder":null,"ward_icon":null,"ward_Corporation":"East","ward_corporation_kn":"ಪೂರ್ವ","ward_corporation_id":"3","ward_ac":"K.R. Pura","ward_ac_kn":"ಕೆ.ಆರ್. ಪುರ","ward_ac_no":"151","ward_Assembly":"151 - K.R. Pura","ward_id":"23","ward_name":"23 - Sangama Ward","ward_name_kn":"ಸಂಗಮ ವಾರ್ಡ್","ward_TOT_P":"15835.0","ward_TOT_M":"8226.0","ward_TOT_F":"7610.0","ward_SC_P":"1497.0","ward_SC_M":"774.0","ward_SC_F":"724.0","ward_ST_P":"361.0","ward_ST_M":"184.0","ward_ST_F":"176.0","ward_low_range":"14567","ward_high_range":"21851","ward_RO_Code":"4","ward_RO_Division":"RO- Vignananagara","ward_ARO_Code":"10","ward_ARO_ Sub Division":"ARO- Mahadevapura","ward_zone":"Zone2","ward_zone_name":"K.R. Pura","ward_join_status":"matched","ward_spatial_match_count":1},"geometry":{"type":"Point","coordinates":[77.68285500000007,12.955006000000026,0]},"id":91},{"type":"Feature","properties":{"fid":92,"OBJECTID":92,"Name":"Placemark","FolderPath":"Document/blr_police_station_locs","SymbolID":0,"AltMode":-1,"Base":0,"Snippet":"","PopupInfo":"","HasLabel":-1,"LabelID":0,"ward_source_id":"ward_369_final.246","ward_source_Name":null,"ward_description":null,"ward_timestamp":null,"ward_begin":null,"ward_end":null,"ward_altitudeMode":null,"ward_tessellate":-1,"ward_extrude":0,"ward_visibility":-1,"ward_drawOrder":null,"ward_icon":null,"ward_Corporation":"East","ward_corporation_kn":"ಪೂರ್ವ","ward_corporation_id":"3","ward_ac":"Mahadevapura","ward_ac_kn":"ಮಹದೇವಪುರ","ward_ac_no":"174","ward_Assembly":"174 - Mahadevapura","ward_id":"48","ward_name":"48 - Panathur","ward_name_kn":"ಪಣತ್ತೂರು","ward_TOT_P":"14766.0","ward_TOT_M":"8426.0","ward_TOT_F":"6340.0","ward_SC_P":"3791.0","ward_SC_M":"1901.0","ward_SC_F":"1890.0","ward_ST_P":"294.0","ward_ST_M":"160.0","ward_ST_F":"133.0","ward_low_range":"14567","ward_high_range":"21851","ward_RO_Code":"5","ward_RO_Division":"RO- Bellanduru","ward_ARO_Code":"14","ward_ARO_ Sub Division":"ARO- Gunjur","ward_zone":"Zone1","ward_zone_name":"Mahadevapura","ward_join_status":"matched","ward_spatial_match_count":1},"geometry":{"type":"Point","coordinates":[77.69803900000005,12.945619000000022,0]},"id":92},{"type":"Feature","properties":{"fid":93,"OBJECTID":93,"Name":"Placemark","FolderPath":"Document/blr_police_station_locs","SymbolID":0,"AltMode":-1,"Base":0,"Snippet":"","PopupInfo":"","HasLabel":-1,"LabelID":0,"ward_source_id":"ward_369_final.223","ward_source_Name":null,"ward_description":null,"ward_timestamp":null,"ward_begin":null,"ward_end":null,"ward_altitudeMode":null,"ward_tessellate":-1,"ward_extrude":0,"ward_visibility":-1,"ward_drawOrder":null,"ward_icon":null,"ward_Corporation":"East","ward_corporation_kn":"ಪೂರ್ವ","ward_corporation_id":"3","ward_ac":"Mahadevapura","ward_ac_kn":"ಮಹದೇವಪುರ","ward_ac_no":"174","ward_Assembly":"174 - Mahadevapura","ward_id":"40","ward_name":"40 - Varthur","ward_name_kn":"ವರ್ತೂರು","ward_TOT_P":"20908.0","ward_TOT_M":"10720.0","ward_TOT_F":"10188.0","ward_SC_P":"3143.0","ward_SC_M":"1609.0","ward_SC_F":"1534.0","ward_ST_P":"292.0","ward_ST_M":"152.0","ward_ST_F":"140.0","ward_low_range":"14567","ward_high_range":"21851","ward_RO_Code":"5","ward_RO_Division":"RO- Bellanduru","ward_ARO_Code":"15","ward_ARO_ Sub Division":"ARO- Varthur","ward_zone":"Zone1","ward_zone_name":"Mahadevapura","ward_join_status":"matched","ward_spatial_match_count":1},"geometry":{"type":"Point","coordinates":[77.74692000000005,12.938034000000073,0]},"id":93},{"type":"Feature","properties":{"fid":94,"OBJECTID":94,"Name":"Placemark","FolderPath":"Document/blr_police_station_locs","SymbolID":0,"AltMode":-1,"Base":0,"Snippet":"","PopupInfo":"","HasLabel":-1,"LabelID":0,"ward_source_id":"ward_369_final.14","ward_source_Name":null,"ward_description":null,"ward_timestamp":null,"ward_begin":null,"ward_end":null,"ward_altitudeMode":null,"ward_tessellate":-1,"ward_extrude":0,"ward_visibility":-1,"ward_drawOrder":null,"ward_icon":null,"ward_Corporation":"East","ward_corporation_kn":"ಪೂರ್ವ","ward_corporation_id":"3","ward_ac":"K.R. Pura","ward_ac_kn":"ಕೆ.ಆರ್. ಪುರ","ward_ac_no":"151","ward_Assembly":"151 - K.R. Pura","ward_id":"14","ward_name":"14 - K.R Pura","ward_name_kn":"ಕೆ ಆರ್ ಪುರ","ward_TOT_P":"14930.0","ward_TOT_M":"7717.0","ward_TOT_F":"7213.0","ward_SC_P":"1560.0","ward_SC_M":"794.0","ward_SC_F":"766.0","ward_ST_P":"351.0","ward_ST_M":"194.0","ward_ST_F":"157.0","ward_low_range":"14567","ward_high_range":"21851","ward_RO_Code":"2","ward_RO_Division":"RO- KR Pura","ward_ARO_Code":"6","ward_ARO_ Sub Division":"ARO- KR Pura","ward_zone":"Zone2","ward_zone_name":"K.R. Pura","ward_join_status":"matched","ward_spatial_match_count":1},"geometry":{"type":"Point","coordinates":[77.69328700000005,13.009016000000031,0]},"id":94},{"type":"Feature","properties":{"fid":95,"OBJECTID":95,"Name":"Placemark","FolderPath":"Document/blr_police_station_locs","SymbolID":0,"AltMode":-1,"Base":0,"Snippet":"","PopupInfo":"","HasLabel":-1,"LabelID":0,"ward_source_id":"ward_369_final.245","ward_source_Name":null,"ward_description":null,"ward_timestamp":null,"ward_begin":null,"ward_end":null,"ward_altitudeMode":null,"ward_tessellate":-1,"ward_extrude":0,"ward_visibility":-1,"ward_drawOrder":null,"ward_icon":null,"ward_Corporation":"East","ward_corporation_kn":"ಪೂರ್ವ","ward_corporation_id":"3","ward_ac":"Mahadevapura","ward_ac_kn":"ಮಹದೇವಪುರ","ward_ac_no":"174","ward_Assembly":"174 - Mahadevapura","ward_id":"30","ward_name":"30 - Belathur","ward_name_kn":"ಬೆಳತ್ತೂರ್","ward_TOT_P":"20869.0","ward_TOT_M":"11556.0","ward_TOT_F":"9313.0","ward_SC_P":"5120.0","ward_SC_M":"2600.0","ward_SC_F":"2520.0","ward_ST_P":"391.0","ward_ST_M":"232.0","ward_ST_F":"159.0","ward_low_range":"14567","ward_high_range":"21851","ward_RO_Code":"6","ward_RO_Division":"RO- Hoodi","ward_ARO_Code":"16","ward_ARO_ Sub Division":"ARO- Hoodi","ward_zone":"Zone1","ward_zone_name":"Mahadevapura","ward_join_status":"matched","ward_spatial_match_count":1},"geometry":{"type":"Point","coordinates":[77.75782100000004,12.995415000000037,0]},"id":95},{"type":"Feature","properties":{"fid":96,"OBJECTID":96,"Name":"Placemark","FolderPath":"Document/blr_police_station_locs","SymbolID":0,"AltMode":-1,"Base":0,"Snippet":"","PopupInfo":"","HasLabel":-1,"LabelID":0,"ward_source_id":"ward_369_final.236","ward_source_Name":null,"ward_description":null,"ward_timestamp":null,"ward_begin":null,"ward_end":null,"ward_altitudeMode":null,"ward_tessellate":-1,"ward_extrude":0,"ward_visibility":-1,"ward_drawOrder":null,"ward_icon":null,"ward_Corporation":"East","ward_corporation_kn":"ಪೂರ್ವ","ward_corporation_id":"3","ward_ac":"K.R. Pura","ward_ac_kn":"ಕೆ.ಆರ್. ಪುರ","ward_ac_no":"151","ward_Assembly":"151 - K.R. Pura","ward_id":"13","ward_name":"13 - Rajarajeshwari Temple ward","ward_name_kn":"ರಾಜರಾಜೇಶ್ವರಿ ದೇವಸ್ಥಾನ ವಾರ್ಡ್","ward_TOT_P":"17539.0","ward_TOT_M":"9390.0","ward_TOT_F":"8149.0","ward_SC_P":"1608.0","ward_SC_M":"857.0","ward_SC_F":"751.0","ward_ST_P":"438.0","ward_ST_M":"247.0","ward_ST_F":"190.0","ward_low_range":"14567","ward_high_range":"21851","ward_RO_Code":"2","ward_RO_Division":"RO- KR Pura","ward_ARO_Code":"6","ward_ARO_ Sub Division":"ARO- KR Pura","ward_zone":"Zone2","ward_zone_name":"K.R. Pura","ward_join_status":"matched","ward_spatial_match_count":1},"geometry":{"type":"Point","coordinates":[77.69282800000008,12.996694000000048,0]},"id":96},{"type":"Feature","properties":{"fid":97,"OBJECTID":97,"Name":"Placemark","FolderPath":"Document/blr_police_station_locs","SymbolID":0,"AltMode":-1,"Base":0,"Snippet":"","PopupInfo":"","HasLabel":-1,"LabelID":0,"ward_source_id":"ward_369_final.203","ward_source_Name":null,"ward_description":null,"ward_timestamp":null,"ward_begin":null,"ward_end":null,"ward_altitudeMode":null,"ward_tessellate":-1,"ward_extrude":0,"ward_visibility":-1,"ward_drawOrder":null,"ward_icon":null,"ward_Corporation":"East","ward_corporation_kn":"ಪೂರ್ವ","ward_corporation_id":"3","ward_ac":"Mahadevapura","ward_ac_kn":"ಮಹದೇವಪುರ","ward_ac_no":"174","ward_Assembly":"174 - Mahadevapura","ward_id":"33","ward_name":"33 - S.M Krishna Ward","ward_name_kn":"ಎಸ್.ಎಂ ಕೃಷ್ಣ ವಾರ್ಡ್","ward_TOT_P":"16262.0","ward_TOT_M":"8867.0","ward_TOT_F":"7395.0","ward_SC_P":"3754.0","ward_SC_M":"1929.0","ward_SC_F":"1826.0","ward_ST_P":"464.0","ward_ST_M":"272.0","ward_ST_F":"192.0","ward_low_range":"14567","ward_high_range":"21851","ward_RO_Code":"6","ward_RO_Division":"RO- Hoodi","ward_ARO_Code":"17","ward_ARO_ Sub Division":"ARO- Kadugodi","ward_zone":"Zone1","ward_zone_name":"Mahadevapura","ward_join_status":"matched","ward_spatial_match_count":1},"geometry":{"type":"Point","coordinates":[77.75107600000007,12.975356000000033,0]},"id":97},{"type":"Feature","properties":{"fid":98,"OBJECTID":98,"Name":"Placemark","FolderPath":"Document/blr_police_station_locs","SymbolID":0,"AltMode":-1,"Base":0,"Snippet":"","PopupInfo":"","HasLabel":-1,"LabelID":0,"ward_source_id":null,"ward_source_Name":null,"ward_description":null,"ward_timestamp":null,"ward_begin":null,"ward_end":null,"ward_altitudeMode":null,"ward_tessellate":null,"ward_extrude":null,"ward_visibility":null,"ward_drawOrder":null,"ward_icon":null,"ward_Corporation":null,"ward_corporation_kn":null,"ward_corporation_id":null,"ward_ac":null,"ward_ac_kn":null,"ward_ac_no":null,"ward_Assembly":null,"ward_id":null,"ward_name":null,"ward_name_kn":null,"ward_TOT_P":null,"ward_TOT_M":null,"ward_TOT_F":null,"ward_SC_P":null,"ward_SC_M":null,"ward_SC_F":null,"ward_ST_P":null,"ward_ST_M":null,"ward_ST_F":null,"ward_low_range":null,"ward_high_range":null,"ward_RO_Code":null,"ward_RO_Division":null,"ward_ARO_Code":null,"ward_ARO_ Sub Division":null,"ward_zone":null,"ward_zone_name":null,"ward_join_status":"unmatched","ward_spatial_match_count":0},"geometry":{"type":"Point","coordinates":[77.69288640000008,12.710118400000056,0]},"id":98},{"type":"Feature","properties":{"fid":99,"OBJECTID":99,"Name":"Placemark","FolderPath":"Document/blr_police_station_locs","SymbolID":0,"AltMode":-1,"Base":0,"Snippet":"","PopupInfo":"","HasLabel":-1,"LabelID":0,"ward_source_id":null,"ward_source_Name":null,"ward_description":null,"ward_timestamp":null,"ward_begin":null,"ward_end":null,"ward_altitudeMode":null,"ward_tessellate":null,"ward_extrude":null,"ward_visibility":null,"ward_drawOrder":null,"ward_icon":null,"ward_Corporation":null,"ward_corporation_kn":null,"ward_corporation_id":null,"ward_ac":null,"ward_ac_kn":null,"ward_ac_no":null,"ward_Assembly":null,"ward_id":null,"ward_name":null,"ward_name_kn":null,"ward_TOT_P":null,"ward_TOT_M":null,"ward_TOT_F":null,"ward_SC_P":null,"ward_SC_M":null,"ward_SC_F":null,"ward_ST_P":null,"ward_ST_M":null,"ward_ST_F":null,"ward_low_range":null,"ward_high_range":null,"ward_RO_Code":null,"ward_RO_Division":null,"ward_ARO_Code":null,"ward_ARO_ Sub Division":null,"ward_zone":null,"ward_zone_name":null,"ward_join_status":"unmatched","ward_spatial_match_count":0},"geometry":{"type":"Point","coordinates":[77.57925250000005,12.813543300000049,0]},"id":99},{"type":"Feature","properties":{"fid":100,"OBJECTID":100,"Name":"Placemark","FolderPath":"Document/blr_police_station_locs","SymbolID":0,"AltMode":-1,"Base":0,"Snippet":"","PopupInfo":"","HasLabel":-1,"LabelID":0,"ward_source_id":null,"ward_source_Name":null,"ward_description":null,"ward_timestamp":null,"ward_begin":null,"ward_end":null,"ward_altitudeMode":null,"ward_tessellate":null,"ward_extrude":null,"ward_visibility":null,"ward_drawOrder":null,"ward_icon":null,"ward_Corporation":null,"ward_corporation_kn":null,"ward_corporation_id":null,"ward_ac":null,"ward_ac_kn":null,"ward_ac_no":null,"ward_Assembly":null,"ward_id":null,"ward_name":null,"ward_name_kn":null,"ward_TOT_P":null,"ward_TOT_M":null,"ward_TOT_F":null,"ward_SC_P":null,"ward_SC_M":null,"ward_SC_F":null,"ward_ST_P":null,"ward_ST_M":null,"ward_ST_F":null,"ward_low_range":null,"ward_high_range":null,"ward_RO_Code":null,"ward_RO_Division":null,"ward_ARO_Code":null,"ward_ARO_ Sub Division":null,"ward_zone":null,"ward_zone_name":null,"ward_join_status":"unmatched","ward_spatial_match_count":0},"geometry":{"type":"Point","coordinates":[77.63921510000006,12.782460700000058,0]},"id":100},{"type":"Feature","properties":{"fid":101,"OBJECTID":101,"Name":"Placemark","FolderPath":"Document/blr_police_station_locs","SymbolID":0,"AltMode":-1,"Base":0,"Snippet":"","PopupInfo":"","HasLabel":-1,"LabelID":0,"ward_source_id":null,"ward_source_Name":null,"ward_description":null,"ward_timestamp":null,"ward_begin":null,"ward_end":null,"ward_altitudeMode":null,"ward_tessellate":null,"ward_extrude":null,"ward_visibility":null,"ward_drawOrder":null,"ward_icon":null,"ward_Corporation":null,"ward_corporation_kn":null,"ward_corporation_id":null,"ward_ac":null,"ward_ac_kn":null,"ward_ac_no":null,"ward_Assembly":null,"ward_id":null,"ward_name":null,"ward_name_kn":null,"ward_TOT_P":null,"ward_TOT_M":null,"ward_TOT_F":null,"ward_SC_P":null,"ward_SC_M":null,"ward_SC_F":null,"ward_ST_P":null,"ward_ST_M":null,"ward_ST_F":null,"ward_low_range":null,"ward_high_range":null,"ward_RO_Code":null,"ward_RO_Division":null,"ward_ARO_Code":null,"ward_ARO_ Sub Division":null,"ward_zone":null,"ward_zone_name":null,"ward_join_status":"unmatched","ward_spatial_match_count":0},"geometry":{"type":"Point","coordinates":[77.67993210000003,12.826371100000074,0]},"id":101},{"type":"Feature","properties":{"fid":102,"OBJECTID":102,"Name":"Placemark","FolderPath":"Document/blr_police_station_locs","SymbolID":0,"AltMode":-1,"Base":0,"Snippet":"","PopupInfo":"","HasLabel":-1,"LabelID":0,"ward_source_id":null,"ward_source_Name":null,"ward_description":null,"ward_timestamp":null,"ward_begin":null,"ward_end":null,"ward_altitudeMode":null,"ward_tessellate":null,"ward_extrude":null,"ward_visibility":null,"ward_drawOrder":null,"ward_icon":null,"ward_Corporation":null,"ward_corporation_kn":null,"ward_corporation_id":null,"ward_ac":null,"ward_ac_kn":null,"ward_ac_no":null,"ward_Assembly":null,"ward_id":null,"ward_name":null,"ward_name_kn":null,"ward_TOT_P":null,"ward_TOT_M":null,"ward_TOT_F":null,"ward_SC_P":null,"ward_SC_M":null,"ward_SC_F":null,"ward_ST_P":null,"ward_ST_M":null,"ward_ST_F":null,"ward_low_range":null,"ward_high_range":null,"ward_RO_Code":null,"ward_RO_Division":null,"ward_ARO_Code":null,"ward_ARO_ Sub Division":null,"ward_zone":null,"ward_zone_name":null,"ward_join_status":"unmatched","ward_spatial_match_count":0},"geometry":{"type":"Point","coordinates":[77.78128270000008,12.860728100000074,0]},"id":102},{"type":"Feature","properties":{"fid":103,"OBJECTID":103,"Name":"Placemark","FolderPath":"Document/blr_police_station_locs","SymbolID":0,"AltMode":-1,"Base":0,"Snippet":"","PopupInfo":"","HasLabel":-1,"LabelID":0,"ward_source_id":null,"ward_source_Name":null,"ward_description":null,"ward_timestamp":null,"ward_begin":null,"ward_end":null,"ward_altitudeMode":null,"ward_tessellate":null,"ward_extrude":null,"ward_visibility":null,"ward_drawOrder":null,"ward_icon":null,"ward_Corporation":null,"ward_corporation_kn":null,"ward_corporation_id":null,"ward_ac":null,"ward_ac_kn":null,"ward_ac_no":null,"ward_Assembly":null,"ward_id":null,"ward_name":null,"ward_name_kn":null,"ward_TOT_P":null,"ward_TOT_M":null,"ward_TOT_F":null,"ward_SC_P":null,"ward_SC_M":null,"ward_SC_F":null,"ward_ST_P":null,"ward_ST_M":null,"ward_ST_F":null,"ward_low_range":null,"ward_high_range":null,"ward_RO_Code":null,"ward_RO_Division":null,"ward_ARO_Code":null,"ward_ARO_ Sub Division":null,"ward_zone":null,"ward_zone_name":null,"ward_join_status":"unmatched","ward_spatial_match_count":0},"geometry":{"type":"Point","coordinates":[77.74572100000006,13.04232600000006,0]},"id":103},{"type":"Feature","properties":{"fid":104,"OBJECTID":104,"Name":"Placemark","FolderPath":"Document/blr_police_station_locs","SymbolID":0,"AltMode":-1,"Base":0,"Snippet":"","PopupInfo":"","HasLabel":-1,"LabelID":0,"ward_source_id":null,"ward_source_Name":null,"ward_description":null,"ward_timestamp":null,"ward_begin":null,"ward_end":null,"ward_altitudeMode":null,"ward_tessellate":null,"ward_extrude":null,"ward_visibility":null,"ward_drawOrder":null,"ward_icon":null,"ward_Corporation":null,"ward_corporation_kn":null,"ward_corporation_id":null,"ward_ac":null,"ward_ac_kn":null,"ward_ac_no":null,"ward_Assembly":null,"ward_id":null,"ward_name":null,"ward_name_kn":null,"ward_TOT_P":null,"ward_TOT_M":null,"ward_TOT_F":null,"ward_SC_P":null,"ward_SC_M":null,"ward_SC_F":null,"ward_ST_P":null,"ward_ST_M":null,"ward_ST_F":null,"ward_low_range":null,"ward_high_range":null,"ward_RO_Code":null,"ward_RO_Division":null,"ward_ARO_Code":null,"ward_ARO_ Sub Division":null,"ward_zone":null,"ward_zone_name":null,"ward_join_status":"unmatched","ward_spatial_match_count":0},"geometry":{"type":"Point","coordinates":[77.56242440000005,13.173970500000053,0]},"id":104},{"type":"Feature","properties":{"fid":105,"OBJECTID":105,"Name":"Placemark","FolderPath":"Document/blr_police_station_locs","SymbolID":0,"AltMode":-1,"Base":0,"Snippet":"","PopupInfo":"","HasLabel":-1,"LabelID":0,"ward_source_id":null,"ward_source_Name":null,"ward_description":null,"ward_timestamp":null,"ward_begin":null,"ward_end":null,"ward_altitudeMode":null,"ward_tessellate":null,"ward_extrude":null,"ward_visibility":null,"ward_drawOrder":null,"ward_icon":null,"ward_Corporation":null,"ward_corporation_kn":null,"ward_corporation_id":null,"ward_ac":null,"ward_ac_kn":null,"ward_ac_no":null,"ward_Assembly":null,"ward_id":null,"ward_name":null,"ward_name_kn":null,"ward_TOT_P":null,"ward_TOT_M":null,"ward_TOT_F":null,"ward_SC_P":null,"ward_SC_M":null,"ward_SC_F":null,"ward_ST_P":null,"ward_ST_M":null,"ward_ST_F":null,"ward_low_range":null,"ward_high_range":null,"ward_RO_Code":null,"ward_RO_Division":null,"ward_ARO_Code":null,"ward_ARO_ Sub Division":null,"ward_zone":null,"ward_zone_name":null,"ward_join_status":"unmatched","ward_spatial_match_count":0},"geometry":{"type":"Point","coordinates":[77.77167100000008,12.778936000000044,0]},"id":105},{"type":"Feature","properties":{"fid":106,"OBJECTID":106,"Name":"Placemark","FolderPath":"Document/blr_police_station_locs","SymbolID":0,"AltMode":-1,"Base":0,"Snippet":"","PopupInfo":"","HasLabel":-1,"LabelID":0,"ward_source_id":null,"ward_source_Name":null,"ward_description":null,"ward_timestamp":null,"ward_begin":null,"ward_end":null,"ward_altitudeMode":null,"ward_tessellate":null,"ward_extrude":null,"ward_visibility":null,"ward_drawOrder":null,"ward_icon":null,"ward_Corporation":null,"ward_corporation_kn":null,"ward_corporation_id":null,"ward_ac":null,"ward_ac_kn":null,"ward_ac_no":null,"ward_Assembly":null,"ward_id":null,"ward_name":null,"ward_name_kn":null,"ward_TOT_P":null,"ward_TOT_M":null,"ward_TOT_F":null,"ward_SC_P":null,"ward_SC_M":null,"ward_SC_F":null,"ward_ST_P":null,"ward_ST_M":null,"ward_ST_F":null,"ward_low_range":null,"ward_high_range":null,"ward_RO_Code":null,"ward_RO_Division":null,"ward_ARO_Code":null,"ward_ARO_ Sub Division":null,"ward_zone":null,"ward_zone_name":null,"ward_join_status":"unmatched","ward_spatial_match_count":0},"geometry":{"type":"Point","coordinates":[77.46231000000006,13.06224700000007,0]},"id":106},{"type":"Feature","properties":{"fid":107,"OBJECTID":107,"Name":"Placemark","FolderPath":"Document/blr_police_station_locs","SymbolID":0,"AltMode":-1,"Base":0,"Snippet":"","PopupInfo":"","HasLabel":-1,"LabelID":0,"ward_source_id":null,"ward_source_Name":null,"ward_description":null,"ward_timestamp":null,"ward_begin":null,"ward_end":null,"ward_altitudeMode":null,"ward_tessellate":null,"ward_extrude":null,"ward_visibility":null,"ward_drawOrder":null,"ward_icon":null,"ward_Corporation":null,"ward_corporation_kn":null,"ward_corporation_id":null,"ward_ac":null,"ward_ac_kn":null,"ward_ac_no":null,"ward_Assembly":null,"ward_id":null,"ward_name":null,"ward_name_kn":null,"ward_TOT_P":null,"ward_TOT_M":null,"ward_TOT_F":null,"ward_SC_P":null,"ward_SC_M":null,"ward_SC_F":null,"ward_ST_P":null,"ward_ST_M":null,"ward_ST_F":null,"ward_low_range":null,"ward_high_range":null,"ward_RO_Code":null,"ward_RO_Division":null,"ward_ARO_Code":null,"ward_ARO_ Sub Division":null,"ward_zone":null,"ward_zone_name":null,"ward_join_status":"unmatched","ward_spatial_match_count":0},"geometry":{"type":"Point","coordinates":[77.70493700000003,12.792896000000042,0]},"id":107},{"type":"Feature","properties":{"fid":108,"OBJECTID":108,"Name":"Placemark","FolderPath":"Document/blr_police_station_locs","SymbolID":0,"AltMode":-1,"Base":0,"Snippet":"","PopupInfo":"","HasLabel":-1,"LabelID":0,"ward_source_id":"ward_369_final.275","ward_source_Name":null,"ward_description":null,"ward_timestamp":null,"ward_begin":null,"ward_end":null,"ward_altitudeMode":null,"ward_tessellate":-1,"ward_extrude":0,"ward_visibility":-1,"ward_drawOrder":null,"ward_icon":null,"ward_Corporation":"Central","ward_corporation_kn":"ಕೇಂದ್ರ","ward_corporation_id":"1","ward_ac":"Shanthinagar","ward_ac_kn":"ಶಾಂತಿನಗರ","ward_ac_no":"163","ward_Assembly":"163 - Shanthinagar","ward_id":"25","ward_name":"25 - Ashokanagar","ward_name_kn":"ಅಶೋಕನಗರ","ward_TOT_P":"21804.0","ward_TOT_M":"10895.0","ward_TOT_F":"10909.0","ward_SC_P":"1987.0","ward_SC_M":"931.0","ward_SC_F":"1056.0","ward_ST_P":"311.0","ward_ST_M":"137.0","ward_ST_F":"174.0","ward_low_range":"18853","ward_high_range":"28280","ward_RO_Code":"6","ward_RO_Division":"RO - Shanthinagar","ward_ARO_Code":"21","ward_ARO_ Sub Division":"ARO- Shanthinagar","ward_zone":"Zone1","ward_zone_name":"C.V. Raman Nagar","ward_join_status":"matched","ward_spatial_match_count":1},"geometry":{"type":"Point","coordinates":[77.61018500000006,12.971632000000056,0]},"id":108},{"type":"Feature","properties":{"fid":109,"OBJECTID":109,"Name":"Placemark","FolderPath":"Document/blr_police_station_locs","SymbolID":0,"AltMode":-1,"Base":0,"Snippet":"","PopupInfo":"","HasLabel":-1,"LabelID":0,"ward_source_id":"ward_369_final.286","ward_source_Name":null,"ward_description":null,"ward_timestamp":null,"ward_begin":null,"ward_end":null,"ward_altitudeMode":null,"ward_tessellate":-1,"ward_extrude":0,"ward_visibility":-1,"ward_drawOrder":null,"ward_icon":null,"ward_Corporation":"Central","ward_corporation_kn":"ಕೇಂದ್ರ","ward_corporation_id":"1","ward_ac":"Chickpet","ward_ac_kn":"ಚಿಕ್ಕಪೇಟೆ","ward_ac_no":"169","ward_Assembly":"169 - Chickpet","ward_id":"32","ward_name":"32 - SilverJubilee Park Ward","ward_name_kn":"ಸಿಲ್ವರ್ ಜುಬಿಲಿ ಪಾರ್ಕ್ ವಾರ್ಡ್","ward_TOT_P":"18858.0","ward_TOT_M":"9562.0","ward_TOT_F":"9176.0","ward_SC_P":"6825.0","ward_SC_M":"3344.0","ward_SC_F":"3481.0","ward_ST_P":"233.0","ward_ST_M":"104.0","ward_ST_F":"129.0","ward_low_range":"18853","ward_high_range":"28280","ward_RO_Code":"4","ward_RO_Division":"RO - Chickpet","ward_ARO_Code":"11","ward_ARO_ Sub Division":"ARO- Dharmaraya Swamy Temple","ward_zone":"Zone2","ward_zone_name":"Gandhinagara","ward_join_status":"matched","ward_spatial_match_count":1},"geometry":{"type":"Point","coordinates":[77.58314500000006,12.960929000000021,0]},"id":109},{"type":"Feature","properties":{"fid":110,"OBJECTID":110,"Name":"Placemark","FolderPath":"Document/blr_police_station_locs","SymbolID":0,"AltMode":-1,"Base":0,"Snippet":"","PopupInfo":"","HasLabel":-1,"LabelID":0,"ward_source_id":null,"ward_source_Name":null,"ward_description":null,"ward_timestamp":null,"ward_begin":null,"ward_end":null,"ward_altitudeMode":null,"ward_tessellate":null,"ward_extrude":null,"ward_visibility":null,"ward_drawOrder":null,"ward_icon":null,"ward_Corporation":null,"ward_corporation_kn":null,"ward_corporation_id":null,"ward_ac":null,"ward_ac_kn":null,"ward_ac_no":null,"ward_Assembly":null,"ward_id":null,"ward_name":null,"ward_name_kn":null,"ward_TOT_P":null,"ward_TOT_M":null,"ward_TOT_F":null,"ward_SC_P":null,"ward_SC_M":null,"ward_SC_F":null,"ward_ST_P":null,"ward_ST_M":null,"ward_ST_F":null,"ward_low_range":null,"ward_high_range":null,"ward_RO_Code":null,"ward_RO_Division":null,"ward_ARO_Code":null,"ward_ARO_ Sub Division":null,"ward_zone":null,"ward_zone_name":null,"ward_join_status":"unmatched","ward_spatial_match_count":0},"geometry":{"type":"Point","coordinates":[77.67043600000005,13.14004200000005,0]},"id":110},{"type":"Feature","properties":{"fid":111,"OBJECTID":111,"Name":"Placemark","FolderPath":"Document/blr_police_station_locs","SymbolID":0,"AltMode":-1,"Base":0,"Snippet":"","PopupInfo":"","HasLabel":-1,"LabelID":0,"ward_source_id":"ward_369_final.361","ward_source_Name":null,"ward_description":null,"ward_timestamp":null,"ward_begin":null,"ward_end":null,"ward_altitudeMode":null,"ward_tessellate":-1,"ward_extrude":0,"ward_visibility":-1,"ward_drawOrder":null,"ward_icon":null,"ward_Corporation":"West","ward_corporation_kn":"ಪಶ್ಚಿಮ","ward_corporation_id":"5","ward_ac":"Basavanagudi","ward_ac_kn":"ಬಸವನಗುಡಿ","ward_ac_no":"170","ward_Assembly":"170 - Basavanagudi","ward_id":"98","ward_name":"98 - Ashoka Nagara","ward_name_kn":"ಅಶೋಕ ನಗರ","ward_TOT_P":"28420.0","ward_TOT_M":"14813.0","ward_TOT_F":"13607.0","ward_SC_P":"367.0","ward_SC_M":"188.0","ward_SC_F":"179.0","ward_ST_P":"224.0","ward_ST_M":"120.0","ward_ST_F":"104.0","ward_low_range":"18949","ward_high_range":"28424","ward_RO_Code":"1","ward_RO_Division":"RO- Basavanagudi","ward_ARO_Code":"1","ward_ARO_ Sub Division":"ARO- Hanumanthanagar","ward_zone":"Zone2","ward_zone_name":"Malleshwaram","ward_join_status":"matched","ward_spatial_match_count":1},"geometry":{"type":"Point","coordinates":[77.56145500000008,12.936236000000065,0]},"id":111},{"type":"Feature","properties":{"fid":112,"OBJECTID":112,"Name":"Placemark","FolderPath":"Document/blr_police_station_locs","SymbolID":0,"AltMode":-1,"Base":0,"Snippet":"","PopupInfo":"","HasLabel":-1,"LabelID":0,"ward_source_id":"ward_369_final.15","ward_source_Name":null,"ward_description":null,"ward_timestamp":null,"ward_begin":null,"ward_end":null,"ward_altitudeMode":null,"ward_tessellate":-1,"ward_extrude":0,"ward_visibility":-1,"ward_drawOrder":null,"ward_icon":null,"ward_Corporation":"South","ward_corporation_kn":"ದಕ್ಷಿಣ","ward_corporation_id":"4","ward_ac":"Bangalore South","ward_ac_kn":"ಬೆಂಗಳೂರು ದಕ್ಷಿಣ","ward_ac_no":"176","ward_Assembly":"176 - Bangalore South","ward_id":"36","ward_name":"36 - Beguru","ward_name_kn":"ಬೇಗೂರು","ward_TOT_P":"18605.0","ward_TOT_M":"9615.0","ward_TOT_F":"8880.0","ward_SC_P":"1303.0","ward_SC_M":"662.0","ward_SC_F":"642.0","ward_ST_P":"196.0","ward_ST_M":"101.0","ward_ST_F":"95.0","ward_low_range":"18594","ward_high_range":"27891","ward_RO_Code":"5","ward_RO_Division":"RO- Beguru","ward_ARO_Code":"11","ward_ARO_ Sub Division":"ARO- Beguru","ward_zone":"Zone1","ward_zone_name":"Jayanagar","ward_join_status":"matched","ward_spatial_match_count":1},"geometry":{"type":"Point","coordinates":[77.62433800000008,12.878262000000063,0]},"id":112},{"type":"Feature","properties":{"fid":113,"OBJECTID":113,"Name":"Placemark","FolderPath":"Document/blr_police_station_locs","SymbolID":0,"AltMode":-1,"Base":0,"Snippet":"","PopupInfo":"","HasLabel":-1,"LabelID":0,"ward_source_id":"ward_369_final.192","ward_source_Name":null,"ward_description":null,"ward_timestamp":null,"ward_begin":null,"ward_end":null,"ward_altitudeMode":null,"ward_tessellate":-1,"ward_extrude":0,"ward_visibility":-1,"ward_drawOrder":null,"ward_icon":null,"ward_Corporation":"South","ward_corporation_kn":"ದಕ್ಷಿಣ","ward_corporation_id":"4","ward_ac":"Bommanahalli","ward_ac_kn":"ಬೊಮ್ಮನಹಳ್ಳಿ","ward_ac_no":"175","ward_Assembly":"175 - Bommanahalli","ward_id":"57","ward_name":"57 - Hulimavu","ward_name_kn":"ಹುಳಿಮಾವು","ward_TOT_P":"19598.0","ward_TOT_M":"10294.0","ward_TOT_F":"9304.0","ward_SC_P":"2213.0","ward_SC_M":"1144.0","ward_SC_F":"1071.0","ward_ST_P":"441.0","ward_ST_M":"216.0","ward_ST_F":"225.0","ward_low_range":"18594","ward_high_range":"27891","ward_RO_Code":"6","ward_RO_Division":"RO- Arakere","ward_ARO_Code":"15","ward_ARO_ Sub Division":"ARO- Arakere","ward_zone":"Zone2","ward_zone_name":"Bommanahalli","ward_join_status":"matched","ward_spatial_match_count":1},"geometry":{"type":"Point","coordinates":[77.60007100000007,12.87664600000005,0]},"id":113},{"type":"Feature","properties":{"fid":114,"OBJECTID":114,"Name":"Placemark","FolderPath":"Document/blr_police_station_locs","SymbolID":0,"AltMode":-1,"Base":0,"Snippet":"","PopupInfo":"","HasLabel":-1,"LabelID":0,"ward_source_id":"ward_369_final.121","ward_source_Name":null,"ward_description":null,"ward_timestamp":null,"ward_begin":null,"ward_end":null,"ward_altitudeMode":null,"ward_tessellate":-1,"ward_extrude":0,"ward_visibility":-1,"ward_drawOrder":null,"ward_icon":null,"ward_Corporation":"South","ward_corporation_kn":"ದಕ್ಷಿಣ","ward_corporation_id":"4","ward_ac":"B.T.M Layout","ward_ac_kn":"ಬಿ.ಟಿ.ಎಂ. ಲೇಔಟ್","ward_ac_no":"172","ward_Assembly":"172 - B.T.M Layout","ward_id":"17","ward_name":"17 - N.S Palya","ward_name_kn":"ಎನ್.ಎಸ್. ಪಾಳ್ಯ","ward_TOT_P":"26701.0","ward_TOT_M":"14888.0","ward_TOT_F":"11813.0","ward_SC_P":"2487.0","ward_SC_M":"1276.0","ward_SC_F":"1210.0","ward_ST_P":"467.0","ward_ST_M":"233.0","ward_ST_F":"234.0","ward_low_range":"18594","ward_high_range":"27891","ward_RO_Code":"2","ward_RO_Division":"RO- B.T.M Layout","ward_ARO_Code":"3","ward_ARO_ Sub Division":"ARO- New Tavarekere","ward_zone":"Zone2","ward_zone_name":"Bommanahalli","ward_join_status":"matched","ward_spatial_match_count":1},"geometry":{"type":"Point","coordinates":[77.61065900000006,12.908612000000062,0]},"id":114},{"type":"Feature","properties":{"fid":115,"OBJECTID":115,"Name":"Placemark","FolderPath":"Document/blr_police_station_locs","SymbolID":0,"AltMode":-1,"Base":0,"Snippet":"","PopupInfo":"","HasLabel":-1,"LabelID":0,"ward_source_id":"ward_369_final.152","ward_source_Name":null,"ward_description":null,"ward_timestamp":null,"ward_begin":null,"ward_end":null,"ward_altitudeMode":null,"ward_tessellate":-1,"ward_extrude":0,"ward_visibility":-1,"ward_drawOrder":null,"ward_icon":null,"ward_Corporation":"North","ward_corporation_kn":"ಉತ್ತರ","ward_corporation_id":"2","ward_ac":"Byatarayanapura","ward_ac_kn":"ಬ್ಯಾಟರಾಯನಪುರ","ward_ac_no":"152","ward_Assembly":"152 - Byatarayanapura","ward_id":"10","ward_name":"10 - Vidyaranyapura","ward_name_kn":"ವಿದ್ಯಾರಣ್ಯಪುರ","ward_TOT_P":"24887.0","ward_TOT_M":"12633.0","ward_TOT_F":"12254.0","ward_SC_P":"1818.0","ward_SC_M":"935.0","ward_SC_F":"883.0","ward_ST_P":"337.0","ward_ST_M":"178.0","ward_ST_F":"158.0","ward_low_range":"19943","ward_high_range":"29914","ward_RO_Code":"1","ward_RO_Division":"RO- Bytarayanapura","ward_ARO_Code":"3","ward_ARO_ Sub Division":"ARO- Vidyaranyapura","ward_zone":"Zone1","ward_zone_name":"Byatarayanapura","ward_join_status":"matched","ward_spatial_match_count":1},"geometry":{"type":"Point","coordinates":[77.56438618100003,13.083986726000035,0]},"id":115},{"type":"Feature","properties":{"fid":116,"OBJECTID":116,"Name":"Placemark","FolderPath":"Document/blr_police_station_locs","SymbolID":0,"AltMode":-1,"Base":0,"Snippet":"","PopupInfo":"","HasLabel":-1,"LabelID":0,"ward_source_id":"ward_369_final.169","ward_source_Name":null,"ward_description":null,"ward_timestamp":null,"ward_begin":null,"ward_end":null,"ward_altitudeMode":null,"ward_tessellate":-1,"ward_extrude":0,"ward_visibility":-1,"ward_drawOrder":null,"ward_icon":null,"ward_Corporation":"South","ward_corporation_kn":"ದಕ್ಷಿಣ","ward_corporation_id":"4","ward_ac":"B.T.M Layout","ward_ac_kn":"ಬಿ.ಟಿ.ಎಂ. ಲೇಔಟ್","ward_ac_no":"172","ward_Assembly":"172 - B.T.M Layout","ward_id":"29","ward_name":"29 - Kormangala West","ward_name_kn":"ಕೋರಮಂಗಲ ಪಶ್ಚಿಮ","ward_TOT_P":"27879.0","ward_TOT_M":"14436.0","ward_TOT_F":"13494.0","ward_SC_P":"5999.0","ward_SC_M":"3098.0","ward_SC_F":"2901.0","ward_ST_P":"1058.0","ward_ST_M":"527.0","ward_ST_F":"531.0","ward_low_range":"18594","ward_high_range":"27891","ward_RO_Code":"3","ward_RO_Division":"RO- Kormangala","ward_ARO_Code":"6","ward_ARO_ Sub Division":"ARO- Lakkasandra","ward_zone":"Zone2","ward_zone_name":"Bommanahalli","ward_join_status":"matched","ward_spatial_match_count":1},"geometry":{"type":"Point","coordinates":[77.62066800000008,12.92100000000005,0]},"id":116},{"type":"Feature","properties":{"fid":117,"OBJECTID":117,"Name":"Placemark","FolderPath":"Document/blr_police_station_locs","SymbolID":0,"AltMode":-1,"Base":0,"Snippet":"","PopupInfo":"","HasLabel":-1,"LabelID":0,"ward_source_id":"ward_369_final.153","ward_source_Name":null,"ward_description":null,"ward_timestamp":null,"ward_begin":null,"ward_end":null,"ward_altitudeMode":null,"ward_tessellate":-1,"ward_extrude":0,"ward_visibility":-1,"ward_drawOrder":null,"ward_icon":null,"ward_Corporation":"South","ward_corporation_kn":"ದಕ್ಷಿಣ","ward_corporation_id":"4","ward_ac":"Bommanahalli","ward_ac_kn":"ಬೊಮ್ಮನಹಳ್ಳಿ","ward_ac_no":"175","ward_Assembly":"175 - Bommanahalli","ward_id":"61","ward_name":"61 - Kodi Chikkanahalli","ward_name_kn":"ಕೋಡಿ ಚಿಕ್ಕನಹಳ್ಳಿ","ward_TOT_P":"27784.0","ward_TOT_M":"14680.0","ward_TOT_F":"13104.0","ward_SC_P":"4153.0","ward_SC_M":"2097.0","ward_SC_F":"2056.0","ward_ST_P":"534.0","ward_ST_M":"270.0","ward_ST_F":"264.0","ward_low_range":"18594","ward_high_range":"27891","ward_RO_Code":"6","ward_RO_Division":"RO- Arakere","ward_ARO_Code":"16","ward_ARO_ Sub Division":"ARO- Bilekanahalli","ward_zone":"Zone2","ward_zone_name":"Bommanahalli","ward_join_status":"matched","ward_spatial_match_count":1},"geometry":{"type":"Point","coordinates":[77.62498000000005,12.910620000000051,0]},"id":117},{"type":"Feature","properties":{"fid":118,"OBJECTID":118,"Name":"Placemark","FolderPath":"Document/blr_police_station_locs","SymbolID":0,"AltMode":-1,"Base":0,"Snippet":"","PopupInfo":"","HasLabel":-1,"LabelID":0,"ward_source_id":"ward_369_final.247","ward_source_Name":null,"ward_description":null,"ward_timestamp":null,"ward_begin":null,"ward_end":null,"ward_altitudeMode":null,"ward_tessellate":-1,"ward_extrude":0,"ward_visibility":-1,"ward_drawOrder":null,"ward_icon":null,"ward_Corporation":"West","ward_corporation_kn":"ಪಶ್ಚಿಮ","ward_corporation_id":"5","ward_ac":"Mahalakshmi Layout","ward_ac_kn":"ಮಹಾಲಕ್ಷ್ಮಿ ಲೇಔಟ್","ward_ac_no":"156","ward_Assembly":"156 - Mahalakshmi Layout","ward_id":"41","ward_name":"41 - Nagapura","ward_name_kn":"ನಾಗಪುರ","ward_TOT_P":"26591.0","ward_TOT_M":"13419.0","ward_TOT_F":"13172.0","ward_SC_P":"1680.0","ward_SC_M":"850.0","ward_SC_F":"829.0","ward_ST_P":"398.0","ward_ST_M":"199.0","ward_ST_F":"199.0","ward_low_range":"18949","ward_high_range":"28424","ward_RO_Code":"5","ward_RO_Division":"RO- Mahalakshmi Layout","ward_ARO_Code":"16","ward_ARO_ Sub Division":"ARO- Mahalakshmipuram","ward_zone":"Zone1","ward_zone_name":"Rajarajeshwarinagar","ward_join_status":"matched","ward_spatial_match_count":1},"geometry":{"type":"Point","coordinates":[77.54730784400004,13.002738916000055,0]},"id":118},{"type":"Feature","properties":{"fid":119,"OBJECTID":119,"Name":"Placemark","FolderPath":"Document/blr_police_station_locs","SymbolID":0,"AltMode":-1,"Base":0,"Snippet":"","PopupInfo":"","HasLabel":-1,"LabelID":0,"ward_source_id":"ward_369_final.285","ward_source_Name":null,"ward_description":null,"ward_timestamp":null,"ward_begin":null,"ward_end":null,"ward_altitudeMode":null,"ward_tessellate":-1,"ward_extrude":0,"ward_visibility":-1,"ward_drawOrder":null,"ward_icon":null,"ward_Corporation":"Central","ward_corporation_kn":"ಕೇಂದ್ರ","ward_corporation_id":"1","ward_ac":"Chickpet","ward_ac_kn":"ಚಿಕ್ಕಪೇಟೆ","ward_ac_no":"169","ward_Assembly":"169 - Chickpet","ward_id":"42","ward_name":"42 - Sunkenahalli","ward_name_kn":"ಸುಂಕೇನಹಳ್ಳಿ","ward_TOT_P":"21179.0","ward_TOT_M":"10743.0","ward_TOT_F":"10436.0","ward_SC_P":"273.0","ward_SC_M":"154.0","ward_SC_F":"119.0","ward_ST_P":"131.0","ward_ST_M":"65.0","ward_ST_F":"67.0","ward_low_range":"18853","ward_high_range":"28280","ward_RO_Code":"4","ward_RO_Division":"RO - Chickpet","ward_ARO_Code":"13","ward_ARO_ Sub Division":"ARO- V.V Puram","ward_zone":"Zone2","ward_zone_name":"Gandhinagara","ward_join_status":"matched","ward_spatial_match_count":1},"geometry":{"type":"Point","coordinates":[77.56999482500004,12.953607956000042,0]},"id":119},{"type":"Feature","properties":{"fid":120,"OBJECTID":120,"Name":"Placemark","FolderPath":"Document/blr_police_station_locs","SymbolID":0,"AltMode":-1,"Base":0,"Snippet":"","PopupInfo":"","HasLabel":-1,"LabelID":0,"ward_source_id":"ward_369_final.111","ward_source_Name":null,"ward_description":null,"ward_timestamp":null,"ward_begin":null,"ward_end":null,"ward_altitudeMode":null,"ward_tessellate":-1,"ward_extrude":0,"ward_visibility":-1,"ward_drawOrder":null,"ward_icon":null,"ward_Corporation":"South","ward_corporation_kn":"ದಕ್ಷಿಣ","ward_corporation_id":"4","ward_ac":"B.T.M Layout","ward_ac_kn":"ಬಿ.ಟಿ.ಎಂ. ಲೇಔಟ್","ward_ac_no":"172","ward_Assembly":"172 - B.T.M Layout","ward_id":"22","ward_name":"22 - S.G Palya","ward_name_kn":"ಎಸ್.ಜಿ. ಪಾಳ್ಯ","ward_TOT_P":"21440.0","ward_TOT_M":"11439.0","ward_TOT_F":"10001.0","ward_SC_P":"2624.0","ward_SC_M":"1351.0","ward_SC_F":"1273.0","ward_ST_P":"272.0","ward_ST_M":"138.0","ward_ST_F":"134.0","ward_low_range":"18594","ward_high_range":"27891","ward_RO_Code":"2","ward_RO_Division":"RO- B.T.M Layout","ward_ARO_Code":"2","ward_ARO_ Sub Division":"ARO- Madiwala","ward_zone":"Zone2","ward_zone_name":"Bommanahalli","ward_join_status":"matched","ward_spatial_match_count":1},"geometry":{"type":"Point","coordinates":[77.60774779300004,12.92577897800004,0]},"id":120},{"type":"Feature","properties":{"fid":121,"OBJECTID":121,"Name":"Placemark","FolderPath":"Document/blr_police_station_locs","SymbolID":0,"AltMode":-1,"Base":0,"Snippet":"","PopupInfo":"","HasLabel":-1,"LabelID":0,"ward_source_id":"ward_369_final.275","ward_source_Name":null,"ward_description":null,"ward_timestamp":null,"ward_begin":null,"ward_end":null,"ward_altitudeMode":null,"ward_tessellate":-1,"ward_extrude":0,"ward_visibility":-1,"ward_drawOrder":null,"ward_icon":null,"ward_Corporation":"Central","ward_corporation_kn":"ಕೇಂದ್ರ","ward_corporation_id":"1","ward_ac":"Shanthinagar","ward_ac_kn":"ಶಾಂತಿನಗರ","ward_ac_no":"163","ward_Assembly":"163 - Shanthinagar","ward_id":"25","ward_name":"25 - Ashokanagar","ward_name_kn":"ಅಶೋಕನಗರ","ward_TOT_P":"21804.0","ward_TOT_M":"10895.0","ward_TOT_F":"10909.0","ward_SC_P":"1987.0","ward_SC_M":"931.0","ward_SC_F":"1056.0","ward_ST_P":"311.0","ward_ST_M":"137.0","ward_ST_F":"174.0","ward_low_range":"18853","ward_high_range":"28280","ward_RO_Code":"6","ward_RO_Division":"RO - Shanthinagar","ward_ARO_Code":"21","ward_ARO_ Sub Division":"ARO- Shanthinagar","ward_zone":"Zone1","ward_zone_name":"C.V. Raman Nagar","ward_join_status":"matched","ward_spatial_match_count":1},"geometry":{"type":"Point","coordinates":[77.61675678600005,12.969331940000075,0]},"id":121},{"type":"Feature","properties":{"fid":122,"OBJECTID":122,"Name":"Placemark","FolderPath":"Document/blr_police_station_locs","SymbolID":0,"AltMode":-1,"Base":0,"Snippet":"","PopupInfo":"","HasLabel":-1,"LabelID":0,"ward_source_id":"ward_369_final.298","ward_source_Name":null,"ward_description":null,"ward_timestamp":null,"ward_begin":null,"ward_end":null,"ward_altitudeMode":null,"ward_tessellate":-1,"ward_extrude":0,"ward_visibility":-1,"ward_drawOrder":null,"ward_icon":null,"ward_Corporation":"Central","ward_corporation_kn":"ಕೇಂದ್ರ","ward_corporation_id":"1","ward_ac":"Shivajinagar","ward_ac_kn":"ಶಿವಾಜಿನಗರ","ward_ac_no":"162","ward_Assembly":"162 - Shivajinagar","ward_id":"3","ward_name":"3 - Vasanth Nagar","ward_name_kn":"ವಸಂತ ನಗರ","ward_TOT_P":"28272.0","ward_TOT_M":"14112.0","ward_TOT_F":"14209.0","ward_SC_P":"3957.0","ward_SC_M":"1956.0","ward_SC_F":"2001.0","ward_ST_P":"186.0","ward_ST_M":"102.0","ward_ST_F":"84.0","ward_low_range":"18853","ward_high_range":"28280","ward_RO_Code":"7","ward_RO_Division":"RO- Shivajinagar","ward_ARO_Code":"24","ward_ARO_ Sub Division":"ARO- Vasanthanagar","ward_zone":"Zone2","ward_zone_name":"Gandhinagara","ward_join_status":"matched","ward_spatial_match_count":1},"geometry":{"type":"Point","coordinates":[77.59166501100003,12.989831991000074,0]},"id":122},{"type":"Feature","properties":{"fid":123,"OBJECTID":123,"Name":"Placemark","FolderPath":"Document/blr_police_station_locs","SymbolID":0,"AltMode":-1,"Base":0,"Snippet":"","PopupInfo":"","HasLabel":-1,"LabelID":0,"ward_source_id":"ward_369_final.89","ward_source_Name":null,"ward_description":null,"ward_timestamp":null,"ward_begin":null,"ward_end":null,"ward_altitudeMode":null,"ward_tessellate":-1,"ward_extrude":0,"ward_visibility":-1,"ward_drawOrder":null,"ward_icon":null,"ward_Corporation":"Central","ward_corporation_kn":"ಕೇಂದ್ರ","ward_corporation_id":"1","ward_ac":"Chickpet","ward_ac_kn":"ಚಿಕ್ಕಪೇಟೆ","ward_ac_no":"169","ward_Assembly":"169 - Chickpet","ward_id":"33","ward_name":"33 - Dharmaraya Swamy Temple Ward","ward_name_kn":"ಧರ್ಮರಾಯ ಸ್ವಾಮಿ ದೇವಸ್ಥಾನ ವಾರ್ಡ್","ward_TOT_P":"18905.0","ward_TOT_M":"9868.0","ward_TOT_F":"9092.0","ward_SC_P":"677.0","ward_SC_M":"334.0","ward_SC_F":"343.0","ward_ST_P":"131.0","ward_ST_M":"70.0","ward_ST_F":"62.0","ward_low_range":"18853","ward_high_range":"28280","ward_RO_Code":"4","ward_RO_Division":"RO - Chickpet","ward_ARO_Code":"11","ward_ARO_ Sub Division":"ARO- Dharmaraya Swamy Temple","ward_zone":"Zone2","ward_zone_name":"Gandhinagara","ward_join_status":"matched","ward_spatial_match_count":1},"geometry":{"type":"Point","coordinates":[77.58717199100005,12.966799025000057,0]},"id":123},{"type":"Feature","properties":{"fid":124,"OBJECTID":124,"Name":"Placemark","FolderPath":"Document/blr_police_station_locs","SymbolID":0,"AltMode":-1,"Base":0,"Snippet":"","PopupInfo":"","HasLabel":-1,"LabelID":0,"ward_source_id":"ward_369_final.256","ward_source_Name":null,"ward_description":null,"ward_timestamp":null,"ward_begin":null,"ward_end":null,"ward_altitudeMode":null,"ward_tessellate":-1,"ward_extrude":0,"ward_visibility":-1,"ward_drawOrder":null,"ward_icon":null,"ward_Corporation":"Central","ward_corporation_kn":"ಕೇಂದ್ರ","ward_corporation_id":"1","ward_ac":"Shivajinagar","ward_ac_kn":"ಶಿವಾಜಿನಗರ","ward_ac_no":"162","ward_Assembly":"162 - Shivajinagar","ward_id":"5","ward_name":"5 - Shivajinagar","ward_name_kn":"ಶಿವಾಜಿನಗರ","ward_TOT_P":"25484.0","ward_TOT_M":"13018.0","ward_TOT_F":"12466.0","ward_SC_P":"1300.0","ward_SC_M":"619.0","ward_SC_F":"681.0","ward_ST_P":"127.0","ward_ST_M":"74.0","ward_ST_F":"53.0","ward_low_range":"18853","ward_high_range":"28280","ward_RO_Code":"7","ward_RO_Division":"RO- Shivajinagar","ward_ARO_Code":"23","ward_ARO_ Sub Division":"ARO- Shivajinagar","ward_zone":"Zone2","ward_zone_name":"Gandhinagara","ward_join_status":"matched","ward_spatial_match_count":1},"geometry":{"type":"Point","coordinates":[77.60363442700003,12.987845596000057,0]},"id":124},{"type":"Feature","properties":{"fid":125,"OBJECTID":125,"Name":"Placemark","FolderPath":"Document/blr_police_station_locs","SymbolID":0,"AltMode":-1,"Base":0,"Snippet":"","PopupInfo":"","HasLabel":-1,"LabelID":0,"ward_source_id":"ward_369_final.355","ward_source_Name":null,"ward_description":null,"ward_timestamp":null,"ward_begin":null,"ward_end":null,"ward_altitudeMode":null,"ward_tessellate":-1,"ward_extrude":0,"ward_visibility":-1,"ward_drawOrder":null,"ward_icon":null,"ward_Corporation":"West","ward_corporation_kn":"ಪಶ್ಚಿಮ","ward_corporation_id":"5","ward_ac":"Malleshwaram","ward_ac_kn":"ಮಲ್ಲೇಶ್ವರಂ","ward_ac_no":"157","ward_Assembly":"157 - Malleshwaram","ward_id":"53","ward_name":"53 - Malleshwaram","ward_name_kn":"ಮಲ್ಲೇಶ್ವರಂ","ward_TOT_P":"21827.0","ward_TOT_M":"10665.0","ward_TOT_F":"11162.0","ward_SC_P":"479.0","ward_SC_M":"231.0","ward_SC_F":"248.0","ward_ST_P":"194.0","ward_ST_M":"97.0","ward_ST_F":"97.0","ward_low_range":"18949","ward_high_range":"28424","ward_RO_Code":"6","ward_RO_Division":"RO- Malleshwaram","ward_ARO_Code":"19","ward_ARO_ Sub Division":"ARO- Malleshwaram","ward_zone":"Zone2","ward_zone_name":"Malleshwaram","ward_join_status":"matched","ward_spatial_match_count":1},"geometry":{"type":"Point","coordinates":[77.55841695500004,13.018049593000057,0]},"id":125},{"type":"Feature","properties":{"fid":126,"OBJECTID":126,"Name":"Placemark","FolderPath":"Document/blr_police_station_locs","SymbolID":0,"AltMode":-1,"Base":0,"Snippet":"","PopupInfo":"","HasLabel":-1,"LabelID":0,"ward_source_id":"ward_369_final.137","ward_source_Name":null,"ward_description":null,"ward_timestamp":null,"ward_begin":null,"ward_end":null,"ward_altitudeMode":null,"ward_tessellate":-1,"ward_extrude":0,"ward_visibility":-1,"ward_drawOrder":null,"ward_icon":null,"ward_Corporation":"North","ward_corporation_kn":"ಉತ್ತರ","ward_corporation_id":"2","ward_ac":"Byatarayanapura","ward_ac_kn":"ಬ್ಯಾಟರಾಯನಪುರ","ward_ac_no":"152","ward_Assembly":"152 - Byatarayanapura","ward_id":"15","ward_name":"15 - Byatarayanapura","ward_name_kn":"ಬ್ಯಾಟರಾಯನಪುರ","ward_TOT_P":"28870.0","ward_TOT_M":"14792.0","ward_TOT_F":"14079.0","ward_SC_P":"1719.0","ward_SC_M":"907.0","ward_SC_F":"813.0","ward_ST_P":"961.0","ward_ST_M":"506.0","ward_ST_F":"456.0","ward_low_range":"19943","ward_high_range":"29914","ward_RO_Code":"1","ward_RO_Division":"RO- Bytarayanapura","ward_ARO_Code":"1","ward_ARO_ Sub Division":"ARO- Bytarayanapura","ward_zone":"Zone1","ward_zone_name":"Byatarayanapura","ward_join_status":"matched","ward_spatial_match_count":1},"geometry":{"type":"Point","coordinates":[77.59854080100007,13.056891867000047,0]},"id":126},{"type":"Feature","properties":{"fid":127,"OBJECTID":127,"Name":"Placemark","FolderPath":"Document/blr_police_station_locs","SymbolID":0,"AltMode":-1,"Base":0,"Snippet":"","PopupInfo":"","HasLabel":-1,"LabelID":0,"ward_source_id":"ward_369_final.330","ward_source_Name":null,"ward_description":null,"ward_timestamp":null,"ward_begin":null,"ward_end":null,"ward_altitudeMode":null,"ward_tessellate":-1,"ward_extrude":0,"ward_visibility":-1,"ward_drawOrder":null,"ward_icon":null,"ward_Corporation":"West","ward_corporation_kn":"ಪಶ್ಚಿಮ","ward_corporation_id":"5","ward_ac":"Padmanabanagar","ward_ac_kn":"ಪದ್ಮನಾಭನಗರ","ward_ac_no":"171","ward_Assembly":"171 - Padmanabanagar","ward_id":"105","ward_name":"105 - Yediyuru","ward_name_kn":"ಯಡಿಯೂರು","ward_TOT_P":"23023.0","ward_TOT_M":"11598.0","ward_TOT_F":"11425.0","ward_SC_P":"574.0","ward_SC_M":"297.0","ward_SC_F":"277.0","ward_ST_P":"411.0","ward_ST_M":"191.0","ward_ST_F":"220.0","ward_low_range":"18949","ward_high_range":"28424","ward_RO_Code":"7","ward_RO_Division":"RO- Yediyuru","ward_ARO_Code":"25","ward_ARO_ Sub Division":"ARO- Yediyuru","ward_zone":"Zone1","ward_zone_name":"Rajarajeshwarinagar","ward_join_status":"matched","ward_spatial_match_count":1},"geometry":{"type":"Point","coordinates":[77.57921681700003,12.936423970000021,0]},"id":127},{"type":"Feature","properties":{"fid":128,"OBJECTID":128,"Name":"Placemark","FolderPath":"Document/blr_police_station_locs","SymbolID":0,"AltMode":-1,"Base":0,"Snippet":"","PopupInfo":"","HasLabel":-1,"LabelID":0,"ward_source_id":"ward_369_final.163","ward_source_Name":null,"ward_description":null,"ward_timestamp":null,"ward_begin":null,"ward_end":null,"ward_altitudeMode":null,"ward_tessellate":-1,"ward_extrude":0,"ward_visibility":-1,"ward_drawOrder":null,"ward_icon":null,"ward_Corporation":"South","ward_corporation_kn":"ದಕ್ಷಿಣ","ward_corporation_id":"4","ward_ac":"B.T.M Layout","ward_ac_kn":"ಬಿ.ಟಿ.ಎಂ. ಲೇಔಟ್","ward_ac_no":"172","ward_Assembly":"172 - B.T.M Layout","ward_id":"24","ward_name":"24 - A Adugodi","ward_name_kn":"ಎ. ಆಡುಗೋಡಿ","ward_TOT_P":"21458.0","ward_TOT_M":"11082.0","ward_TOT_F":"10376.0","ward_SC_P":"2344.0","ward_SC_M":"1237.0","ward_SC_F":"1106.0","ward_ST_P":"426.0","ward_ST_M":"207.0","ward_ST_F":"220.0","ward_low_range":"18594","ward_high_range":"27891","ward_RO_Code":"3","ward_RO_Division":"RO- Kormangala","ward_ARO_Code":"6","ward_ARO_ Sub Division":"ARO- Lakkasandra","ward_zone":"Zone2","ward_zone_name":"Bommanahalli","ward_join_status":"matched","ward_spatial_match_count":1},"geometry":{"type":"Point","coordinates":[77.62141078100007,12.941176964000022,0]},"id":128},{"type":"Feature","properties":{"fid":129,"OBJECTID":129,"Name":"Placemark","FolderPath":"Document/blr_police_station_locs","SymbolID":0,"AltMode":-1,"Base":0,"Snippet":"","PopupInfo":"","HasLabel":-1,"LabelID":0,"ward_source_id":"ward_369_final.276","ward_source_Name":null,"ward_description":null,"ward_timestamp":null,"ward_begin":null,"ward_end":null,"ward_altitudeMode":null,"ward_tessellate":-1,"ward_extrude":0,"ward_visibility":-1,"ward_drawOrder":null,"ward_icon":null,"ward_Corporation":"West","ward_corporation_kn":"ಪಶ್ಚಿಮ","ward_corporation_id":"5","ward_ac":"Govindraj Nagar","ward_ac_kn":"ಗೋವಿಂದರಾಜ ನಗರ","ward_ac_no":"166","ward_Assembly":"166 - Govindraj Nagar","ward_id":"70","ward_name":"70 - Dr Rajkumar Ward","ward_name_kn":"ಡಾ. ರಾಜ್‌ಕುಮಾರ್ ವಾರ್ಡ್","ward_TOT_P":"24106.0","ward_TOT_M":"12476.0","ward_TOT_F":"11630.0","ward_SC_P":"2155.0","ward_SC_M":"1117.0","ward_SC_F":"1038.0","ward_ST_P":"676.0","ward_ST_M":"352.0","ward_ST_F":"324.0","ward_low_range":"18949","ward_high_range":"28424","ward_RO_Code":"4","ward_RO_Division":"RO- Govindraj Nagar","ward_ARO_Code":"12","ward_ARO_ Sub Division":"ARO- Agrahara Dasarahalli","ward_zone":"Zone2","ward_zone_name":"Malleshwaram","ward_join_status":"matched","ward_spatial_match_count":1},"geometry":{"type":"Point","coordinates":[77.54253558800008,12.985478321000073,0]},"id":129},{"type":"Feature","properties":{"fid":130,"OBJECTID":130,"Name":"Placemark","FolderPath":"Document/blr_police_station_locs","SymbolID":0,"AltMode":-1,"Base":0,"Snippet":"","PopupInfo":"","HasLabel":-1,"LabelID":0,"ward_source_id":"ward_369_final.203","ward_source_Name":null,"ward_description":null,"ward_timestamp":null,"ward_begin":null,"ward_end":null,"ward_altitudeMode":null,"ward_tessellate":-1,"ward_extrude":0,"ward_visibility":-1,"ward_drawOrder":null,"ward_icon":null,"ward_Corporation":"East","ward_corporation_kn":"ಪೂರ್ವ","ward_corporation_id":"3","ward_ac":"Mahadevapura","ward_ac_kn":"ಮಹದೇವಪುರ","ward_ac_no":"174","ward_Assembly":"174 - Mahadevapura","ward_id":"33","ward_name":"33 - S.M Krishna Ward","ward_name_kn":"ಎಸ್.ಎಂ ಕೃಷ್ಣ ವಾರ್ಡ್","ward_TOT_P":"16262.0","ward_TOT_M":"8867.0","ward_TOT_F":"7395.0","ward_SC_P":"3754.0","ward_SC_M":"1929.0","ward_SC_F":"1826.0","ward_ST_P":"464.0","ward_ST_M":"272.0","ward_ST_F":"192.0","ward_low_range":"14567","ward_high_range":"21851","ward_RO_Code":"6","ward_RO_Division":"RO- Hoodi","ward_ARO_Code":"17","ward_ARO_ Sub Division":"ARO- Kadugodi","ward_zone":"Zone1","ward_zone_name":"Mahadevapura","ward_join_status":"matched","ward_spatial_match_count":1},"geometry":{"type":"Point","coordinates":[77.75112567200006,12.975409926000054,0]},"id":130},{"type":"Feature","properties":{"fid":131,"OBJECTID":131,"Name":"Placemark","FolderPath":"Document/blr_police_station_locs","SymbolID":0,"AltMode":-1,"Base":0,"Snippet":"","PopupInfo":"","HasLabel":-1,"LabelID":0,"ward_source_id":"ward_369_final.159","ward_source_Name":null,"ward_description":null,"ward_timestamp":null,"ward_begin":null,"ward_end":null,"ward_altitudeMode":null,"ward_tessellate":-1,"ward_extrude":0,"ward_visibility":-1,"ward_drawOrder":null,"ward_icon":null,"ward_Corporation":"North","ward_corporation_kn":"ಉತ್ತರ","ward_corporation_id":"2","ward_ac":"Sarvagnanagar","ward_ac_kn":"ಸರ್ವಜ್ಞನಗರ","ward_ac_no":"160","ward_Assembly":"160 - Sarvagnanagar","ward_id":"22","ward_name":"22 - Nagavara","ward_name_kn":"ನಾಗವಾರ","ward_TOT_P":"20153.0","ward_TOT_M":"10354.0","ward_TOT_F":"9799.0","ward_SC_P":"2005.0","ward_SC_M":"1021.0","ward_SC_F":"984.0","ward_ST_P":"451.0","ward_ST_M":"231.0","ward_ST_F":"220.0","ward_low_range":"19943","ward_high_range":"29914","ward_RO_Code":"9","ward_RO_Division":"RO- HBR Layout","ward_ARO_Code":"22","ward_ARO_ Sub Division":"ARO- HBR Layout","ward_zone":"Zone1","ward_zone_name":"Byatarayanapura","ward_join_status":"matched","ward_spatial_match_count":1},"geometry":{"type":"Point","coordinates":[77.61946359600006,13.034458736000033,0]},"id":131},{"type":"Feature","properties":{"fid":132,"OBJECTID":132,"Name":"Placemark","FolderPath":"Document/blr_police_station_locs","SymbolID":0,"AltMode":-1,"Base":0,"Snippet":"","PopupInfo":"","HasLabel":-1,"LabelID":0,"ward_source_id":"ward_369_final.351","ward_source_Name":null,"ward_description":null,"ward_timestamp":null,"ward_begin":null,"ward_end":null,"ward_altitudeMode":null,"ward_tessellate":-1,"ward_extrude":0,"ward_visibility":-1,"ward_drawOrder":null,"ward_icon":null,"ward_Corporation":"West","ward_corporation_kn":"ಪಶ್ಚಿಮ","ward_corporation_id":"5","ward_ac":"Govindraj Nagar","ward_ac_kn":"ಗೋವಿಂದರಾಜ ನಗರ","ward_ac_no":"166","ward_Assembly":"166 - Govindraj Nagar","ward_id":"75","ward_name":"75 - Marenahalli West","ward_name_kn":"ಮಾರೇನಹಳ್ಳಿ ಪಶ್ಚಿಮ","ward_TOT_P":"23915.0","ward_TOT_M":"12415.0","ward_TOT_F":"11500.0","ward_SC_P":"1082.0","ward_SC_M":"563.0","ward_SC_F":"519.0","ward_ST_P":"391.0","ward_ST_M":"187.0","ward_ST_F":"204.0","ward_low_range":"18949","ward_high_range":"28424","ward_RO_Code":"3","ward_RO_Division":"RO- Chandra Layout","ward_ARO_Code":"10","ward_ARO_ Sub Division":"ARO- Marenahalli","ward_zone":"Zone2","ward_zone_name":"Malleshwaram","ward_join_status":"matched","ward_spatial_match_count":1},"geometry":{"type":"Point","coordinates":[77.52921910400005,12.972337140000036,0]},"id":132},{"type":"Feature","properties":{"fid":133,"OBJECTID":133,"Name":"Placemark","FolderPath":"Document/blr_police_station_locs","SymbolID":0,"AltMode":-1,"Base":0,"Snippet":"","PopupInfo":"","HasLabel":-1,"LabelID":0,"ward_source_id":"ward_369_final.77","ward_source_Name":null,"ward_description":null,"ward_timestamp":null,"ward_begin":null,"ward_end":null,"ward_altitudeMode":null,"ward_tessellate":-1,"ward_extrude":0,"ward_visibility":-1,"ward_drawOrder":null,"ward_icon":null,"ward_Corporation":"Central","ward_corporation_kn":"ಕೇಂದ್ರ","ward_corporation_id":"1","ward_ac":"Shivajinagar","ward_ac_kn":"ಶಿವಾಜಿನಗರ","ward_ac_no":"162","ward_Assembly":"162 - Shivajinagar","ward_id":"4","ward_name":"4 - Sampangirama Nagar","ward_name_kn":"ಸಂಪಂಗಿರಾಮ ನಗರ","ward_TOT_P":"27874.0","ward_TOT_M":"13872.0","ward_TOT_F":"14002.0","ward_SC_P":"1810.0","ward_SC_M":"884.0","ward_SC_F":"926.0","ward_ST_P":"224.0","ward_ST_M":"92.0","ward_ST_F":"132.0","ward_low_range":"18853","ward_high_range":"28280","ward_RO_Code":"7","ward_RO_Division":"RO- Shivajinagar","ward_ARO_Code":"24","ward_ARO_ Sub Division":"ARO- Vasanthanagar","ward_zone":"Zone2","ward_zone_name":"Gandhinagara","ward_join_status":"matched","ward_spatial_match_count":1},"geometry":{"type":"Point","coordinates":[77.58625112800007,12.982158237000021,0]},"id":133},{"type":"Feature","properties":{"fid":134,"OBJECTID":134,"Name":"Placemark","FolderPath":"Document/blr_police_station_locs","SymbolID":0,"AltMode":-1,"Base":0,"Snippet":"","PopupInfo":"","HasLabel":-1,"LabelID":0,"ward_source_id":"ward_369_final.255","ward_source_Name":null,"ward_description":null,"ward_timestamp":null,"ward_begin":null,"ward_end":null,"ward_altitudeMode":null,"ward_tessellate":-1,"ward_extrude":0,"ward_visibility":-1,"ward_drawOrder":null,"ward_icon":null,"ward_Corporation":"West","ward_corporation_kn":"ಪಶ್ಚಿಮ","ward_corporation_id":"5","ward_ac":"Yeshwanthapura","ward_ac_kn":"ಯಶವಂತಪುರ","ward_ac_no":"153","ward_Assembly":"153 - Yeshwanthapura","ward_id":"15","ward_name":"15 - Byadarahalli","ward_name_kn":"ಬ್ಯಾಡರಹಳ್ಳಿ","ward_TOT_P":"22784.0","ward_TOT_M":"12186.0","ward_TOT_F":"10598.0","ward_SC_P":"1045.0","ward_SC_M":"532.0","ward_SC_F":"513.0","ward_ST_P":"943.0","ward_ST_M":"488.0","ward_ST_F":"455.0","ward_low_range":"18949","ward_high_range":"28424","ward_RO_Code":"14","ward_RO_Division":"RO- Herohalli","ward_ARO_Code":"42","ward_ARO_ Sub Division":"ARO- Herohalli","ward_zone":"Zone1","ward_zone_name":"Rajarajeshwarinagar","ward_join_status":"matched","ward_spatial_match_count":1},"geometry":{"type":"Point","coordinates":[77.49132204200004,12.98696117000003,0]},"id":134},{"type":"Feature","properties":{"fid":135,"OBJECTID":135,"Name":"Placemark","FolderPath":"Document/blr_police_station_locs","SymbolID":0,"AltMode":-1,"Base":0,"Snippet":"","PopupInfo":"","HasLabel":-1,"LabelID":0,"ward_source_id":"ward_369_final.256","ward_source_Name":null,"ward_description":null,"ward_timestamp":null,"ward_begin":null,"ward_end":null,"ward_altitudeMode":null,"ward_tessellate":-1,"ward_extrude":0,"ward_visibility":-1,"ward_drawOrder":null,"ward_icon":null,"ward_Corporation":"Central","ward_corporation_kn":"ಕೇಂದ್ರ","ward_corporation_id":"1","ward_ac":"Shivajinagar","ward_ac_kn":"ಶಿವಾಜಿನಗರ","ward_ac_no":"162","ward_Assembly":"162 - Shivajinagar","ward_id":"5","ward_name":"5 - Shivajinagar","ward_name_kn":"ಶಿವಾಜಿನಗರ","ward_TOT_P":"25484.0","ward_TOT_M":"13018.0","ward_TOT_F":"12466.0","ward_SC_P":"1300.0","ward_SC_M":"619.0","ward_SC_F":"681.0","ward_ST_P":"127.0","ward_ST_M":"74.0","ward_ST_F":"53.0","ward_low_range":"18853","ward_high_range":"28280","ward_RO_Code":"7","ward_RO_Division":"RO- Shivajinagar","ward_ARO_Code":"23","ward_ARO_ Sub Division":"ARO- Shivajinagar","ward_zone":"Zone2","ward_zone_name":"Gandhinagara","ward_join_status":"matched","ward_spatial_match_count":1},"geometry":{"type":"Point","coordinates":[77.60373801700007,12.988037985000062,0]},"id":135}]}
