{"type":"FeatureCollection","name":"Bengaluru_Master — Map_of_Locations_Vulnerable_to_Flooding_in___","crs":{"type":"name","properties":{"name":"urn:ogc:def:crs:OGC:1.3:CRS84"}},"features":[{"type":"Feature","properties":{"fid":1,"OBJECTID":1,"Name":"Placemark","FolderPath":"Document/flood_vulnerable_locations","SymbolID":0,"AltMode":-1,"Base":0,"Snippet":"ຜ","PopupInfo":"﵀","HasLabel":-1,"LabelID":0,"ward_source_id":"ward_369_final.47","ward_source_Name":null,"ward_description":null,"ward_timestamp":null,"ward_begin":null,"ward_end":null,"ward_altitudeMode":null,"ward_tessellate":-1,"ward_extrude":0,"ward_visibility":-1,"ward_drawOrder":null,"ward_icon":null,"ward_Corporation":"South","ward_corporation_kn":"ದಕ್ಷಿಣ","ward_corporation_id":"4","ward_ac":"Yeshwanthapura","ward_ac_kn":"ಯಶವಂತಪುರ","ward_ac_no":"153","ward_Assembly":"153 - Yeshwanthapura","ward_id":"52","ward_name":"52 - Talagattapura","ward_name_kn":"ತಲಘಟ್ಟಪುರ","ward_TOT_P":"23797.0","ward_TOT_M":"11887.0","ward_TOT_F":"10620.0","ward_SC_P":"3135.0","ward_SC_M":"1606.0","ward_SC_F":"1529.0","ward_ST_P":"401.0","ward_ST_M":"212.0","ward_ST_F":"189.0","ward_low_range":"18594","ward_high_range":"27891","ward_RO_Code":"4","ward_RO_Division":"RO- Anjanapura","ward_ARO_Code":"7","ward_ARO_ Sub Division":"ARO- Anjanapura","ward_zone":"Zone1","ward_zone_name":"Jayanagar","ward_join_status":"matched","ward_spatial_match_count":1},"geometry":{"type":"Point","coordinates":[77.53243500000008,12.867499000000066,0]},"id":1},{"type":"Feature","properties":{"fid":2,"OBJECTID":2,"Name":"Placemark","FolderPath":"Document/flood_vulnerable_locations","SymbolID":0,"AltMode":-1,"Base":0,"Snippet":"","PopupInfo":"","HasLabel":-1,"LabelID":0,"ward_source_id":"ward_369_final.47","ward_source_Name":null,"ward_description":null,"ward_timestamp":null,"ward_begin":null,"ward_end":null,"ward_altitudeMode":null,"ward_tessellate":-1,"ward_extrude":0,"ward_visibility":-1,"ward_drawOrder":null,"ward_icon":null,"ward_Corporation":"South","ward_corporation_kn":"ದಕ್ಷಿಣ","ward_corporation_id":"4","ward_ac":"Yeshwanthapura","ward_ac_kn":"ಯಶವಂತಪುರ","ward_ac_no":"153","ward_Assembly":"153 - Yeshwanthapura","ward_id":"52","ward_name":"52 - Talagattapura","ward_name_kn":"ತಲಘಟ್ಟಪುರ","ward_TOT_P":"23797.0","ward_TOT_M":"11887.0","ward_TOT_F":"10620.0","ward_SC_P":"3135.0","ward_SC_M":"1606.0","ward_SC_F":"1529.0","ward_ST_P":"401.0","ward_ST_M":"212.0","ward_ST_F":"189.0","ward_low_range":"18594","ward_high_range":"27891","ward_RO_Code":"4","ward_RO_Division":"RO- Anjanapura","ward_ARO_Code":"7","ward_ARO_ Sub Division":"ARO- Anjanapura","ward_zone":"Zone1","ward_zone_name":"Jayanagar","ward_join_status":"matched","ward_spatial_match_count":1},"geometry":{"type":"Point","coordinates":[77.52808300000004,12.87177500000007,0]},"id":2},{"type":"Feature","properties":{"fid":3,"OBJECTID":3,"Name":"Placemark","FolderPath":"Document/flood_vulnerable_locations","SymbolID":0,"AltMode":-1,"Base":0,"Snippet":"","PopupInfo":"","HasLabel":-1,"LabelID":0,"ward_source_id":"ward_369_final.47","ward_source_Name":null,"ward_description":null,"ward_timestamp":null,"ward_begin":null,"ward_end":null,"ward_altitudeMode":null,"ward_tessellate":-1,"ward_extrude":0,"ward_visibility":-1,"ward_drawOrder":null,"ward_icon":null,"ward_Corporation":"South","ward_corporation_kn":"ದಕ್ಷಿಣ","ward_corporation_id":"4","ward_ac":"Yeshwanthapura","ward_ac_kn":"ಯಶವಂತಪುರ","ward_ac_no":"153","ward_Assembly":"153 - Yeshwanthapura","ward_id":"52","ward_name":"52 - Talagattapura","ward_name_kn":"ತಲಘಟ್ಟಪುರ","ward_TOT_P":"23797.0","ward_TOT_M":"11887.0","ward_TOT_F":"10620.0","ward_SC_P":"3135.0","ward_SC_M":"1606.0","ward_SC_F":"1529.0","ward_ST_P":"401.0","ward_ST_M":"212.0","ward_ST_F":"189.0","ward_low_range":"18594","ward_high_range":"27891","ward_RO_Code":"4","ward_RO_Division":"RO- Anjanapura","ward_ARO_Code":"7","ward_ARO_ Sub Division":"ARO- Anjanapura","ward_zone":"Zone1","ward_zone_name":"Jayanagar","ward_join_status":"matched","ward_spatial_match_count":1},"geometry":{"type":"Point","coordinates":[77.54269400000004,12.877711000000033,0]},"id":3},{"type":"Feature","properties":{"fid":4,"OBJECTID":4,"Name":"Placemark","FolderPath":"Document/flood_vulnerable_locations","SymbolID":0,"AltMode":-1,"Base":0,"Snippet":"","PopupInfo":"","HasLabel":-1,"LabelID":0,"ward_source_id":"ward_369_final.47","ward_source_Name":null,"ward_description":null,"ward_timestamp":null,"ward_begin":null,"ward_end":null,"ward_altitudeMode":null,"ward_tessellate":-1,"ward_extrude":0,"ward_visibility":-1,"ward_drawOrder":null,"ward_icon":null,"ward_Corporation":"South","ward_corporation_kn":"ದಕ್ಷಿಣ","ward_corporation_id":"4","ward_ac":"Yeshwanthapura","ward_ac_kn":"ಯಶವಂತಪುರ","ward_ac_no":"153","ward_Assembly":"153 - Yeshwanthapura","ward_id":"52","ward_name":"52 - Talagattapura","ward_name_kn":"ತಲಘಟ್ಟಪುರ","ward_TOT_P":"23797.0","ward_TOT_M":"11887.0","ward_TOT_F":"10620.0","ward_SC_P":"3135.0","ward_SC_M":"1606.0","ward_SC_F":"1529.0","ward_ST_P":"401.0","ward_ST_M":"212.0","ward_ST_F":"189.0","ward_low_range":"18594","ward_high_range":"27891","ward_RO_Code":"4","ward_RO_Division":"RO- Anjanapura","ward_ARO_Code":"7","ward_ARO_ Sub Division":"ARO- Anjanapura","ward_zone":"Zone1","ward_zone_name":"Jayanagar","ward_join_status":"matched","ward_spatial_match_count":1},"geometry":{"type":"Point","coordinates":[77.54127300000005,12.877865000000043,0]},"id":4},{"type":"Feature","properties":{"fid":5,"OBJECTID":5,"Name":"Placemark","FolderPath":"Document/flood_vulnerable_locations","SymbolID":0,"AltMode":-1,"Base":0,"Snippet":"","PopupInfo":"","HasLabel":-1,"LabelID":0,"ward_source_id":"ward_369_final.78","ward_source_Name":null,"ward_description":null,"ward_timestamp":null,"ward_begin":null,"ward_end":null,"ward_altitudeMode":null,"ward_tessellate":-1,"ward_extrude":0,"ward_visibility":-1,"ward_drawOrder":null,"ward_icon":null,"ward_Corporation":"South","ward_corporation_kn":"ದಕ್ಷಿಣ","ward_corporation_id":"4","ward_ac":"Bangalore South","ward_ac_kn":"ಬೆಂಗಳೂರು ದಕ್ಷಿಣ","ward_ac_no":"176","ward_Assembly":"176 - Bangalore South","ward_id":"35","ward_name":"35 - Vishwapriya Nagara","ward_name_kn":"ವಿಶ್ವಪ್ರಿಯ ನಗರ","ward_TOT_P":"19281.0","ward_TOT_M":"10122.0","ward_TOT_F":"9269.0","ward_SC_P":"1768.0","ward_SC_M":"886.0","ward_SC_F":"881.0","ward_ST_P":"309.0","ward_ST_M":"160.0","ward_ST_F":"148.0","ward_low_range":"18594","ward_high_range":"27891","ward_RO_Code":"5","ward_RO_Division":"RO- Beguru","ward_ARO_Code":"14","ward_ARO_ Sub Division":"ARO- Naganathpura","ward_zone":"Zone1","ward_zone_name":"Jayanagar","ward_join_status":"matched","ward_spatial_match_count":1},"geometry":{"type":"Point","coordinates":[77.63741800000008,12.878907000000027,0]},"id":5},{"type":"Feature","properties":{"fid":6,"OBJECTID":6,"Name":"Placemark","FolderPath":"Document/flood_vulnerable_locations","SymbolID":0,"AltMode":-1,"Base":0,"Snippet":"","PopupInfo":"","HasLabel":-1,"LabelID":0,"ward_source_id":"ward_369_final.192","ward_source_Name":null,"ward_description":null,"ward_timestamp":null,"ward_begin":null,"ward_end":null,"ward_altitudeMode":null,"ward_tessellate":-1,"ward_extrude":0,"ward_visibility":-1,"ward_drawOrder":null,"ward_icon":null,"ward_Corporation":"South","ward_corporation_kn":"ದಕ್ಷಿಣ","ward_corporation_id":"4","ward_ac":"Bommanahalli","ward_ac_kn":"ಬೊಮ್ಮನಹಳ್ಳಿ","ward_ac_no":"175","ward_Assembly":"175 - Bommanahalli","ward_id":"57","ward_name":"57 - Hulimavu","ward_name_kn":"ಹುಳಿಮಾವು","ward_TOT_P":"19598.0","ward_TOT_M":"10294.0","ward_TOT_F":"9304.0","ward_SC_P":"2213.0","ward_SC_M":"1144.0","ward_SC_F":"1071.0","ward_ST_P":"441.0","ward_ST_M":"216.0","ward_ST_F":"225.0","ward_low_range":"18594","ward_high_range":"27891","ward_RO_Code":"6","ward_RO_Division":"RO- Arakere","ward_ARO_Code":"15","ward_ARO_ Sub Division":"ARO- Arakere","ward_zone":"Zone2","ward_zone_name":"Bommanahalli","ward_join_status":"matched","ward_spatial_match_count":1},"geometry":{"type":"Point","coordinates":[77.60405100000008,12.879969000000074,0]},"id":6},{"type":"Feature","properties":{"fid":7,"OBJECTID":7,"Name":"Placemark","FolderPath":"Document/flood_vulnerable_locations","SymbolID":0,"AltMode":-1,"Base":0,"Snippet":"","PopupInfo":"","HasLabel":-1,"LabelID":0,"ward_source_id":"ward_369_final.192","ward_source_Name":null,"ward_description":null,"ward_timestamp":null,"ward_begin":null,"ward_end":null,"ward_altitudeMode":null,"ward_tessellate":-1,"ward_extrude":0,"ward_visibility":-1,"ward_drawOrder":null,"ward_icon":null,"ward_Corporation":"South","ward_corporation_kn":"ದಕ್ಷಿಣ","ward_corporation_id":"4","ward_ac":"Bommanahalli","ward_ac_kn":"ಬೊಮ್ಮನಹಳ್ಳಿ","ward_ac_no":"175","ward_Assembly":"175 - Bommanahalli","ward_id":"57","ward_name":"57 - Hulimavu","ward_name_kn":"ಹುಳಿಮಾವು","ward_TOT_P":"19598.0","ward_TOT_M":"10294.0","ward_TOT_F":"9304.0","ward_SC_P":"2213.0","ward_SC_M":"1144.0","ward_SC_F":"1071.0","ward_ST_P":"441.0","ward_ST_M":"216.0","ward_ST_F":"225.0","ward_low_range":"18594","ward_high_range":"27891","ward_RO_Code":"6","ward_RO_Division":"RO- Arakere","ward_ARO_Code":"15","ward_ARO_ Sub Division":"ARO- Arakere","ward_zone":"Zone2","ward_zone_name":"Bommanahalli","ward_join_status":"matched","ward_spatial_match_count":1},"geometry":{"type":"Point","coordinates":[77.60398700000007,12.880518000000052,0]},"id":7},{"type":"Feature","properties":{"fid":8,"OBJECTID":8,"Name":"Placemark","FolderPath":"Document/flood_vulnerable_locations","SymbolID":0,"AltMode":-1,"Base":0,"Snippet":"","PopupInfo":"","HasLabel":-1,"LabelID":0,"ward_source_id":"ward_369_final.192","ward_source_Name":null,"ward_description":null,"ward_timestamp":null,"ward_begin":null,"ward_end":null,"ward_altitudeMode":null,"ward_tessellate":-1,"ward_extrude":0,"ward_visibility":-1,"ward_drawOrder":null,"ward_icon":null,"ward_Corporation":"South","ward_corporation_kn":"ದಕ್ಷಿಣ","ward_corporation_id":"4","ward_ac":"Bommanahalli","ward_ac_kn":"ಬೊಮ್ಮನಹಳ್ಳಿ","ward_ac_no":"175","ward_Assembly":"175 - Bommanahalli","ward_id":"57","ward_name":"57 - Hulimavu","ward_name_kn":"ಹುಳಿಮಾವು","ward_TOT_P":"19598.0","ward_TOT_M":"10294.0","ward_TOT_F":"9304.0","ward_SC_P":"2213.0","ward_SC_M":"1144.0","ward_SC_F":"1071.0","ward_ST_P":"441.0","ward_ST_M":"216.0","ward_ST_F":"225.0","ward_low_range":"18594","ward_high_range":"27891","ward_RO_Code":"6","ward_RO_Division":"RO- Arakere","ward_ARO_Code":"15","ward_ARO_ Sub Division":"ARO- Arakere","ward_zone":"Zone2","ward_zone_name":"Bommanahalli","ward_join_status":"matched","ward_spatial_match_count":1},"geometry":{"type":"Point","coordinates":[77.60441500000007,12.88058600000005,0]},"id":8},{"type":"Feature","properties":{"fid":9,"OBJECTID":9,"Name":"Placemark","FolderPath":"Document/flood_vulnerable_locations","SymbolID":0,"AltMode":-1,"Base":0,"Snippet":"","PopupInfo":"","HasLabel":-1,"LabelID":0,"ward_source_id":"ward_369_final.199","ward_source_Name":null,"ward_description":null,"ward_timestamp":null,"ward_begin":null,"ward_end":null,"ward_altitudeMode":null,"ward_tessellate":-1,"ward_extrude":0,"ward_visibility":-1,"ward_drawOrder":null,"ward_icon":null,"ward_Corporation":"South","ward_corporation_kn":"ದಕ್ಷಿಣ","ward_corporation_id":"4","ward_ac":"Bommanahalli","ward_ac_kn":"ಬೊಮ್ಮನಹಳ್ಳಿ","ward_ac_no":"175","ward_Assembly":"175 - Bommanahalli","ward_id":"58","ward_name":"58 - Arakere","ward_name_kn":"ಅರಕೆರೆ","ward_TOT_P":"18995.0","ward_TOT_M":"9900.0","ward_TOT_F":"9095.0","ward_SC_P":"1407.0","ward_SC_M":"729.0","ward_SC_F":"678.0","ward_ST_P":"356.0","ward_ST_M":"185.0","ward_ST_F":"171.0","ward_low_range":"18594","ward_high_range":"27891","ward_RO_Code":"6","ward_RO_Division":"RO- Arakere","ward_ARO_Code":"15","ward_ARO_ Sub Division":"ARO- Arakere","ward_zone":"Zone2","ward_zone_name":"Bommanahalli","ward_join_status":"matched","ward_spatial_match_count":1},"geometry":{"type":"Point","coordinates":[77.60825300000005,12.881756000000053,0]},"id":9},{"type":"Feature","properties":{"fid":10,"OBJECTID":10,"Name":"Placemark","FolderPath":"Document/flood_vulnerable_locations","SymbolID":0,"AltMode":-1,"Base":0,"Snippet":"","PopupInfo":"","HasLabel":-1,"LabelID":0,"ward_source_id":"ward_369_final.109","ward_source_Name":null,"ward_description":null,"ward_timestamp":null,"ward_begin":null,"ward_end":null,"ward_altitudeMode":null,"ward_tessellate":-1,"ward_extrude":0,"ward_visibility":-1,"ward_drawOrder":null,"ward_icon":null,"ward_Corporation":"South","ward_corporation_kn":"ದಕ್ಷಿಣ","ward_corporation_id":"4","ward_ac":"Anekal","ward_ac_kn":"ಆನೇಕಲ್","ward_ac_no":"177","ward_Assembly":"177 - Anekal","ward_id":"32","ward_name":"32 - Kudlu","ward_name_kn":"ಕೂಡ್ಲು","ward_TOT_P":"16661.0","ward_TOT_M":"9005.0","ward_TOT_F":"7656.0","ward_SC_P":"2887.0","ward_SC_M":"1499.0","ward_SC_F":"1389.0","ward_ST_P":"425.0","ward_ST_M":"236.0","ward_ST_F":"189.0","ward_low_range":"18594","ward_high_range":"27891","ward_RO_Code":"1","ward_RO_Division":"RO- HSR Layout","ward_ARO_Code":"1","ward_ARO_ Sub Division":"ARO- Kudlu","ward_zone":"Zone2","ward_zone_name":"Bommanahalli","ward_join_status":"matched","ward_spatial_match_count":1},"geometry":{"type":"Point","coordinates":[77.64207500000003,12.88593700000007,0]},"id":10},{"type":"Feature","properties":{"fid":11,"OBJECTID":11,"Name":"Placemark","FolderPath":"Document/flood_vulnerable_locations","SymbolID":0,"AltMode":-1,"Base":0,"Snippet":"","PopupInfo":"","HasLabel":-1,"LabelID":0,"ward_source_id":"ward_369_final.153","ward_source_Name":null,"ward_description":null,"ward_timestamp":null,"ward_begin":null,"ward_end":null,"ward_altitudeMode":null,"ward_tessellate":-1,"ward_extrude":0,"ward_visibility":-1,"ward_drawOrder":null,"ward_icon":null,"ward_Corporation":"South","ward_corporation_kn":"ದಕ್ಷಿಣ","ward_corporation_id":"4","ward_ac":"Bommanahalli","ward_ac_kn":"ಬೊಮ್ಮನಹಳ್ಳಿ","ward_ac_no":"175","ward_Assembly":"175 - Bommanahalli","ward_id":"61","ward_name":"61 - Kodi Chikkanahalli","ward_name_kn":"ಕೋಡಿ ಚಿಕ್ಕನಹಳ್ಳಿ","ward_TOT_P":"27784.0","ward_TOT_M":"14680.0","ward_TOT_F":"13104.0","ward_SC_P":"4153.0","ward_SC_M":"2097.0","ward_SC_F":"2056.0","ward_ST_P":"534.0","ward_ST_M":"270.0","ward_ST_F":"264.0","ward_low_range":"18594","ward_high_range":"27891","ward_RO_Code":"6","ward_RO_Division":"RO- Arakere","ward_ARO_Code":"16","ward_ARO_ Sub Division":"ARO- Bilekanahalli","ward_zone":"Zone2","ward_zone_name":"Bommanahalli","ward_join_status":"matched","ward_spatial_match_count":1},"geometry":{"type":"Point","coordinates":[77.61150800000007,12.896570000000054,0]},"id":11},{"type":"Feature","properties":{"fid":12,"OBJECTID":12,"Name":"Placemark","FolderPath":"Document/flood_vulnerable_locations","SymbolID":0,"AltMode":-1,"Base":0,"Snippet":"","PopupInfo":"","HasLabel":-1,"LabelID":0,"ward_source_id":null,"ward_source_Name":null,"ward_description":null,"ward_timestamp":null,"ward_begin":null,"ward_end":null,"ward_altitudeMode":null,"ward_tessellate":null,"ward_extrude":null,"ward_visibility":null,"ward_drawOrder":null,"ward_icon":null,"ward_Corporation":null,"ward_corporation_kn":null,"ward_corporation_id":null,"ward_ac":null,"ward_ac_kn":null,"ward_ac_no":null,"ward_Assembly":null,"ward_id":null,"ward_name":null,"ward_name_kn":null,"ward_TOT_P":null,"ward_TOT_M":null,"ward_TOT_F":null,"ward_SC_P":null,"ward_SC_M":null,"ward_SC_F":null,"ward_ST_P":null,"ward_ST_M":null,"ward_ST_F":null,"ward_low_range":null,"ward_high_range":null,"ward_RO_Code":null,"ward_RO_Division":null,"ward_ARO_Code":null,"ward_ARO_ Sub Division":null,"ward_zone":null,"ward_zone_name":null,"ward_join_status":"unmatched","ward_spatial_match_count":0},"geometry":{"type":"Point","coordinates":[77.69290700000005,12.897817000000032,0]},"id":12},{"type":"Feature","properties":{"fid":13,"OBJECTID":13,"Name":"Placemark","FolderPath":"Document/flood_vulnerable_locations","SymbolID":0,"AltMode":-1,"Base":0,"Snippet":"","PopupInfo":"","HasLabel":-1,"LabelID":0,"ward_source_id":"ward_369_final.144","ward_source_Name":null,"ward_description":null,"ward_timestamp":null,"ward_begin":null,"ward_end":null,"ward_altitudeMode":null,"ward_tessellate":-1,"ward_extrude":0,"ward_visibility":-1,"ward_drawOrder":null,"ward_icon":null,"ward_Corporation":"South","ward_corporation_kn":"ದಕ್ಷಿಣ","ward_corporation_id":"4","ward_ac":"Bommanahalli","ward_ac_kn":"ಬೊಮ್ಮನಹಳ್ಳಿ","ward_ac_no":"175","ward_Assembly":"175 - Bommanahalli","ward_id":"67","ward_name":"67 - Bandepalya","ward_name_kn":"ಬಂಡೇಪಾಳ್ಯ","ward_TOT_P":"19744.0","ward_TOT_M":"10547.0","ward_TOT_F":"9197.0","ward_SC_P":"1725.0","ward_SC_M":"883.0","ward_SC_F":"842.0","ward_ST_P":"321.0","ward_ST_M":"179.0","ward_ST_F":"142.0","ward_low_range":"18594","ward_high_range":"27891","ward_RO_Code":"7","ward_RO_Division":"RO- Bommanahalli","ward_ARO_Code":"19","ward_ARO_ Sub Division":"ARO- Mangamanapalya","ward_zone":"Zone2","ward_zone_name":"Bommanahalli","ward_join_status":"matched","ward_spatial_match_count":1},"geometry":{"type":"Point","coordinates":[77.63312100000007,12.900922000000037,0]},"id":13},{"type":"Feature","properties":{"fid":14,"OBJECTID":14,"Name":"Placemark","FolderPath":"Document/flood_vulnerable_locations","SymbolID":0,"AltMode":-1,"Base":0,"Snippet":"","PopupInfo":"","HasLabel":-1,"LabelID":0,"ward_source_id":"ward_369_final.116","ward_source_Name":null,"ward_description":null,"ward_timestamp":null,"ward_begin":null,"ward_end":null,"ward_altitudeMode":null,"ward_tessellate":-1,"ward_extrude":0,"ward_visibility":-1,"ward_drawOrder":null,"ward_icon":null,"ward_Corporation":"South","ward_corporation_kn":"ದಕ್ಷಿಣ","ward_corporation_id":"4","ward_ac":"Bommanahalli","ward_ac_kn":"ಬೊಮ್ಮನಹಳ್ಳಿ","ward_ac_no":"175","ward_Assembly":"175 - Bommanahalli","ward_id":"65","ward_name":"65 - Garvebavi Palya","ward_name_kn":"ಗಾರ್ವೆಬಾವಿ ಪಾಳ್ಯ","ward_TOT_P":"22967.0","ward_TOT_M":"12881.0","ward_TOT_F":"10086.0","ward_SC_P":"1369.0","ward_SC_M":"738.0","ward_SC_F":"631.0","ward_ST_P":"424.0","ward_ST_M":"249.0","ward_ST_F":"174.0","ward_low_range":"18594","ward_high_range":"27891","ward_RO_Code":"7","ward_RO_Division":"RO- Bommanahalli","ward_ARO_Code":"20","ward_ARO_ Sub Division":"ARO- Singasandra","ward_zone":"Zone2","ward_zone_name":"Bommanahalli","ward_join_status":"matched","ward_spatial_match_count":1},"geometry":{"type":"Point","coordinates":[77.63144300000005,12.901360000000068,0]},"id":14},{"type":"Feature","properties":{"fid":15,"OBJECTID":15,"Name":"Placemark","FolderPath":"Document/flood_vulnerable_locations","SymbolID":0,"AltMode":-1,"Base":0,"Snippet":"","PopupInfo":"","HasLabel":-1,"LabelID":0,"ward_source_id":"ward_369_final.154","ward_source_Name":null,"ward_description":null,"ward_timestamp":null,"ward_begin":null,"ward_end":null,"ward_altitudeMode":null,"ward_tessellate":-1,"ward_extrude":0,"ward_visibility":-1,"ward_drawOrder":null,"ward_icon":null,"ward_Corporation":"South","ward_corporation_kn":"ದಕ್ಷಿಣ","ward_corporation_id":"4","ward_ac":"Bommanahalli","ward_ac_kn":"ಬೊಮ್ಮನಹಳ್ಳಿ","ward_ac_no":"175","ward_Assembly":"175 - Bommanahalli","ward_id":"60","ward_name":"60 - Bilekahalli","ward_name_kn":"ಬಿಳೇಕಹಳ್ಳಿ","ward_TOT_P":"25208.0","ward_TOT_M":"13233.0","ward_TOT_F":"11976.0","ward_SC_P":"2135.0","ward_SC_M":"1079.0","ward_SC_F":"1057.0","ward_ST_P":"171.0","ward_ST_M":"88.0","ward_ST_F":"83.0","ward_low_range":"18594","ward_high_range":"27891","ward_RO_Code":"6","ward_RO_Division":"RO- Arakere","ward_ARO_Code":"16","ward_ARO_ Sub Division":"ARO- Bilekanahalli","ward_zone":"Zone2","ward_zone_name":"Bommanahalli","ward_join_status":"matched","ward_spatial_match_count":1},"geometry":{"type":"Point","coordinates":[77.61126200000007,12.901886000000047,0]},"id":15},{"type":"Feature","properties":{"fid":16,"OBJECTID":16,"Name":"Placemark","FolderPath":"Document/flood_vulnerable_locations","SymbolID":0,"AltMode":-1,"Base":0,"Snippet":"","PopupInfo":"","HasLabel":-1,"LabelID":0,"ward_source_id":"ward_369_final.95","ward_source_Name":null,"ward_description":null,"ward_timestamp":null,"ward_begin":null,"ward_end":null,"ward_altitudeMode":null,"ward_tessellate":-1,"ward_extrude":0,"ward_visibility":-1,"ward_drawOrder":null,"ward_icon":null,"ward_Corporation":"South","ward_corporation_kn":"ದಕ್ಷಿಣ","ward_corporation_id":"4","ward_ac":"Jayanagar","ward_ac_kn":"ಜಯನಗರ","ward_ac_no":"173","ward_Assembly":"173 - Jayanagar","ward_id":"14","ward_name":"14 - J.P Nagar","ward_name_kn":"ಜೆ.ಪಿ. ನಗರ","ward_TOT_P":"22264.0","ward_TOT_M":"11250.0","ward_TOT_F":"11015.0","ward_SC_P":"1995.0","ward_SC_M":"966.0","ward_SC_F":"1029.0","ward_ST_P":"173.0","ward_ST_M":"89.0","ward_ST_F":"84.0","ward_low_range":"18594","ward_high_range":"27891","ward_RO_Code":"10","ward_RO_Division":"RO- JP Nagar","ward_ARO_Code":"26","ward_ARO_ Sub Division":"ARO- JP Nagar","ward_zone":"Zone1","ward_zone_name":"Jayanagar","ward_join_status":"matched","ward_spatial_match_count":1},"geometry":{"type":"Point","coordinates":[77.59885300000008,12.903331000000037,0]},"id":16},{"type":"Feature","properties":{"fid":17,"OBJECTID":17,"Name":"Placemark","FolderPath":"Document/flood_vulnerable_locations","SymbolID":0,"AltMode":-1,"Base":0,"Snippet":"","PopupInfo":"","HasLabel":-1,"LabelID":0,"ward_source_id":"ward_369_final.154","ward_source_Name":null,"ward_description":null,"ward_timestamp":null,"ward_begin":null,"ward_end":null,"ward_altitudeMode":null,"ward_tessellate":-1,"ward_extrude":0,"ward_visibility":-1,"ward_drawOrder":null,"ward_icon":null,"ward_Corporation":"South","ward_corporation_kn":"ದಕ್ಷಿಣ","ward_corporation_id":"4","ward_ac":"Bommanahalli","ward_ac_kn":"ಬೊಮ್ಮನಹಳ್ಳಿ","ward_ac_no":"175","ward_Assembly":"175 - Bommanahalli","ward_id":"60","ward_name":"60 - Bilekahalli","ward_name_kn":"ಬಿಳೇಕಹಳ್ಳಿ","ward_TOT_P":"25208.0","ward_TOT_M":"13233.0","ward_TOT_F":"11976.0","ward_SC_P":"2135.0","ward_SC_M":"1079.0","ward_SC_F":"1057.0","ward_ST_P":"171.0","ward_ST_M":"88.0","ward_ST_F":"83.0","ward_low_range":"18594","ward_high_range":"27891","ward_RO_Code":"6","ward_RO_Division":"RO- Arakere","ward_ARO_Code":"16","ward_ARO_ Sub Division":"ARO- Bilekanahalli","ward_zone":"Zone2","ward_zone_name":"Bommanahalli","ward_join_status":"matched","ward_spatial_match_count":1},"geometry":{"type":"Point","coordinates":[77.60280700000004,12.904455000000041,0]},"id":17},{"type":"Feature","properties":{"fid":18,"OBJECTID":18,"Name":"Placemark","FolderPath":"Document/flood_vulnerable_locations","SymbolID":0,"AltMode":-1,"Base":0,"Snippet":"","PopupInfo":"","HasLabel":-1,"LabelID":0,"ward_source_id":"ward_369_final.241","ward_source_Name":null,"ward_description":null,"ward_timestamp":null,"ward_begin":null,"ward_end":null,"ward_altitudeMode":null,"ward_tessellate":-1,"ward_extrude":0,"ward_visibility":-1,"ward_drawOrder":null,"ward_icon":null,"ward_Corporation":"South","ward_corporation_kn":"ದಕ್ಷಿಣ","ward_corporation_id":"4","ward_ac":"Bommanahalli","ward_ac_kn":"ಬೊಮ್ಮನಹಳ್ಳಿ","ward_ac_no":"175","ward_Assembly":"175 - Bommanahalli","ward_id":"63","ward_name":"63 - Bommanahalli","ward_name_kn":"ಬೊಮ್ಮನಹಳ್ಳಿ","ward_TOT_P":"26792.0","ward_TOT_M":"14010.0","ward_TOT_F":"12782.0","ward_SC_P":"838.0","ward_SC_M":"422.0","ward_SC_F":"415.0","ward_ST_P":"201.0","ward_ST_M":"110.0","ward_ST_F":"91.0","ward_low_range":"18594","ward_high_range":"27891","ward_RO_Code":"7","ward_RO_Division":"RO- Bommanahalli","ward_ARO_Code":"18","ward_ARO_ Sub Division":"ARO- Bommanahalli","ward_zone":"Zone2","ward_zone_name":"Bommanahalli","ward_join_status":"matched","ward_spatial_match_count":1},"geometry":{"type":"Point","coordinates":[77.62675800000005,12.904782000000068,0]},"id":18},{"type":"Feature","properties":{"fid":19,"OBJECTID":19,"Name":"Placemark","FolderPath":"Document/flood_vulnerable_locations","SymbolID":0,"AltMode":-1,"Base":0,"Snippet":"","PopupInfo":"","HasLabel":-1,"LabelID":0,"ward_source_id":"ward_369_final.154","ward_source_Name":null,"ward_description":null,"ward_timestamp":null,"ward_begin":null,"ward_end":null,"ward_altitudeMode":null,"ward_tessellate":-1,"ward_extrude":0,"ward_visibility":-1,"ward_drawOrder":null,"ward_icon":null,"ward_Corporation":"South","ward_corporation_kn":"ದಕ್ಷಿಣ","ward_corporation_id":"4","ward_ac":"Bommanahalli","ward_ac_kn":"ಬೊಮ್ಮನಹಳ್ಳಿ","ward_ac_no":"175","ward_Assembly":"175 - Bommanahalli","ward_id":"60","ward_name":"60 - Bilekahalli","ward_name_kn":"ಬಿಳೇಕಹಳ್ಳಿ","ward_TOT_P":"25208.0","ward_TOT_M":"13233.0","ward_TOT_F":"11976.0","ward_SC_P":"2135.0","ward_SC_M":"1079.0","ward_SC_F":"1057.0","ward_ST_P":"171.0","ward_ST_M":"88.0","ward_ST_F":"83.0","ward_low_range":"18594","ward_high_range":"27891","ward_RO_Code":"6","ward_RO_Division":"RO- Arakere","ward_ARO_Code":"16","ward_ARO_ Sub Division":"ARO- Bilekanahalli","ward_zone":"Zone2","ward_zone_name":"Bommanahalli","ward_join_status":"matched","ward_spatial_match_count":1},"geometry":{"type":"Point","coordinates":[77.60303600000003,12.904903000000047,0]},"id":19},{"type":"Feature","properties":{"fid":20,"OBJECTID":20,"Name":"Placemark","FolderPath":"Document/flood_vulnerable_locations","SymbolID":0,"AltMode":-1,"Base":0,"Snippet":"","PopupInfo":"","HasLabel":-1,"LabelID":0,"ward_source_id":"ward_369_final.120","ward_source_Name":null,"ward_description":null,"ward_timestamp":null,"ward_begin":null,"ward_end":null,"ward_altitudeMode":null,"ward_tessellate":-1,"ward_extrude":0,"ward_visibility":-1,"ward_drawOrder":null,"ward_icon":null,"ward_Corporation":"South","ward_corporation_kn":"ದಕ್ಷಿಣ","ward_corporation_id":"4","ward_ac":"Bommanahalli","ward_ac_kn":"ಬೊಮ್ಮನಹಳ್ಳಿ","ward_ac_no":"175","ward_Assembly":"175 - Bommanahalli","ward_id":"71","ward_name":"71 - Agara","ward_name_kn":"ಅಗರ","ward_TOT_P":"18836.0","ward_TOT_M":"9742.0","ward_TOT_F":"9095.0","ward_SC_P":"1264.0","ward_SC_M":"639.0","ward_SC_F":"625.0","ward_ST_P":"288.0","ward_ST_M":"142.0","ward_ST_F":"147.0","ward_low_range":"18594","ward_high_range":"27891","ward_RO_Code":"1","ward_RO_Division":"RO- HSR Layout","ward_ARO_Code":"21","ward_ARO_ Sub Division":"ARO- HSR Layout","ward_zone":"Zone2","ward_zone_name":"Bommanahalli","ward_join_status":"matched","ward_spatial_match_count":1},"geometry":{"type":"Point","coordinates":[77.64493300000004,12.909073000000035,0]},"id":20},{"type":"Feature","properties":{"fid":21,"OBJECTID":21,"Name":"Placemark","FolderPath":"Document/flood_vulnerable_locations","SymbolID":0,"AltMode":-1,"Base":0,"Snippet":"","PopupInfo":"","HasLabel":-1,"LabelID":0,"ward_source_id":"ward_369_final.120","ward_source_Name":null,"ward_description":null,"ward_timestamp":null,"ward_begin":null,"ward_end":null,"ward_altitudeMode":null,"ward_tessellate":-1,"ward_extrude":0,"ward_visibility":-1,"ward_drawOrder":null,"ward_icon":null,"ward_Corporation":"South","ward_corporation_kn":"ದಕ್ಷಿಣ","ward_corporation_id":"4","ward_ac":"Bommanahalli","ward_ac_kn":"ಬೊಮ್ಮನಹಳ್ಳಿ","ward_ac_no":"175","ward_Assembly":"175 - Bommanahalli","ward_id":"71","ward_name":"71 - Agara","ward_name_kn":"ಅಗರ","ward_TOT_P":"18836.0","ward_TOT_M":"9742.0","ward_TOT_F":"9095.0","ward_SC_P":"1264.0","ward_SC_M":"639.0","ward_SC_F":"625.0","ward_ST_P":"288.0","ward_ST_M":"142.0","ward_ST_F":"147.0","ward_low_range":"18594","ward_high_range":"27891","ward_RO_Code":"1","ward_RO_Division":"RO- HSR Layout","ward_ARO_Code":"21","ward_ARO_ Sub Division":"ARO- HSR Layout","ward_zone":"Zone2","ward_zone_name":"Bommanahalli","ward_join_status":"matched","ward_spatial_match_count":1},"geometry":{"type":"Point","coordinates":[77.64158500000008,12.909359000000052,0]},"id":21},{"type":"Feature","properties":{"fid":22,"OBJECTID":22,"Name":"Placemark","FolderPath":"Document/flood_vulnerable_locations","SymbolID":0,"AltMode":-1,"Base":0,"Snippet":"","PopupInfo":"","HasLabel":-1,"LabelID":0,"ward_source_id":"ward_369_final.290","ward_source_Name":null,"ward_description":null,"ward_timestamp":null,"ward_begin":null,"ward_end":null,"ward_altitudeMode":null,"ward_tessellate":-1,"ward_extrude":0,"ward_visibility":-1,"ward_drawOrder":null,"ward_icon":null,"ward_Corporation":"West","ward_corporation_kn":"ಪಶ್ಚಿಮ","ward_corporation_id":"5","ward_ac":"Yeshwanthapura","ward_ac_kn":"ಯಶವಂತಪುರ","ward_ac_no":"153","ward_Assembly":"153 - Yeshwanthapura","ward_id":"21","ward_name":"21 - Kengeri","ward_name_kn":"ಕೆಂಗೇರಿ","ward_TOT_P":"21835.0","ward_TOT_M":"11253.0","ward_TOT_F":"10582.0","ward_SC_P":"2478.0","ward_SC_M":"1266.0","ward_SC_F":"1212.0","ward_ST_P":"371.0","ward_ST_M":"210.0","ward_ST_F":"161.0","ward_low_range":"18949","ward_high_range":"28424","ward_RO_Code":"15","ward_RO_Division":"RO- Kengeri","ward_ARO_Code":"44","ward_ARO_ Sub Division":"ARO- Kengeri","ward_zone":"Zone1","ward_zone_name":"Rajarajeshwarinagar","ward_join_status":"matched","ward_spatial_match_count":1},"geometry":{"type":"Point","coordinates":[77.51270900000003,12.911066000000062,0]},"id":22},{"type":"Feature","properties":{"fid":23,"OBJECTID":23,"Name":"Placemark","FolderPath":"Document/flood_vulnerable_locations","SymbolID":0,"AltMode":-1,"Base":0,"Snippet":"","PopupInfo":"","HasLabel":-1,"LabelID":0,"ward_source_id":"ward_369_final.151","ward_source_Name":null,"ward_description":null,"ward_timestamp":null,"ward_begin":null,"ward_end":null,"ward_altitudeMode":null,"ward_tessellate":-1,"ward_extrude":0,"ward_visibility":-1,"ward_drawOrder":null,"ward_icon":null,"ward_Corporation":"South","ward_corporation_kn":"ದಕ್ಷಿಣ","ward_corporation_id":"4","ward_ac":"Bommanahalli","ward_ac_kn":"ಬೊಮ್ಮನಹಳ್ಳಿ","ward_ac_no":"175","ward_Assembly":"175 - Bommanahalli","ward_id":"72","ward_name":"72 - HSR Layout","ward_name_kn":"ಎಚ್‌ಎಸ್‌ಆರ್ ಲೇಔಟ್","ward_TOT_P":"18787.0","ward_TOT_M":"9747.0","ward_TOT_F":"9040.0","ward_SC_P":"1304.0","ward_SC_M":"681.0","ward_SC_F":"623.0","ward_ST_P":"297.0","ward_ST_M":"149.0","ward_ST_F":"148.0","ward_low_range":"18594","ward_high_range":"27891","ward_RO_Code":"1","ward_RO_Division":"RO- HSR Layout","ward_ARO_Code":"21","ward_ARO_ Sub Division":"ARO- HSR Layout","ward_zone":"Zone2","ward_zone_name":"Bommanahalli","ward_join_status":"matched","ward_spatial_match_count":1},"geometry":{"type":"Point","coordinates":[77.63240200000007,12.911655000000053,0]},"id":23},{"type":"Feature","properties":{"fid":24,"OBJECTID":24,"Name":"Placemark","FolderPath":"Document/flood_vulnerable_locations","SymbolID":0,"AltMode":-1,"Base":0,"Snippet":"","PopupInfo":"","HasLabel":-1,"LabelID":0,"ward_source_id":"ward_369_final.151","ward_source_Name":null,"ward_description":null,"ward_timestamp":null,"ward_begin":null,"ward_end":null,"ward_altitudeMode":null,"ward_tessellate":-1,"ward_extrude":0,"ward_visibility":-1,"ward_drawOrder":null,"ward_icon":null,"ward_Corporation":"South","ward_corporation_kn":"ದಕ್ಷಿಣ","ward_corporation_id":"4","ward_ac":"Bommanahalli","ward_ac_kn":"ಬೊಮ್ಮನಹಳ್ಳಿ","ward_ac_no":"175","ward_Assembly":"175 - Bommanahalli","ward_id":"72","ward_name":"72 - HSR Layout","ward_name_kn":"ಎಚ್‌ಎಸ್‌ಆರ್ ಲೇಔಟ್","ward_TOT_P":"18787.0","ward_TOT_M":"9747.0","ward_TOT_F":"9040.0","ward_SC_P":"1304.0","ward_SC_M":"681.0","ward_SC_F":"623.0","ward_ST_P":"297.0","ward_ST_M":"149.0","ward_ST_F":"148.0","ward_low_range":"18594","ward_high_range":"27891","ward_RO_Code":"1","ward_RO_Division":"RO- HSR Layout","ward_ARO_Code":"21","ward_ARO_ Sub Division":"ARO- HSR Layout","ward_zone":"Zone2","ward_zone_name":"Bommanahalli","ward_join_status":"matched","ward_spatial_match_count":1},"geometry":{"type":"Point","coordinates":[77.63240200000007,12.911655000000053,0]},"id":24},{"type":"Feature","properties":{"fid":25,"OBJECTID":25,"Name":"Placemark","FolderPath":"Document/flood_vulnerable_locations","SymbolID":0,"AltMode":-1,"Base":0,"Snippet":"","PopupInfo":"","HasLabel":-1,"LabelID":0,"ward_source_id":"ward_369_final.74","ward_source_Name":null,"ward_description":null,"ward_timestamp":null,"ward_begin":null,"ward_end":null,"ward_altitudeMode":null,"ward_tessellate":-1,"ward_extrude":0,"ward_visibility":-1,"ward_drawOrder":null,"ward_icon":null,"ward_Corporation":"South","ward_corporation_kn":"ದಕ್ಷಿಣ","ward_corporation_id":"4","ward_ac":"Jayanagar","ward_ac_kn":"ಜಯನಗರ","ward_ac_no":"173","ward_Assembly":"173 - Jayanagar","ward_id":"15","ward_name":"15 - Shakambarinagara","ward_name_kn":"ಶಾಕಂಭರಿನಗರ","ward_TOT_P":"25845.0","ward_TOT_M":"13244.0","ward_TOT_F":"12600.0","ward_SC_P":"1060.0","ward_SC_M":"532.0","ward_SC_F":"527.0","ward_ST_P":"211.0","ward_ST_M":"102.0","ward_ST_F":"109.0","ward_low_range":"18594","ward_high_range":"27891","ward_RO_Code":"10","ward_RO_Division":"RO- JP Nagar","ward_ARO_Code":"27","ward_ARO_ Sub Division":"ARO- Sarakki","ward_zone":"Zone1","ward_zone_name":"Jayanagar","ward_join_status":"matched","ward_spatial_match_count":1},"geometry":{"type":"Point","coordinates":[77.57491700000008,12.914056000000073,0]},"id":25},{"type":"Feature","properties":{"fid":26,"OBJECTID":26,"Name":"Placemark","FolderPath":"Document/flood_vulnerable_locations","SymbolID":0,"AltMode":-1,"Base":0,"Snippet":"","PopupInfo":"","HasLabel":-1,"LabelID":0,"ward_source_id":"ward_369_final.99","ward_source_Name":null,"ward_description":null,"ward_timestamp":null,"ward_begin":null,"ward_end":null,"ward_altitudeMode":null,"ward_tessellate":-1,"ward_extrude":0,"ward_visibility":-1,"ward_drawOrder":null,"ward_icon":null,"ward_Corporation":"South","ward_corporation_kn":"ದಕ್ಷಿಣ","ward_corporation_id":"4","ward_ac":"B.T.M Layout","ward_ac_kn":"ಬಿ.ಟಿ.ಎಂ. ಲೇಔಟ್","ward_ac_no":"172","ward_Assembly":"172 - B.T.M Layout","ward_id":"18","ward_name":"18 - Viswamanava Kuvempu Ward","ward_name_kn":"ವಿಶ್ವಮಾನವ ಕುವೆಂಪು ವಾರ್ಡ್","ward_TOT_P":"25500.0","ward_TOT_M":"13023.0","ward_TOT_F":"12477.0","ward_SC_P":"1408.0","ward_SC_M":"678.0","ward_SC_F":"731.0","ward_ST_P":"177.0","ward_ST_M":"90.0","ward_ST_F":"87.0","ward_low_range":"18594","ward_high_range":"27891","ward_RO_Code":"2","ward_RO_Division":"RO- B.T.M Layout","ward_ARO_Code":"3","ward_ARO_ Sub Division":"ARO- New Tavarekere","ward_zone":"Zone2","ward_zone_name":"Bommanahalli","ward_join_status":"matched","ward_spatial_match_count":1},"geometry":{"type":"Point","coordinates":[77.61675000000008,12.91575000000006,0]},"id":26},{"type":"Feature","properties":{"fid":27,"OBJECTID":27,"Name":"Placemark","FolderPath":"Document/flood_vulnerable_locations","SymbolID":0,"AltMode":-1,"Base":0,"Snippet":"","PopupInfo":"","HasLabel":-1,"LabelID":0,"ward_source_id":"ward_369_final.271","ward_source_Name":null,"ward_description":null,"ward_timestamp":null,"ward_begin":null,"ward_end":null,"ward_altitudeMode":null,"ward_tessellate":-1,"ward_extrude":0,"ward_visibility":-1,"ward_drawOrder":null,"ward_icon":null,"ward_Corporation":"West","ward_corporation_kn":"ಪಶ್ಚಿಮ","ward_corporation_id":"5","ward_ac":"Rajarajeshwarinagar","ward_ac_kn":"ರಾಜರಾಜೇಶ್ವರಿನಗರ","ward_ac_no":"154","ward_Assembly":"154 - Rajarajeshwarinagar","ward_id":"23","ward_name":"23 - Rajarajeshwari Nagara","ward_name_kn":"ರಾಜರಾಜೇಶ್ವರಿ ನಗರ","ward_TOT_P":"26050.0","ward_TOT_M":"13348.0","ward_TOT_F":"12601.0","ward_SC_P":"1457.0","ward_SC_M":"758.0","ward_SC_F":"700.0","ward_ST_P":"652.0","ward_ST_M":"342.0","ward_ST_F":"310.0","ward_low_range":"18949","ward_high_range":"28424","ward_RO_Code":"11","ward_RO_Division":"RO- Rajarajeswari Nagara","ward_ARO_Code":"35","ward_ARO_ Sub Division":"ARO- Rajarajeswari Nagara","ward_zone":"Zone1","ward_zone_name":"Rajarajeshwarinagar","ward_join_status":"matched","ward_spatial_match_count":1},"geometry":{"type":"Point","coordinates":[77.52050700000007,12.915793000000065,0]},"id":27},{"type":"Feature","properties":{"fid":28,"OBJECTID":28,"Name":"Placemark","FolderPath":"Document/flood_vulnerable_locations","SymbolID":0,"AltMode":-1,"Base":0,"Snippet":"","PopupInfo":"","HasLabel":-1,"LabelID":0,"ward_source_id":"ward_369_final.271","ward_source_Name":null,"ward_description":null,"ward_timestamp":null,"ward_begin":null,"ward_end":null,"ward_altitudeMode":null,"ward_tessellate":-1,"ward_extrude":0,"ward_visibility":-1,"ward_drawOrder":null,"ward_icon":null,"ward_Corporation":"West","ward_corporation_kn":"ಪಶ್ಚಿಮ","ward_corporation_id":"5","ward_ac":"Rajarajeshwarinagar","ward_ac_kn":"ರಾಜರಾಜೇಶ್ವರಿನಗರ","ward_ac_no":"154","ward_Assembly":"154 - Rajarajeshwarinagar","ward_id":"23","ward_name":"23 - Rajarajeshwari Nagara","ward_name_kn":"ರಾಜರಾಜೇಶ್ವರಿ ನಗರ","ward_TOT_P":"26050.0","ward_TOT_M":"13348.0","ward_TOT_F":"12601.0","ward_SC_P":"1457.0","ward_SC_M":"758.0","ward_SC_F":"700.0","ward_ST_P":"652.0","ward_ST_M":"342.0","ward_ST_F":"310.0","ward_low_range":"18949","ward_high_range":"28424","ward_RO_Code":"11","ward_RO_Division":"RO- Rajarajeswari Nagara","ward_ARO_Code":"35","ward_ARO_ Sub Division":"ARO- Rajarajeswari Nagara","ward_zone":"Zone1","ward_zone_name":"Rajarajeshwarinagar","ward_join_status":"matched","ward_spatial_match_count":1},"geometry":{"type":"Point","coordinates":[77.52255600000007,12.916406000000052,0]},"id":28},{"type":"Feature","properties":{"fid":29,"OBJECTID":29,"Name":"Placemark","FolderPath":"Document/flood_vulnerable_locations","SymbolID":0,"AltMode":-1,"Base":0,"Snippet":"","PopupInfo":"","HasLabel":-1,"LabelID":0,"ward_source_id":"ward_369_final.271","ward_source_Name":null,"ward_description":null,"ward_timestamp":null,"ward_begin":null,"ward_end":null,"ward_altitudeMode":null,"ward_tessellate":-1,"ward_extrude":0,"ward_visibility":-1,"ward_drawOrder":null,"ward_icon":null,"ward_Corporation":"West","ward_corporation_kn":"ಪಶ್ಚಿಮ","ward_corporation_id":"5","ward_ac":"Rajarajeshwarinagar","ward_ac_kn":"ರಾಜರಾಜೇಶ್ವರಿನಗರ","ward_ac_no":"154","ward_Assembly":"154 - Rajarajeshwarinagar","ward_id":"23","ward_name":"23 - Rajarajeshwari Nagara","ward_name_kn":"ರಾಜರಾಜೇಶ್ವರಿ ನಗರ","ward_TOT_P":"26050.0","ward_TOT_M":"13348.0","ward_TOT_F":"12601.0","ward_SC_P":"1457.0","ward_SC_M":"758.0","ward_SC_F":"700.0","ward_ST_P":"652.0","ward_ST_M":"342.0","ward_ST_F":"310.0","ward_low_range":"18949","ward_high_range":"28424","ward_RO_Code":"11","ward_RO_Division":"RO- Rajarajeswari Nagara","ward_ARO_Code":"35","ward_ARO_ Sub Division":"ARO- Rajarajeswari Nagara","ward_zone":"Zone1","ward_zone_name":"Rajarajeshwarinagar","ward_join_status":"matched","ward_spatial_match_count":1},"geometry":{"type":"Point","coordinates":[77.52088300000008,12.91643300000004,0]},"id":29},{"type":"Feature","properties":{"fid":30,"OBJECTID":30,"Name":"Placemark","FolderPath":"Document/flood_vulnerable_locations","SymbolID":0,"AltMode":-1,"Base":0,"Snippet":"","PopupInfo":"","HasLabel":-1,"LabelID":0,"ward_source_id":"ward_369_final.95","ward_source_Name":null,"ward_description":null,"ward_timestamp":null,"ward_begin":null,"ward_end":null,"ward_altitudeMode":null,"ward_tessellate":-1,"ward_extrude":0,"ward_visibility":-1,"ward_drawOrder":null,"ward_icon":null,"ward_Corporation":"South","ward_corporation_kn":"ದಕ್ಷಿಣ","ward_corporation_id":"4","ward_ac":"Jayanagar","ward_ac_kn":"ಜಯನಗರ","ward_ac_no":"173","ward_Assembly":"173 - Jayanagar","ward_id":"14","ward_name":"14 - J.P Nagar","ward_name_kn":"ಜೆ.ಪಿ. ನಗರ","ward_TOT_P":"22264.0","ward_TOT_M":"11250.0","ward_TOT_F":"11015.0","ward_SC_P":"1995.0","ward_SC_M":"966.0","ward_SC_F":"1029.0","ward_ST_P":"173.0","ward_ST_M":"89.0","ward_ST_F":"84.0","ward_low_range":"18594","ward_high_range":"27891","ward_RO_Code":"10","ward_RO_Division":"RO- JP Nagar","ward_ARO_Code":"26","ward_ARO_ Sub Division":"ARO- JP Nagar","ward_zone":"Zone1","ward_zone_name":"Jayanagar","ward_join_status":"matched","ward_spatial_match_count":1},"geometry":{"type":"Point","coordinates":[77.59988900000008,12.916472000000056,0]},"id":30},{"type":"Feature","properties":{"fid":31,"OBJECTID":31,"Name":"Placemark","FolderPath":"Document/flood_vulnerable_locations","SymbolID":0,"AltMode":-1,"Base":0,"Snippet":"","PopupInfo":"","HasLabel":-1,"LabelID":0,"ward_source_id":"ward_369_final.153","ward_source_Name":null,"ward_description":null,"ward_timestamp":null,"ward_begin":null,"ward_end":null,"ward_altitudeMode":null,"ward_tessellate":-1,"ward_extrude":0,"ward_visibility":-1,"ward_drawOrder":null,"ward_icon":null,"ward_Corporation":"South","ward_corporation_kn":"ದಕ್ಷಿಣ","ward_corporation_id":"4","ward_ac":"Bommanahalli","ward_ac_kn":"ಬೊಮ್ಮನಹಳ್ಳಿ","ward_ac_no":"175","ward_Assembly":"175 - Bommanahalli","ward_id":"61","ward_name":"61 - Kodi Chikkanahalli","ward_name_kn":"ಕೋಡಿ ಚಿಕ್ಕನಹಳ್ಳಿ","ward_TOT_P":"27784.0","ward_TOT_M":"14680.0","ward_TOT_F":"13104.0","ward_SC_P":"4153.0","ward_SC_M":"2097.0","ward_SC_F":"2056.0","ward_ST_P":"534.0","ward_ST_M":"270.0","ward_ST_F":"264.0","ward_low_range":"18594","ward_high_range":"27891","ward_RO_Code":"6","ward_RO_Division":"RO- Arakere","ward_ARO_Code":"16","ward_ARO_ Sub Division":"ARO- Bilekanahalli","ward_zone":"Zone2","ward_zone_name":"Bommanahalli","ward_join_status":"matched","ward_spatial_match_count":1},"geometry":{"type":"Point","coordinates":[77.62272200000007,12.917194000000052,0]},"id":31},{"type":"Feature","properties":{"fid":32,"OBJECTID":32,"Name":"Placemark","FolderPath":"Document/flood_vulnerable_locations","SymbolID":0,"AltMode":-1,"Base":0,"Snippet":"","PopupInfo":"","HasLabel":-1,"LabelID":0,"ward_source_id":"ward_369_final.290","ward_source_Name":null,"ward_description":null,"ward_timestamp":null,"ward_begin":null,"ward_end":null,"ward_altitudeMode":null,"ward_tessellate":-1,"ward_extrude":0,"ward_visibility":-1,"ward_drawOrder":null,"ward_icon":null,"ward_Corporation":"West","ward_corporation_kn":"ಪಶ್ಚಿಮ","ward_corporation_id":"5","ward_ac":"Yeshwanthapura","ward_ac_kn":"ಯಶವಂತಪುರ","ward_ac_no":"153","ward_Assembly":"153 - Yeshwanthapura","ward_id":"21","ward_name":"21 - Kengeri","ward_name_kn":"ಕೆಂಗೇರಿ","ward_TOT_P":"21835.0","ward_TOT_M":"11253.0","ward_TOT_F":"10582.0","ward_SC_P":"2478.0","ward_SC_M":"1266.0","ward_SC_F":"1212.0","ward_ST_P":"371.0","ward_ST_M":"210.0","ward_ST_F":"161.0","ward_low_range":"18949","ward_high_range":"28424","ward_RO_Code":"15","ward_RO_Division":"RO- Kengeri","ward_ARO_Code":"44","ward_ARO_ Sub Division":"ARO- Kengeri","ward_zone":"Zone1","ward_zone_name":"Rajarajeshwarinagar","ward_join_status":"matched","ward_spatial_match_count":1},"geometry":{"type":"Point","coordinates":[77.50199100000003,12.918067000000065,0]},"id":32},{"type":"Feature","properties":{"fid":33,"OBJECTID":33,"Name":"Placemark","FolderPath":"Document/flood_vulnerable_locations","SymbolID":0,"AltMode":-1,"Base":0,"Snippet":"","PopupInfo":"","HasLabel":-1,"LabelID":0,"ward_source_id":"ward_369_final.169","ward_source_Name":null,"ward_description":null,"ward_timestamp":null,"ward_begin":null,"ward_end":null,"ward_altitudeMode":null,"ward_tessellate":-1,"ward_extrude":0,"ward_visibility":-1,"ward_drawOrder":null,"ward_icon":null,"ward_Corporation":"South","ward_corporation_kn":"ದಕ್ಷಿಣ","ward_corporation_id":"4","ward_ac":"B.T.M Layout","ward_ac_kn":"ಬಿ.ಟಿ.ಎಂ. ಲೇಔಟ್","ward_ac_no":"172","ward_Assembly":"172 - B.T.M Layout","ward_id":"29","ward_name":"29 - Kormangala West","ward_name_kn":"ಕೋರಮಂಗಲ ಪಶ್ಚಿಮ","ward_TOT_P":"27879.0","ward_TOT_M":"14436.0","ward_TOT_F":"13494.0","ward_SC_P":"5999.0","ward_SC_M":"3098.0","ward_SC_F":"2901.0","ward_ST_P":"1058.0","ward_ST_M":"527.0","ward_ST_F":"531.0","ward_low_range":"18594","ward_high_range":"27891","ward_RO_Code":"3","ward_RO_Division":"RO- Kormangala","ward_ARO_Code":"6","ward_ARO_ Sub Division":"ARO- Lakkasandra","ward_zone":"Zone2","ward_zone_name":"Bommanahalli","ward_join_status":"matched","ward_spatial_match_count":1},"geometry":{"type":"Point","coordinates":[77.62188900000007,12.918639000000042,0]},"id":33},{"type":"Feature","properties":{"fid":34,"OBJECTID":34,"Name":"Placemark","FolderPath":"Document/flood_vulnerable_locations","SymbolID":0,"AltMode":-1,"Base":0,"Snippet":"","PopupInfo":"","HasLabel":-1,"LabelID":0,"ward_source_id":"ward_369_final.235","ward_source_Name":null,"ward_description":null,"ward_timestamp":null,"ward_begin":null,"ward_end":null,"ward_altitudeMode":null,"ward_tessellate":-1,"ward_extrude":0,"ward_visibility":-1,"ward_drawOrder":null,"ward_icon":null,"ward_Corporation":"East","ward_corporation_kn":"ಪೂರ್ವ","ward_corporation_id":"3","ward_ac":"Mahadevapura","ward_ac_kn":"ಮಹದೇವಪುರ","ward_ac_no":"174","ward_Assembly":"174 - Mahadevapura","ward_id":"50","ward_name":"50 - Gunjur","ward_name_kn":"ಗುಂಜೂರು","ward_TOT_P":"15085.0","ward_TOT_M":"7755.0","ward_TOT_F":"7330.0","ward_SC_P":"2937.0","ward_SC_M":"1490.0","ward_SC_F":"1447.0","ward_ST_P":"267.0","ward_ST_M":"131.0","ward_ST_F":"136.0","ward_low_range":"14567","ward_high_range":"21851","ward_RO_Code":"5","ward_RO_Division":"RO- Bellanduru","ward_ARO_Code":"14","ward_ARO_ Sub Division":"ARO- Gunjur","ward_zone":"Zone1","ward_zone_name":"Mahadevapura","ward_join_status":"matched","ward_spatial_match_count":1},"geometry":{"type":"Point","coordinates":[77.73249800000008,12.92109000000005,0]},"id":34},{"type":"Feature","properties":{"fid":35,"OBJECTID":35,"Name":"Placemark","FolderPath":"Document/flood_vulnerable_locations","SymbolID":0,"AltMode":-1,"Base":0,"Snippet":"","PopupInfo":"","HasLabel":-1,"LabelID":0,"ward_source_id":"ward_369_final.35","ward_source_Name":null,"ward_description":null,"ward_timestamp":null,"ward_begin":null,"ward_end":null,"ward_altitudeMode":null,"ward_tessellate":-1,"ward_extrude":0,"ward_visibility":-1,"ward_drawOrder":null,"ward_icon":null,"ward_Corporation":"South","ward_corporation_kn":"ದಕ್ಷಿಣ","ward_corporation_id":"4","ward_ac":"Jayanagar","ward_ac_kn":"ಜಯನಗರ","ward_ac_no":"173","ward_Assembly":"173 - Jayanagar","ward_id":"10","ward_name":"10 - Abdul Kalam Nagar","ward_name_kn":"ಅಬ್ದುಲ್ ಕಲಾಂ ನಗರ","ward_TOT_P":"23124.0","ward_TOT_M":"11865.0","ward_TOT_F":"11259.0","ward_SC_P":"1506.0","ward_SC_M":"768.0","ward_SC_F":"738.0","ward_ST_P":"217.0","ward_ST_M":"104.0","ward_ST_F":"114.0","ward_low_range":"18594","ward_high_range":"27891","ward_RO_Code":"9","ward_RO_Division":"RO- Jayanagar","ward_ARO_Code":"25","ward_ARO_ Sub Division":"ARO- NAL Layout","ward_zone":"Zone1","ward_zone_name":"Jayanagar","ward_join_status":"matched","ward_spatial_match_count":1},"geometry":{"type":"Point","coordinates":[77.59994400000005,12.921694000000059,0]},"id":35},{"type":"Feature","properties":{"fid":36,"OBJECTID":36,"Name":"Placemark","FolderPath":"Document/flood_vulnerable_locations","SymbolID":0,"AltMode":-1,"Base":0,"Snippet":"","PopupInfo":"","HasLabel":-1,"LabelID":0,"ward_source_id":"ward_369_final.290","ward_source_Name":null,"ward_description":null,"ward_timestamp":null,"ward_begin":null,"ward_end":null,"ward_altitudeMode":null,"ward_tessellate":-1,"ward_extrude":0,"ward_visibility":-1,"ward_drawOrder":null,"ward_icon":null,"ward_Corporation":"West","ward_corporation_kn":"ಪಶ್ಚಿಮ","ward_corporation_id":"5","ward_ac":"Yeshwanthapura","ward_ac_kn":"ಯಶವಂತಪುರ","ward_ac_no":"153","ward_Assembly":"153 - Yeshwanthapura","ward_id":"21","ward_name":"21 - Kengeri","ward_name_kn":"ಕೆಂಗೇರಿ","ward_TOT_P":"21835.0","ward_TOT_M":"11253.0","ward_TOT_F":"10582.0","ward_SC_P":"2478.0","ward_SC_M":"1266.0","ward_SC_F":"1212.0","ward_ST_P":"371.0","ward_ST_M":"210.0","ward_ST_F":"161.0","ward_low_range":"18949","ward_high_range":"28424","ward_RO_Code":"15","ward_RO_Division":"RO- Kengeri","ward_ARO_Code":"44","ward_ARO_ Sub Division":"ARO- Kengeri","ward_zone":"Zone1","ward_zone_name":"Rajarajeshwarinagar","ward_join_status":"matched","ward_spatial_match_count":1},"geometry":{"type":"Point","coordinates":[77.51148000000006,12.922204000000022,0]},"id":36},{"type":"Feature","properties":{"fid":37,"OBJECTID":37,"Name":"Placemark","FolderPath":"Document/flood_vulnerable_locations","SymbolID":0,"AltMode":-1,"Base":0,"Snippet":"","PopupInfo":"","HasLabel":-1,"LabelID":0,"ward_source_id":"ward_369_final.271","ward_source_Name":null,"ward_description":null,"ward_timestamp":null,"ward_begin":null,"ward_end":null,"ward_altitudeMode":null,"ward_tessellate":-1,"ward_extrude":0,"ward_visibility":-1,"ward_drawOrder":null,"ward_icon":null,"ward_Corporation":"West","ward_corporation_kn":"ಪಶ್ಚಿಮ","ward_corporation_id":"5","ward_ac":"Rajarajeshwarinagar","ward_ac_kn":"ರಾಜರಾಜೇಶ್ವರಿನಗರ","ward_ac_no":"154","ward_Assembly":"154 - Rajarajeshwarinagar","ward_id":"23","ward_name":"23 - Rajarajeshwari Nagara","ward_name_kn":"ರಾಜರಾಜೇಶ್ವರಿ ನಗರ","ward_TOT_P":"26050.0","ward_TOT_M":"13348.0","ward_TOT_F":"12601.0","ward_SC_P":"1457.0","ward_SC_M":"758.0","ward_SC_F":"700.0","ward_ST_P":"652.0","ward_ST_M":"342.0","ward_ST_F":"310.0","ward_low_range":"18949","ward_high_range":"28424","ward_RO_Code":"11","ward_RO_Division":"RO- Rajarajeswari Nagara","ward_ARO_Code":"35","ward_ARO_ Sub Division":"ARO- Rajarajeswari Nagara","ward_zone":"Zone1","ward_zone_name":"Rajarajeshwarinagar","ward_join_status":"matched","ward_spatial_match_count":1},"geometry":{"type":"Point","coordinates":[77.51852200000008,12.922817000000066,0]},"id":37},{"type":"Feature","properties":{"fid":38,"OBJECTID":38,"Name":"Placemark","FolderPath":"Document/flood_vulnerable_locations","SymbolID":0,"AltMode":-1,"Base":0,"Snippet":"","PopupInfo":"","HasLabel":-1,"LabelID":0,"ward_source_id":"ward_369_final.35","ward_source_Name":null,"ward_description":null,"ward_timestamp":null,"ward_begin":null,"ward_end":null,"ward_altitudeMode":null,"ward_tessellate":-1,"ward_extrude":0,"ward_visibility":-1,"ward_drawOrder":null,"ward_icon":null,"ward_Corporation":"South","ward_corporation_kn":"ದಕ್ಷಿಣ","ward_corporation_id":"4","ward_ac":"Jayanagar","ward_ac_kn":"ಜಯನಗರ","ward_ac_no":"173","ward_Assembly":"173 - Jayanagar","ward_id":"10","ward_name":"10 - Abdul Kalam Nagar","ward_name_kn":"ಅಬ್ದುಲ್ ಕಲಾಂ ನಗರ","ward_TOT_P":"23124.0","ward_TOT_M":"11865.0","ward_TOT_F":"11259.0","ward_SC_P":"1506.0","ward_SC_M":"768.0","ward_SC_F":"738.0","ward_ST_P":"217.0","ward_ST_M":"104.0","ward_ST_F":"114.0","ward_low_range":"18594","ward_high_range":"27891","ward_RO_Code":"9","ward_RO_Division":"RO- Jayanagar","ward_ARO_Code":"25","ward_ARO_ Sub Division":"ARO- NAL Layout","ward_zone":"Zone1","ward_zone_name":"Jayanagar","ward_join_status":"matched","ward_spatial_match_count":1},"geometry":{"type":"Point","coordinates":[77.60044400000004,12.923000000000059,0]},"id":38},{"type":"Feature","properties":{"fid":39,"OBJECTID":39,"Name":"Placemark","FolderPath":"Document/flood_vulnerable_locations","SymbolID":0,"AltMode":-1,"Base":0,"Snippet":"","PopupInfo":"","HasLabel":-1,"LabelID":0,"ward_source_id":"ward_369_final.62","ward_source_Name":null,"ward_description":null,"ward_timestamp":null,"ward_begin":null,"ward_end":null,"ward_altitudeMode":null,"ward_tessellate":-1,"ward_extrude":0,"ward_visibility":-1,"ward_drawOrder":null,"ward_icon":null,"ward_Corporation":"West","ward_corporation_kn":"ಪಶ್ಚಿಮ","ward_corporation_id":"5","ward_ac":"Rajarajeshwarinagar","ward_ac_kn":"ರಾಜರಾಜೇಶ್ವರಿನಗರ","ward_ac_no":"154","ward_Assembly":"154 - Rajarajeshwarinagar","ward_id":"22","ward_name":"22 - Bangarappa Nagara","ward_name_kn":"ಬಂಗಾರಪ್ಪ ನಗರ","ward_TOT_P":"28414.0","ward_TOT_M":"14846.0","ward_TOT_F":"13669.0","ward_SC_P":"2140.0","ward_SC_M":"1088.0","ward_SC_F":"1052.0","ward_ST_P":"836.0","ward_ST_M":"430.0","ward_ST_F":"406.0","ward_low_range":"18949","ward_high_range":"28424","ward_RO_Code":"11","ward_RO_Division":"RO- Rajarajeswari Nagara","ward_ARO_Code":"35","ward_ARO_ Sub Division":"ARO- Rajarajeswari Nagara","ward_zone":"Zone1","ward_zone_name":"Rajarajeshwarinagar","ward_join_status":"matched","ward_spatial_match_count":1},"geometry":{"type":"Point","coordinates":[77.53893700000003,12.923239000000024,0]},"id":39},{"type":"Feature","properties":{"fid":40,"OBJECTID":40,"Name":"Placemark","FolderPath":"Document/flood_vulnerable_locations","SymbolID":0,"AltMode":-1,"Base":0,"Snippet":"","PopupInfo":"","HasLabel":-1,"LabelID":0,"ward_source_id":"ward_369_final.290","ward_source_Name":null,"ward_description":null,"ward_timestamp":null,"ward_begin":null,"ward_end":null,"ward_altitudeMode":null,"ward_tessellate":-1,"ward_extrude":0,"ward_visibility":-1,"ward_drawOrder":null,"ward_icon":null,"ward_Corporation":"West","ward_corporation_kn":"ಪಶ್ಚಿಮ","ward_corporation_id":"5","ward_ac":"Yeshwanthapura","ward_ac_kn":"ಯಶವಂತಪುರ","ward_ac_no":"153","ward_Assembly":"153 - Yeshwanthapura","ward_id":"21","ward_name":"21 - Kengeri","ward_name_kn":"ಕೆಂಗೇರಿ","ward_TOT_P":"21835.0","ward_TOT_M":"11253.0","ward_TOT_F":"10582.0","ward_SC_P":"2478.0","ward_SC_M":"1266.0","ward_SC_F":"1212.0","ward_ST_P":"371.0","ward_ST_M":"210.0","ward_ST_F":"161.0","ward_low_range":"18949","ward_high_range":"28424","ward_RO_Code":"15","ward_RO_Division":"RO- Kengeri","ward_ARO_Code":"44","ward_ARO_ Sub Division":"ARO- Kengeri","ward_zone":"Zone1","ward_zone_name":"Rajarajeshwarinagar","ward_join_status":"matched","ward_spatial_match_count":1},"geometry":{"type":"Point","coordinates":[77.50500300000004,12.923415000000034,0]},"id":40},{"type":"Feature","properties":{"fid":41,"OBJECTID":41,"Name":"Placemark","FolderPath":"Document/flood_vulnerable_locations","SymbolID":0,"AltMode":-1,"Base":0,"Snippet":"","PopupInfo":"","HasLabel":-1,"LabelID":0,"ward_source_id":"ward_369_final.333","ward_source_Name":null,"ward_description":null,"ward_timestamp":null,"ward_begin":null,"ward_end":null,"ward_altitudeMode":null,"ward_tessellate":-1,"ward_extrude":0,"ward_visibility":-1,"ward_drawOrder":null,"ward_icon":null,"ward_Corporation":"West","ward_corporation_kn":"ಪಶ್ಚಿಮ","ward_corporation_id":"5","ward_ac":"Padmanabanagar","ward_ac_kn":"ಪದ್ಮನಾಭನಗರ","ward_ac_no":"171","ward_Assembly":"171 - Padmanabanagar","ward_id":"111","ward_name":"111 - Ittamadu","ward_name_kn":"ಇಟ್ಟಮಡು","ward_TOT_P":"19028.0","ward_TOT_M":"9971.0","ward_TOT_F":"9056.0","ward_SC_P":"1010.0","ward_SC_M":"523.0","ward_SC_F":"488.0","ward_ST_P":"144.0","ward_ST_M":"70.0","ward_ST_F":"74.0","ward_low_range":"18949","ward_high_range":"28424","ward_RO_Code":"7","ward_RO_Division":"RO- Yediyuru","ward_ARO_Code":"24","ward_ARO_ Sub Division":"ARO- Hosakerehalli","ward_zone":"Zone1","ward_zone_name":"Rajarajeshwarinagar","ward_join_status":"matched","ward_spatial_match_count":1},"geometry":{"type":"Point","coordinates":[77.53913300000005,12.92469600000004,0]},"id":41},{"type":"Feature","properties":{"fid":42,"OBJECTID":42,"Name":"Placemark","FolderPath":"Document/flood_vulnerable_locations","SymbolID":0,"AltMode":-1,"Base":0,"Snippet":"","PopupInfo":"","HasLabel":-1,"LabelID":0,"ward_source_id":"ward_369_final.271","ward_source_Name":null,"ward_description":null,"ward_timestamp":null,"ward_begin":null,"ward_end":null,"ward_altitudeMode":null,"ward_tessellate":-1,"ward_extrude":0,"ward_visibility":-1,"ward_drawOrder":null,"ward_icon":null,"ward_Corporation":"West","ward_corporation_kn":"ಪಶ್ಚಿಮ","ward_corporation_id":"5","ward_ac":"Rajarajeshwarinagar","ward_ac_kn":"ರಾಜರಾಜೇಶ್ವರಿನಗರ","ward_ac_no":"154","ward_Assembly":"154 - Rajarajeshwarinagar","ward_id":"23","ward_name":"23 - Rajarajeshwari Nagara","ward_name_kn":"ರಾಜರಾಜೇಶ್ವರಿ ನಗರ","ward_TOT_P":"26050.0","ward_TOT_M":"13348.0","ward_TOT_F":"12601.0","ward_SC_P":"1457.0","ward_SC_M":"758.0","ward_SC_F":"700.0","ward_ST_P":"652.0","ward_ST_M":"342.0","ward_ST_F":"310.0","ward_low_range":"18949","ward_high_range":"28424","ward_RO_Code":"11","ward_RO_Division":"RO- Rajarajeswari Nagara","ward_ARO_Code":"35","ward_ARO_ Sub Division":"ARO- Rajarajeswari Nagara","ward_zone":"Zone1","ward_zone_name":"Rajarajeshwarinagar","ward_join_status":"matched","ward_spatial_match_count":1},"geometry":{"type":"Point","coordinates":[77.52155600000003,12.924817000000075,0]},"id":42},{"type":"Feature","properties":{"fid":43,"OBJECTID":43,"Name":"Placemark","FolderPath":"Document/flood_vulnerable_locations","SymbolID":0,"AltMode":-1,"Base":0,"Snippet":"","PopupInfo":"","HasLabel":-1,"LabelID":0,"ward_source_id":"ward_369_final.104","ward_source_Name":null,"ward_description":null,"ward_timestamp":null,"ward_begin":null,"ward_end":null,"ward_altitudeMode":null,"ward_tessellate":-1,"ward_extrude":0,"ward_visibility":-1,"ward_drawOrder":null,"ward_icon":null,"ward_Corporation":"South","ward_corporation_kn":"ದಕ್ಷಿಣ","ward_corporation_id":"4","ward_ac":"B.T.M Layout","ward_ac_kn":"ಬಿ.ಟಿ.ಎಂ. ಲೇಔಟ್","ward_ac_no":"172","ward_Assembly":"172 - B.T.M Layout","ward_id":"19","ward_name":"19 - New Tavarekere","ward_name_kn":"ಹೊಸ ತಾವರೆಕೆರೆ","ward_TOT_P":"19251.0","ward_TOT_M":"10723.0","ward_TOT_F":"8528.0","ward_SC_P":"1357.0","ward_SC_M":"714.0","ward_SC_F":"643.0","ward_ST_P":"538.0","ward_ST_M":"274.0","ward_ST_F":"264.0","ward_low_range":"18594","ward_high_range":"27891","ward_RO_Code":"2","ward_RO_Division":"RO- B.T.M Layout","ward_ARO_Code":"3","ward_ARO_ Sub Division":"ARO- New Tavarekere","ward_zone":"Zone2","ward_zone_name":"Bommanahalli","ward_join_status":"matched","ward_spatial_match_count":1},"geometry":{"type":"Point","coordinates":[77.60902800000008,12.924944000000039,0]},"id":43},{"type":"Feature","properties":{"fid":44,"OBJECTID":44,"Name":"Placemark","FolderPath":"Document/flood_vulnerable_locations","SymbolID":0,"AltMode":-1,"Base":0,"Snippet":"","PopupInfo":"","HasLabel":-1,"LabelID":0,"ward_source_id":"ward_369_final.205","ward_source_Name":null,"ward_description":null,"ward_timestamp":null,"ward_begin":null,"ward_end":null,"ward_altitudeMode":null,"ward_tessellate":-1,"ward_extrude":0,"ward_visibility":-1,"ward_drawOrder":null,"ward_icon":null,"ward_Corporation":"East","ward_corporation_kn":"ಪೂರ್ವ","ward_corporation_id":"3","ward_ac":"Mahadevapura","ward_ac_kn":"ಮಹದೇವಪುರ","ward_ac_no":"174","ward_Assembly":"174 - Mahadevapura","ward_id":"49","ward_name":"49 - Shivanasamudra Ward","ward_name_kn":"ಶಿವನಸಮುದ್ರ ವಾರ್ಡ್","ward_TOT_P":"15012.0","ward_TOT_M":"8198.0","ward_TOT_F":"6814.0","ward_SC_P":"1608.0","ward_SC_M":"834.0","ward_SC_F":"774.0","ward_ST_P":"286.0","ward_ST_M":"156.0","ward_ST_F":"130.0","ward_low_range":"14567","ward_high_range":"21851","ward_RO_Code":"5","ward_RO_Division":"RO- Bellanduru","ward_ARO_Code":"14","ward_ARO_ Sub Division":"ARO- Gunjur","ward_zone":"Zone1","ward_zone_name":"Mahadevapura","ward_join_status":"matched","ward_spatial_match_count":1},"geometry":{"type":"Point","coordinates":[77.67811600000005,12.926464000000067,0]},"id":44},{"type":"Feature","properties":{"fid":45,"OBJECTID":45,"Name":"Placemark","FolderPath":"Document/flood_vulnerable_locations","SymbolID":0,"AltMode":-1,"Base":0,"Snippet":"","PopupInfo":"","HasLabel":-1,"LabelID":0,"ward_source_id":"ward_369_final.271","ward_source_Name":null,"ward_description":null,"ward_timestamp":null,"ward_begin":null,"ward_end":null,"ward_altitudeMode":null,"ward_tessellate":-1,"ward_extrude":0,"ward_visibility":-1,"ward_drawOrder":null,"ward_icon":null,"ward_Corporation":"West","ward_corporation_kn":"ಪಶ್ಚಿಮ","ward_corporation_id":"5","ward_ac":"Rajarajeshwarinagar","ward_ac_kn":"ರಾಜರಾಜೇಶ್ವರಿನಗರ","ward_ac_no":"154","ward_Assembly":"154 - Rajarajeshwarinagar","ward_id":"23","ward_name":"23 - Rajarajeshwari Nagara","ward_name_kn":"ರಾಜರಾಜೇಶ್ವರಿ ನಗರ","ward_TOT_P":"26050.0","ward_TOT_M":"13348.0","ward_TOT_F":"12601.0","ward_SC_P":"1457.0","ward_SC_M":"758.0","ward_SC_F":"700.0","ward_ST_P":"652.0","ward_ST_M":"342.0","ward_ST_F":"310.0","ward_low_range":"18949","ward_high_range":"28424","ward_RO_Code":"11","ward_RO_Division":"RO- Rajarajeswari Nagara","ward_ARO_Code":"35","ward_ARO_ Sub Division":"ARO- Rajarajeswari Nagara","ward_zone":"Zone1","ward_zone_name":"Rajarajeshwarinagar","ward_join_status":"matched","ward_spatial_match_count":1},"geometry":{"type":"Point","coordinates":[77.52033100000006,12.928569000000039,0]},"id":45},{"type":"Feature","properties":{"fid":46,"OBJECTID":46,"Name":"Placemark","FolderPath":"Document/flood_vulnerable_locations","SymbolID":0,"AltMode":-1,"Base":0,"Snippet":"","PopupInfo":"","HasLabel":-1,"LabelID":0,"ward_source_id":"ward_369_final.246","ward_source_Name":null,"ward_description":null,"ward_timestamp":null,"ward_begin":null,"ward_end":null,"ward_altitudeMode":null,"ward_tessellate":-1,"ward_extrude":0,"ward_visibility":-1,"ward_drawOrder":null,"ward_icon":null,"ward_Corporation":"East","ward_corporation_kn":"ಪೂರ್ವ","ward_corporation_id":"3","ward_ac":"Mahadevapura","ward_ac_kn":"ಮಹದೇವಪುರ","ward_ac_no":"174","ward_Assembly":"174 - Mahadevapura","ward_id":"48","ward_name":"48 - Panathur","ward_name_kn":"ಪಣತ್ತೂರು","ward_TOT_P":"14766.0","ward_TOT_M":"8426.0","ward_TOT_F":"6340.0","ward_SC_P":"3791.0","ward_SC_M":"1901.0","ward_SC_F":"1890.0","ward_ST_P":"294.0","ward_ST_M":"160.0","ward_ST_F":"133.0","ward_low_range":"14567","ward_high_range":"21851","ward_RO_Code":"5","ward_RO_Division":"RO- Bellanduru","ward_ARO_Code":"14","ward_ARO_ Sub Division":"ARO- Gunjur","ward_zone":"Zone1","ward_zone_name":"Mahadevapura","ward_join_status":"matched","ward_spatial_match_count":1},"geometry":{"type":"Point","coordinates":[77.71790800000008,12.928796000000034,0]},"id":46},{"type":"Feature","properties":{"fid":47,"OBJECTID":47,"Name":"Placemark","FolderPath":"Document/flood_vulnerable_locations","SymbolID":0,"AltMode":-1,"Base":0,"Snippet":"","PopupInfo":"","HasLabel":-1,"LabelID":0,"ward_source_id":"ward_369_final.111","ward_source_Name":null,"ward_description":null,"ward_timestamp":null,"ward_begin":null,"ward_end":null,"ward_altitudeMode":null,"ward_tessellate":-1,"ward_extrude":0,"ward_visibility":-1,"ward_drawOrder":null,"ward_icon":null,"ward_Corporation":"South","ward_corporation_kn":"ದಕ್ಷಿಣ","ward_corporation_id":"4","ward_ac":"B.T.M Layout","ward_ac_kn":"ಬಿ.ಟಿ.ಎಂ. ಲೇಔಟ್","ward_ac_no":"172","ward_Assembly":"172 - B.T.M Layout","ward_id":"22","ward_name":"22 - S.G Palya","ward_name_kn":"ಎಸ್.ಜಿ. ಪಾಳ್ಯ","ward_TOT_P":"21440.0","ward_TOT_M":"11439.0","ward_TOT_F":"10001.0","ward_SC_P":"2624.0","ward_SC_M":"1351.0","ward_SC_F":"1273.0","ward_ST_P":"272.0","ward_ST_M":"138.0","ward_ST_F":"134.0","ward_low_range":"18594","ward_high_range":"27891","ward_RO_Code":"2","ward_RO_Division":"RO- B.T.M Layout","ward_ARO_Code":"2","ward_ARO_ Sub Division":"ARO- Madiwala","ward_zone":"Zone2","ward_zone_name":"Bommanahalli","ward_join_status":"matched","ward_spatial_match_count":1},"geometry":{"type":"Point","coordinates":[77.60102800000004,12.930250000000058,0]},"id":47},{"type":"Feature","properties":{"fid":48,"OBJECTID":48,"Name":"Placemark","FolderPath":"Document/flood_vulnerable_locations","SymbolID":0,"AltMode":-1,"Base":0,"Snippet":"","PopupInfo":"","HasLabel":-1,"LabelID":0,"ward_source_id":"ward_369_final.271","ward_source_Name":null,"ward_description":null,"ward_timestamp":null,"ward_begin":null,"ward_end":null,"ward_altitudeMode":null,"ward_tessellate":-1,"ward_extrude":0,"ward_visibility":-1,"ward_drawOrder":null,"ward_icon":null,"ward_Corporation":"West","ward_corporation_kn":"ಪಶ್ಚಿಮ","ward_corporation_id":"5","ward_ac":"Rajarajeshwarinagar","ward_ac_kn":"ರಾಜರಾಜೇಶ್ವರಿನಗರ","ward_ac_no":"154","ward_Assembly":"154 - Rajarajeshwarinagar","ward_id":"23","ward_name":"23 - Rajarajeshwari Nagara","ward_name_kn":"ರಾಜರಾಜೇಶ್ವರಿ ನಗರ","ward_TOT_P":"26050.0","ward_TOT_M":"13348.0","ward_TOT_F":"12601.0","ward_SC_P":"1457.0","ward_SC_M":"758.0","ward_SC_F":"700.0","ward_ST_P":"652.0","ward_ST_M":"342.0","ward_ST_F":"310.0","ward_low_range":"18949","ward_high_range":"28424","ward_RO_Code":"11","ward_RO_Division":"RO- Rajarajeswari Nagara","ward_ARO_Code":"35","ward_ARO_ Sub Division":"ARO- Rajarajeswari Nagara","ward_zone":"Zone1","ward_zone_name":"Rajarajeshwarinagar","ward_join_status":"matched","ward_spatial_match_count":1},"geometry":{"type":"Point","coordinates":[77.51299200000005,12.931592000000023,0]},"id":48},{"type":"Feature","properties":{"fid":49,"OBJECTID":49,"Name":"Placemark","FolderPath":"Document/flood_vulnerable_locations","SymbolID":0,"AltMode":-1,"Base":0,"Snippet":"","PopupInfo":"","HasLabel":-1,"LabelID":0,"ward_source_id":"ward_369_final.269","ward_source_Name":null,"ward_description":null,"ward_timestamp":null,"ward_begin":null,"ward_end":null,"ward_altitudeMode":null,"ward_tessellate":-1,"ward_extrude":0,"ward_visibility":-1,"ward_drawOrder":null,"ward_icon":null,"ward_Corporation":"Central","ward_corporation_kn":"ಕೇಂದ್ರ","ward_corporation_id":"1","ward_ac":"Chickpet","ward_ac_kn":"ಚಿಕ್ಕಪೇಟೆ","ward_ac_no":"169","ward_Assembly":"169 - Chickpet","ward_id":"37","ward_name":"37 - BHEL Ward","ward_name_kn":"ಬಿಎಚ್‌ಇಎಲ್ ವಾರ್ಡ್","ward_TOT_P":"19336.0","ward_TOT_M":"9975.0","ward_TOT_F":"9361.0","ward_SC_P":"3201.0","ward_SC_M":"1685.0","ward_SC_F":"1516.0","ward_ST_P":"355.0","ward_ST_M":"185.0","ward_ST_F":"170.0","ward_low_range":"18853","ward_high_range":"28280","ward_RO_Code":"4","ward_RO_Division":"RO - Chickpet","ward_ARO_Code":"12","ward_ARO_ Sub Division":"ARO- Hombegowda Nagar","ward_zone":"Zone2","ward_zone_name":"Gandhinagara","ward_join_status":"matched","ward_spatial_match_count":1},"geometry":{"type":"Point","coordinates":[77.59391700000003,12.931917000000055,0]},"id":49},{"type":"Feature","properties":{"fid":50,"OBJECTID":50,"Name":"Placemark","FolderPath":"Document/flood_vulnerable_locations","SymbolID":0,"AltMode":-1,"Base":0,"Snippet":"","PopupInfo":"","HasLabel":-1,"LabelID":0,"ward_source_id":"ward_369_final.321","ward_source_Name":null,"ward_description":null,"ward_timestamp":null,"ward_begin":null,"ward_end":null,"ward_altitudeMode":null,"ward_tessellate":-1,"ward_extrude":0,"ward_visibility":-1,"ward_drawOrder":null,"ward_icon":null,"ward_Corporation":"West","ward_corporation_kn":"ಪಶ್ಚಿಮ","ward_corporation_id":"5","ward_ac":"Padmanabanagar","ward_ac_kn":"ಪದ್ಮನಾಭನಗರ","ward_ac_no":"171","ward_Assembly":"171 - Padmanabanagar","ward_id":"112","ward_name":"112 - Hosakerehalli","ward_name_kn":"ಹೊಸಕೆರೆಹಳ್ಳಿ","ward_TOT_P":"23619.0","ward_TOT_M":"13044.0","ward_TOT_F":"10575.0","ward_SC_P":"815.0","ward_SC_M":"434.0","ward_SC_F":"381.0","ward_ST_P":"352.0","ward_ST_M":"180.0","ward_ST_F":"172.0","ward_low_range":"18949","ward_high_range":"28424","ward_RO_Code":"7","ward_RO_Division":"RO- Yediyuru","ward_ARO_Code":"24","ward_ARO_ Sub Division":"ARO- Hosakerehalli","ward_zone":"Zone1","ward_zone_name":"Rajarajeshwarinagar","ward_join_status":"matched","ward_spatial_match_count":1},"geometry":{"type":"Point","coordinates":[77.53532300000006,12.932023000000072,0]},"id":50},{"type":"Feature","properties":{"fid":51,"OBJECTID":51,"Name":"Placemark","FolderPath":"Document/flood_vulnerable_locations","SymbolID":0,"AltMode":-1,"Base":0,"Snippet":"","PopupInfo":"","HasLabel":-1,"LabelID":0,"ward_source_id":"ward_369_final.271","ward_source_Name":null,"ward_description":null,"ward_timestamp":null,"ward_begin":null,"ward_end":null,"ward_altitudeMode":null,"ward_tessellate":-1,"ward_extrude":0,"ward_visibility":-1,"ward_drawOrder":null,"ward_icon":null,"ward_Corporation":"West","ward_corporation_kn":"ಪಶ್ಚಿಮ","ward_corporation_id":"5","ward_ac":"Rajarajeshwarinagar","ward_ac_kn":"ರಾಜರಾಜೇಶ್ವರಿನಗರ","ward_ac_no":"154","ward_Assembly":"154 - Rajarajeshwarinagar","ward_id":"23","ward_name":"23 - Rajarajeshwari Nagara","ward_name_kn":"ರಾಜರಾಜೇಶ್ವರಿ ನಗರ","ward_TOT_P":"26050.0","ward_TOT_M":"13348.0","ward_TOT_F":"12601.0","ward_SC_P":"1457.0","ward_SC_M":"758.0","ward_SC_F":"700.0","ward_ST_P":"652.0","ward_ST_M":"342.0","ward_ST_F":"310.0","ward_low_range":"18949","ward_high_range":"28424","ward_RO_Code":"11","ward_RO_Division":"RO- Rajarajeswari Nagara","ward_ARO_Code":"35","ward_ARO_ Sub Division":"ARO- Rajarajeswari Nagara","ward_zone":"Zone1","ward_zone_name":"Rajarajeshwarinagar","ward_join_status":"matched","ward_spatial_match_count":1},"geometry":{"type":"Point","coordinates":[77.51685800000007,12.932791000000066,0]},"id":51},{"type":"Feature","properties":{"fid":52,"OBJECTID":52,"Name":"Placemark","FolderPath":"Document/flood_vulnerable_locations","SymbolID":0,"AltMode":-1,"Base":0,"Snippet":"","PopupInfo":"","HasLabel":-1,"LabelID":0,"ward_source_id":"ward_369_final.18","ward_source_Name":null,"ward_description":null,"ward_timestamp":null,"ward_begin":null,"ward_end":null,"ward_altitudeMode":null,"ward_tessellate":-1,"ward_extrude":0,"ward_visibility":-1,"ward_drawOrder":null,"ward_icon":null,"ward_Corporation":"South","ward_corporation_kn":"ದಕ್ಷಿಣ","ward_corporation_id":"4","ward_ac":"Jayanagar","ward_ac_kn":"ಜಯನಗರ","ward_ac_no":"173","ward_Assembly":"173 - Jayanagar","ward_id":"7","ward_name":"7 - Byrasandra","ward_name_kn":"ಬೈರಸಂದ್ರ","ward_TOT_P":"21108.0","ward_TOT_M":"10510.0","ward_TOT_F":"10598.0","ward_SC_P":"2813.0","ward_SC_M":"1399.0","ward_SC_F":"1414.0","ward_ST_P":"225.0","ward_ST_M":"109.0","ward_ST_F":"116.0","ward_low_range":"18594","ward_high_range":"27891","ward_RO_Code":"9","ward_RO_Division":"RO- Jayanagar","ward_ARO_Code":"23","ward_ARO_ Sub Division":"ARO- Byrasandra","ward_zone":"Zone1","ward_zone_name":"Jayanagar","ward_join_status":"matched","ward_spatial_match_count":1},"geometry":{"type":"Point","coordinates":[77.58897200000007,12.932944000000077,0]},"id":52},{"type":"Feature","properties":{"fid":53,"OBJECTID":53,"Name":"Placemark","FolderPath":"Document/flood_vulnerable_locations","SymbolID":0,"AltMode":-1,"Base":0,"Snippet":"","PopupInfo":"","HasLabel":-1,"LabelID":0,"ward_source_id":"ward_369_final.135","ward_source_Name":null,"ward_description":null,"ward_timestamp":null,"ward_begin":null,"ward_end":null,"ward_altitudeMode":null,"ward_tessellate":-1,"ward_extrude":0,"ward_visibility":-1,"ward_drawOrder":null,"ward_icon":null,"ward_Corporation":"South","ward_corporation_kn":"ದಕ್ಷಿಣ","ward_corporation_id":"4","ward_ac":"B.T.M Layout","ward_ac_kn":"ಬಿ.ಟಿ.ಎಂ. ಲೇಔಟ್","ward_ac_no":"172","ward_Assembly":"172 - B.T.M Layout","ward_id":"28","ward_name":"28 - Kormangala East","ward_name_kn":"ಕೋರಮಂಗಲ ಪೂರ್ವ","ward_TOT_P":"22885.0","ward_TOT_M":"11897.0","ward_TOT_F":"10989.0","ward_SC_P":"2252.0","ward_SC_M":"1138.0","ward_SC_F":"1114.0","ward_ST_P":"558.0","ward_ST_M":"288.0","ward_ST_F":"270.0","ward_low_range":"18594","ward_high_range":"27891","ward_RO_Code":"3","ward_RO_Division":"RO- Kormangala","ward_ARO_Code":"5","ward_ARO_ Sub Division":"ARO- Kormangala","ward_zone":"Zone2","ward_zone_name":"Bommanahalli","ward_join_status":"matched","ward_spatial_match_count":1},"geometry":{"type":"Point","coordinates":[77.63038900000004,12.933806000000061,0]},"id":53},{"type":"Feature","properties":{"fid":54,"OBJECTID":54,"Name":"Placemark","FolderPath":"Document/flood_vulnerable_locations","SymbolID":0,"AltMode":-1,"Base":0,"Snippet":"","PopupInfo":"","HasLabel":-1,"LabelID":0,"ward_source_id":"ward_369_final.135","ward_source_Name":null,"ward_description":null,"ward_timestamp":null,"ward_begin":null,"ward_end":null,"ward_altitudeMode":null,"ward_tessellate":-1,"ward_extrude":0,"ward_visibility":-1,"ward_drawOrder":null,"ward_icon":null,"ward_Corporation":"South","ward_corporation_kn":"ದಕ್ಷಿಣ","ward_corporation_id":"4","ward_ac":"B.T.M Layout","ward_ac_kn":"ಬಿ.ಟಿ.ಎಂ. ಲೇಔಟ್","ward_ac_no":"172","ward_Assembly":"172 - B.T.M Layout","ward_id":"28","ward_name":"28 - Kormangala East","ward_name_kn":"ಕೋರಮಂಗಲ ಪೂರ್ವ","ward_TOT_P":"22885.0","ward_TOT_M":"11897.0","ward_TOT_F":"10989.0","ward_SC_P":"2252.0","ward_SC_M":"1138.0","ward_SC_F":"1114.0","ward_ST_P":"558.0","ward_ST_M":"288.0","ward_ST_F":"270.0","ward_low_range":"18594","ward_high_range":"27891","ward_RO_Code":"3","ward_RO_Division":"RO- Kormangala","ward_ARO_Code":"5","ward_ARO_ Sub Division":"ARO- Kormangala","ward_zone":"Zone2","ward_zone_name":"Bommanahalli","ward_join_status":"matched","ward_spatial_match_count":1},"geometry":{"type":"Point","coordinates":[77.63013900000004,12.934722000000022,0]},"id":54},{"type":"Feature","properties":{"fid":55,"OBJECTID":55,"Name":"Placemark","FolderPath":"Document/flood_vulnerable_locations","SymbolID":0,"AltMode":-1,"Base":0,"Snippet":"","PopupInfo":"","HasLabel":-1,"LabelID":0,"ward_source_id":"ward_369_final.246","ward_source_Name":null,"ward_description":null,"ward_timestamp":null,"ward_begin":null,"ward_end":null,"ward_altitudeMode":null,"ward_tessellate":-1,"ward_extrude":0,"ward_visibility":-1,"ward_drawOrder":null,"ward_icon":null,"ward_Corporation":"East","ward_corporation_kn":"ಪೂರ್ವ","ward_corporation_id":"3","ward_ac":"Mahadevapura","ward_ac_kn":"ಮಹದೇವಪುರ","ward_ac_no":"174","ward_Assembly":"174 - Mahadevapura","ward_id":"48","ward_name":"48 - Panathur","ward_name_kn":"ಪಣತ್ತೂರು","ward_TOT_P":"14766.0","ward_TOT_M":"8426.0","ward_TOT_F":"6340.0","ward_SC_P":"3791.0","ward_SC_M":"1901.0","ward_SC_F":"1890.0","ward_ST_P":"294.0","ward_ST_M":"160.0","ward_ST_F":"133.0","ward_low_range":"14567","ward_high_range":"21851","ward_RO_Code":"5","ward_RO_Division":"RO- Bellanduru","ward_ARO_Code":"14","ward_ARO_ Sub Division":"ARO- Gunjur","ward_zone":"Zone1","ward_zone_name":"Mahadevapura","ward_join_status":"matched","ward_spatial_match_count":1},"geometry":{"type":"Point","coordinates":[77.70501300000006,12.936355000000049,0]},"id":55},{"type":"Feature","properties":{"fid":56,"OBJECTID":56,"Name":"Placemark","FolderPath":"Document/flood_vulnerable_locations","SymbolID":0,"AltMode":-1,"Base":0,"Snippet":"","PopupInfo":"","HasLabel":-1,"LabelID":0,"ward_source_id":"ward_369_final.96","ward_source_Name":null,"ward_description":null,"ward_timestamp":null,"ward_begin":null,"ward_end":null,"ward_altitudeMode":null,"ward_tessellate":-1,"ward_extrude":0,"ward_visibility":-1,"ward_drawOrder":null,"ward_icon":null,"ward_Corporation":"South","ward_corporation_kn":"ದಕ್ಷಿಣ","ward_corporation_id":"4","ward_ac":"B.T.M Layout","ward_ac_kn":"ಬಿ.ಟಿ.ಎಂ. ಲೇಔಟ್","ward_ac_no":"172","ward_Assembly":"172 - B.T.M Layout","ward_id":"27","ward_name":"27 - Sri Lakshmi Devi Ward","ward_name_kn":"ಶ್ರೀ ಲಕ್ಷ್ಮೀದೇವಿ ವಾರ್ಡ್","ward_TOT_P":"19844.0","ward_TOT_M":"10463.0","ward_TOT_F":"9381.0","ward_SC_P":"2001.0","ward_SC_M":"1035.0","ward_SC_F":"966.0","ward_ST_P":"315.0","ward_ST_M":"155.0","ward_ST_F":"162.0","ward_low_range":"18594","ward_high_range":"27891","ward_RO_Code":"3","ward_RO_Division":"RO- Kormangala","ward_ARO_Code":"4","ward_ARO_ Sub Division":"ARO- Ejipura","ward_zone":"Zone2","ward_zone_name":"Bommanahalli","ward_join_status":"matched","ward_spatial_match_count":1},"geometry":{"type":"Point","coordinates":[77.62641700000006,12.936889000000065,0]},"id":56},{"type":"Feature","properties":{"fid":57,"OBJECTID":57,"Name":"Placemark","FolderPath":"Document/flood_vulnerable_locations","SymbolID":0,"AltMode":-1,"Base":0,"Snippet":"","PopupInfo":"","HasLabel":-1,"LabelID":0,"ward_source_id":"ward_369_final.223","ward_source_Name":null,"ward_description":null,"ward_timestamp":null,"ward_begin":null,"ward_end":null,"ward_altitudeMode":null,"ward_tessellate":-1,"ward_extrude":0,"ward_visibility":-1,"ward_drawOrder":null,"ward_icon":null,"ward_Corporation":"East","ward_corporation_kn":"ಪೂರ್ವ","ward_corporation_id":"3","ward_ac":"Mahadevapura","ward_ac_kn":"ಮಹದೇವಪುರ","ward_ac_no":"174","ward_Assembly":"174 - Mahadevapura","ward_id":"40","ward_name":"40 - Varthur","ward_name_kn":"ವರ್ತೂರು","ward_TOT_P":"20908.0","ward_TOT_M":"10720.0","ward_TOT_F":"10188.0","ward_SC_P":"3143.0","ward_SC_M":"1609.0","ward_SC_F":"1534.0","ward_ST_P":"292.0","ward_ST_M":"152.0","ward_ST_F":"140.0","ward_low_range":"14567","ward_high_range":"21851","ward_RO_Code":"5","ward_RO_Division":"RO- Bellanduru","ward_ARO_Code":"15","ward_ARO_ Sub Division":"ARO- Varthur","ward_zone":"Zone1","ward_zone_name":"Mahadevapura","ward_join_status":"matched","ward_spatial_match_count":1},"geometry":{"type":"Point","coordinates":[77.74684400000007,12.938078000000075,0]},"id":57},{"type":"Feature","properties":{"fid":58,"OBJECTID":58,"Name":"Placemark","FolderPath":"Document/flood_vulnerable_locations","SymbolID":0,"AltMode":-1,"Base":0,"Snippet":"","PopupInfo":"","HasLabel":-1,"LabelID":0,"ward_source_id":"ward_369_final.96","ward_source_Name":null,"ward_description":null,"ward_timestamp":null,"ward_begin":null,"ward_end":null,"ward_altitudeMode":null,"ward_tessellate":-1,"ward_extrude":0,"ward_visibility":-1,"ward_drawOrder":null,"ward_icon":null,"ward_Corporation":"South","ward_corporation_kn":"ದಕ್ಷಿಣ","ward_corporation_id":"4","ward_ac":"B.T.M Layout","ward_ac_kn":"ಬಿ.ಟಿ.ಎಂ. ಲೇಔಟ್","ward_ac_no":"172","ward_Assembly":"172 - B.T.M Layout","ward_id":"27","ward_name":"27 - Sri Lakshmi Devi Ward","ward_name_kn":"ಶ್ರೀ ಲಕ್ಷ್ಮೀದೇವಿ ವಾರ್ಡ್","ward_TOT_P":"19844.0","ward_TOT_M":"10463.0","ward_TOT_F":"9381.0","ward_SC_P":"2001.0","ward_SC_M":"1035.0","ward_SC_F":"966.0","ward_ST_P":"315.0","ward_ST_M":"155.0","ward_ST_F":"162.0","ward_low_range":"18594","ward_high_range":"27891","ward_RO_Code":"3","ward_RO_Division":"RO- Kormangala","ward_ARO_Code":"4","ward_ARO_ Sub Division":"ARO- Ejipura","ward_zone":"Zone2","ward_zone_name":"Bommanahalli","ward_join_status":"matched","ward_spatial_match_count":1},"geometry":{"type":"Point","coordinates":[77.62875000000008,12.938639000000023,0]},"id":58},{"type":"Feature","properties":{"fid":59,"OBJECTID":59,"Name":"Placemark","FolderPath":"Document/flood_vulnerable_locations","SymbolID":0,"AltMode":-1,"Base":0,"Snippet":"","PopupInfo":"","HasLabel":-1,"LabelID":0,"ward_source_id":"ward_369_final.246","ward_source_Name":null,"ward_description":null,"ward_timestamp":null,"ward_begin":null,"ward_end":null,"ward_altitudeMode":null,"ward_tessellate":-1,"ward_extrude":0,"ward_visibility":-1,"ward_drawOrder":null,"ward_icon":null,"ward_Corporation":"East","ward_corporation_kn":"ಪೂರ್ವ","ward_corporation_id":"3","ward_ac":"Mahadevapura","ward_ac_kn":"ಮಹದೇವಪುರ","ward_ac_no":"174","ward_Assembly":"174 - Mahadevapura","ward_id":"48","ward_name":"48 - Panathur","ward_name_kn":"ಪಣತ್ತೂರು","ward_TOT_P":"14766.0","ward_TOT_M":"8426.0","ward_TOT_F":"6340.0","ward_SC_P":"3791.0","ward_SC_M":"1901.0","ward_SC_F":"1890.0","ward_ST_P":"294.0","ward_ST_M":"160.0","ward_ST_F":"133.0","ward_low_range":"14567","ward_high_range":"21851","ward_RO_Code":"5","ward_RO_Division":"RO- Bellanduru","ward_ARO_Code":"14","ward_ARO_ Sub Division":"ARO- Gunjur","ward_zone":"Zone1","ward_zone_name":"Mahadevapura","ward_join_status":"matched","ward_spatial_match_count":1},"geometry":{"type":"Point","coordinates":[77.72317800000008,12.938932000000023,0]},"id":59},{"type":"Feature","properties":{"fid":60,"OBJECTID":60,"Name":"Placemark","FolderPath":"Document/flood_vulnerable_locations","SymbolID":0,"AltMode":-1,"Base":0,"Snippet":"","PopupInfo":"","HasLabel":-1,"LabelID":0,"ward_source_id":"ward_369_final.308","ward_source_Name":null,"ward_description":null,"ward_timestamp":null,"ward_begin":null,"ward_end":null,"ward_altitudeMode":null,"ward_tessellate":-1,"ward_extrude":0,"ward_visibility":-1,"ward_drawOrder":null,"ward_icon":null,"ward_Corporation":"West","ward_corporation_kn":"ಪಶ್ಚಿಮ","ward_corporation_id":"5","ward_ac":"Yeshwanthapura","ward_ac_kn":"ಯಶವಂತಪುರ","ward_ac_no":"153","ward_Assembly":"153 - Yeshwanthapura","ward_id":"16","ward_name":"16 - Ullal","ward_name_kn":"ಉಳ್ಳಾಲ","ward_TOT_P":"22549.0","ward_TOT_M":"11535.0","ward_TOT_F":"11014.0","ward_SC_P":"3331.0","ward_SC_M":"1662.0","ward_SC_F":"1670.0","ward_ST_P":"439.0","ward_ST_M":"224.0","ward_ST_F":"215.0","ward_low_range":"18949","ward_high_range":"28424","ward_RO_Code":"15","ward_RO_Division":"RO- Kengeri","ward_ARO_Code":"45","ward_ARO_ Sub Division":"ARO- Ullal","ward_zone":"Zone1","ward_zone_name":"Rajarajeshwarinagar","ward_join_status":"matched","ward_spatial_match_count":1},"geometry":{"type":"Point","coordinates":[77.48294200000004,12.942045000000064,0]},"id":60},{"type":"Feature","properties":{"fid":61,"OBJECTID":61,"Name":"Placemark","FolderPath":"Document/flood_vulnerable_locations","SymbolID":0,"AltMode":-1,"Base":0,"Snippet":"","PopupInfo":"","HasLabel":-1,"LabelID":0,"ward_source_id":"ward_369_final.268","ward_source_Name":null,"ward_description":null,"ward_timestamp":null,"ward_begin":null,"ward_end":null,"ward_altitudeMode":null,"ward_tessellate":-1,"ward_extrude":0,"ward_visibility":-1,"ward_drawOrder":null,"ward_icon":null,"ward_Corporation":"Central","ward_corporation_kn":"ಕೇಂದ್ರ","ward_corporation_id":"1","ward_ac":"Chickpet","ward_ac_kn":"ಚಿಕ್ಕಪೇಟೆ","ward_ac_no":"169","ward_Assembly":"169 - Chickpet","ward_id":"40","ward_name":"40 - Ashoka Pillar","ward_name_kn":"ಅಶೋಕ ಪಿಲ್ಲರ್‌","ward_TOT_P":"18989.0","ward_TOT_M":"9563.0","ward_TOT_F":"9426.0","ward_SC_P":"748.0","ward_SC_M":"376.0","ward_SC_F":"372.0","ward_ST_P":"399.0","ward_ST_M":"202.0","ward_ST_F":"197.0","ward_low_range":"18853","ward_high_range":"28280","ward_RO_Code":"4","ward_RO_Division":"RO - Chickpet","ward_ARO_Code":"10","ward_ARO_ Sub Division":"ARO- Ashoka Pillar","ward_zone":"Zone2","ward_zone_name":"Gandhinagara","ward_join_status":"matched","ward_spatial_match_count":1},"geometry":{"type":"Point","coordinates":[77.58147200000008,12.943583000000046,0]},"id":61},{"type":"Feature","properties":{"fid":62,"OBJECTID":62,"Name":"Placemark","FolderPath":"Document/flood_vulnerable_locations","SymbolID":0,"AltMode":-1,"Base":0,"Snippet":"","PopupInfo":"","HasLabel":-1,"LabelID":0,"ward_source_id":"ward_369_final.221","ward_source_Name":null,"ward_description":null,"ward_timestamp":null,"ward_begin":null,"ward_end":null,"ward_altitudeMode":null,"ward_tessellate":-1,"ward_extrude":0,"ward_visibility":-1,"ward_drawOrder":null,"ward_icon":null,"ward_Corporation":"West","ward_corporation_kn":"ಪಶ್ಚಿಮ","ward_corporation_id":"5","ward_ac":"Govindraj Nagar","ward_ac_kn":"ಗೋವಿಂದರಾಜ ನಗರ","ward_ac_no":"166","ward_Assembly":"166 - Govindraj Nagar","ward_id":"81","ward_name":"81 - Nayanda Halli","ward_name_kn":"ನಾಯಂಡ ಹಳ್ಳಿ","ward_TOT_P":"25982.0","ward_TOT_M":"13376.0","ward_TOT_F":"12606.0","ward_SC_P":"4615.0","ward_SC_M":"2312.0","ward_SC_F":"2303.0","ward_ST_P":"471.0","ward_ST_M":"246.0","ward_ST_F":"225.0","ward_low_range":"18949","ward_high_range":"28424","ward_RO_Code":"3","ward_RO_Division":"RO- Chandra Layout","ward_ARO_Code":"9","ward_ARO_ Sub Division":"ARO- Chandra Layout","ward_zone":"Zone2","ward_zone_name":"Malleshwaram","ward_join_status":"matched","ward_spatial_match_count":1},"geometry":{"type":"Point","coordinates":[77.52558600000003,12.944653000000073,0]},"id":62},{"type":"Feature","properties":{"fid":63,"OBJECTID":63,"Name":"Placemark","FolderPath":"Document/flood_vulnerable_locations","SymbolID":0,"AltMode":-1,"Base":0,"Snippet":"","PopupInfo":"","HasLabel":-1,"LabelID":0,"ward_source_id":"ward_369_final.346","ward_source_Name":null,"ward_description":null,"ward_timestamp":null,"ward_begin":null,"ward_end":null,"ward_altitudeMode":null,"ward_tessellate":-1,"ward_extrude":0,"ward_visibility":-1,"ward_drawOrder":null,"ward_icon":null,"ward_Corporation":"West","ward_corporation_kn":"ಪಶ್ಚಿಮ","ward_corporation_id":"5","ward_ac":"Vijayanagar","ward_ac_kn":"ವಿಜಯನಗರ","ward_ac_no":"167","ward_Assembly":"167 - Vijayanagar","ward_id":"94","ward_name":"94 - Deepanjali Nagara","ward_name_kn":"ದೀಪಾಂಜಲಿ ನಗರ","ward_TOT_P":"27561.0","ward_TOT_M":"14457.0","ward_TOT_F":"13104.0","ward_SC_P":"3449.0","ward_SC_M":"1812.0","ward_SC_F":"1637.0","ward_ST_P":"586.0","ward_ST_M":"316.0","ward_ST_F":"269.0","ward_low_range":"18949","ward_high_range":"28424","ward_RO_Code":"12","ward_RO_Division":"RO- Hampi Nagar","ward_ARO_Code":"37","ward_ARO_ Sub Division":"ARO- Hampi Nagar","ward_zone":"Zone2","ward_zone_name":"Malleshwaram","ward_join_status":"matched","ward_spatial_match_count":1},"geometry":{"type":"Point","coordinates":[77.53507000000008,12.945302000000027,0]},"id":63},{"type":"Feature","properties":{"fid":64,"OBJECTID":64,"Name":"Placemark","FolderPath":"Document/flood_vulnerable_locations","SymbolID":0,"AltMode":-1,"Base":0,"Snippet":"","PopupInfo":"","HasLabel":-1,"LabelID":0,"ward_source_id":"ward_369_final.346","ward_source_Name":null,"ward_description":null,"ward_timestamp":null,"ward_begin":null,"ward_end":null,"ward_altitudeMode":null,"ward_tessellate":-1,"ward_extrude":0,"ward_visibility":-1,"ward_drawOrder":null,"ward_icon":null,"ward_Corporation":"West","ward_corporation_kn":"ಪಶ್ಚಿಮ","ward_corporation_id":"5","ward_ac":"Vijayanagar","ward_ac_kn":"ವಿಜಯನಗರ","ward_ac_no":"167","ward_Assembly":"167 - Vijayanagar","ward_id":"94","ward_name":"94 - Deepanjali Nagara","ward_name_kn":"ದೀಪಾಂಜಲಿ ನಗರ","ward_TOT_P":"27561.0","ward_TOT_M":"14457.0","ward_TOT_F":"13104.0","ward_SC_P":"3449.0","ward_SC_M":"1812.0","ward_SC_F":"1637.0","ward_ST_P":"586.0","ward_ST_M":"316.0","ward_ST_F":"269.0","ward_low_range":"18949","ward_high_range":"28424","ward_RO_Code":"12","ward_RO_Division":"RO- Hampi Nagar","ward_ARO_Code":"37","ward_ARO_ Sub Division":"ARO- Hampi Nagar","ward_zone":"Zone2","ward_zone_name":"Malleshwaram","ward_join_status":"matched","ward_spatial_match_count":1},"geometry":{"type":"Point","coordinates":[77.52893700000004,12.945480000000032,0]},"id":64},{"type":"Feature","properties":{"fid":65,"OBJECTID":65,"Name":"Placemark","FolderPath":"Document/flood_vulnerable_locations","SymbolID":0,"AltMode":-1,"Base":0,"Snippet":"","PopupInfo":"","HasLabel":-1,"LabelID":0,"ward_source_id":"ward_369_final.274","ward_source_Name":null,"ward_description":null,"ward_timestamp":null,"ward_begin":null,"ward_end":null,"ward_altitudeMode":null,"ward_tessellate":-1,"ward_extrude":0,"ward_visibility":-1,"ward_drawOrder":null,"ward_icon":null,"ward_Corporation":"Central","ward_corporation_kn":"ಕೇಂದ್ರ","ward_corporation_id":"1","ward_ac":"Chickpet","ward_ac_kn":"ಚಿಕ್ಕಪೇಟೆ","ward_ac_no":"169","ward_Assembly":"169 - Chickpet","ward_id":"39","ward_name":"39 - Venkat Reddy Nagara","ward_name_kn":"ವೆಂಕಟ ರೆಡ್ಡಿ ನಗರ","ward_TOT_P":"18888.0","ward_TOT_M":"9496.0","ward_TOT_F":"9392.0","ward_SC_P":"5627.0","ward_SC_M":"2799.0","ward_SC_F":"2829.0","ward_ST_P":"419.0","ward_ST_M":"211.0","ward_ST_F":"208.0","ward_low_range":"18853","ward_high_range":"28280","ward_RO_Code":"4","ward_RO_Division":"RO - Chickpet","ward_ARO_Code":"10","ward_ARO_ Sub Division":"ARO- Ashoka Pillar","ward_zone":"Zone2","ward_zone_name":"Gandhinagara","ward_join_status":"matched","ward_spatial_match_count":1},"geometry":{"type":"Point","coordinates":[77.58963900000003,12.94630600000005,0]},"id":65},{"type":"Feature","properties":{"fid":66,"OBJECTID":66,"Name":"Placemark","FolderPath":"Document/flood_vulnerable_locations","SymbolID":0,"AltMode":-1,"Base":0,"Snippet":"","PopupInfo":"","HasLabel":-1,"LabelID":0,"ward_source_id":"ward_369_final.332","ward_source_Name":null,"ward_description":null,"ward_timestamp":null,"ward_begin":null,"ward_end":null,"ward_altitudeMode":null,"ward_tessellate":-1,"ward_extrude":0,"ward_visibility":-1,"ward_drawOrder":null,"ward_icon":null,"ward_Corporation":"West","ward_corporation_kn":"ಪಶ್ಚಿಮ","ward_corporation_id":"5","ward_ac":"Basavanagudi","ward_ac_kn":"ಬಸವನಗುಡಿ","ward_ac_no":"170","ward_Assembly":"170 - Basavanagudi","ward_id":"101","ward_name":"101 - Kempambudhi Ward","ward_name_kn":"ಕೆಂಪಾಂಬುಧಿ ವಾರ್ಡ್","ward_TOT_P":"19310.0","ward_TOT_M":"9996.0","ward_TOT_F":"9314.0","ward_SC_P":"986.0","ward_SC_M":"509.0","ward_SC_F":"477.0","ward_ST_P":"401.0","ward_ST_M":"198.0","ward_ST_F":"203.0","ward_low_range":"18949","ward_high_range":"28424","ward_RO_Code":"1","ward_RO_Division":"RO- Basavanagudi","ward_ARO_Code":"3","ward_ARO_ Sub Division":"ARO- Srinagar","ward_zone":"Zone2","ward_zone_name":"Malleshwaram","ward_join_status":"matched","ward_spatial_match_count":1},"geometry":{"type":"Point","coordinates":[77.56337800000006,12.947235000000035,0]},"id":66},{"type":"Feature","properties":{"fid":67,"OBJECTID":67,"Name":"Placemark","FolderPath":"Document/flood_vulnerable_locations","SymbolID":0,"AltMode":-1,"Base":0,"Snippet":"","PopupInfo":"","HasLabel":-1,"LabelID":0,"ward_source_id":"ward_369_final.332","ward_source_Name":null,"ward_description":null,"ward_timestamp":null,"ward_begin":null,"ward_end":null,"ward_altitudeMode":null,"ward_tessellate":-1,"ward_extrude":0,"ward_visibility":-1,"ward_drawOrder":null,"ward_icon":null,"ward_Corporation":"West","ward_corporation_kn":"ಪಶ್ಚಿಮ","ward_corporation_id":"5","ward_ac":"Basavanagudi","ward_ac_kn":"ಬಸವನಗುಡಿ","ward_ac_no":"170","ward_Assembly":"170 - Basavanagudi","ward_id":"101","ward_name":"101 - Kempambudhi Ward","ward_name_kn":"ಕೆಂಪಾಂಬುಧಿ ವಾರ್ಡ್","ward_TOT_P":"19310.0","ward_TOT_M":"9996.0","ward_TOT_F":"9314.0","ward_SC_P":"986.0","ward_SC_M":"509.0","ward_SC_F":"477.0","ward_ST_P":"401.0","ward_ST_M":"198.0","ward_ST_F":"203.0","ward_low_range":"18949","ward_high_range":"28424","ward_RO_Code":"1","ward_RO_Division":"RO- Basavanagudi","ward_ARO_Code":"3","ward_ARO_ Sub Division":"ARO- Srinagar","ward_zone":"Zone2","ward_zone_name":"Malleshwaram","ward_join_status":"matched","ward_spatial_match_count":1},"geometry":{"type":"Point","coordinates":[77.56337500000006,12.947328000000027,0]},"id":67},{"type":"Feature","properties":{"fid":68,"OBJECTID":68,"Name":"Placemark","FolderPath":"Document/flood_vulnerable_locations","SymbolID":0,"AltMode":-1,"Base":0,"Snippet":"","PopupInfo":"","HasLabel":-1,"LabelID":0,"ward_source_id":"ward_369_final.115","ward_source_Name":null,"ward_description":null,"ward_timestamp":null,"ward_begin":null,"ward_end":null,"ward_altitudeMode":null,"ward_tessellate":-1,"ward_extrude":0,"ward_visibility":-1,"ward_drawOrder":null,"ward_icon":null,"ward_Corporation":"Central","ward_corporation_kn":"ಕೇಂದ್ರ","ward_corporation_id":"1","ward_ac":"Shanthinagar","ward_ac_kn":"ಶಾಂತಿನಗರ","ward_ac_no":"163","ward_Assembly":"163 - Shanthinagar","ward_id":"27","ward_name":"27 - Ambedkarnagar","ward_name_kn":"ಅಂಬೇಡ್ಕರ್‌ನಗರ","ward_TOT_P":"27816.0","ward_TOT_M":"14227.0","ward_TOT_F":"13589.0","ward_SC_P":"11069.0","ward_SC_M":"5507.0","ward_SC_F":"5562.0","ward_ST_P":"481.0","ward_ST_M":"251.0","ward_ST_F":"230.0","ward_low_range":"18853","ward_high_range":"28280","ward_RO_Code":"6","ward_RO_Division":"RO - Shanthinagar","ward_ARO_Code":"20","ward_ARO_ Sub Division":"ARO- Neelasandra","ward_zone":"Zone1","ward_zone_name":"C.V. Raman Nagar","ward_join_status":"matched","ward_spatial_match_count":1},"geometry":{"type":"Point","coordinates":[77.61919400000005,12.947861000000046,0]},"id":68},{"type":"Feature","properties":{"fid":69,"OBJECTID":69,"Name":"Placemark","FolderPath":"Document/flood_vulnerable_locations","SymbolID":0,"AltMode":-1,"Base":0,"Snippet":"","PopupInfo":"","HasLabel":-1,"LabelID":0,"ward_source_id":"ward_369_final.308","ward_source_Name":null,"ward_description":null,"ward_timestamp":null,"ward_begin":null,"ward_end":null,"ward_altitudeMode":null,"ward_tessellate":-1,"ward_extrude":0,"ward_visibility":-1,"ward_drawOrder":null,"ward_icon":null,"ward_Corporation":"West","ward_corporation_kn":"ಪಶ್ಚಿಮ","ward_corporation_id":"5","ward_ac":"Yeshwanthapura","ward_ac_kn":"ಯಶವಂತಪುರ","ward_ac_no":"153","ward_Assembly":"153 - Yeshwanthapura","ward_id":"16","ward_name":"16 - Ullal","ward_name_kn":"ಉಳ್ಳಾಲ","ward_TOT_P":"22549.0","ward_TOT_M":"11535.0","ward_TOT_F":"11014.0","ward_SC_P":"3331.0","ward_SC_M":"1662.0","ward_SC_F":"1670.0","ward_ST_P":"439.0","ward_ST_M":"224.0","ward_ST_F":"215.0","ward_low_range":"18949","ward_high_range":"28424","ward_RO_Code":"15","ward_RO_Division":"RO- Kengeri","ward_ARO_Code":"45","ward_ARO_ Sub Division":"ARO- Ullal","ward_zone":"Zone1","ward_zone_name":"Rajarajeshwarinagar","ward_join_status":"matched","ward_spatial_match_count":1},"geometry":{"type":"Point","coordinates":[77.48769400000003,12.949595000000045,0]},"id":69},{"type":"Feature","properties":{"fid":70,"OBJECTID":70,"Name":"Placemark","FolderPath":"Document/flood_vulnerable_locations","SymbolID":0,"AltMode":-1,"Base":0,"Snippet":"","PopupInfo":"","HasLabel":-1,"LabelID":0,"ward_source_id":"ward_369_final.224","ward_source_Name":null,"ward_description":null,"ward_timestamp":null,"ward_begin":null,"ward_end":null,"ward_altitudeMode":null,"ward_tessellate":-1,"ward_extrude":0,"ward_visibility":-1,"ward_drawOrder":null,"ward_icon":null,"ward_Corporation":"East","ward_corporation_kn":"ಪೂರ್ವ","ward_corporation_id":"3","ward_ac":"Mahadevapura","ward_ac_kn":"ಮಹದೇವಪುರ","ward_ac_no":"174","ward_Assembly":"174 - Mahadevapura","ward_id":"41","ward_name":"41 - Munnenkolalu","ward_name_kn":"ಮುನ್ನೇನಕೊಳಲು","ward_TOT_P":"20977.0","ward_TOT_M":"11891.0","ward_TOT_F":"9086.0","ward_SC_P":"1775.0","ward_SC_M":"964.0","ward_SC_F":"811.0","ward_ST_P":"444.0","ward_ST_M":"276.0","ward_ST_F":"168.0","ward_low_range":"14567","ward_high_range":"21851","ward_RO_Code":"7","ward_RO_Division":"RO- Marathahalli","ward_ARO_Code":"22","ward_ARO_ Sub Division":"ARO- Munnekolalu","ward_zone":"Zone1","ward_zone_name":"Mahadevapura","ward_join_status":"matched","ward_spatial_match_count":1},"geometry":{"type":"Point","coordinates":[77.70067900000004,12.949943000000076,0]},"id":70},{"type":"Feature","properties":{"fid":71,"OBJECTID":71,"Name":"Placemark","FolderPath":"Document/flood_vulnerable_locations","SymbolID":0,"AltMode":-1,"Base":0,"Snippet":"","PopupInfo":"","HasLabel":-1,"LabelID":0,"ward_source_id":"ward_369_final.115","ward_source_Name":null,"ward_description":null,"ward_timestamp":null,"ward_begin":null,"ward_end":null,"ward_altitudeMode":null,"ward_tessellate":-1,"ward_extrude":0,"ward_visibility":-1,"ward_drawOrder":null,"ward_icon":null,"ward_Corporation":"Central","ward_corporation_kn":"ಕೇಂದ್ರ","ward_corporation_id":"1","ward_ac":"Shanthinagar","ward_ac_kn":"ಶಾಂತಿನಗರ","ward_ac_no":"163","ward_Assembly":"163 - Shanthinagar","ward_id":"27","ward_name":"27 - Ambedkarnagar","ward_name_kn":"ಅಂಬೇಡ್ಕರ್‌ನಗರ","ward_TOT_P":"27816.0","ward_TOT_M":"14227.0","ward_TOT_F":"13589.0","ward_SC_P":"11069.0","ward_SC_M":"5507.0","ward_SC_F":"5562.0","ward_ST_P":"481.0","ward_ST_M":"251.0","ward_ST_F":"230.0","ward_low_range":"18853","ward_high_range":"28280","ward_RO_Code":"6","ward_RO_Division":"RO - Shanthinagar","ward_ARO_Code":"20","ward_ARO_ Sub Division":"ARO- Neelasandra","ward_zone":"Zone1","ward_zone_name":"C.V. Raman Nagar","ward_join_status":"matched","ward_spatial_match_count":1},"geometry":{"type":"Point","coordinates":[77.62588900000003,12.95038900000003,0]},"id":71},{"type":"Feature","properties":{"fid":72,"OBJECTID":72,"Name":"Placemark","FolderPath":"Document/flood_vulnerable_locations","SymbolID":0,"AltMode":-1,"Base":0,"Snippet":"","PopupInfo":"","HasLabel":-1,"LabelID":0,"ward_source_id":"ward_369_final.339","ward_source_Name":null,"ward_description":null,"ward_timestamp":null,"ward_begin":null,"ward_end":null,"ward_altitudeMode":null,"ward_tessellate":-1,"ward_extrude":0,"ward_visibility":-1,"ward_drawOrder":null,"ward_icon":null,"ward_Corporation":"West","ward_corporation_kn":"ಪಶ್ಚಿಮ","ward_corporation_id":"5","ward_ac":"Vijayanagar","ward_ac_kn":"ವಿಜಯನಗರ","ward_ac_no":"167","ward_Assembly":"167 - Vijayanagar","ward_id":"91","ward_name":"91 - Gali Anjaneya Temple Ward","ward_name_kn":"ಗಾಳಿ ಆಂಜನೇಯ ದೇವಸ್ಥಾನ ವಾರ್ಡ್","ward_TOT_P":"22841.0","ward_TOT_M":"11807.0","ward_TOT_F":"11034.0","ward_SC_P":"2269.0","ward_SC_M":"1187.0","ward_SC_F":"1082.0","ward_ST_P":"688.0","ward_ST_M":"367.0","ward_ST_F":"321.0","ward_low_range":"18949","ward_high_range":"28424","ward_RO_Code":"13","ward_RO_Division":"RO- Vijayanagar","ward_ARO_Code":"38","ward_ARO_ Sub Division":"ARO- Gali Anjaneya Temple","ward_zone":"Zone2","ward_zone_name":"Malleshwaram","ward_join_status":"matched","ward_spatial_match_count":1},"geometry":{"type":"Point","coordinates":[77.53859700000004,12.950568000000032,0]},"id":72},{"type":"Feature","properties":{"fid":73,"OBJECTID":73,"Name":"Placemark","FolderPath":"Document/flood_vulnerable_locations","SymbolID":0,"AltMode":-1,"Base":0,"Snippet":"","PopupInfo":"","HasLabel":-1,"LabelID":0,"ward_source_id":"ward_369_final.162","ward_source_Name":null,"ward_description":null,"ward_timestamp":null,"ward_begin":null,"ward_end":null,"ward_altitudeMode":null,"ward_tessellate":-1,"ward_extrude":0,"ward_visibility":-1,"ward_drawOrder":null,"ward_icon":null,"ward_Corporation":"Central","ward_corporation_kn":"ಕೇಂದ್ರ","ward_corporation_id":"1","ward_ac":"Shanthinagar","ward_ac_kn":"ಶಾಂತಿನಗರ","ward_ac_no":"163","ward_Assembly":"163 - Shanthinagar","ward_id":"30","ward_name":"30 - Vinayakanagar","ward_name_kn":"ವಿನಾಯಕನಗರ","ward_TOT_P":"21367.0","ward_TOT_M":"11262.0","ward_TOT_F":"10104.0","ward_SC_P":"3001.0","ward_SC_M":"1489.0","ward_SC_F":"1512.0","ward_ST_P":"373.0","ward_ST_M":"185.0","ward_ST_F":"188.0","ward_low_range":"18853","ward_high_range":"28280","ward_RO_Code":"6","ward_RO_Division":"RO - Shanthinagar","ward_ARO_Code":"19","ward_ARO_ Sub Division":"ARO- Vinayakanagar","ward_zone":"Zone1","ward_zone_name":"C.V. Raman Nagar","ward_join_status":"matched","ward_spatial_match_count":1},"geometry":{"type":"Point","coordinates":[77.60561100000007,12.951000000000022,0]},"id":73},{"type":"Feature","properties":{"fid":74,"OBJECTID":74,"Name":"Placemark","FolderPath":"Document/flood_vulnerable_locations","SymbolID":0,"AltMode":-1,"Base":0,"Snippet":"","PopupInfo":"","HasLabel":-1,"LabelID":0,"ward_source_id":"ward_369_final.168","ward_source_Name":null,"ward_description":null,"ward_timestamp":null,"ward_begin":null,"ward_end":null,"ward_altitudeMode":null,"ward_tessellate":-1,"ward_extrude":0,"ward_visibility":-1,"ward_drawOrder":null,"ward_icon":null,"ward_Corporation":"Central","ward_corporation_kn":"ಕೇಂದ್ರ","ward_corporation_id":"1","ward_ac":"Shanthinagar","ward_ac_kn":"ಶಾಂತಿನಗರ","ward_ac_no":"163","ward_Assembly":"163 - Shanthinagar","ward_id":"31","ward_name":"31 - Shanthinagar","ward_name_kn":"ಶಾಂತಿನಗರ","ward_TOT_P":"24474.0","ward_TOT_M":"12212.0","ward_TOT_F":"12263.0","ward_SC_P":"3689.0","ward_SC_M":"1791.0","ward_SC_F":"1898.0","ward_ST_P":"261.0","ward_ST_M":"134.0","ward_ST_F":"127.0","ward_low_range":"18853","ward_high_range":"28280","ward_RO_Code":"6","ward_RO_Division":"RO - Shanthinagar","ward_ARO_Code":"21","ward_ARO_ Sub Division":"ARO- Shanthinagar","ward_zone":"Zone1","ward_zone_name":"C.V. Raman Nagar","ward_join_status":"matched","ward_spatial_match_count":1},"geometry":{"type":"Point","coordinates":[77.59900000000005,12.951167000000055,0]},"id":74},{"type":"Feature","properties":{"fid":75,"OBJECTID":75,"Name":"Placemark","FolderPath":"Document/flood_vulnerable_locations","SymbolID":0,"AltMode":-1,"Base":0,"Snippet":"","PopupInfo":"","HasLabel":-1,"LabelID":0,"ward_source_id":"ward_369_final.162","ward_source_Name":null,"ward_description":null,"ward_timestamp":null,"ward_begin":null,"ward_end":null,"ward_altitudeMode":null,"ward_tessellate":-1,"ward_extrude":0,"ward_visibility":-1,"ward_drawOrder":null,"ward_icon":null,"ward_Corporation":"Central","ward_corporation_kn":"ಕೇಂದ್ರ","ward_corporation_id":"1","ward_ac":"Shanthinagar","ward_ac_kn":"ಶಾಂತಿನಗರ","ward_ac_no":"163","ward_Assembly":"163 - Shanthinagar","ward_id":"30","ward_name":"30 - Vinayakanagar","ward_name_kn":"ವಿನಾಯಕನಗರ","ward_TOT_P":"21367.0","ward_TOT_M":"11262.0","ward_TOT_F":"10104.0","ward_SC_P":"3001.0","ward_SC_M":"1489.0","ward_SC_F":"1512.0","ward_ST_P":"373.0","ward_ST_M":"185.0","ward_ST_F":"188.0","ward_low_range":"18853","ward_high_range":"28280","ward_RO_Code":"6","ward_RO_Division":"RO - Shanthinagar","ward_ARO_Code":"19","ward_ARO_ Sub Division":"ARO- Vinayakanagar","ward_zone":"Zone1","ward_zone_name":"C.V. Raman Nagar","ward_join_status":"matched","ward_spatial_match_count":1},"geometry":{"type":"Point","coordinates":[77.60594400000008,12.951944000000026,0]},"id":75},{"type":"Feature","properties":{"fid":76,"OBJECTID":76,"Name":"Placemark","FolderPath":"Document/flood_vulnerable_locations","SymbolID":0,"AltMode":-1,"Base":0,"Snippet":"","PopupInfo":"","HasLabel":-1,"LabelID":0,"ward_source_id":"ward_369_final.168","ward_source_Name":null,"ward_description":null,"ward_timestamp":null,"ward_begin":null,"ward_end":null,"ward_altitudeMode":null,"ward_tessellate":-1,"ward_extrude":0,"ward_visibility":-1,"ward_drawOrder":null,"ward_icon":null,"ward_Corporation":"Central","ward_corporation_kn":"ಕೇಂದ್ರ","ward_corporation_id":"1","ward_ac":"Shanthinagar","ward_ac_kn":"ಶಾಂತಿನಗರ","ward_ac_no":"163","ward_Assembly":"163 - Shanthinagar","ward_id":"31","ward_name":"31 - Shanthinagar","ward_name_kn":"ಶಾಂತಿನಗರ","ward_TOT_P":"24474.0","ward_TOT_M":"12212.0","ward_TOT_F":"12263.0","ward_SC_P":"3689.0","ward_SC_M":"1791.0","ward_SC_F":"1898.0","ward_ST_P":"261.0","ward_ST_M":"134.0","ward_ST_F":"127.0","ward_low_range":"18853","ward_high_range":"28280","ward_RO_Code":"6","ward_RO_Division":"RO - Shanthinagar","ward_ARO_Code":"21","ward_ARO_ Sub Division":"ARO- Shanthinagar","ward_zone":"Zone1","ward_zone_name":"C.V. Raman Nagar","ward_join_status":"matched","ward_spatial_match_count":1},"geometry":{"type":"Point","coordinates":[77.59683300000006,12.952972000000045,0]},"id":76},{"type":"Feature","properties":{"fid":77,"OBJECTID":77,"Name":"Placemark","FolderPath":"Document/flood_vulnerable_locations","SymbolID":0,"AltMode":-1,"Base":0,"Snippet":"","PopupInfo":"","HasLabel":-1,"LabelID":0,"ward_source_id":"ward_369_final.339","ward_source_Name":null,"ward_description":null,"ward_timestamp":null,"ward_begin":null,"ward_end":null,"ward_altitudeMode":null,"ward_tessellate":-1,"ward_extrude":0,"ward_visibility":-1,"ward_drawOrder":null,"ward_icon":null,"ward_Corporation":"West","ward_corporation_kn":"ಪಶ್ಚಿಮ","ward_corporation_id":"5","ward_ac":"Vijayanagar","ward_ac_kn":"ವಿಜಯನಗರ","ward_ac_no":"167","ward_Assembly":"167 - Vijayanagar","ward_id":"91","ward_name":"91 - Gali Anjaneya Temple Ward","ward_name_kn":"ಗಾಳಿ ಆಂಜನೇಯ ದೇವಸ್ಥಾನ ವಾರ್ಡ್","ward_TOT_P":"22841.0","ward_TOT_M":"11807.0","ward_TOT_F":"11034.0","ward_SC_P":"2269.0","ward_SC_M":"1187.0","ward_SC_F":"1082.0","ward_ST_P":"688.0","ward_ST_M":"367.0","ward_ST_F":"321.0","ward_low_range":"18949","ward_high_range":"28424","ward_RO_Code":"13","ward_RO_Division":"RO- Vijayanagar","ward_ARO_Code":"38","ward_ARO_ Sub Division":"ARO- Gali Anjaneya Temple","ward_zone":"Zone2","ward_zone_name":"Malleshwaram","ward_join_status":"matched","ward_spatial_match_count":1},"geometry":{"type":"Point","coordinates":[77.54125300000004,12.953035000000057,0]},"id":77},{"type":"Feature","properties":{"fid":78,"OBJECTID":78,"Name":"Placemark","FolderPath":"Document/flood_vulnerable_locations","SymbolID":0,"AltMode":-1,"Base":0,"Snippet":"","PopupInfo":"","HasLabel":-1,"LabelID":0,"ward_source_id":"ward_369_final.16","ward_source_Name":null,"ward_description":null,"ward_timestamp":null,"ward_begin":null,"ward_end":null,"ward_altitudeMode":null,"ward_tessellate":-1,"ward_extrude":0,"ward_visibility":-1,"ward_drawOrder":null,"ward_icon":null,"ward_Corporation":"Central","ward_corporation_kn":"ಕೇಂದ್ರ","ward_corporation_id":"1","ward_ac":"Chickpet","ward_ac_kn":"ಚಿಕ್ಕಪೇಟೆ","ward_ac_no":"169","ward_Assembly":"169 - Chickpet","ward_id":"41","ward_name":"41 - V.V Puram","ward_name_kn":"ವಿ.ವಿ. ಪುರಂ","ward_TOT_P":"19813.0","ward_TOT_M":"9965.0","ward_TOT_F":"9848.0","ward_SC_P":"1271.0","ward_SC_M":"615.0","ward_SC_F":"655.0","ward_ST_P":"481.0","ward_ST_M":"238.0","ward_ST_F":"243.0","ward_low_range":"18853","ward_high_range":"28280","ward_RO_Code":"4","ward_RO_Division":"RO - Chickpet","ward_ARO_Code":"13","ward_ARO_ Sub Division":"ARO- V.V Puram","ward_zone":"Zone2","ward_zone_name":"Gandhinagara","ward_join_status":"matched","ward_spatial_match_count":1},"geometry":{"type":"Point","coordinates":[77.57428300000004,12.953748000000076,0]},"id":78},{"type":"Feature","properties":{"fid":79,"OBJECTID":79,"Name":"Placemark","FolderPath":"Document/flood_vulnerable_locations","SymbolID":0,"AltMode":-1,"Base":0,"Snippet":"","PopupInfo":"","HasLabel":-1,"LabelID":0,"ward_source_id":"ward_369_final.48","ward_source_Name":null,"ward_description":null,"ward_timestamp":null,"ward_begin":null,"ward_end":null,"ward_altitudeMode":null,"ward_tessellate":-1,"ward_extrude":0,"ward_visibility":-1,"ward_drawOrder":null,"ward_icon":null,"ward_Corporation":"East","ward_corporation_kn":"ಪೂರ್ವ","ward_corporation_id":"3","ward_ac":"Mahadevapura","ward_ac_kn":"ಮಹದೇವಪುರ","ward_ac_no":"174","ward_Assembly":"174 - Mahadevapura","ward_id":"45","ward_name":"45 - Marathahalli","ward_name_kn":"ಮಾರತಹಳ್ಳಿ","ward_TOT_P":"17823.0","ward_TOT_M":"10496.0","ward_TOT_F":"7327.0","ward_SC_P":"1250.0","ward_SC_M":"655.0","ward_SC_F":"595.0","ward_ST_P":"188.0","ward_ST_M":"101.0","ward_ST_F":"88.0","ward_low_range":"14567","ward_high_range":"21851","ward_RO_Code":"7","ward_RO_Division":"RO- Marathahalli","ward_ARO_Code":"21","ward_ARO_ Sub Division":"ARO- Marathahalli","ward_zone":"Zone1","ward_zone_name":"Mahadevapura","ward_join_status":"matched","ward_spatial_match_count":1},"geometry":{"type":"Point","coordinates":[77.69054900000003,12.955021000000045,0]},"id":79},{"type":"Feature","properties":{"fid":80,"OBJECTID":80,"Name":"Placemark","FolderPath":"Document/flood_vulnerable_locations","SymbolID":0,"AltMode":-1,"Base":0,"Snippet":"","PopupInfo":"","HasLabel":-1,"LabelID":0,"ward_source_id":"ward_369_final.210","ward_source_Name":null,"ward_description":null,"ward_timestamp":null,"ward_begin":null,"ward_end":null,"ward_altitudeMode":null,"ward_tessellate":-1,"ward_extrude":0,"ward_visibility":-1,"ward_drawOrder":null,"ward_icon":null,"ward_Corporation":"Central","ward_corporation_kn":"ಕೇಂದ್ರ","ward_corporation_id":"1","ward_ac":"C.V. Raman Nagar","ward_ac_kn":"ಸಿ.ವಿ. ರಾಮನ್ ನಗರ","ward_ac_no":"161","ward_Assembly":"161 - C.V. Raman Nagar","ward_id":"19","ward_name":"19 - Jeevan Bhimanagar","ward_name_kn":"ಜೀವನ್ ಭೀಮನಗರ","ward_TOT_P":"27299.0","ward_TOT_M":"13789.0","ward_TOT_F":"13510.0","ward_SC_P":"6352.0","ward_SC_M":"3174.0","ward_SC_F":"3178.0","ward_ST_P":"463.0","ward_ST_M":"233.0","ward_ST_F":"230.0","ward_low_range":"18853","ward_high_range":"28280","ward_RO_Code":"2","ward_RO_Division":"RO- Jeevan Bhimanagar","ward_ARO_Code":"3","ward_ARO_ Sub Division":"ARO- Jeevan Bhimanagar","ward_zone":"Zone1","ward_zone_name":"C.V. Raman Nagar","ward_join_status":"matched","ward_spatial_match_count":1},"geometry":{"type":"Point","coordinates":[77.64904800000005,12.955624000000057,0]},"id":80},{"type":"Feature","properties":{"fid":81,"OBJECTID":81,"Name":"Placemark","FolderPath":"Document/flood_vulnerable_locations","SymbolID":0,"AltMode":-1,"Base":0,"Snippet":"","PopupInfo":"","HasLabel":-1,"LabelID":0,"ward_source_id":"ward_369_final.229","ward_source_Name":null,"ward_description":null,"ward_timestamp":null,"ward_begin":null,"ward_end":null,"ward_altitudeMode":null,"ward_tessellate":-1,"ward_extrude":0,"ward_visibility":-1,"ward_drawOrder":null,"ward_icon":null,"ward_Corporation":"East","ward_corporation_kn":"ಪೂರ್ವ","ward_corporation_id":"3","ward_ac":"Mahadevapura","ward_ac_kn":"ಮಹದೇವಪುರ","ward_ac_no":"174","ward_Assembly":"174 - Mahadevapura","ward_id":"37","ward_name":"37 - Kundalahalli","ward_name_kn":"ಕುಂದಲಹಳ್ಳಿ","ward_TOT_P":"18217.0","ward_TOT_M":"9641.0","ward_TOT_F":"8576.0","ward_SC_P":"2325.0","ward_SC_M":"1211.0","ward_SC_F":"1114.0","ward_ST_P":"431.0","ward_ST_M":"224.0","ward_ST_F":"207.0","ward_low_range":"14567","ward_high_range":"21851","ward_RO_Code":"5","ward_RO_Division":"RO- Bellanduru","ward_ARO_Code":"15","ward_ARO_ Sub Division":"ARO- Varthur","ward_zone":"Zone1","ward_zone_name":"Mahadevapura","ward_join_status":"matched","ward_spatial_match_count":1},"geometry":{"type":"Point","coordinates":[77.72054500000007,12.955652000000043,0]},"id":81},{"type":"Feature","properties":{"fid":82,"OBJECTID":82,"Name":"Placemark","FolderPath":"Document/flood_vulnerable_locations","SymbolID":0,"AltMode":-1,"Base":0,"Snippet":"","PopupInfo":"","HasLabel":-1,"LabelID":0,"ward_source_id":"ward_369_final.168","ward_source_Name":null,"ward_description":null,"ward_timestamp":null,"ward_begin":null,"ward_end":null,"ward_altitudeMode":null,"ward_tessellate":-1,"ward_extrude":0,"ward_visibility":-1,"ward_drawOrder":null,"ward_icon":null,"ward_Corporation":"Central","ward_corporation_kn":"ಕೇಂದ್ರ","ward_corporation_id":"1","ward_ac":"Shanthinagar","ward_ac_kn":"ಶಾಂತಿನಗರ","ward_ac_no":"163","ward_Assembly":"163 - Shanthinagar","ward_id":"31","ward_name":"31 - Shanthinagar","ward_name_kn":"ಶಾಂತಿನಗರ","ward_TOT_P":"24474.0","ward_TOT_M":"12212.0","ward_TOT_F":"12263.0","ward_SC_P":"3689.0","ward_SC_M":"1791.0","ward_SC_F":"1898.0","ward_ST_P":"261.0","ward_ST_M":"134.0","ward_ST_F":"127.0","ward_low_range":"18853","ward_high_range":"28280","ward_RO_Code":"6","ward_RO_Division":"RO - Shanthinagar","ward_ARO_Code":"21","ward_ARO_ Sub Division":"ARO- Shanthinagar","ward_zone":"Zone1","ward_zone_name":"C.V. Raman Nagar","ward_join_status":"matched","ward_spatial_match_count":1},"geometry":{"type":"Point","coordinates":[77.59702800000008,12.956139000000064,0]},"id":82},{"type":"Feature","properties":{"fid":83,"OBJECTID":83,"Name":"Placemark","FolderPath":"Document/flood_vulnerable_locations","SymbolID":0,"AltMode":-1,"Base":0,"Snippet":"","PopupInfo":"","HasLabel":-1,"LabelID":0,"ward_source_id":"ward_369_final.233","ward_source_Name":null,"ward_description":null,"ward_timestamp":null,"ward_begin":null,"ward_end":null,"ward_altitudeMode":null,"ward_tessellate":-1,"ward_extrude":0,"ward_visibility":-1,"ward_drawOrder":null,"ward_icon":null,"ward_Corporation":"East","ward_corporation_kn":"ಪೂರ್ವ","ward_corporation_id":"3","ward_ac":"Mahadevapura","ward_ac_kn":"ಮಹದೇವಪುರ","ward_ac_no":"174","ward_Assembly":"174 - Mahadevapura","ward_id":"38","ward_name":"38 - Whitefield","ward_name_kn":"ವೈಟ್‌ಫೀಲ್ಡ್","ward_TOT_P":"20265.0","ward_TOT_M":"10389.0","ward_TOT_F":"9876.0","ward_SC_P":"2050.0","ward_SC_M":"1039.0","ward_SC_F":"1011.0","ward_ST_P":"280.0","ward_ST_M":"144.0","ward_ST_F":"136.0","ward_low_range":"14567","ward_high_range":"21851","ward_RO_Code":"6","ward_RO_Division":"RO- Hoodi","ward_ARO_Code":"18","ward_ARO_ Sub Division":"ARO- Whitefield","ward_zone":"Zone1","ward_zone_name":"Mahadevapura","ward_join_status":"matched","ward_spatial_match_count":1},"geometry":{"type":"Point","coordinates":[77.74104400000004,12.95618200000007,0]},"id":83},{"type":"Feature","properties":{"fid":84,"OBJECTID":84,"Name":"Placemark","FolderPath":"Document/flood_vulnerable_locations","SymbolID":0,"AltMode":-1,"Base":0,"Snippet":"","PopupInfo":"","HasLabel":-1,"LabelID":0,"ward_source_id":"ward_369_final.282","ward_source_Name":null,"ward_description":null,"ward_timestamp":null,"ward_begin":null,"ward_end":null,"ward_altitudeMode":null,"ward_tessellate":-1,"ward_extrude":0,"ward_visibility":-1,"ward_drawOrder":null,"ward_icon":null,"ward_Corporation":"West","ward_corporation_kn":"ಪಶ್ಚಿಮ","ward_corporation_id":"5","ward_ac":"Vijayanagar","ward_ac_kn":"ವಿಜಯನಗರ","ward_ac_no":"167","ward_Assembly":"167 - Vijayanagar","ward_id":"89","ward_name":"89 - Bapuji Nagara","ward_name_kn":"ಬಾಪೂಜಿ ನಗರ","ward_TOT_P":"20625.0","ward_TOT_M":"10705.0","ward_TOT_F":"9921.0","ward_SC_P":"628.0","ward_SC_M":"319.0","ward_SC_F":"309.0","ward_ST_P":"277.0","ward_ST_M":"148.0","ward_ST_F":"129.0","ward_low_range":"18949","ward_high_range":"28424","ward_RO_Code":"13","ward_RO_Division":"RO- Vijayanagar","ward_ARO_Code":"38","ward_ARO_ Sub Division":"ARO- Gali Anjaneya Temple","ward_zone":"Zone2","ward_zone_name":"Malleshwaram","ward_join_status":"matched","ward_spatial_match_count":1},"geometry":{"type":"Point","coordinates":[77.54258000000004,12.95631700000007,0]},"id":84},{"type":"Feature","properties":{"fid":85,"OBJECTID":85,"Name":"Placemark","FolderPath":"Document/flood_vulnerable_locations","SymbolID":0,"AltMode":-1,"Base":0,"Snippet":"","PopupInfo":"","HasLabel":-1,"LabelID":0,"ward_source_id":"ward_369_final.233","ward_source_Name":null,"ward_description":null,"ward_timestamp":null,"ward_begin":null,"ward_end":null,"ward_altitudeMode":null,"ward_tessellate":-1,"ward_extrude":0,"ward_visibility":-1,"ward_drawOrder":null,"ward_icon":null,"ward_Corporation":"East","ward_corporation_kn":"ಪೂರ್ವ","ward_corporation_id":"3","ward_ac":"Mahadevapura","ward_ac_kn":"ಮಹದೇವಪುರ","ward_ac_no":"174","ward_Assembly":"174 - Mahadevapura","ward_id":"38","ward_name":"38 - Whitefield","ward_name_kn":"ವೈಟ್‌ಫೀಲ್ಡ್","ward_TOT_P":"20265.0","ward_TOT_M":"10389.0","ward_TOT_F":"9876.0","ward_SC_P":"2050.0","ward_SC_M":"1039.0","ward_SC_F":"1011.0","ward_ST_P":"280.0","ward_ST_M":"144.0","ward_ST_F":"136.0","ward_low_range":"14567","ward_high_range":"21851","ward_RO_Code":"6","ward_RO_Division":"RO- Hoodi","ward_ARO_Code":"18","ward_ARO_ Sub Division":"ARO- Whitefield","ward_zone":"Zone1","ward_zone_name":"Mahadevapura","ward_join_status":"matched","ward_spatial_match_count":1},"geometry":{"type":"Point","coordinates":[77.73593900000003,12.956940000000031,0]},"id":85},{"type":"Feature","properties":{"fid":86,"OBJECTID":86,"Name":"Placemark","FolderPath":"Document/flood_vulnerable_locations","SymbolID":0,"AltMode":-1,"Base":0,"Snippet":"","PopupInfo":"","HasLabel":-1,"LabelID":0,"ward_source_id":"ward_369_final.292","ward_source_Name":null,"ward_description":null,"ward_timestamp":null,"ward_begin":null,"ward_end":null,"ward_altitudeMode":null,"ward_tessellate":-1,"ward_extrude":0,"ward_visibility":-1,"ward_drawOrder":null,"ward_icon":null,"ward_Corporation":"Central","ward_corporation_kn":"ಕೇಂದ್ರ","ward_corporation_id":"1","ward_ac":"Chamrajapet","ward_ac_kn":"ಚಾಮರಾಜಪೇಟೆ","ward_ac_no":"168","ward_Assembly":"168 - Chamrajapet","ward_id":"44","ward_name":"44 - Chamarajpet","ward_name_kn":"ಚಾಮರಾಜಪೇಟೆ","ward_TOT_P":"25619.0","ward_TOT_M":"13095.0","ward_TOT_F":"12523.0","ward_SC_P":"668.0","ward_SC_M":"374.0","ward_SC_F":"294.0","ward_ST_P":"379.0","ward_ST_M":"213.0","ward_ST_F":"167.0","ward_low_range":"18853","ward_high_range":"28280","ward_RO_Code":"3","ward_RO_Division":"RO - Chamrajapet","ward_ARO_Code":"7","ward_ARO_ Sub Division":"ARO- Chamarajpet","ward_zone":"Zone2","ward_zone_name":"Gandhinagara","ward_join_status":"matched","ward_spatial_match_count":1},"geometry":{"type":"Point","coordinates":[77.56208300000003,12.957039000000066,0]},"id":86},{"type":"Feature","properties":{"fid":87,"OBJECTID":87,"Name":"Placemark","FolderPath":"Document/flood_vulnerable_locations","SymbolID":0,"AltMode":-1,"Base":0,"Snippet":"","PopupInfo":"","HasLabel":-1,"LabelID":0,"ward_source_id":"ward_369_final.292","ward_source_Name":null,"ward_description":null,"ward_timestamp":null,"ward_begin":null,"ward_end":null,"ward_altitudeMode":null,"ward_tessellate":-1,"ward_extrude":0,"ward_visibility":-1,"ward_drawOrder":null,"ward_icon":null,"ward_Corporation":"Central","ward_corporation_kn":"ಕೇಂದ್ರ","ward_corporation_id":"1","ward_ac":"Chamrajapet","ward_ac_kn":"ಚಾಮರಾಜಪೇಟೆ","ward_ac_no":"168","ward_Assembly":"168 - Chamrajapet","ward_id":"44","ward_name":"44 - Chamarajpet","ward_name_kn":"ಚಾಮರಾಜಪೇಟೆ","ward_TOT_P":"25619.0","ward_TOT_M":"13095.0","ward_TOT_F":"12523.0","ward_SC_P":"668.0","ward_SC_M":"374.0","ward_SC_F":"294.0","ward_ST_P":"379.0","ward_ST_M":"213.0","ward_ST_F":"167.0","ward_low_range":"18853","ward_high_range":"28280","ward_RO_Code":"3","ward_RO_Division":"RO - Chamrajapet","ward_ARO_Code":"7","ward_ARO_ Sub Division":"ARO- Chamarajpet","ward_zone":"Zone2","ward_zone_name":"Gandhinagara","ward_join_status":"matched","ward_spatial_match_count":1},"geometry":{"type":"Point","coordinates":[77.56868100000008,12.957242000000065,0]},"id":87},{"type":"Feature","properties":{"fid":88,"OBJECTID":88,"Name":"Placemark","FolderPath":"Document/flood_vulnerable_locations","SymbolID":0,"AltMode":-1,"Base":0,"Snippet":"","PopupInfo":"","HasLabel":-1,"LabelID":0,"ward_source_id":"ward_369_final.82","ward_source_Name":null,"ward_description":null,"ward_timestamp":null,"ward_begin":null,"ward_end":null,"ward_altitudeMode":null,"ward_tessellate":-1,"ward_extrude":0,"ward_visibility":-1,"ward_drawOrder":null,"ward_icon":null,"ward_Corporation":"West","ward_corporation_kn":"ಪಶ್ಚಿಮ","ward_corporation_id":"5","ward_ac":"Govindraj Nagar","ward_ac_kn":"ಗೋವಿಂದರಾಜ ನಗರ","ward_ac_no":"166","ward_Assembly":"166 - Govindraj Nagar","ward_id":"79","ward_name":"79 - Nagarbhavi","ward_name_kn":"ನಾಗರಭಾವಿ","ward_TOT_P":"28194.0","ward_TOT_M":"14491.0","ward_TOT_F":"13703.0","ward_SC_P":"2075.0","ward_SC_M":"1046.0","ward_SC_F":"1029.0","ward_ST_P":"396.0","ward_ST_M":"200.0","ward_ST_F":"196.0","ward_low_range":"18949","ward_high_range":"28424","ward_RO_Code":"3","ward_RO_Division":"RO- Chandra Layout","ward_ARO_Code":"9","ward_ARO_ Sub Division":"ARO- Chandra Layout","ward_zone":"Zone2","ward_zone_name":"Malleshwaram","ward_join_status":"matched","ward_spatial_match_count":1},"geometry":{"type":"Point","coordinates":[77.51442900000006,12.957687000000021,0]},"id":88},{"type":"Feature","properties":{"fid":89,"OBJECTID":89,"Name":"Placemark","FolderPath":"Document/flood_vulnerable_locations","SymbolID":0,"AltMode":-1,"Base":0,"Snippet":"","PopupInfo":"","HasLabel":-1,"LabelID":0,"ward_source_id":"ward_369_final.233","ward_source_Name":null,"ward_description":null,"ward_timestamp":null,"ward_begin":null,"ward_end":null,"ward_altitudeMode":null,"ward_tessellate":-1,"ward_extrude":0,"ward_visibility":-1,"ward_drawOrder":null,"ward_icon":null,"ward_Corporation":"East","ward_corporation_kn":"ಪೂರ್ವ","ward_corporation_id":"3","ward_ac":"Mahadevapura","ward_ac_kn":"ಮಹದೇವಪುರ","ward_ac_no":"174","ward_Assembly":"174 - Mahadevapura","ward_id":"38","ward_name":"38 - Whitefield","ward_name_kn":"ವೈಟ್‌ಫೀಲ್ಡ್","ward_TOT_P":"20265.0","ward_TOT_M":"10389.0","ward_TOT_F":"9876.0","ward_SC_P":"2050.0","ward_SC_M":"1039.0","ward_SC_F":"1011.0","ward_ST_P":"280.0","ward_ST_M":"144.0","ward_ST_F":"136.0","ward_low_range":"14567","ward_high_range":"21851","ward_RO_Code":"6","ward_RO_Division":"RO- Hoodi","ward_ARO_Code":"18","ward_ARO_ Sub Division":"ARO- Whitefield","ward_zone":"Zone1","ward_zone_name":"Mahadevapura","ward_join_status":"matched","ward_spatial_match_count":1},"geometry":{"type":"Point","coordinates":[77.74491900000004,12.958488000000045,0]},"id":89},{"type":"Feature","properties":{"fid":90,"OBJECTID":90,"Name":"Placemark","FolderPath":"Document/flood_vulnerable_locations","SymbolID":0,"AltMode":-1,"Base":0,"Snippet":"","PopupInfo":"","HasLabel":-1,"LabelID":0,"ward_source_id":"ward_369_final.1","ward_source_Name":null,"ward_description":null,"ward_timestamp":null,"ward_begin":null,"ward_end":null,"ward_altitudeMode":null,"ward_tessellate":-1,"ward_extrude":0,"ward_visibility":-1,"ward_drawOrder":null,"ward_icon":null,"ward_Corporation":"West","ward_corporation_kn":"ಪಶ್ಚಿಮ","ward_corporation_id":"5","ward_ac":"Rajarajeshwarinagar","ward_ac_kn":"ರಾಜರಾಜೇಶ್ವರಿನಗರ","ward_ac_no":"154","ward_Assembly":"154 - Rajarajeshwarinagar","ward_id":"25","ward_name":"25 - Vinayaka Layout","ward_name_kn":"ವಿನಾಯಕ ಲೇಔಟ್","ward_TOT_P":"20170.0","ward_TOT_M":"10168.0","ward_TOT_F":"10002.0","ward_SC_P":"1496.0","ward_SC_M":"767.0","ward_SC_F":"729.0","ward_ST_P":"406.0","ward_ST_M":"205.0","ward_ST_F":"201.0","ward_low_range":"18949","ward_high_range":"28424","ward_RO_Code":"11","ward_RO_Division":"RO- Rajarajeswari Nagara","ward_ARO_Code":"34","ward_ARO_ Sub Division":"ARO- Jnana Bharathi","ward_zone":"Zone1","ward_zone_name":"Rajarajeshwarinagar","ward_join_status":"matched","ward_spatial_match_count":1},"geometry":{"type":"Point","coordinates":[77.51130300000005,12.959262000000024,0]},"id":90},{"type":"Feature","properties":{"fid":91,"OBJECTID":91,"Name":"Placemark","FolderPath":"Document/flood_vulnerable_locations","SymbolID":0,"AltMode":-1,"Base":0,"Snippet":"","PopupInfo":"","HasLabel":-1,"LabelID":0,"ward_source_id":"ward_369_final.100","ward_source_Name":null,"ward_description":null,"ward_timestamp":null,"ward_begin":null,"ward_end":null,"ward_altitudeMode":null,"ward_tessellate":-1,"ward_extrude":0,"ward_visibility":-1,"ward_drawOrder":null,"ward_icon":null,"ward_Corporation":"East","ward_corporation_kn":"ಪೂರ್ವ","ward_corporation_id":"3","ward_ac":"Mahadevapura","ward_ac_kn":"ಮಹದೇವಪುರ","ward_ac_no":"174","ward_Assembly":"174 - Mahadevapura","ward_id":"42","ward_name":"42 - Priyadarshini Ward","ward_name_kn":"ಪ್ರಿಯದರ್ಶಿನಿ ವಾರ್ಡ್","ward_TOT_P":"16847.0","ward_TOT_M":"8595.0","ward_TOT_F":"8253.0","ward_SC_P":"619.0","ward_SC_M":"324.0","ward_SC_F":"296.0","ward_ST_P":"276.0","ward_ST_M":"144.0","ward_ST_F":"131.0","ward_low_range":"14567","ward_high_range":"21851","ward_RO_Code":"7","ward_RO_Division":"RO- Marathahalli","ward_ARO_Code":"22","ward_ARO_ Sub Division":"ARO- Munnekolalu","ward_zone":"Zone1","ward_zone_name":"Mahadevapura","ward_join_status":"matched","ward_spatial_match_count":1},"geometry":{"type":"Point","coordinates":[77.70807500000006,12.959824000000026,0]},"id":91},{"type":"Feature","properties":{"fid":92,"OBJECTID":92,"Name":"Placemark","FolderPath":"Document/flood_vulnerable_locations","SymbolID":0,"AltMode":-1,"Base":0,"Snippet":"","PopupInfo":"","HasLabel":-1,"LabelID":0,"ward_source_id":"ward_369_final.258","ward_source_Name":null,"ward_description":null,"ward_timestamp":null,"ward_begin":null,"ward_end":null,"ward_altitudeMode":null,"ward_tessellate":-1,"ward_extrude":0,"ward_visibility":-1,"ward_drawOrder":null,"ward_icon":null,"ward_Corporation":"Central","ward_corporation_kn":"ಕೇಂದ್ರ","ward_corporation_id":"1","ward_ac":"C.V. Raman Nagar","ward_ac_kn":"ಸಿ.ವಿ. ರಾಮನ್ ನಗರ","ward_ac_no":"161","ward_Assembly":"161 - C.V. Raman Nagar","ward_id":"20","ward_name":"20 - Kodihalli","ward_name_kn":"ಕೋಡಿಹಳ್ಳಿ","ward_TOT_P":"24057.0","ward_TOT_M":"12236.0","ward_TOT_F":"11821.0","ward_SC_P":"3836.0","ward_SC_M":"1904.0","ward_SC_F":"1931.0","ward_ST_P":"323.0","ward_ST_M":"163.0","ward_ST_F":"160.0","ward_low_range":"18853","ward_high_range":"28280","ward_RO_Code":"2","ward_RO_Division":"RO- Jeevan Bhimanagar","ward_ARO_Code":"5","ward_ARO_ Sub Division":"ARO- Konena Agrahara","ward_zone":"Zone1","ward_zone_name":"C.V. Raman Nagar","ward_join_status":"matched","ward_spatial_match_count":1},"geometry":{"type":"Point","coordinates":[77.64305600000006,12.961111000000074,0]},"id":92},{"type":"Feature","properties":{"fid":93,"OBJECTID":93,"Name":"Placemark","FolderPath":"Document/flood_vulnerable_locations","SymbolID":0,"AltMode":-1,"Base":0,"Snippet":"","PopupInfo":"","HasLabel":-1,"LabelID":0,"ward_source_id":"ward_369_final.286","ward_source_Name":null,"ward_description":null,"ward_timestamp":null,"ward_begin":null,"ward_end":null,"ward_altitudeMode":null,"ward_tessellate":-1,"ward_extrude":0,"ward_visibility":-1,"ward_drawOrder":null,"ward_icon":null,"ward_Corporation":"Central","ward_corporation_kn":"ಕೇಂದ್ರ","ward_corporation_id":"1","ward_ac":"Chickpet","ward_ac_kn":"ಚಿಕ್ಕಪೇಟೆ","ward_ac_no":"169","ward_Assembly":"169 - Chickpet","ward_id":"32","ward_name":"32 - SilverJubilee Park Ward","ward_name_kn":"ಸಿಲ್ವರ್ ಜುಬಿಲಿ ಪಾರ್ಕ್ ವಾರ್ಡ್","ward_TOT_P":"18858.0","ward_TOT_M":"9562.0","ward_TOT_F":"9176.0","ward_SC_P":"6825.0","ward_SC_M":"3344.0","ward_SC_F":"3481.0","ward_ST_P":"233.0","ward_ST_M":"104.0","ward_ST_F":"129.0","ward_low_range":"18853","ward_high_range":"28280","ward_RO_Code":"4","ward_RO_Division":"RO - Chickpet","ward_ARO_Code":"11","ward_ARO_ Sub Division":"ARO- Dharmaraya Swamy Temple","ward_zone":"Zone2","ward_zone_name":"Gandhinagara","ward_join_status":"matched","ward_spatial_match_count":1},"geometry":{"type":"Point","coordinates":[77.58280600000006,12.96211100000005,0]},"id":93},{"type":"Feature","properties":{"fid":94,"OBJECTID":94,"Name":"Placemark","FolderPath":"Document/flood_vulnerable_locations","SymbolID":0,"AltMode":-1,"Base":0,"Snippet":"","PopupInfo":"","HasLabel":-1,"LabelID":0,"ward_source_id":"ward_369_final.308","ward_source_Name":null,"ward_description":null,"ward_timestamp":null,"ward_begin":null,"ward_end":null,"ward_altitudeMode":null,"ward_tessellate":-1,"ward_extrude":0,"ward_visibility":-1,"ward_drawOrder":null,"ward_icon":null,"ward_Corporation":"West","ward_corporation_kn":"ಪಶ್ಚಿಮ","ward_corporation_id":"5","ward_ac":"Yeshwanthapura","ward_ac_kn":"ಯಶವಂತಪುರ","ward_ac_no":"153","ward_Assembly":"153 - Yeshwanthapura","ward_id":"16","ward_name":"16 - Ullal","ward_name_kn":"ಉಳ್ಳಾಲ","ward_TOT_P":"22549.0","ward_TOT_M":"11535.0","ward_TOT_F":"11014.0","ward_SC_P":"3331.0","ward_SC_M":"1662.0","ward_SC_F":"1670.0","ward_ST_P":"439.0","ward_ST_M":"224.0","ward_ST_F":"215.0","ward_low_range":"18949","ward_high_range":"28424","ward_RO_Code":"15","ward_RO_Division":"RO- Kengeri","ward_ARO_Code":"45","ward_ARO_ Sub Division":"ARO- Ullal","ward_zone":"Zone1","ward_zone_name":"Rajarajeshwarinagar","ward_join_status":"matched","ward_spatial_match_count":1},"geometry":{"type":"Point","coordinates":[77.49191000000008,12.962410000000034,0]},"id":94},{"type":"Feature","properties":{"fid":95,"OBJECTID":95,"Name":"Placemark","FolderPath":"Document/flood_vulnerable_locations","SymbolID":0,"AltMode":-1,"Base":0,"Snippet":"","PopupInfo":"","HasLabel":-1,"LabelID":0,"ward_source_id":"ward_369_final.286","ward_source_Name":null,"ward_description":null,"ward_timestamp":null,"ward_begin":null,"ward_end":null,"ward_altitudeMode":null,"ward_tessellate":-1,"ward_extrude":0,"ward_visibility":-1,"ward_drawOrder":null,"ward_icon":null,"ward_Corporation":"Central","ward_corporation_kn":"ಕೇಂದ್ರ","ward_corporation_id":"1","ward_ac":"Chickpet","ward_ac_kn":"ಚಿಕ್ಕಪೇಟೆ","ward_ac_no":"169","ward_Assembly":"169 - Chickpet","ward_id":"32","ward_name":"32 - SilverJubilee Park Ward","ward_name_kn":"ಸಿಲ್ವರ್ ಜುಬಿಲಿ ಪಾರ್ಕ್ ವಾರ್ಡ್","ward_TOT_P":"18858.0","ward_TOT_M":"9562.0","ward_TOT_F":"9176.0","ward_SC_P":"6825.0","ward_SC_M":"3344.0","ward_SC_F":"3481.0","ward_ST_P":"233.0","ward_ST_M":"104.0","ward_ST_F":"129.0","ward_low_range":"18853","ward_high_range":"28280","ward_RO_Code":"4","ward_RO_Division":"RO - Chickpet","ward_ARO_Code":"11","ward_ARO_ Sub Division":"ARO- Dharmaraya Swamy Temple","ward_zone":"Zone2","ward_zone_name":"Gandhinagara","ward_join_status":"matched","ward_spatial_match_count":1},"geometry":{"type":"Point","coordinates":[77.58397200000007,12.962417000000073,0]},"id":95},{"type":"Feature","properties":{"fid":96,"OBJECTID":96,"Name":"Placemark","FolderPath":"Document/flood_vulnerable_locations","SymbolID":0,"AltMode":-1,"Base":0,"Snippet":"","PopupInfo":"","HasLabel":-1,"LabelID":0,"ward_source_id":"ward_369_final.286","ward_source_Name":null,"ward_description":null,"ward_timestamp":null,"ward_begin":null,"ward_end":null,"ward_altitudeMode":null,"ward_tessellate":-1,"ward_extrude":0,"ward_visibility":-1,"ward_drawOrder":null,"ward_icon":null,"ward_Corporation":"Central","ward_corporation_kn":"ಕೇಂದ್ರ","ward_corporation_id":"1","ward_ac":"Chickpet","ward_ac_kn":"ಚಿಕ್ಕಪೇಟೆ","ward_ac_no":"169","ward_Assembly":"169 - Chickpet","ward_id":"32","ward_name":"32 - SilverJubilee Park Ward","ward_name_kn":"ಸಿಲ್ವರ್ ಜುಬಿಲಿ ಪಾರ್ಕ್ ವಾರ್ಡ್","ward_TOT_P":"18858.0","ward_TOT_M":"9562.0","ward_TOT_F":"9176.0","ward_SC_P":"6825.0","ward_SC_M":"3344.0","ward_SC_F":"3481.0","ward_ST_P":"233.0","ward_ST_M":"104.0","ward_ST_F":"129.0","ward_low_range":"18853","ward_high_range":"28280","ward_RO_Code":"4","ward_RO_Division":"RO - Chickpet","ward_ARO_Code":"11","ward_ARO_ Sub Division":"ARO- Dharmaraya Swamy Temple","ward_zone":"Zone2","ward_zone_name":"Gandhinagara","ward_join_status":"matched","ward_spatial_match_count":1},"geometry":{"type":"Point","coordinates":[77.57980600000008,12.963000000000022,0]},"id":96},{"type":"Feature","properties":{"fid":97,"OBJECTID":97,"Name":"Placemark","FolderPath":"Document/flood_vulnerable_locations","SymbolID":0,"AltMode":-1,"Base":0,"Snippet":"","PopupInfo":"","HasLabel":-1,"LabelID":0,"ward_source_id":"ward_369_final.275","ward_source_Name":null,"ward_description":null,"ward_timestamp":null,"ward_begin":null,"ward_end":null,"ward_altitudeMode":null,"ward_tessellate":-1,"ward_extrude":0,"ward_visibility":-1,"ward_drawOrder":null,"ward_icon":null,"ward_Corporation":"Central","ward_corporation_kn":"ಕೇಂದ್ರ","ward_corporation_id":"1","ward_ac":"Shanthinagar","ward_ac_kn":"ಶಾಂತಿನಗರ","ward_ac_no":"163","ward_Assembly":"163 - Shanthinagar","ward_id":"25","ward_name":"25 - Ashokanagar","ward_name_kn":"ಅಶೋಕನಗರ","ward_TOT_P":"21804.0","ward_TOT_M":"10895.0","ward_TOT_F":"10909.0","ward_SC_P":"1987.0","ward_SC_M":"931.0","ward_SC_F":"1056.0","ward_ST_P":"311.0","ward_ST_M":"137.0","ward_ST_F":"174.0","ward_low_range":"18853","ward_high_range":"28280","ward_RO_Code":"6","ward_RO_Division":"RO - Shanthinagar","ward_ARO_Code":"21","ward_ARO_ Sub Division":"ARO- Shanthinagar","ward_zone":"Zone1","ward_zone_name":"C.V. Raman Nagar","ward_join_status":"matched","ward_spatial_match_count":1},"geometry":{"type":"Point","coordinates":[77.61463900000007,12.963722000000075,0]},"id":97},{"type":"Feature","properties":{"fid":98,"OBJECTID":98,"Name":"Placemark","FolderPath":"Document/flood_vulnerable_locations","SymbolID":0,"AltMode":-1,"Base":0,"Snippet":"","PopupInfo":"","HasLabel":-1,"LabelID":0,"ward_source_id":"ward_369_final.252","ward_source_Name":null,"ward_description":null,"ward_timestamp":null,"ward_begin":null,"ward_end":null,"ward_altitudeMode":null,"ward_tessellate":-1,"ward_extrude":0,"ward_visibility":-1,"ward_drawOrder":null,"ward_icon":null,"ward_Corporation":"Central","ward_corporation_kn":"ಕೇಂದ್ರ","ward_corporation_id":"1","ward_ac":"Chamrajapet","ward_ac_kn":"ಚಾಮರಾಜಪೇಟೆ","ward_ac_no":"168","ward_Assembly":"168 - Chamrajapet","ward_id":"46","ward_name":"46 - Cheluvadi Palya","ward_name_kn":"ಚೆಲುವಾದಿ ಪಾಳ್ಯ","ward_TOT_P":"21019.0","ward_TOT_M":"10603.0","ward_TOT_F":"10415.0","ward_SC_P":"10480.0","ward_SC_M":"5197.0","ward_SC_F":"5284.0","ward_ST_P":"192.0","ward_ST_M":"92.0","ward_ST_F":"100.0","ward_low_range":"18853","ward_high_range":"28280","ward_RO_Code":"3","ward_RO_Division":"RO - Chamrajapet","ward_ARO_Code":"7","ward_ARO_ Sub Division":"ARO- Chamarajpet","ward_zone":"Zone2","ward_zone_name":"Gandhinagara","ward_join_status":"matched","ward_spatial_match_count":1},"geometry":{"type":"Point","coordinates":[77.56652500000007,12.965317000000027,0]},"id":98},{"type":"Feature","properties":{"fid":99,"OBJECTID":99,"Name":"Placemark","FolderPath":"Document/flood_vulnerable_locations","SymbolID":0,"AltMode":-1,"Base":0,"Snippet":"","PopupInfo":"","HasLabel":-1,"LabelID":0,"ward_source_id":"ward_369_final.252","ward_source_Name":null,"ward_description":null,"ward_timestamp":null,"ward_begin":null,"ward_end":null,"ward_altitudeMode":null,"ward_tessellate":-1,"ward_extrude":0,"ward_visibility":-1,"ward_drawOrder":null,"ward_icon":null,"ward_Corporation":"Central","ward_corporation_kn":"ಕೇಂದ್ರ","ward_corporation_id":"1","ward_ac":"Chamrajapet","ward_ac_kn":"ಚಾಮರಾಜಪೇಟೆ","ward_ac_no":"168","ward_Assembly":"168 - Chamrajapet","ward_id":"46","ward_name":"46 - Cheluvadi Palya","ward_name_kn":"ಚೆಲುವಾದಿ ಪಾಳ್ಯ","ward_TOT_P":"21019.0","ward_TOT_M":"10603.0","ward_TOT_F":"10415.0","ward_SC_P":"10480.0","ward_SC_M":"5197.0","ward_SC_F":"5284.0","ward_ST_P":"192.0","ward_ST_M":"92.0","ward_ST_F":"100.0","ward_low_range":"18853","ward_high_range":"28280","ward_RO_Code":"3","ward_RO_Division":"RO - Chamrajapet","ward_ARO_Code":"7","ward_ARO_ Sub Division":"ARO- Chamarajpet","ward_zone":"Zone2","ward_zone_name":"Gandhinagara","ward_join_status":"matched","ward_spatial_match_count":1},"geometry":{"type":"Point","coordinates":[77.56652500000007,12.965317000000027,0]},"id":99},{"type":"Feature","properties":{"fid":100,"OBJECTID":100,"Name":"Placemark","FolderPath":"Document/flood_vulnerable_locations","SymbolID":0,"AltMode":-1,"Base":0,"Snippet":"","PopupInfo":"","HasLabel":-1,"LabelID":0,"ward_source_id":"ward_369_final.1","ward_source_Name":null,"ward_description":null,"ward_timestamp":null,"ward_begin":null,"ward_end":null,"ward_altitudeMode":null,"ward_tessellate":-1,"ward_extrude":0,"ward_visibility":-1,"ward_drawOrder":null,"ward_icon":null,"ward_Corporation":"West","ward_corporation_kn":"ಪಶ್ಚಿಮ","ward_corporation_id":"5","ward_ac":"Rajarajeshwarinagar","ward_ac_kn":"ರಾಜರಾಜೇಶ್ವರಿನಗರ","ward_ac_no":"154","ward_Assembly":"154 - Rajarajeshwarinagar","ward_id":"25","ward_name":"25 - Vinayaka Layout","ward_name_kn":"ವಿನಾಯಕ ಲೇಔಟ್","ward_TOT_P":"20170.0","ward_TOT_M":"10168.0","ward_TOT_F":"10002.0","ward_SC_P":"1496.0","ward_SC_M":"767.0","ward_SC_F":"729.0","ward_ST_P":"406.0","ward_ST_M":"205.0","ward_ST_F":"201.0","ward_low_range":"18949","ward_high_range":"28424","ward_RO_Code":"11","ward_RO_Division":"RO- Rajarajeswari Nagara","ward_ARO_Code":"34","ward_ARO_ Sub Division":"ARO- Jnana Bharathi","ward_zone":"Zone1","ward_zone_name":"Rajarajeshwarinagar","ward_join_status":"matched","ward_spatial_match_count":1},"geometry":{"type":"Point","coordinates":[77.51739400000008,12.965703000000076,0]},"id":100},{"type":"Feature","properties":{"fid":101,"OBJECTID":101,"Name":"Placemark","FolderPath":"Document/flood_vulnerable_locations","SymbolID":0,"AltMode":-1,"Base":0,"Snippet":"","PopupInfo":"","HasLabel":-1,"LabelID":0,"ward_source_id":"ward_369_final.55","ward_source_Name":null,"ward_description":null,"ward_timestamp":null,"ward_begin":null,"ward_end":null,"ward_altitudeMode":null,"ward_tessellate":-1,"ward_extrude":0,"ward_visibility":-1,"ward_drawOrder":null,"ward_icon":null,"ward_Corporation":"Central","ward_corporation_kn":"ಕೇಂದ್ರ","ward_corporation_id":"1","ward_ac":"Chamrajapet","ward_ac_kn":"ಚಾಮರಾಜಪೇಟೆ","ward_ac_no":"168","ward_Assembly":"168 - Chamrajapet","ward_id":"52","ward_name":"52 - Padarayanapura","ward_name_kn":"ಪಾದರಾಯನಪುರ","ward_TOT_P":"25833.0","ward_TOT_M":"13312.0","ward_TOT_F":"12521.0","ward_SC_P":"364.0","ward_SC_M":"182.0","ward_SC_F":"182.0","ward_ST_P":"128.0","ward_ST_M":"71.0","ward_ST_F":"57.0","ward_low_range":"18853","ward_high_range":"28280","ward_RO_Code":"3","ward_RO_Division":"RO - Chamrajapet","ward_ARO_Code":"9","ward_ARO_ Sub Division":"ARO- Padarayanapura","ward_zone":"Zone2","ward_zone_name":"Gandhinagara","ward_join_status":"matched","ward_spatial_match_count":1},"geometry":{"type":"Point","coordinates":[77.55261900000005,12.965883000000076,0]},"id":101},{"type":"Feature","properties":{"fid":102,"OBJECTID":102,"Name":"Placemark","FolderPath":"Document/flood_vulnerable_locations","SymbolID":0,"AltMode":-1,"Base":0,"Snippet":"","PopupInfo":"","HasLabel":-1,"LabelID":0,"ward_source_id":"ward_369_final.1","ward_source_Name":null,"ward_description":null,"ward_timestamp":null,"ward_begin":null,"ward_end":null,"ward_altitudeMode":null,"ward_tessellate":-1,"ward_extrude":0,"ward_visibility":-1,"ward_drawOrder":null,"ward_icon":null,"ward_Corporation":"West","ward_corporation_kn":"ಪಶ್ಚಿಮ","ward_corporation_id":"5","ward_ac":"Rajarajeshwarinagar","ward_ac_kn":"ರಾಜರಾಜೇಶ್ವರಿನಗರ","ward_ac_no":"154","ward_Assembly":"154 - Rajarajeshwarinagar","ward_id":"25","ward_name":"25 - Vinayaka Layout","ward_name_kn":"ವಿನಾಯಕ ಲೇಔಟ್","ward_TOT_P":"20170.0","ward_TOT_M":"10168.0","ward_TOT_F":"10002.0","ward_SC_P":"1496.0","ward_SC_M":"767.0","ward_SC_F":"729.0","ward_ST_P":"406.0","ward_ST_M":"205.0","ward_ST_F":"201.0","ward_low_range":"18949","ward_high_range":"28424","ward_RO_Code":"11","ward_RO_Division":"RO- Rajarajeswari Nagara","ward_ARO_Code":"34","ward_ARO_ Sub Division":"ARO- Jnana Bharathi","ward_zone":"Zone1","ward_zone_name":"Rajarajeshwarinagar","ward_join_status":"matched","ward_spatial_match_count":1},"geometry":{"type":"Point","coordinates":[77.51748900000007,12.965950000000078,0]},"id":102},{"type":"Feature","properties":{"fid":103,"OBJECTID":103,"Name":"Placemark","FolderPath":"Document/flood_vulnerable_locations","SymbolID":0,"AltMode":-1,"Base":0,"Snippet":"","PopupInfo":"","HasLabel":-1,"LabelID":0,"ward_source_id":"ward_369_final.251","ward_source_Name":null,"ward_description":null,"ward_timestamp":null,"ward_begin":null,"ward_end":null,"ward_altitudeMode":null,"ward_tessellate":-1,"ward_extrude":0,"ward_visibility":-1,"ward_drawOrder":null,"ward_icon":null,"ward_Corporation":"East","ward_corporation_kn":"ಪೂರ್ವ","ward_corporation_id":"3","ward_ac":"K.R. Pura","ward_ac_kn":"ಕೆ.ಆರ್. ಪುರ","ward_ac_no":"151","ward_Assembly":"151 - K.R. Pura","ward_id":"24","ward_name":"24 - Vignananagara","ward_name_kn":"ವಿಜ್ಞಾನನಗರ","ward_TOT_P":"14649.0","ward_TOT_M":"7682.0","ward_TOT_F":"6967.0","ward_SC_P":"822.0","ward_SC_M":"402.0","ward_SC_F":"419.0","ward_ST_P":"229.0","ward_ST_M":"122.0","ward_ST_F":"107.0","ward_low_range":"14567","ward_high_range":"21851","ward_RO_Code":"4","ward_RO_Division":"RO- Vignananagara","ward_ARO_Code":"12","ward_ARO_ Sub Division":"ARO- Vignananagara","ward_zone":"Zone2","ward_zone_name":"K.R. Pura","ward_join_status":"matched","ward_spatial_match_count":1},"geometry":{"type":"Point","coordinates":[77.68277800000004,12.96638900000005,0]},"id":103},{"type":"Feature","properties":{"fid":104,"OBJECTID":104,"Name":"Placemark","FolderPath":"Document/flood_vulnerable_locations","SymbolID":0,"AltMode":-1,"Base":0,"Snippet":"","PopupInfo":"","HasLabel":-1,"LabelID":0,"ward_source_id":"ward_369_final.228","ward_source_Name":null,"ward_description":null,"ward_timestamp":null,"ward_begin":null,"ward_end":null,"ward_altitudeMode":null,"ward_tessellate":-1,"ward_extrude":0,"ward_visibility":-1,"ward_drawOrder":null,"ward_icon":null,"ward_Corporation":"West","ward_corporation_kn":"ಪಶ್ಚಿಮ","ward_corporation_id":"5","ward_ac":"Vijayanagar","ward_ac_kn":"ವಿಜಯನಗರ","ward_ac_no":"167","ward_Assembly":"167 - Vijayanagar","ward_id":"86","ward_name":"86 - Vidyaranyanagara","ward_name_kn":"ವಿದ್ಯಾರಣ್ಯನಗರ","ward_TOT_P":"28411.0","ward_TOT_M":"14786.0","ward_TOT_F":"13705.0","ward_SC_P":"1977.0","ward_SC_M":"1018.0","ward_SC_F":"958.0","ward_ST_P":"722.0","ward_ST_M":"380.0","ward_ST_F":"342.0","ward_low_range":"18949","ward_high_range":"28424","ward_RO_Code":"13","ward_RO_Division":"RO- Vijayanagar","ward_ARO_Code":"40","ward_ARO_ Sub Division":"ARO- KP Agrahara","ward_zone":"Zone2","ward_zone_name":"Malleshwaram","ward_join_status":"matched","ward_spatial_match_count":1},"geometry":{"type":"Point","coordinates":[77.54969700000004,12.968405000000075,0]},"id":104},{"type":"Feature","properties":{"fid":105,"OBJECTID":105,"Name":"Placemark","FolderPath":"Document/flood_vulnerable_locations","SymbolID":0,"AltMode":-1,"Base":0,"Snippet":"","PopupInfo":"","HasLabel":-1,"LabelID":0,"ward_source_id":"ward_369_final.237","ward_source_Name":null,"ward_description":null,"ward_timestamp":null,"ward_begin":null,"ward_end":null,"ward_altitudeMode":null,"ward_tessellate":-1,"ward_extrude":0,"ward_visibility":-1,"ward_drawOrder":null,"ward_icon":null,"ward_Corporation":"East","ward_corporation_kn":"ಪೂರ್ವ","ward_corporation_id":"3","ward_ac":"Mahadevapura","ward_ac_kn":"ಮಹದೇವಪುರ","ward_ac_no":"174","ward_Assembly":"174 - Mahadevapura","ward_id":"43","ward_name":"43 - Dodda Nekkundi","ward_name_kn":"ದೊಡ್ಡ ನೆಕ್ಕುಂಡಿ","ward_TOT_P":"16961.0","ward_TOT_M":"8921.0","ward_TOT_F":"8040.0","ward_SC_P":"1518.0","ward_SC_M":"778.0","ward_SC_F":"740.0","ward_ST_P":"250.0","ward_ST_M":"121.0","ward_ST_F":"129.0","ward_low_range":"14567","ward_high_range":"21851","ward_RO_Code":"7","ward_RO_Division":"RO- Marathahalli","ward_ARO_Code":"19","ward_ARO_ Sub Division":"ARO- Doddane Kundi","ward_zone":"Zone1","ward_zone_name":"Mahadevapura","ward_join_status":"matched","ward_spatial_match_count":1},"geometry":{"type":"Point","coordinates":[77.69217800000007,12.969066000000055,0]},"id":105},{"type":"Feature","properties":{"fid":106,"OBJECTID":106,"Name":"Placemark","FolderPath":"Document/flood_vulnerable_locations","SymbolID":0,"AltMode":-1,"Base":0,"Snippet":"","PopupInfo":"","HasLabel":-1,"LabelID":0,"ward_source_id":"ward_369_final.203","ward_source_Name":null,"ward_description":null,"ward_timestamp":null,"ward_begin":null,"ward_end":null,"ward_altitudeMode":null,"ward_tessellate":-1,"ward_extrude":0,"ward_visibility":-1,"ward_drawOrder":null,"ward_icon":null,"ward_Corporation":"East","ward_corporation_kn":"ಪೂರ್ವ","ward_corporation_id":"3","ward_ac":"Mahadevapura","ward_ac_kn":"ಮಹದೇವಪುರ","ward_ac_no":"174","ward_Assembly":"174 - Mahadevapura","ward_id":"33","ward_name":"33 - S.M Krishna Ward","ward_name_kn":"ಎಸ್.ಎಂ ಕೃಷ್ಣ ವಾರ್ಡ್","ward_TOT_P":"16262.0","ward_TOT_M":"8867.0","ward_TOT_F":"7395.0","ward_SC_P":"3754.0","ward_SC_M":"1929.0","ward_SC_F":"1826.0","ward_ST_P":"464.0","ward_ST_M":"272.0","ward_ST_F":"192.0","ward_low_range":"14567","ward_high_range":"21851","ward_RO_Code":"6","ward_RO_Division":"RO- Hoodi","ward_ARO_Code":"17","ward_ARO_ Sub Division":"ARO- Kadugodi","ward_zone":"Zone1","ward_zone_name":"Mahadevapura","ward_join_status":"matched","ward_spatial_match_count":1},"geometry":{"type":"Point","coordinates":[77.73668600000008,12.969300000000032,0]},"id":106},{"type":"Feature","properties":{"fid":107,"OBJECTID":107,"Name":"Placemark","FolderPath":"Document/flood_vulnerable_locations","SymbolID":0,"AltMode":-1,"Base":0,"Snippet":"","PopupInfo":"","HasLabel":-1,"LabelID":0,"ward_source_id":"ward_369_final.275","ward_source_Name":null,"ward_description":null,"ward_timestamp":null,"ward_begin":null,"ward_end":null,"ward_altitudeMode":null,"ward_tessellate":-1,"ward_extrude":0,"ward_visibility":-1,"ward_drawOrder":null,"ward_icon":null,"ward_Corporation":"Central","ward_corporation_kn":"ಕೇಂದ್ರ","ward_corporation_id":"1","ward_ac":"Shanthinagar","ward_ac_kn":"ಶಾಂತಿನಗರ","ward_ac_no":"163","ward_Assembly":"163 - Shanthinagar","ward_id":"25","ward_name":"25 - Ashokanagar","ward_name_kn":"ಅಶೋಕನಗರ","ward_TOT_P":"21804.0","ward_TOT_M":"10895.0","ward_TOT_F":"10909.0","ward_SC_P":"1987.0","ward_SC_M":"931.0","ward_SC_F":"1056.0","ward_ST_P":"311.0","ward_ST_M":"137.0","ward_ST_F":"174.0","ward_low_range":"18853","ward_high_range":"28280","ward_RO_Code":"6","ward_RO_Division":"RO - Shanthinagar","ward_ARO_Code":"21","ward_ARO_ Sub Division":"ARO- Shanthinagar","ward_zone":"Zone1","ward_zone_name":"C.V. Raman Nagar","ward_join_status":"matched","ward_spatial_match_count":1},"geometry":{"type":"Point","coordinates":[77.60966700000006,12.970611000000076,0]},"id":107},{"type":"Feature","properties":{"fid":108,"OBJECTID":108,"Name":"Placemark","FolderPath":"Document/flood_vulnerable_locations","SymbolID":0,"AltMode":-1,"Base":0,"Snippet":"","PopupInfo":"","HasLabel":-1,"LabelID":0,"ward_source_id":"ward_369_final.257","ward_source_Name":null,"ward_description":null,"ward_timestamp":null,"ward_begin":null,"ward_end":null,"ward_altitudeMode":null,"ward_tessellate":-1,"ward_extrude":0,"ward_visibility":-1,"ward_drawOrder":null,"ward_icon":null,"ward_Corporation":"Central","ward_corporation_kn":"ಕೇಂದ್ರ","ward_corporation_id":"1","ward_ac":"Shanthinagar","ward_ac_kn":"ಶಾಂತಿನಗರ","ward_ac_no":"163","ward_Assembly":"163 - Shanthinagar","ward_id":"23","ward_name":"23 - Jogpalya","ward_name_kn":"ಜೋಗಪಾಳ್ಯ","ward_TOT_P":"25803.0","ward_TOT_M":"12923.0","ward_TOT_F":"12879.0","ward_SC_P":"2746.0","ward_SC_M":"1376.0","ward_SC_F":"1370.0","ward_ST_P":"389.0","ward_ST_M":"189.0","ward_ST_F":"199.0","ward_low_range":"18853","ward_high_range":"28280","ward_RO_Code":"6","ward_RO_Division":"RO - Shanthinagar","ward_ARO_Code":"18","ward_ARO_ Sub Division":"ARO- Domluru","ward_zone":"Zone1","ward_zone_name":"C.V. Raman Nagar","ward_join_status":"matched","ward_spatial_match_count":1},"geometry":{"type":"Point","coordinates":[77.63361100000003,12.970833000000027,0]},"id":108},{"type":"Feature","properties":{"fid":109,"OBJECTID":109,"Name":"Placemark","FolderPath":"Document/flood_vulnerable_locations","SymbolID":0,"AltMode":-1,"Base":0,"Snippet":"","PopupInfo":"","HasLabel":-1,"LabelID":0,"ward_source_id":"ward_369_final.338","ward_source_Name":null,"ward_description":null,"ward_timestamp":null,"ward_begin":null,"ward_end":null,"ward_altitudeMode":null,"ward_tessellate":-1,"ward_extrude":0,"ward_visibility":-1,"ward_drawOrder":null,"ward_icon":null,"ward_Corporation":"West","ward_corporation_kn":"ಪಶ್ಚಿಮ","ward_corporation_id":"5","ward_ac":"Govindraj Nagar","ward_ac_kn":"ಗೋವಿಂದರಾಜ ನಗರ","ward_ac_no":"166","ward_Assembly":"166 - Govindraj Nagar","ward_id":"76","ward_name":"76 - Moodalapalya","ward_name_kn":"ಮೂಡಲಪಾಳ್ಯ","ward_TOT_P":"19590.0","ward_TOT_M":"10168.0","ward_TOT_F":"9421.0","ward_SC_P":"1122.0","ward_SC_M":"575.0","ward_SC_F":"547.0","ward_ST_P":"403.0","ward_ST_M":"204.0","ward_ST_F":"200.0","ward_low_range":"18949","ward_high_range":"28424","ward_RO_Code":"3","ward_RO_Division":"RO- Chandra Layout","ward_ARO_Code":"10","ward_ARO_ Sub Division":"ARO- Marenahalli","ward_zone":"Zone2","ward_zone_name":"Malleshwaram","ward_join_status":"matched","ward_spatial_match_count":1},"geometry":{"type":"Point","coordinates":[77.51865600000008,12.971169000000032,0]},"id":109},{"type":"Feature","properties":{"fid":110,"OBJECTID":110,"Name":"Placemark","FolderPath":"Document/flood_vulnerable_locations","SymbolID":0,"AltMode":-1,"Base":0,"Snippet":"","PopupInfo":"","HasLabel":-1,"LabelID":0,"ward_source_id":"ward_369_final.257","ward_source_Name":null,"ward_description":null,"ward_timestamp":null,"ward_begin":null,"ward_end":null,"ward_altitudeMode":null,"ward_tessellate":-1,"ward_extrude":0,"ward_visibility":-1,"ward_drawOrder":null,"ward_icon":null,"ward_Corporation":"Central","ward_corporation_kn":"ಕೇಂದ್ರ","ward_corporation_id":"1","ward_ac":"Shanthinagar","ward_ac_kn":"ಶಾಂತಿನಗರ","ward_ac_no":"163","ward_Assembly":"163 - Shanthinagar","ward_id":"23","ward_name":"23 - Jogpalya","ward_name_kn":"ಜೋಗಪಾಳ್ಯ","ward_TOT_P":"25803.0","ward_TOT_M":"12923.0","ward_TOT_F":"12879.0","ward_SC_P":"2746.0","ward_SC_M":"1376.0","ward_SC_F":"1370.0","ward_ST_P":"389.0","ward_ST_M":"189.0","ward_ST_F":"199.0","ward_low_range":"18853","ward_high_range":"28280","ward_RO_Code":"6","ward_RO_Division":"RO - Shanthinagar","ward_ARO_Code":"18","ward_ARO_ Sub Division":"ARO- Domluru","ward_zone":"Zone1","ward_zone_name":"C.V. Raman Nagar","ward_join_status":"matched","ward_spatial_match_count":1},"geometry":{"type":"Point","coordinates":[77.63333300000005,12.971667000000025,0]},"id":110},{"type":"Feature","properties":{"fid":111,"OBJECTID":111,"Name":"Placemark","FolderPath":"Document/flood_vulnerable_locations","SymbolID":0,"AltMode":-1,"Base":0,"Snippet":"","PopupInfo":"","HasLabel":-1,"LabelID":0,"ward_source_id":"ward_369_final.180","ward_source_Name":null,"ward_description":null,"ward_timestamp":null,"ward_begin":null,"ward_end":null,"ward_altitudeMode":null,"ward_tessellate":-1,"ward_extrude":0,"ward_visibility":-1,"ward_drawOrder":null,"ward_icon":null,"ward_Corporation":"West","ward_corporation_kn":"ಪಶ್ಚಿಮ","ward_corporation_id":"5","ward_ac":"Vijayanagar","ward_ac_kn":"ವಿಜಯನಗರ","ward_ac_no":"167","ward_Assembly":"167 - Vijayanagar","ward_id":"88","ward_name":"88 - Sangolli Rayanna Ward","ward_name_kn":"ಸಂಗೊಳ್ಳಿ ರಾಯಣ್ಣ ವಾರ್ಡ್","ward_TOT_P":"26299.0","ward_TOT_M":"13342.0","ward_TOT_F":"12957.0","ward_SC_P":"610.0","ward_SC_M":"314.0","ward_SC_F":"297.0","ward_ST_P":"2054.0","ward_ST_M":"1058.0","ward_ST_F":"997.0","ward_low_range":"18949","ward_high_range":"28424","ward_RO_Code":"13","ward_RO_Division":"RO- Vijayanagar","ward_ARO_Code":"40","ward_ARO_ Sub Division":"ARO- KP Agrahara","ward_zone":"Zone2","ward_zone_name":"Malleshwaram","ward_join_status":"matched","ward_spatial_match_count":1},"geometry":{"type":"Point","coordinates":[77.55410900000004,12.972248000000036,0]},"id":111},{"type":"Feature","properties":{"fid":112,"OBJECTID":112,"Name":"Placemark","FolderPath":"Document/flood_vulnerable_locations","SymbolID":0,"AltMode":-1,"Base":0,"Snippet":"","PopupInfo":"","HasLabel":-1,"LabelID":0,"ward_source_id":"ward_369_final.365","ward_source_Name":null,"ward_description":null,"ward_timestamp":null,"ward_begin":null,"ward_end":null,"ward_altitudeMode":null,"ward_tessellate":-1,"ward_extrude":0,"ward_visibility":-1,"ward_drawOrder":null,"ward_icon":null,"ward_Corporation":"Central","ward_corporation_kn":"ಕೇಂದ್ರ","ward_corporation_id":"1","ward_ac":"Gandhinagara","ward_ac_kn":"ಗಾಂಧಿನಗರ","ward_ac_no":"164","ward_Assembly":"164 - Gandhinagara","ward_id":"56","ward_name":"56 - Gopalpura","ward_name_kn":"ಗೋಪಾಲಪುರ","ward_TOT_P":"26986.0","ward_TOT_M":"13789.0","ward_TOT_F":"13197.0","ward_SC_P":"6655.0","ward_SC_M":"3307.0","ward_SC_F":"3348.0","ward_ST_P":"338.0","ward_ST_M":"177.0","ward_ST_F":"161.0","ward_low_range":"18853","ward_high_range":"28280","ward_RO_Code":"5","ward_RO_Division":"RO - Gandhinagara","ward_ARO_Code":"14","ward_ARO_ Sub Division":"ARO- Binnypete","ward_zone":"Zone2","ward_zone_name":"Gandhinagara","ward_join_status":"matched","ward_spatial_match_count":1},"geometry":{"type":"Point","coordinates":[77.56288300000006,12.972619000000066,0]},"id":112},{"type":"Feature","properties":{"fid":113,"OBJECTID":113,"Name":"Placemark","FolderPath":"Document/flood_vulnerable_locations","SymbolID":0,"AltMode":-1,"Base":0,"Snippet":"","PopupInfo":"","HasLabel":-1,"LabelID":0,"ward_source_id":"ward_369_final.354","ward_source_Name":null,"ward_description":null,"ward_timestamp":null,"ward_begin":null,"ward_end":null,"ward_altitudeMode":null,"ward_tessellate":-1,"ward_extrude":0,"ward_visibility":-1,"ward_drawOrder":null,"ward_icon":null,"ward_Corporation":"West","ward_corporation_kn":"ಪಶ್ಚಿಮ","ward_corporation_id":"5","ward_ac":"Vijayanagar","ward_ac_kn":"ವಿಜಯನಗರ","ward_ac_no":"167","ward_Assembly":"167 - Vijayanagar","ward_id":"85","ward_name":"85 - Adi Chunchanagiri Ward","ward_name_kn":"ಆದಿ ಚುಂಚನಗಿರಿ ವಾರ್ಡ್","ward_TOT_P":"26463.0","ward_TOT_M":"13516.0","ward_TOT_F":"12947.0","ward_SC_P":"1309.0","ward_SC_M":"655.0","ward_SC_F":"654.0","ward_ST_P":"341.0","ward_ST_M":"178.0","ward_ST_F":"163.0","ward_low_range":"18949","ward_high_range":"28424","ward_RO_Code":"13","ward_RO_Division":"RO- Vijayanagar","ward_ARO_Code":"39","ward_ARO_ Sub Division":"ARO- Hosahalli","ward_zone":"Zone2","ward_zone_name":"Malleshwaram","ward_join_status":"matched","ward_spatial_match_count":1},"geometry":{"type":"Point","coordinates":[77.54665100000005,12.973730000000046,0]},"id":113},{"type":"Feature","properties":{"fid":114,"OBJECTID":114,"Name":"Placemark","FolderPath":"Document/flood_vulnerable_locations","SymbolID":0,"AltMode":-1,"Base":0,"Snippet":"","PopupInfo":"","HasLabel":-1,"LabelID":0,"ward_source_id":"ward_369_final.365","ward_source_Name":null,"ward_description":null,"ward_timestamp":null,"ward_begin":null,"ward_end":null,"ward_altitudeMode":null,"ward_tessellate":-1,"ward_extrude":0,"ward_visibility":-1,"ward_drawOrder":null,"ward_icon":null,"ward_Corporation":"Central","ward_corporation_kn":"ಕೇಂದ್ರ","ward_corporation_id":"1","ward_ac":"Gandhinagara","ward_ac_kn":"ಗಾಂಧಿನಗರ","ward_ac_no":"164","ward_Assembly":"164 - Gandhinagara","ward_id":"56","ward_name":"56 - Gopalpura","ward_name_kn":"ಗೋಪಾಲಪುರ","ward_TOT_P":"26986.0","ward_TOT_M":"13789.0","ward_TOT_F":"13197.0","ward_SC_P":"6655.0","ward_SC_M":"3307.0","ward_SC_F":"3348.0","ward_ST_P":"338.0","ward_ST_M":"177.0","ward_ST_F":"161.0","ward_low_range":"18853","ward_high_range":"28280","ward_RO_Code":"5","ward_RO_Division":"RO - Gandhinagara","ward_ARO_Code":"14","ward_ARO_ Sub Division":"ARO- Binnypete","ward_zone":"Zone2","ward_zone_name":"Gandhinagara","ward_join_status":"matched","ward_spatial_match_count":1},"geometry":{"type":"Point","coordinates":[77.56041700000003,12.975217000000043,0]},"id":114},{"type":"Feature","properties":{"fid":115,"OBJECTID":115,"Name":"Placemark","FolderPath":"Document/flood_vulnerable_locations","SymbolID":0,"AltMode":-1,"Base":0,"Snippet":"","PopupInfo":"","HasLabel":-1,"LabelID":0,"ward_source_id":"ward_369_final.365","ward_source_Name":null,"ward_description":null,"ward_timestamp":null,"ward_begin":null,"ward_end":null,"ward_altitudeMode":null,"ward_tessellate":-1,"ward_extrude":0,"ward_visibility":-1,"ward_drawOrder":null,"ward_icon":null,"ward_Corporation":"Central","ward_corporation_kn":"ಕೇಂದ್ರ","ward_corporation_id":"1","ward_ac":"Gandhinagara","ward_ac_kn":"ಗಾಂಧಿನಗರ","ward_ac_no":"164","ward_Assembly":"164 - Gandhinagara","ward_id":"56","ward_name":"56 - Gopalpura","ward_name_kn":"ಗೋಪಾಲಪುರ","ward_TOT_P":"26986.0","ward_TOT_M":"13789.0","ward_TOT_F":"13197.0","ward_SC_P":"6655.0","ward_SC_M":"3307.0","ward_SC_F":"3348.0","ward_ST_P":"338.0","ward_ST_M":"177.0","ward_ST_F":"161.0","ward_low_range":"18853","ward_high_range":"28280","ward_RO_Code":"5","ward_RO_Division":"RO - Gandhinagara","ward_ARO_Code":"14","ward_ARO_ Sub Division":"ARO- Binnypete","ward_zone":"Zone2","ward_zone_name":"Gandhinagara","ward_join_status":"matched","ward_spatial_match_count":1},"geometry":{"type":"Point","coordinates":[77.56041700000003,12.975217000000043,0]},"id":115},{"type":"Feature","properties":{"fid":116,"OBJECTID":116,"Name":"Placemark","FolderPath":"Document/flood_vulnerable_locations","SymbolID":0,"AltMode":-1,"Base":0,"Snippet":"","PopupInfo":"","HasLabel":-1,"LabelID":0,"ward_source_id":"ward_369_final.365","ward_source_Name":null,"ward_description":null,"ward_timestamp":null,"ward_begin":null,"ward_end":null,"ward_altitudeMode":null,"ward_tessellate":-1,"ward_extrude":0,"ward_visibility":-1,"ward_drawOrder":null,"ward_icon":null,"ward_Corporation":"Central","ward_corporation_kn":"ಕೇಂದ್ರ","ward_corporation_id":"1","ward_ac":"Gandhinagara","ward_ac_kn":"ಗಾಂಧಿನಗರ","ward_ac_no":"164","ward_Assembly":"164 - Gandhinagara","ward_id":"56","ward_name":"56 - Gopalpura","ward_name_kn":"ಗೋಪಾಲಪುರ","ward_TOT_P":"26986.0","ward_TOT_M":"13789.0","ward_TOT_F":"13197.0","ward_SC_P":"6655.0","ward_SC_M":"3307.0","ward_SC_F":"3348.0","ward_ST_P":"338.0","ward_ST_M":"177.0","ward_ST_F":"161.0","ward_low_range":"18853","ward_high_range":"28280","ward_RO_Code":"5","ward_RO_Division":"RO - Gandhinagara","ward_ARO_Code":"14","ward_ARO_ Sub Division":"ARO- Binnypete","ward_zone":"Zone2","ward_zone_name":"Gandhinagara","ward_join_status":"matched","ward_spatial_match_count":1},"geometry":{"type":"Point","coordinates":[77.56270400000005,12.975619000000052,0]},"id":116},{"type":"Feature","properties":{"fid":117,"OBJECTID":117,"Name":"Placemark","FolderPath":"Document/flood_vulnerable_locations","SymbolID":0,"AltMode":-1,"Base":0,"Snippet":"","PopupInfo":"","HasLabel":-1,"LabelID":0,"ward_source_id":"ward_369_final.366","ward_source_Name":null,"ward_description":null,"ward_timestamp":null,"ward_begin":null,"ward_end":null,"ward_altitudeMode":null,"ward_tessellate":-1,"ward_extrude":0,"ward_visibility":-1,"ward_drawOrder":null,"ward_icon":null,"ward_Corporation":"Central","ward_corporation_kn":"ಕೇಂದ್ರ","ward_corporation_id":"1","ward_ac":"Gandhinagara","ward_ac_kn":"ಗಾಂಧಿನಗರ","ward_ac_no":"164","ward_Assembly":"164 - Gandhinagara","ward_id":"57","ward_name":"57 - Cottonpete","ward_name_kn":"ಕಾಟನ್‌ಪೇಟೆ","ward_TOT_P":"27147.0","ward_TOT_M":"14426.0","ward_TOT_F":"12720.0","ward_SC_P":"871.0","ward_SC_M":"436.0","ward_SC_F":"435.0","ward_ST_P":"193.0","ward_ST_M":"108.0","ward_ST_F":"85.0","ward_low_range":"18853","ward_high_range":"28280","ward_RO_Code":"5","ward_RO_Division":"RO - Gandhinagara","ward_ARO_Code":"15","ward_ARO_ Sub Division":"ARO- Chickpete","ward_zone":"Zone2","ward_zone_name":"Gandhinagara","ward_join_status":"matched","ward_spatial_match_count":1},"geometry":{"type":"Point","coordinates":[77.56734700000004,12.976597000000027,0]},"id":117},{"type":"Feature","properties":{"fid":118,"OBJECTID":118,"Name":"Placemark","FolderPath":"Document/flood_vulnerable_locations","SymbolID":0,"AltMode":-1,"Base":0,"Snippet":"","PopupInfo":"","HasLabel":-1,"LabelID":0,"ward_source_id":"ward_369_final.79","ward_source_Name":null,"ward_description":null,"ward_timestamp":null,"ward_begin":null,"ward_end":null,"ward_altitudeMode":null,"ward_tessellate":-1,"ward_extrude":0,"ward_visibility":-1,"ward_drawOrder":null,"ward_icon":null,"ward_Corporation":"Central","ward_corporation_kn":"ಕೇಂದ್ರ","ward_corporation_id":"1","ward_ac":"Shivajinagar","ward_ac_kn":"ಶಿವಾಜಿನಗರ","ward_ac_no":"162","ward_Assembly":"162 - Shivajinagar","ward_id":"8","ward_name":"8 - Halasuru","ward_name_kn":"ಹಲಸೂರು","ward_TOT_P":"24019.0","ward_TOT_M":"12372.0","ward_TOT_F":"11647.0","ward_SC_P":"7838.0","ward_SC_M":"3948.0","ward_SC_F":"3890.0","ward_ST_P":"190.0","ward_ST_M":"114.0","ward_ST_F":"76.0","ward_low_range":"18853","ward_high_range":"28280","ward_RO_Code":"7","ward_RO_Division":"RO- Shivajinagar","ward_ARO_Code":"22","ward_ARO_ Sub Division":"ARO- Halasuru","ward_zone":"Zone2","ward_zone_name":"Gandhinagara","ward_join_status":"matched","ward_spatial_match_count":1},"geometry":{"type":"Point","coordinates":[77.62722200000007,12.978333000000077,0]},"id":118},{"type":"Feature","properties":{"fid":119,"OBJECTID":119,"Name":"Placemark","FolderPath":"Document/flood_vulnerable_locations","SymbolID":0,"AltMode":-1,"Base":0,"Snippet":"","PopupInfo":"","HasLabel":-1,"LabelID":0,"ward_source_id":"ward_369_final.203","ward_source_Name":null,"ward_description":null,"ward_timestamp":null,"ward_begin":null,"ward_end":null,"ward_altitudeMode":null,"ward_tessellate":-1,"ward_extrude":0,"ward_visibility":-1,"ward_drawOrder":null,"ward_icon":null,"ward_Corporation":"East","ward_corporation_kn":"ಪೂರ್ವ","ward_corporation_id":"3","ward_ac":"Mahadevapura","ward_ac_kn":"ಮಹದೇವಪುರ","ward_ac_no":"174","ward_Assembly":"174 - Mahadevapura","ward_id":"33","ward_name":"33 - S.M Krishna Ward","ward_name_kn":"ಎಸ್.ಎಂ ಕೃಷ್ಣ ವಾರ್ಡ್","ward_TOT_P":"16262.0","ward_TOT_M":"8867.0","ward_TOT_F":"7395.0","ward_SC_P":"3754.0","ward_SC_M":"1929.0","ward_SC_F":"1826.0","ward_ST_P":"464.0","ward_ST_M":"272.0","ward_ST_F":"192.0","ward_low_range":"14567","ward_high_range":"21851","ward_RO_Code":"6","ward_RO_Division":"RO- Hoodi","ward_ARO_Code":"17","ward_ARO_ Sub Division":"ARO- Kadugodi","ward_zone":"Zone1","ward_zone_name":"Mahadevapura","ward_join_status":"matched","ward_spatial_match_count":1},"geometry":{"type":"Point","coordinates":[77.73375300000004,12.978889000000038,0]},"id":119},{"type":"Feature","properties":{"fid":120,"OBJECTID":120,"Name":"Placemark","FolderPath":"Document/flood_vulnerable_locations","SymbolID":0,"AltMode":-1,"Base":0,"Snippet":"","PopupInfo":"","HasLabel":-1,"LabelID":0,"ward_source_id":"ward_369_final.366","ward_source_Name":null,"ward_description":null,"ward_timestamp":null,"ward_begin":null,"ward_end":null,"ward_altitudeMode":null,"ward_tessellate":-1,"ward_extrude":0,"ward_visibility":-1,"ward_drawOrder":null,"ward_icon":null,"ward_Corporation":"Central","ward_corporation_kn":"ಕೇಂದ್ರ","ward_corporation_id":"1","ward_ac":"Gandhinagara","ward_ac_kn":"ಗಾಂಧಿನಗರ","ward_ac_no":"164","ward_Assembly":"164 - Gandhinagara","ward_id":"57","ward_name":"57 - Cottonpete","ward_name_kn":"ಕಾಟನ್‌ಪೇಟೆ","ward_TOT_P":"27147.0","ward_TOT_M":"14426.0","ward_TOT_F":"12720.0","ward_SC_P":"871.0","ward_SC_M":"436.0","ward_SC_F":"435.0","ward_ST_P":"193.0","ward_ST_M":"108.0","ward_ST_F":"85.0","ward_low_range":"18853","ward_high_range":"28280","ward_RO_Code":"5","ward_RO_Division":"RO - Gandhinagara","ward_ARO_Code":"15","ward_ARO_ Sub Division":"ARO- Chickpete","ward_zone":"Zone2","ward_zone_name":"Gandhinagara","ward_join_status":"matched","ward_spatial_match_count":1},"geometry":{"type":"Point","coordinates":[77.56977200000006,12.980000000000075,0]},"id":120},{"type":"Feature","properties":{"fid":121,"OBJECTID":121,"Name":"Placemark","FolderPath":"Document/flood_vulnerable_locations","SymbolID":0,"AltMode":-1,"Base":0,"Snippet":"","PopupInfo":"","HasLabel":-1,"LabelID":0,"ward_source_id":"ward_369_final.44","ward_source_Name":null,"ward_description":null,"ward_timestamp":null,"ward_begin":null,"ward_end":null,"ward_altitudeMode":null,"ward_tessellate":-1,"ward_extrude":0,"ward_visibility":-1,"ward_drawOrder":null,"ward_icon":null,"ward_Corporation":"Central","ward_corporation_kn":"ಕೇಂದ್ರ","ward_corporation_id":"1","ward_ac":"Gandhinagara","ward_ac_kn":"ಗಾಂಧಿನಗರ","ward_ac_no":"164","ward_Assembly":"164 - Gandhinagara","ward_id":"63","ward_name":"63 - Okalipuram","ward_name_kn":"ಓಕಳಿಪುರಂ","ward_TOT_P":"27815.0","ward_TOT_M":"14222.0","ward_TOT_F":"13593.0","ward_SC_P":"3976.0","ward_SC_M":"1968.0","ward_SC_F":"2007.0","ward_ST_P":"245.0","ward_ST_M":"112.0","ward_ST_F":"133.0","ward_low_range":"18853","ward_high_range":"28280","ward_RO_Code":"5","ward_RO_Division":"RO - Gandhinagara","ward_ARO_Code":"16","ward_ARO_ Sub Division":"ARO- Okalipuram","ward_zone":"Zone2","ward_zone_name":"Gandhinagara","ward_join_status":"matched","ward_spatial_match_count":1},"geometry":{"type":"Point","coordinates":[77.56552500000004,12.983450000000062,0]},"id":121},{"type":"Feature","properties":{"fid":122,"OBJECTID":122,"Name":"Placemark","FolderPath":"Document/flood_vulnerable_locations","SymbolID":0,"AltMode":-1,"Base":0,"Snippet":"","PopupInfo":"","HasLabel":-1,"LabelID":0,"ward_source_id":"ward_369_final.276","ward_source_Name":null,"ward_description":null,"ward_timestamp":null,"ward_begin":null,"ward_end":null,"ward_altitudeMode":null,"ward_tessellate":-1,"ward_extrude":0,"ward_visibility":-1,"ward_drawOrder":null,"ward_icon":null,"ward_Corporation":"West","ward_corporation_kn":"ಪಶ್ಚಿಮ","ward_corporation_id":"5","ward_ac":"Govindraj Nagar","ward_ac_kn":"ಗೋವಿಂದರಾಜ ನಗರ","ward_ac_no":"166","ward_Assembly":"166 - Govindraj Nagar","ward_id":"70","ward_name":"70 - Dr Rajkumar Ward","ward_name_kn":"ಡಾ. ರಾಜ್‌ಕುಮಾರ್ ವಾರ್ಡ್","ward_TOT_P":"24106.0","ward_TOT_M":"12476.0","ward_TOT_F":"11630.0","ward_SC_P":"2155.0","ward_SC_M":"1117.0","ward_SC_F":"1038.0","ward_ST_P":"676.0","ward_ST_M":"352.0","ward_ST_F":"324.0","ward_low_range":"18949","ward_high_range":"28424","ward_RO_Code":"4","ward_RO_Division":"RO- Govindraj Nagar","ward_ARO_Code":"12","ward_ARO_ Sub Division":"ARO- Agrahara Dasarahalli","ward_zone":"Zone2","ward_zone_name":"Malleshwaram","ward_join_status":"matched","ward_spatial_match_count":1},"geometry":{"type":"Point","coordinates":[77.54606400000006,12.984117000000026,0]},"id":122},{"type":"Feature","properties":{"fid":123,"OBJECTID":123,"Name":"Placemark","FolderPath":"Document/flood_vulnerable_locations","SymbolID":0,"AltMode":-1,"Base":0,"Snippet":"","PopupInfo":"","HasLabel":-1,"LabelID":0,"ward_source_id":"ward_369_final.256","ward_source_Name":null,"ward_description":null,"ward_timestamp":null,"ward_begin":null,"ward_end":null,"ward_altitudeMode":null,"ward_tessellate":-1,"ward_extrude":0,"ward_visibility":-1,"ward_drawOrder":null,"ward_icon":null,"ward_Corporation":"Central","ward_corporation_kn":"ಕೇಂದ್ರ","ward_corporation_id":"1","ward_ac":"Shivajinagar","ward_ac_kn":"ಶಿವಾಜಿನಗರ","ward_ac_no":"162","ward_Assembly":"162 - Shivajinagar","ward_id":"5","ward_name":"5 - Shivajinagar","ward_name_kn":"ಶಿವಾಜಿನಗರ","ward_TOT_P":"25484.0","ward_TOT_M":"13018.0","ward_TOT_F":"12466.0","ward_SC_P":"1300.0","ward_SC_M":"619.0","ward_SC_F":"681.0","ward_ST_P":"127.0","ward_ST_M":"74.0","ward_ST_F":"53.0","ward_low_range":"18853","ward_high_range":"28280","ward_RO_Code":"7","ward_RO_Division":"RO- Shivajinagar","ward_ARO_Code":"23","ward_ARO_ Sub Division":"ARO- Shivajinagar","ward_zone":"Zone2","ward_zone_name":"Gandhinagara","ward_join_status":"matched","ward_spatial_match_count":1},"geometry":{"type":"Point","coordinates":[77.60416700000007,12.986389000000031,0]},"id":123},{"type":"Feature","properties":{"fid":124,"OBJECTID":124,"Name":"Placemark","FolderPath":"Document/flood_vulnerable_locations","SymbolID":0,"AltMode":-1,"Base":0,"Snippet":"","PopupInfo":"","HasLabel":-1,"LabelID":0,"ward_source_id":"ward_369_final.267","ward_source_Name":null,"ward_description":null,"ward_timestamp":null,"ward_begin":null,"ward_end":null,"ward_altitudeMode":null,"ward_tessellate":-1,"ward_extrude":0,"ward_visibility":-1,"ward_drawOrder":null,"ward_icon":null,"ward_Corporation":"Central","ward_corporation_kn":"ಕೇಂದ್ರ","ward_corporation_id":"1","ward_ac":"Shivajinagar","ward_ac_kn":"ಶಿವಾಜಿನಗರ","ward_ac_no":"162","ward_Assembly":"162 - Shivajinagar","ward_id":"7","ward_name":"7 - K Kamaraj Ward","ward_name_kn":"ಕೆ ಕಾಮರಾಜ್ ವಾರ್ಡ್","ward_TOT_P":"23193.0","ward_TOT_M":"11561.0","ward_TOT_F":"11632.0","ward_SC_P":"1345.0","ward_SC_M":"652.0","ward_SC_F":"693.0","ward_ST_P":"115.0","ward_ST_M":"60.0","ward_ST_F":"55.0","ward_low_range":"18853","ward_high_range":"28280","ward_RO_Code":"7","ward_RO_Division":"RO- Shivajinagar","ward_ARO_Code":"22","ward_ARO_ Sub Division":"ARO- Halasuru","ward_zone":"Zone2","ward_zone_name":"Gandhinagara","ward_join_status":"matched","ward_spatial_match_count":1},"geometry":{"type":"Point","coordinates":[77.61027800000005,12.986389000000031,0]},"id":124},{"type":"Feature","properties":{"fid":125,"OBJECTID":125,"Name":"Placemark","FolderPath":"Document/flood_vulnerable_locations","SymbolID":0,"AltMode":-1,"Base":0,"Snippet":"","PopupInfo":"","HasLabel":-1,"LabelID":0,"ward_source_id":"ward_369_final.277","ward_source_Name":null,"ward_description":null,"ward_timestamp":null,"ward_begin":null,"ward_end":null,"ward_altitudeMode":null,"ward_tessellate":-1,"ward_extrude":0,"ward_visibility":-1,"ward_drawOrder":null,"ward_icon":null,"ward_Corporation":"West","ward_corporation_kn":"ಪಶ್ಚಿಮ","ward_corporation_id":"5","ward_ac":"Yeshwanthapura","ward_ac_kn":"ಯಶವಂತಪುರ","ward_ac_no":"153","ward_Assembly":"153 - Yeshwanthapura","ward_id":"14","ward_name":"14 - Herohalli","ward_name_kn":"ಹೆರೋಹಳ್ಳಿ","ward_TOT_P":"28413.0","ward_TOT_M":"15013.0","ward_TOT_F":"13419.0","ward_SC_P":"2192.0","ward_SC_M":"1099.0","ward_SC_F":"1094.0","ward_ST_P":"490.0","ward_ST_M":"258.0","ward_ST_F":"232.0","ward_low_range":"18949","ward_high_range":"28424","ward_RO_Code":"14","ward_RO_Division":"RO- Herohalli","ward_ARO_Code":"42","ward_ARO_ Sub Division":"ARO- Herohalli","ward_zone":"Zone1","ward_zone_name":"Rajarajeshwarinagar","ward_join_status":"matched","ward_spatial_match_count":1},"geometry":{"type":"Point","coordinates":[77.48950200000007,12.987014000000045,0]},"id":125},{"type":"Feature","properties":{"fid":126,"OBJECTID":126,"Name":"Placemark","FolderPath":"Document/flood_vulnerable_locations","SymbolID":0,"AltMode":-1,"Base":0,"Snippet":"","PopupInfo":"","HasLabel":-1,"LabelID":0,"ward_source_id":"ward_369_final.356","ward_source_Name":null,"ward_description":null,"ward_timestamp":null,"ward_begin":null,"ward_end":null,"ward_altitudeMode":null,"ward_tessellate":-1,"ward_extrude":0,"ward_visibility":-1,"ward_drawOrder":null,"ward_icon":null,"ward_Corporation":"West","ward_corporation_kn":"ಪಶ್ಚಿಮ","ward_corporation_id":"5","ward_ac":"Rajajinagar","ward_ac_kn":"ರಾಜಾಜಿನಗರ","ward_ac_no":"165","ward_Assembly":"165 - Rajajinagar","ward_id":"62","ward_name":"62 - Rama Mandira","ward_name_kn":"ರಾಮ ಮಂದಿರ","ward_TOT_P":"22322.0","ward_TOT_M":"11241.0","ward_TOT_F":"11082.0","ward_SC_P":"498.0","ward_SC_M":"251.0","ward_SC_F":"247.0","ward_ST_P":"177.0","ward_ST_M":"92.0","ward_ST_F":"85.0","ward_low_range":"18949","ward_high_range":"28424","ward_RO_Code":"9","ward_RO_Division":"RO- Rajajinagara","ward_ARO_Code":"30","ward_ARO_ Sub Division":"ARO- Rama Mandira","ward_zone":"Zone2","ward_zone_name":"Malleshwaram","ward_join_status":"matched","ward_spatial_match_count":1},"geometry":{"type":"Point","coordinates":[77.55929700000007,12.987564000000077,0]},"id":126},{"type":"Feature","properties":{"fid":127,"OBJECTID":127,"Name":"Placemark","FolderPath":"Document/flood_vulnerable_locations","SymbolID":0,"AltMode":-1,"Base":0,"Snippet":"","PopupInfo":"","HasLabel":-1,"LabelID":0,"ward_source_id":"ward_369_final.232","ward_source_Name":null,"ward_description":null,"ward_timestamp":null,"ward_begin":null,"ward_end":null,"ward_altitudeMode":null,"ward_tessellate":-1,"ward_extrude":0,"ward_visibility":-1,"ward_drawOrder":null,"ward_icon":null,"ward_Corporation":"East","ward_corporation_kn":"ಪೂರ್ವ","ward_corporation_id":"3","ward_ac":"K.R. Pura","ward_ac_kn":"ಕೆ.ಆರ್. ಪುರ","ward_ac_no":"151","ward_Assembly":"151 - K.R. Pura","ward_id":"22","ward_name":"22 - Mahadevapura","ward_name_kn":"ಮಹದೇವಪುರ","ward_TOT_P":"17381.0","ward_TOT_M":"9192.0","ward_TOT_F":"8189.0","ward_SC_P":"1507.0","ward_SC_M":"758.0","ward_SC_F":"749.0","ward_ST_P":"317.0","ward_ST_M":"164.0","ward_ST_F":"153.0","ward_low_range":"14567","ward_high_range":"21851","ward_RO_Code":"4","ward_RO_Division":"RO- Vignananagara","ward_ARO_Code":"10","ward_ARO_ Sub Division":"ARO- Mahadevapura","ward_zone":"Zone2","ward_zone_name":"K.R. Pura","ward_join_status":"matched","ward_spatial_match_count":1},"geometry":{"type":"Point","coordinates":[77.69027800000003,12.988889000000029,0]},"id":127},{"type":"Feature","properties":{"fid":128,"OBJECTID":128,"Name":"Placemark","FolderPath":"Document/flood_vulnerable_locations","SymbolID":0,"AltMode":-1,"Base":0,"Snippet":"","PopupInfo":"","HasLabel":-1,"LabelID":0,"ward_source_id":"ward_369_final.73","ward_source_Name":null,"ward_description":null,"ward_timestamp":null,"ward_begin":null,"ward_end":null,"ward_altitudeMode":null,"ward_tessellate":-1,"ward_extrude":0,"ward_visibility":-1,"ward_drawOrder":null,"ward_icon":null,"ward_Corporation":"East","ward_corporation_kn":"ಪೂರ್ವ","ward_corporation_id":"3","ward_ac":"K.R. Pura","ward_ac_kn":"ಕೆ.ಆರ್. ಪುರ","ward_ac_no":"151","ward_Assembly":"151 - K.R. Pura","ward_id":"19","ward_name":"19 - K.S. Nissar Ahmed Ward","ward_name_kn":"ಕೆ. ಎಸ್. ನಿಸಾರ್ ಅಹಮದ್ ವಾರ್ಡ್","ward_TOT_P":"15446.0","ward_TOT_M":"8081.0","ward_TOT_F":"7365.0","ward_SC_P":"1543.0","ward_SC_M":"785.0","ward_SC_F":"757.0","ward_ST_P":"285.0","ward_ST_M":"146.0","ward_ST_F":"139.0","ward_low_range":"14567","ward_high_range":"21851","ward_RO_Code":"3","ward_RO_Division":"RO- Ramamurthy Nagara","ward_ARO_Code":"9","ward_ARO_ Sub Division":"ARO- Vijinapura","ward_zone":"Zone2","ward_zone_name":"K.R. Pura","ward_join_status":"matched","ward_spatial_match_count":1},"geometry":{"type":"Point","coordinates":[77.66833300000008,12.990278000000046,0]},"id":128},{"type":"Feature","properties":{"fid":129,"OBJECTID":129,"Name":"Placemark","FolderPath":"Document/flood_vulnerable_locations","SymbolID":0,"AltMode":-1,"Base":0,"Snippet":"","PopupInfo":"","HasLabel":-1,"LabelID":0,"ward_source_id":"ward_369_final.165","ward_source_Name":null,"ward_description":null,"ward_timestamp":null,"ward_begin":null,"ward_end":null,"ward_altitudeMode":null,"ward_tessellate":-1,"ward_extrude":0,"ward_visibility":-1,"ward_drawOrder":null,"ward_icon":null,"ward_Corporation":"West","ward_corporation_kn":"ಪಶ್ಚಿಮ","ward_corporation_id":"5","ward_ac":"Rajajinagar","ward_ac_kn":"ರಾಜಾಜಿನಗರ","ward_ac_no":"165","ward_Assembly":"165 - Rajajinagar","ward_id":"66","ward_name":"66 - Sane Guruvana Halli","ward_name_kn":"ಸಾಣೆ ಗುರುವನ ಹಳ್ಳಿ","ward_TOT_P":"20561.0","ward_TOT_M":"10679.0","ward_TOT_F":"9882.0","ward_SC_P":"1354.0","ward_SC_M":"688.0","ward_SC_F":"666.0","ward_ST_P":"415.0","ward_ST_M":"207.0","ward_ST_F":"208.0","ward_low_range":"18949","ward_high_range":"28424","ward_RO_Code":"8","ward_RO_Division":"RO- Basaveshwara Nagara","ward_ARO_Code":"27","ward_ARO_ Sub Division":"ARO- Manjunath Nagara","ward_zone":"Zone2","ward_zone_name":"Malleshwaram","ward_join_status":"matched","ward_spatial_match_count":1},"geometry":{"type":"Point","coordinates":[77.54405000000008,12.990872000000024,0]},"id":129},{"type":"Feature","properties":{"fid":130,"OBJECTID":130,"Name":"Placemark","FolderPath":"Document/flood_vulnerable_locations","SymbolID":0,"AltMode":-1,"Base":0,"Snippet":"","PopupInfo":"","HasLabel":-1,"LabelID":0,"ward_source_id":"ward_369_final.360","ward_source_Name":null,"ward_description":null,"ward_timestamp":null,"ward_begin":null,"ward_end":null,"ward_altitudeMode":null,"ward_tessellate":-1,"ward_extrude":0,"ward_visibility":-1,"ward_drawOrder":null,"ward_icon":null,"ward_Corporation":"West","ward_corporation_kn":"ಪಶ್ಚಿಮ","ward_corporation_id":"5","ward_ac":"Mahalakshmi Layout","ward_ac_kn":"ಮಹಾಲಕ್ಷ್ಮಿ ಲೇಔಟ್","ward_ac_no":"156","ward_Assembly":"156 - Mahalakshmi Layout","ward_id":"47","ward_name":"47 - Vrishabhavathi Nagar","ward_name_kn":"ವೃಷಭಾವತಿ ನಗರ","ward_TOT_P":"28346.0","ward_TOT_M":"15273.0","ward_TOT_F":"13074.0","ward_SC_P":"508.0","ward_SC_M":"275.0","ward_SC_F":"233.0","ward_ST_P":"483.0","ward_ST_M":"260.0","ward_ST_F":"222.0","ward_low_range":"18949","ward_high_range":"28424","ward_RO_Code":"5","ward_RO_Division":"RO- Mahalakshmi Layout","ward_ARO_Code":"15","ward_ARO_ Sub Division":"ARO- Kamalanagara","ward_zone":"Zone1","ward_zone_name":"Rajarajeshwarinagar","ward_join_status":"matched","ward_spatial_match_count":1},"geometry":{"type":"Point","coordinates":[77.52143700000005,12.991243000000054,0]},"id":130},{"type":"Feature","properties":{"fid":131,"OBJECTID":131,"Name":"Placemark","FolderPath":"Document/flood_vulnerable_locations","SymbolID":0,"AltMode":-1,"Base":0,"Snippet":"","PopupInfo":"","HasLabel":-1,"LabelID":0,"ward_source_id":"ward_369_final.281","ward_source_Name":null,"ward_description":null,"ward_timestamp":null,"ward_begin":null,"ward_end":null,"ward_altitudeMode":null,"ward_tessellate":-1,"ward_extrude":0,"ward_visibility":-1,"ward_drawOrder":null,"ward_icon":null,"ward_Corporation":"Central","ward_corporation_kn":"ಕೇಂದ್ರ","ward_corporation_id":"1","ward_ac":"Gandhinagara","ward_ac_kn":"ಗಾಂಧಿನಗರ","ward_ac_no":"164","ward_Assembly":"164 - Gandhinagara","ward_id":"61","ward_name":"61 - Dattatreya Ward","ward_name_kn":"ದತ್ತಾತ್ರೇಯ ವಾರ್ಡ್","ward_TOT_P":"19627.0","ward_TOT_M":"9950.0","ward_TOT_F":"9677.0","ward_SC_P":"3220.0","ward_SC_M":"1611.0","ward_SC_F":"1609.0","ward_ST_P":"300.0","ward_ST_M":"147.0","ward_ST_F":"152.0","ward_low_range":"18853","ward_high_range":"28280","ward_RO_Code":"5","ward_RO_Division":"RO - Gandhinagara","ward_ARO_Code":"17","ward_ARO_ Sub Division":"ARO- Sheshadripuram","ward_zone":"Zone2","ward_zone_name":"Gandhinagara","ward_join_status":"matched","ward_spatial_match_count":1},"geometry":{"type":"Point","coordinates":[77.57056400000005,12.991328000000067,0]},"id":131},{"type":"Feature","properties":{"fid":132,"OBJECTID":132,"Name":"Placemark","FolderPath":"Document/flood_vulnerable_locations","SymbolID":0,"AltMode":-1,"Base":0,"Snippet":"","PopupInfo":"","HasLabel":-1,"LabelID":0,"ward_source_id":"ward_369_final.230","ward_source_Name":null,"ward_description":null,"ward_timestamp":null,"ward_begin":null,"ward_end":null,"ward_altitudeMode":null,"ward_tessellate":-1,"ward_extrude":0,"ward_visibility":-1,"ward_drawOrder":null,"ward_icon":null,"ward_Corporation":"East","ward_corporation_kn":"ಪೂರ್ವ","ward_corporation_id":"3","ward_ac":"Mahadevapura","ward_ac_kn":"ಮಹದೇವಪುರ","ward_ac_no":"174","ward_Assembly":"174 - Mahadevapura","ward_id":"34","ward_name":"34 - Kaveri Nagara","ward_name_kn":"ಕಾವೇರಿ ನಗರ","ward_TOT_P":"20959.0","ward_TOT_M":"11560.0","ward_TOT_F":"9399.0","ward_SC_P":"3849.0","ward_SC_M":"1996.0","ward_SC_F":"1853.0","ward_ST_P":"603.0","ward_ST_M":"350.0","ward_ST_F":"253.0","ward_low_range":"14567","ward_high_range":"21851","ward_RO_Code":"7","ward_RO_Division":"RO- Marathahalli","ward_ARO_Code":"20","ward_ARO_ Sub Division":"ARO- Garudacharpalya","ward_zone":"Zone1","ward_zone_name":"Mahadevapura","ward_join_status":"matched","ward_spatial_match_count":1},"geometry":{"type":"Point","coordinates":[77.71813700000007,12.992015000000038,0]},"id":132},{"type":"Feature","properties":{"fid":133,"OBJECTID":133,"Name":"Placemark","FolderPath":"Document/flood_vulnerable_locations","SymbolID":0,"AltMode":-1,"Base":0,"Snippet":"","PopupInfo":"","HasLabel":-1,"LabelID":0,"ward_source_id":"ward_369_final.263","ward_source_Name":null,"ward_description":null,"ward_timestamp":null,"ward_begin":null,"ward_end":null,"ward_altitudeMode":null,"ward_tessellate":-1,"ward_extrude":0,"ward_visibility":-1,"ward_drawOrder":null,"ward_icon":null,"ward_Corporation":"West","ward_corporation_kn":"ಪಶ್ಚಿಮ","ward_corporation_id":"5","ward_ac":"Rajajinagar","ward_ac_kn":"ರಾಜಾಜಿನಗರ","ward_ac_no":"165","ward_Assembly":"165 - Rajajinagar","ward_id":"60","ward_name":"60 - Prakash Nagara","ward_name_kn":"ಪ್ರಕಾಶ ನಗರ","ward_TOT_P":"19859.0","ward_TOT_M":"10133.0","ward_TOT_F":"9726.0","ward_SC_P":"1588.0","ward_SC_M":"798.0","ward_SC_F":"790.0","ward_ST_P":"138.0","ward_ST_M":"71.0","ward_ST_F":"68.0","ward_low_range":"18949","ward_high_range":"28424","ward_RO_Code":"9","ward_RO_Division":"RO- Rajajinagara","ward_ARO_Code":"28","ward_ARO_ Sub Division":"ARO- Prakash Nagara","ward_zone":"Zone2","ward_zone_name":"Malleshwaram","ward_join_status":"matched","ward_spatial_match_count":1},"geometry":{"type":"Point","coordinates":[77.55716700000005,12.993483000000026,0]},"id":133},{"type":"Feature","properties":{"fid":134,"OBJECTID":134,"Name":"Placemark","FolderPath":"Document/flood_vulnerable_locations","SymbolID":0,"AltMode":-1,"Base":0,"Snippet":"","PopupInfo":"","HasLabel":-1,"LabelID":0,"ward_source_id":"ward_369_final.41","ward_source_Name":null,"ward_description":null,"ward_timestamp":null,"ward_begin":null,"ward_end":null,"ward_altitudeMode":null,"ward_tessellate":-1,"ward_extrude":0,"ward_visibility":-1,"ward_drawOrder":null,"ward_icon":null,"ward_Corporation":"Central","ward_corporation_kn":"ಕೇಂದ್ರ","ward_corporation_id":"1","ward_ac":"C.V. Raman Nagar","ward_ac_kn":"ಸಿ.ವಿ. ರಾಮನ್ ನಗರ","ward_ac_no":"161","ward_Assembly":"161 - C.V. Raman Nagar","ward_id":"13","ward_name":"13 - Krishnaiahnapalya","ward_name_kn":"ಕೃಷ್ಣಯ್ಯನ ಪಾಳ್ಯ","ward_TOT_P":"19302.0","ward_TOT_M":"10744.0","ward_TOT_F":"8558.0","ward_SC_P":"3104.0","ward_SC_M":"1576.0","ward_SC_F":"1528.0","ward_ST_P":"706.0","ward_ST_M":"386.0","ward_ST_F":"319.0","ward_low_range":"18853","ward_high_range":"28280","ward_RO_Code":"1","ward_RO_Division":"RO- Indiranagar","ward_ARO_Code":"2","ward_ARO_ Sub Division":"ARO- Kasturi Nagar","ward_zone":"Zone1","ward_zone_name":"C.V. Raman Nagar","ward_join_status":"matched","ward_spatial_match_count":1},"geometry":{"type":"Point","coordinates":[77.65888900000004,12.994722000000024,0]},"id":134},{"type":"Feature","properties":{"fid":135,"OBJECTID":135,"Name":"Placemark","FolderPath":"Document/flood_vulnerable_locations","SymbolID":0,"AltMode":-1,"Base":0,"Snippet":"","PopupInfo":"","HasLabel":-1,"LabelID":0,"ward_source_id":"ward_369_final.227","ward_source_Name":null,"ward_description":null,"ward_timestamp":null,"ward_begin":null,"ward_end":null,"ward_altitudeMode":null,"ward_tessellate":-1,"ward_extrude":0,"ward_visibility":-1,"ward_drawOrder":null,"ward_icon":null,"ward_Corporation":"East","ward_corporation_kn":"ಪೂರ್ವ","ward_corporation_id":"3","ward_ac":"Mahadevapura","ward_ac_kn":"ಮಹದೇವಪುರ","ward_ac_no":"174","ward_Assembly":"174 - Mahadevapura","ward_id":"35","ward_name":"35 - Garudachar Palya","ward_name_kn":"ಗರುಡಾಚಾರ್ ಪಾಳ್ಯ","ward_TOT_P":"20983.0","ward_TOT_M":"11770.0","ward_TOT_F":"9213.0","ward_SC_P":"1513.0","ward_SC_M":"799.0","ward_SC_F":"715.0","ward_ST_P":"433.0","ward_ST_M":"250.0","ward_ST_F":"183.0","ward_low_range":"14567","ward_high_range":"21851","ward_RO_Code":"7","ward_RO_Division":"RO- Marathahalli","ward_ARO_Code":"20","ward_ARO_ Sub Division":"ARO- Garudacharpalya","ward_zone":"Zone1","ward_zone_name":"Mahadevapura","ward_join_status":"matched","ward_spatial_match_count":1},"geometry":{"type":"Point","coordinates":[77.69287100000008,12.994920000000036,0]},"id":135},{"type":"Feature","properties":{"fid":136,"OBJECTID":136,"Name":"Placemark","FolderPath":"Document/flood_vulnerable_locations","SymbolID":0,"AltMode":-1,"Base":0,"Snippet":"","PopupInfo":"","HasLabel":-1,"LabelID":0,"ward_source_id":"ward_369_final.273","ward_source_Name":null,"ward_description":null,"ward_timestamp":null,"ward_begin":null,"ward_end":null,"ward_altitudeMode":null,"ward_tessellate":-1,"ward_extrude":0,"ward_visibility":-1,"ward_drawOrder":null,"ward_icon":null,"ward_Corporation":"Central","ward_corporation_kn":"ಕೇಂದ್ರ","ward_corporation_id":"1","ward_ac":"Gandhinagara","ward_ac_kn":"ಗಾಂಧಿನಗರ","ward_ac_no":"164","ward_Assembly":"164 - Gandhinagara","ward_id":"60","ward_name":"60 - Seshadripuram","ward_name_kn":"ಶೇಷಾದ್ರಿಪುರಂ","ward_TOT_P":"19052.0","ward_TOT_M":"9810.0","ward_TOT_F":"9242.0","ward_SC_P":"1790.0","ward_SC_M":"897.0","ward_SC_F":"893.0","ward_ST_P":"178.0","ward_ST_M":"93.0","ward_ST_F":"85.0","ward_low_range":"18853","ward_high_range":"28280","ward_RO_Code":"5","ward_RO_Division":"RO - Gandhinagara","ward_ARO_Code":"17","ward_ARO_ Sub Division":"ARO- Sheshadripuram","ward_zone":"Zone2","ward_zone_name":"Gandhinagara","ward_join_status":"matched","ward_spatial_match_count":1},"geometry":{"type":"Point","coordinates":[77.57338300000004,12.99601400000006,0]},"id":136},{"type":"Feature","properties":{"fid":137,"OBJECTID":137,"Name":"Placemark","FolderPath":"Document/flood_vulnerable_locations","SymbolID":0,"AltMode":-1,"Base":0,"Snippet":"","PopupInfo":"","HasLabel":-1,"LabelID":0,"ward_source_id":"ward_369_final.301","ward_source_Name":null,"ward_description":null,"ward_timestamp":null,"ward_begin":null,"ward_end":null,"ward_altitudeMode":null,"ward_tessellate":-1,"ward_extrude":0,"ward_visibility":-1,"ward_drawOrder":null,"ward_icon":null,"ward_Corporation":"West","ward_corporation_kn":"ಪಶ್ಚಿಮ","ward_corporation_id":"5","ward_ac":"Yeshwanthapura","ward_ac_kn":"ಯಶವಂತಪುರ","ward_ac_no":"153","ward_Assembly":"153 - Yeshwanthapura","ward_id":"13","ward_name":"13 - Nada prabhu Kempegowda Nagara","ward_name_kn":"ನಾಡ ಪ್ರಭು ಕೆಂಪೇಗೌಡ ನಗರ","ward_TOT_P":"27225.0","ward_TOT_M":"14293.0","ward_TOT_F":"12912.0","ward_SC_P":"2169.0","ward_SC_M":"1109.0","ward_SC_F":"1060.0","ward_ST_P":"711.0","ward_ST_M":"370.0","ward_ST_F":"342.0","ward_low_range":"18949","ward_high_range":"28424","ward_RO_Code":"14","ward_RO_Division":"RO- Herohalli","ward_ARO_Code":"41","ward_ARO_ Sub Division":"ARO- Dodda Bidarakallu","ward_zone":"Zone1","ward_zone_name":"Rajarajeshwarinagar","ward_join_status":"matched","ward_spatial_match_count":1},"geometry":{"type":"Point","coordinates":[77.48810400000008,12.996413000000075,0]},"id":137},{"type":"Feature","properties":{"fid":138,"OBJECTID":138,"Name":"Placemark","FolderPath":"Document/flood_vulnerable_locations","SymbolID":0,"AltMode":-1,"Base":0,"Snippet":"","PopupInfo":"","HasLabel":-1,"LabelID":0,"ward_source_id":"ward_369_final.273","ward_source_Name":null,"ward_description":null,"ward_timestamp":null,"ward_begin":null,"ward_end":null,"ward_altitudeMode":null,"ward_tessellate":-1,"ward_extrude":0,"ward_visibility":-1,"ward_drawOrder":null,"ward_icon":null,"ward_Corporation":"Central","ward_corporation_kn":"ಕೇಂದ್ರ","ward_corporation_id":"1","ward_ac":"Gandhinagara","ward_ac_kn":"ಗಾಂಧಿನಗರ","ward_ac_no":"164","ward_Assembly":"164 - Gandhinagara","ward_id":"60","ward_name":"60 - Seshadripuram","ward_name_kn":"ಶೇಷಾದ್ರಿಪುರಂ","ward_TOT_P":"19052.0","ward_TOT_M":"9810.0","ward_TOT_F":"9242.0","ward_SC_P":"1790.0","ward_SC_M":"897.0","ward_SC_F":"893.0","ward_ST_P":"178.0","ward_ST_M":"93.0","ward_ST_F":"85.0","ward_low_range":"18853","ward_high_range":"28280","ward_RO_Code":"5","ward_RO_Division":"RO - Gandhinagara","ward_ARO_Code":"17","ward_ARO_ Sub Division":"ARO- Sheshadripuram","ward_zone":"Zone2","ward_zone_name":"Gandhinagara","ward_join_status":"matched","ward_spatial_match_count":1},"geometry":{"type":"Point","coordinates":[77.57804200000004,12.997414000000049,0]},"id":138},{"type":"Feature","properties":{"fid":139,"OBJECTID":139,"Name":"Placemark","FolderPath":"Document/flood_vulnerable_locations","SymbolID":0,"AltMode":-1,"Base":0,"Snippet":"","PopupInfo":"","HasLabel":-1,"LabelID":0,"ward_source_id":"ward_369_final.281","ward_source_Name":null,"ward_description":null,"ward_timestamp":null,"ward_begin":null,"ward_end":null,"ward_altitudeMode":null,"ward_tessellate":-1,"ward_extrude":0,"ward_visibility":-1,"ward_drawOrder":null,"ward_icon":null,"ward_Corporation":"Central","ward_corporation_kn":"ಕೇಂದ್ರ","ward_corporation_id":"1","ward_ac":"Gandhinagara","ward_ac_kn":"ಗಾಂಧಿನಗರ","ward_ac_no":"164","ward_Assembly":"164 - Gandhinagara","ward_id":"61","ward_name":"61 - Dattatreya Ward","ward_name_kn":"ದತ್ತಾತ್ರೇಯ ವಾರ್ಡ್","ward_TOT_P":"19627.0","ward_TOT_M":"9950.0","ward_TOT_F":"9677.0","ward_SC_P":"3220.0","ward_SC_M":"1611.0","ward_SC_F":"1609.0","ward_ST_P":"300.0","ward_ST_M":"147.0","ward_ST_F":"152.0","ward_low_range":"18853","ward_high_range":"28280","ward_RO_Code":"5","ward_RO_Division":"RO - Gandhinagara","ward_ARO_Code":"17","ward_ARO_ Sub Division":"ARO- Sheshadripuram","ward_zone":"Zone2","ward_zone_name":"Gandhinagara","ward_join_status":"matched","ward_spatial_match_count":1},"geometry":{"type":"Point","coordinates":[77.57310800000005,12.99766900000003,0]},"id":139},{"type":"Feature","properties":{"fid":140,"OBJECTID":140,"Name":"Placemark","FolderPath":"Document/flood_vulnerable_locations","SymbolID":0,"AltMode":-1,"Base":0,"Snippet":"","PopupInfo":"","HasLabel":-1,"LabelID":0,"ward_source_id":"ward_369_final.204","ward_source_Name":null,"ward_description":null,"ward_timestamp":null,"ward_begin":null,"ward_end":null,"ward_altitudeMode":null,"ward_tessellate":-1,"ward_extrude":0,"ward_visibility":-1,"ward_drawOrder":null,"ward_icon":null,"ward_Corporation":"West","ward_corporation_kn":"ಪಶ್ಚಿಮ","ward_corporation_id":"5","ward_ac":"Rajarajeshwarinagar","ward_ac_kn":"ರಾಜರಾಜೇಶ್ವರಿನಗರ","ward_ac_no":"154","ward_Assembly":"154 - Rajarajeshwarinagar","ward_id":"29","ward_name":"29 - Chowdeshwari Nagar","ward_name_kn":"ಚೌಡೇಶ್ವರಿ ನಗರ","ward_TOT_P":"24455.0","ward_TOT_M":"12850.0","ward_TOT_F":"11605.0","ward_SC_P":"958.0","ward_SC_M":"499.0","ward_SC_F":"459.0","ward_ST_P":"374.0","ward_ST_M":"186.0","ward_ST_F":"187.0","ward_low_range":"18949","ward_high_range":"28424","ward_RO_Code":"10","ward_RO_Division":"RO- Peenya","ward_ARO_Code":"31","ward_ARO_ Sub Division":"ARO- Kotigepalya","ward_zone":"Zone1","ward_zone_name":"Rajarajeshwarinagar","ward_join_status":"matched","ward_spatial_match_count":1},"geometry":{"type":"Point","coordinates":[77.51674000000008,12.99822000000006,0]},"id":140},{"type":"Feature","properties":{"fid":141,"OBJECTID":141,"Name":"Placemark","FolderPath":"Document/flood_vulnerable_locations","SymbolID":0,"AltMode":-1,"Base":0,"Snippet":"","PopupInfo":"","HasLabel":-1,"LabelID":0,"ward_source_id":"ward_369_final.349","ward_source_Name":null,"ward_description":null,"ward_timestamp":null,"ward_begin":null,"ward_end":null,"ward_altitudeMode":null,"ward_tessellate":-1,"ward_extrude":0,"ward_visibility":-1,"ward_drawOrder":null,"ward_icon":null,"ward_Corporation":"West","ward_corporation_kn":"ಪಶ್ಚಿಮ","ward_corporation_id":"5","ward_ac":"Mahalakshmi Layout","ward_ac_kn":"ಮಹಾಲಕ್ಷ್ಮಿ ಲೇಔಟ್","ward_ac_no":"156","ward_Assembly":"156 - Mahalakshmi Layout","ward_id":"42","ward_name":"42 - Raja Mayura Varma Ward","ward_name_kn":"ರಾಜ ಮಯೂರ ವರ್ಮಾ ವಾರ್ಡ್","ward_TOT_P":"27523.0","ward_TOT_M":"14371.0","ward_TOT_F":"13152.0","ward_SC_P":"896.0","ward_SC_M":"454.0","ward_SC_F":"441.0","ward_ST_P":"279.0","ward_ST_M":"148.0","ward_ST_F":"131.0","ward_low_range":"18949","ward_high_range":"28424","ward_RO_Code":"5","ward_RO_Division":"RO- Mahalakshmi Layout","ward_ARO_Code":"18","ward_ARO_ Sub Division":"ARO- Shankar Mutt","ward_zone":"Zone1","ward_zone_name":"Rajarajeshwarinagar","ward_join_status":"matched","ward_spatial_match_count":1},"geometry":{"type":"Point","coordinates":[77.52787800000004,13.001000000000033,0]},"id":141},{"type":"Feature","properties":{"fid":142,"OBJECTID":142,"Name":"Placemark","FolderPath":"Document/flood_vulnerable_locations","SymbolID":0,"AltMode":-1,"Base":0,"Snippet":"","PopupInfo":"","HasLabel":-1,"LabelID":0,"ward_source_id":"ward_369_final.362","ward_source_Name":null,"ward_description":null,"ward_timestamp":null,"ward_begin":null,"ward_end":null,"ward_altitudeMode":null,"ward_tessellate":-1,"ward_extrude":0,"ward_visibility":-1,"ward_drawOrder":null,"ward_icon":null,"ward_Corporation":"West","ward_corporation_kn":"ಪಶ್ಚಿಮ","ward_corporation_id":"5","ward_ac":"Dasarahalli","ward_ac_kn":"ದಾಸರಹಳ್ಳಿ","ward_ac_no":"155","ward_Assembly":"155 - Dasarahalli","ward_id":"8","ward_name":"8 - Hegganahalli","ward_name_kn":"ಹೆಗ್ಗನಹಳ್ಳಿ","ward_TOT_P":"28416.0","ward_TOT_M":"15161.0","ward_TOT_F":"13255.0","ward_SC_P":"2005.0","ward_SC_M":"1050.0","ward_SC_F":"955.0","ward_ST_P":"604.0","ward_ST_M":"327.0","ward_ST_F":"278.0","ward_low_range":"18949","ward_high_range":"28424","ward_RO_Code":"2","ward_RO_Division":"RO- Hegganahalli","ward_ARO_Code":"5","ward_ARO_ Sub Division":"ARO- Hegganahalli","ward_zone":"Zone1","ward_zone_name":"Rajarajeshwarinagar","ward_join_status":"matched","ward_spatial_match_count":1},"geometry":{"type":"Point","coordinates":[77.51645400000007,13.001532000000054,0]},"id":142},{"type":"Feature","properties":{"fid":143,"OBJECTID":143,"Name":"Placemark","FolderPath":"Document/flood_vulnerable_locations","SymbolID":0,"AltMode":-1,"Base":0,"Snippet":"","PopupInfo":"","HasLabel":-1,"LabelID":0,"ward_source_id":"ward_369_final.349","ward_source_Name":null,"ward_description":null,"ward_timestamp":null,"ward_begin":null,"ward_end":null,"ward_altitudeMode":null,"ward_tessellate":-1,"ward_extrude":0,"ward_visibility":-1,"ward_drawOrder":null,"ward_icon":null,"ward_Corporation":"West","ward_corporation_kn":"ಪಶ್ಚಿಮ","ward_corporation_id":"5","ward_ac":"Mahalakshmi Layout","ward_ac_kn":"ಮಹಾಲಕ್ಷ್ಮಿ ಲೇಔಟ್","ward_ac_no":"156","ward_Assembly":"156 - Mahalakshmi Layout","ward_id":"42","ward_name":"42 - Raja Mayura Varma Ward","ward_name_kn":"ರಾಜ ಮಯೂರ ವರ್ಮಾ ವಾರ್ಡ್","ward_TOT_P":"27523.0","ward_TOT_M":"14371.0","ward_TOT_F":"13152.0","ward_SC_P":"896.0","ward_SC_M":"454.0","ward_SC_F":"441.0","ward_ST_P":"279.0","ward_ST_M":"148.0","ward_ST_F":"131.0","ward_low_range":"18949","ward_high_range":"28424","ward_RO_Code":"5","ward_RO_Division":"RO- Mahalakshmi Layout","ward_ARO_Code":"18","ward_ARO_ Sub Division":"ARO- Shankar Mutt","ward_zone":"Zone1","ward_zone_name":"Rajarajeshwarinagar","ward_join_status":"matched","ward_spatial_match_count":1},"geometry":{"type":"Point","coordinates":[77.53255300000006,13.001756000000057,0]},"id":143},{"type":"Feature","properties":{"fid":144,"OBJECTID":144,"Name":"Placemark","FolderPath":"Document/flood_vulnerable_locations","SymbolID":0,"AltMode":-1,"Base":0,"Snippet":"","PopupInfo":"","HasLabel":-1,"LabelID":0,"ward_source_id":"ward_369_final.355","ward_source_Name":null,"ward_description":null,"ward_timestamp":null,"ward_begin":null,"ward_end":null,"ward_altitudeMode":null,"ward_tessellate":-1,"ward_extrude":0,"ward_visibility":-1,"ward_drawOrder":null,"ward_icon":null,"ward_Corporation":"West","ward_corporation_kn":"ಪಶ್ಚಿಮ","ward_corporation_id":"5","ward_ac":"Malleshwaram","ward_ac_kn":"ಮಲ್ಲೇಶ್ವರಂ","ward_ac_no":"157","ward_Assembly":"157 - Malleshwaram","ward_id":"53","ward_name":"53 - Malleshwaram","ward_name_kn":"ಮಲ್ಲೇಶ್ವರಂ","ward_TOT_P":"21827.0","ward_TOT_M":"10665.0","ward_TOT_F":"11162.0","ward_SC_P":"479.0","ward_SC_M":"231.0","ward_SC_F":"248.0","ward_ST_P":"194.0","ward_ST_M":"97.0","ward_ST_F":"97.0","ward_low_range":"18949","ward_high_range":"28424","ward_RO_Code":"6","ward_RO_Division":"RO- Malleshwaram","ward_ARO_Code":"19","ward_ARO_ Sub Division":"ARO- Malleshwaram","ward_zone":"Zone2","ward_zone_name":"Malleshwaram","ward_join_status":"matched","ward_spatial_match_count":1},"geometry":{"type":"Point","coordinates":[77.56361100000004,13.003306000000066,0]},"id":144},{"type":"Feature","properties":{"fid":145,"OBJECTID":145,"Name":"Placemark","FolderPath":"Document/flood_vulnerable_locations","SymbolID":0,"AltMode":-1,"Base":0,"Snippet":"","PopupInfo":"","HasLabel":-1,"LabelID":0,"ward_source_id":"ward_369_final.349","ward_source_Name":null,"ward_description":null,"ward_timestamp":null,"ward_begin":null,"ward_end":null,"ward_altitudeMode":null,"ward_tessellate":-1,"ward_extrude":0,"ward_visibility":-1,"ward_drawOrder":null,"ward_icon":null,"ward_Corporation":"West","ward_corporation_kn":"ಪಶ್ಚಿಮ","ward_corporation_id":"5","ward_ac":"Mahalakshmi Layout","ward_ac_kn":"ಮಹಾಲಕ್ಷ್ಮಿ ಲೇಔಟ್","ward_ac_no":"156","ward_Assembly":"156 - Mahalakshmi Layout","ward_id":"42","ward_name":"42 - Raja Mayura Varma Ward","ward_name_kn":"ರಾಜ ಮಯೂರ ವರ್ಮಾ ವಾರ್ಡ್","ward_TOT_P":"27523.0","ward_TOT_M":"14371.0","ward_TOT_F":"13152.0","ward_SC_P":"896.0","ward_SC_M":"454.0","ward_SC_F":"441.0","ward_ST_P":"279.0","ward_ST_M":"148.0","ward_ST_F":"131.0","ward_low_range":"18949","ward_high_range":"28424","ward_RO_Code":"5","ward_RO_Division":"RO- Mahalakshmi Layout","ward_ARO_Code":"18","ward_ARO_ Sub Division":"ARO- Shankar Mutt","ward_zone":"Zone1","ward_zone_name":"Rajarajeshwarinagar","ward_join_status":"matched","ward_spatial_match_count":1},"geometry":{"type":"Point","coordinates":[77.52904700000005,13.003567000000032,0]},"id":145},{"type":"Feature","properties":{"fid":146,"OBJECTID":146,"Name":"Placemark","FolderPath":"Document/flood_vulnerable_locations","SymbolID":0,"AltMode":-1,"Base":0,"Snippet":"","PopupInfo":"","HasLabel":-1,"LabelID":0,"ward_source_id":"ward_369_final.349","ward_source_Name":null,"ward_description":null,"ward_timestamp":null,"ward_begin":null,"ward_end":null,"ward_altitudeMode":null,"ward_tessellate":-1,"ward_extrude":0,"ward_visibility":-1,"ward_drawOrder":null,"ward_icon":null,"ward_Corporation":"West","ward_corporation_kn":"ಪಶ್ಚಿಮ","ward_corporation_id":"5","ward_ac":"Mahalakshmi Layout","ward_ac_kn":"ಮಹಾಲಕ್ಷ್ಮಿ ಲೇಔಟ್","ward_ac_no":"156","ward_Assembly":"156 - Mahalakshmi Layout","ward_id":"42","ward_name":"42 - Raja Mayura Varma Ward","ward_name_kn":"ರಾಜ ಮಯೂರ ವರ್ಮಾ ವಾರ್ಡ್","ward_TOT_P":"27523.0","ward_TOT_M":"14371.0","ward_TOT_F":"13152.0","ward_SC_P":"896.0","ward_SC_M":"454.0","ward_SC_F":"441.0","ward_ST_P":"279.0","ward_ST_M":"148.0","ward_ST_F":"131.0","ward_low_range":"18949","ward_high_range":"28424","ward_RO_Code":"5","ward_RO_Division":"RO- Mahalakshmi Layout","ward_ARO_Code":"18","ward_ARO_ Sub Division":"ARO- Shankar Mutt","ward_zone":"Zone1","ward_zone_name":"Rajarajeshwarinagar","ward_join_status":"matched","ward_spatial_match_count":1},"geometry":{"type":"Point","coordinates":[77.52949200000006,13.004117000000065,0]},"id":146},{"type":"Feature","properties":{"fid":147,"OBJECTID":147,"Name":"Placemark","FolderPath":"Document/flood_vulnerable_locations","SymbolID":0,"AltMode":-1,"Base":0,"Snippet":"","PopupInfo":"","HasLabel":-1,"LabelID":0,"ward_source_id":"ward_369_final.341","ward_source_Name":null,"ward_description":null,"ward_timestamp":null,"ward_begin":null,"ward_end":null,"ward_altitudeMode":null,"ward_tessellate":-1,"ward_extrude":0,"ward_visibility":-1,"ward_drawOrder":null,"ward_icon":null,"ward_Corporation":"West","ward_corporation_kn":"ಪಶ್ಚಿಮ","ward_corporation_id":"5","ward_ac":"Rajarajeshwarinagar","ward_ac_kn":"ರಾಜರಾಜೇಶ್ವರಿನಗರ","ward_ac_no":"154","ward_Assembly":"154 - Rajarajeshwarinagar","ward_id":"30","ward_name":"30 - Kempegowda Layout","ward_name_kn":"ಕೆಂಪೇಗೌಡ ಬಡಾವಣೆ","ward_TOT_P":"20026.0","ward_TOT_M":"10434.0","ward_TOT_F":"9592.0","ward_SC_P":"930.0","ward_SC_M":"477.0","ward_SC_F":"454.0","ward_ST_P":"462.0","ward_ST_M":"231.0","ward_ST_F":"231.0","ward_low_range":"18949","ward_high_range":"28424","ward_RO_Code":"10","ward_RO_Division":"RO- Peenya","ward_ARO_Code":"32","ward_ARO_ Sub Division":"ARO- Laggere","ward_zone":"Zone1","ward_zone_name":"Rajarajeshwarinagar","ward_join_status":"matched","ward_spatial_match_count":1},"geometry":{"type":"Point","coordinates":[77.52931700000005,13.004175000000032,0]},"id":147},{"type":"Feature","properties":{"fid":148,"OBJECTID":148,"Name":"Placemark","FolderPath":"Document/flood_vulnerable_locations","SymbolID":0,"AltMode":-1,"Base":0,"Snippet":"","PopupInfo":"","HasLabel":-1,"LabelID":0,"ward_source_id":"ward_369_final.341","ward_source_Name":null,"ward_description":null,"ward_timestamp":null,"ward_begin":null,"ward_end":null,"ward_altitudeMode":null,"ward_tessellate":-1,"ward_extrude":0,"ward_visibility":-1,"ward_drawOrder":null,"ward_icon":null,"ward_Corporation":"West","ward_corporation_kn":"ಪಶ್ಚಿಮ","ward_corporation_id":"5","ward_ac":"Rajarajeshwarinagar","ward_ac_kn":"ರಾಜರಾಜೇಶ್ವರಿನಗರ","ward_ac_no":"154","ward_Assembly":"154 - Rajarajeshwarinagar","ward_id":"30","ward_name":"30 - Kempegowda Layout","ward_name_kn":"ಕೆಂಪೇಗೌಡ ಬಡಾವಣೆ","ward_TOT_P":"20026.0","ward_TOT_M":"10434.0","ward_TOT_F":"9592.0","ward_SC_P":"930.0","ward_SC_M":"477.0","ward_SC_F":"454.0","ward_ST_P":"462.0","ward_ST_M":"231.0","ward_ST_F":"231.0","ward_low_range":"18949","ward_high_range":"28424","ward_RO_Code":"10","ward_RO_Division":"RO- Peenya","ward_ARO_Code":"32","ward_ARO_ Sub Division":"ARO- Laggere","ward_zone":"Zone1","ward_zone_name":"Rajarajeshwarinagar","ward_join_status":"matched","ward_spatial_match_count":1},"geometry":{"type":"Point","coordinates":[77.52909400000004,13.004406000000074,0]},"id":148},{"type":"Feature","properties":{"fid":149,"OBJECTID":149,"Name":"Placemark","FolderPath":"Document/flood_vulnerable_locations","SymbolID":0,"AltMode":-1,"Base":0,"Snippet":"","PopupInfo":"","HasLabel":-1,"LabelID":0,"ward_source_id":"ward_369_final.358","ward_source_Name":null,"ward_description":null,"ward_timestamp":null,"ward_begin":null,"ward_end":null,"ward_altitudeMode":null,"ward_tessellate":-1,"ward_extrude":0,"ward_visibility":-1,"ward_drawOrder":null,"ward_icon":null,"ward_Corporation":"West","ward_corporation_kn":"ಪಶ್ಚಿಮ","ward_corporation_id":"5","ward_ac":"Mahalakshmi Layout","ward_ac_kn":"ಮಹಾಲಕ್ಷ್ಮಿ ಲೇಔಟ್","ward_ac_no":"156","ward_Assembly":"156 - Mahalakshmi Layout","ward_id":"39","ward_name":"39 - Jai Maruthi Nagar","ward_name_kn":"ಜೈ ಮಾರುತಿ ನಗರ","ward_TOT_P":"27166.0","ward_TOT_M":"13919.0","ward_TOT_F":"13247.0","ward_SC_P":"1754.0","ward_SC_M":"915.0","ward_SC_F":"839.0","ward_ST_P":"502.0","ward_ST_M":"266.0","ward_ST_F":"236.0","ward_low_range":"18949","ward_high_range":"28424","ward_RO_Code":"5","ward_RO_Division":"RO- Mahalakshmi Layout","ward_ARO_Code":"16","ward_ARO_ Sub Division":"ARO- Mahalakshmipuram","ward_zone":"Zone1","ward_zone_name":"Rajarajeshwarinagar","ward_join_status":"matched","ward_spatial_match_count":1},"geometry":{"type":"Point","coordinates":[77.53004200000004,13.005864000000031,0]},"id":149},{"type":"Feature","properties":{"fid":150,"OBJECTID":150,"Name":"Placemark","FolderPath":"Document/flood_vulnerable_locations","SymbolID":0,"AltMode":-1,"Base":0,"Snippet":"","PopupInfo":"","HasLabel":-1,"LabelID":0,"ward_source_id":"ward_369_final.250","ward_source_Name":null,"ward_description":null,"ward_timestamp":null,"ward_begin":null,"ward_end":null,"ward_altitudeMode":null,"ward_tessellate":-1,"ward_extrude":0,"ward_visibility":-1,"ward_drawOrder":null,"ward_icon":null,"ward_Corporation":"East","ward_corporation_kn":"ಪೂರ್ವ","ward_corporation_id":"3","ward_ac":"K.R. Pura","ward_ac_kn":"ಕೆ.ಆರ್. ಪುರ","ward_ac_no":"151","ward_Assembly":"151 - K.R. Pura","ward_id":"17","ward_name":"17 - Vijinapura","ward_name_kn":"ವಿಜಿನಾಪುರ","ward_TOT_P":"15133.0","ward_TOT_M":"7757.0","ward_TOT_F":"7376.0","ward_SC_P":"5158.0","ward_SC_M":"2640.0","ward_SC_F":"2519.0","ward_ST_P":"204.0","ward_ST_M":"94.0","ward_ST_F":"110.0","ward_low_range":"14567","ward_high_range":"21851","ward_RO_Code":"3","ward_RO_Division":"RO- Ramamurthy Nagara","ward_ARO_Code":"9","ward_ARO_ Sub Division":"ARO- Vijinapura","ward_zone":"Zone2","ward_zone_name":"K.R. Pura","ward_join_status":"matched","ward_spatial_match_count":1},"geometry":{"type":"Point","coordinates":[77.67222200000003,13.00666700000005,0]},"id":150},{"type":"Feature","properties":{"fid":151,"OBJECTID":151,"Name":"Placemark","FolderPath":"Document/flood_vulnerable_locations","SymbolID":0,"AltMode":-1,"Base":0,"Snippet":"","PopupInfo":"","HasLabel":-1,"LabelID":0,"ward_source_id":"ward_369_final.14","ward_source_Name":null,"ward_description":null,"ward_timestamp":null,"ward_begin":null,"ward_end":null,"ward_altitudeMode":null,"ward_tessellate":-1,"ward_extrude":0,"ward_visibility":-1,"ward_drawOrder":null,"ward_icon":null,"ward_Corporation":"East","ward_corporation_kn":"ಪೂರ್ವ","ward_corporation_id":"3","ward_ac":"K.R. Pura","ward_ac_kn":"ಕೆ.ಆರ್. ಪುರ","ward_ac_no":"151","ward_Assembly":"151 - K.R. Pura","ward_id":"14","ward_name":"14 - K.R Pura","ward_name_kn":"ಕೆ ಆರ್ ಪುರ","ward_TOT_P":"14930.0","ward_TOT_M":"7717.0","ward_TOT_F":"7213.0","ward_SC_P":"1560.0","ward_SC_M":"794.0","ward_SC_F":"766.0","ward_ST_P":"351.0","ward_ST_M":"194.0","ward_ST_F":"157.0","ward_low_range":"14567","ward_high_range":"21851","ward_RO_Code":"2","ward_RO_Division":"RO- KR Pura","ward_ARO_Code":"6","ward_ARO_ Sub Division":"ARO- KR Pura","ward_zone":"Zone2","ward_zone_name":"K.R. Pura","ward_join_status":"matched","ward_spatial_match_count":1},"geometry":{"type":"Point","coordinates":[77.69638900000007,13.00666700000005,0]},"id":151},{"type":"Feature","properties":{"fid":152,"OBJECTID":152,"Name":"Placemark","FolderPath":"Document/flood_vulnerable_locations","SymbolID":0,"AltMode":-1,"Base":0,"Snippet":"","PopupInfo":"","HasLabel":-1,"LabelID":0,"ward_source_id":"ward_369_final.20","ward_source_Name":null,"ward_description":null,"ward_timestamp":null,"ward_begin":null,"ward_end":null,"ward_altitudeMode":null,"ward_tessellate":-1,"ward_extrude":0,"ward_visibility":-1,"ward_drawOrder":null,"ward_icon":null,"ward_Corporation":"North","ward_corporation_kn":"ಉತ್ತರ","ward_corporation_id":"2","ward_ac":"Sarvagnanagar","ward_ac_kn":"ಸರ್ವಜ್ಞನಗರ","ward_ac_no":"160","ward_Assembly":"160 - Sarvagnanagar","ward_id":"34","ward_name":"34 - Subbayanapalya","ward_name_kn":"ಸುಬ್ಬಯ್ಯನಪಾಳ್ಯ","ward_TOT_P":"22175.0","ward_TOT_M":"11310.0","ward_TOT_F":"10865.0","ward_SC_P":"2843.0","ward_SC_M":"1457.0","ward_SC_F":"1387.0","ward_ST_P":"469.0","ward_ST_M":"238.0","ward_ST_F":"232.0","ward_low_range":"19943","ward_high_range":"29914","ward_RO_Code":"10","ward_RO_Division":"RO- Maruthi Sevanagar","ward_ARO_Code":"26","ward_ARO_ Sub Division":"ARO- Kammanahalli","ward_zone":"Zone1","ward_zone_name":"Byatarayanapura","ward_join_status":"matched","ward_spatial_match_count":1},"geometry":{"type":"Point","coordinates":[77.63694400000008,13.008889000000067,0]},"id":152},{"type":"Feature","properties":{"fid":153,"OBJECTID":153,"Name":"Placemark","FolderPath":"Document/flood_vulnerable_locations","SymbolID":0,"AltMode":-1,"Base":0,"Snippet":"","PopupInfo":"","HasLabel":-1,"LabelID":0,"ward_source_id":"ward_369_final.358","ward_source_Name":null,"ward_description":null,"ward_timestamp":null,"ward_begin":null,"ward_end":null,"ward_altitudeMode":null,"ward_tessellate":-1,"ward_extrude":0,"ward_visibility":-1,"ward_drawOrder":null,"ward_icon":null,"ward_Corporation":"West","ward_corporation_kn":"ಪಶ್ಚಿಮ","ward_corporation_id":"5","ward_ac":"Mahalakshmi Layout","ward_ac_kn":"ಮಹಾಲಕ್ಷ್ಮಿ ಲೇಔಟ್","ward_ac_no":"156","ward_Assembly":"156 - Mahalakshmi Layout","ward_id":"39","ward_name":"39 - Jai Maruthi Nagar","ward_name_kn":"ಜೈ ಮಾರುತಿ ನಗರ","ward_TOT_P":"27166.0","ward_TOT_M":"13919.0","ward_TOT_F":"13247.0","ward_SC_P":"1754.0","ward_SC_M":"915.0","ward_SC_F":"839.0","ward_ST_P":"502.0","ward_ST_M":"266.0","ward_ST_F":"236.0","ward_low_range":"18949","ward_high_range":"28424","ward_RO_Code":"5","ward_RO_Division":"RO- Mahalakshmi Layout","ward_ARO_Code":"16","ward_ARO_ Sub Division":"ARO- Mahalakshmipuram","ward_zone":"Zone1","ward_zone_name":"Rajarajeshwarinagar","ward_join_status":"matched","ward_spatial_match_count":1},"geometry":{"type":"Point","coordinates":[77.53552800000006,13.009511000000032,0]},"id":153},{"type":"Feature","properties":{"fid":154,"OBJECTID":154,"Name":"Placemark","FolderPath":"Document/flood_vulnerable_locations","SymbolID":0,"AltMode":-1,"Base":0,"Snippet":"","PopupInfo":"","HasLabel":-1,"LabelID":0,"ward_source_id":"ward_369_final.358","ward_source_Name":null,"ward_description":null,"ward_timestamp":null,"ward_begin":null,"ward_end":null,"ward_altitudeMode":null,"ward_tessellate":-1,"ward_extrude":0,"ward_visibility":-1,"ward_drawOrder":null,"ward_icon":null,"ward_Corporation":"West","ward_corporation_kn":"ಪಶ್ಚಿಮ","ward_corporation_id":"5","ward_ac":"Mahalakshmi Layout","ward_ac_kn":"ಮಹಾಲಕ್ಷ್ಮಿ ಲೇಔಟ್","ward_ac_no":"156","ward_Assembly":"156 - Mahalakshmi Layout","ward_id":"39","ward_name":"39 - Jai Maruthi Nagar","ward_name_kn":"ಜೈ ಮಾರುತಿ ನಗರ","ward_TOT_P":"27166.0","ward_TOT_M":"13919.0","ward_TOT_F":"13247.0","ward_SC_P":"1754.0","ward_SC_M":"915.0","ward_SC_F":"839.0","ward_ST_P":"502.0","ward_ST_M":"266.0","ward_ST_F":"236.0","ward_low_range":"18949","ward_high_range":"28424","ward_RO_Code":"5","ward_RO_Division":"RO- Mahalakshmi Layout","ward_ARO_Code":"16","ward_ARO_ Sub Division":"ARO- Mahalakshmipuram","ward_zone":"Zone1","ward_zone_name":"Rajarajeshwarinagar","ward_join_status":"matched","ward_spatial_match_count":1},"geometry":{"type":"Point","coordinates":[77.53552800000006,13.009511000000032,0]},"id":154},{"type":"Feature","properties":{"fid":155,"OBJECTID":155,"Name":"Placemark","FolderPath":"Document/flood_vulnerable_locations","SymbolID":0,"AltMode":-1,"Base":0,"Snippet":"","PopupInfo":"","HasLabel":-1,"LabelID":0,"ward_source_id":"ward_369_final.358","ward_source_Name":null,"ward_description":null,"ward_timestamp":null,"ward_begin":null,"ward_end":null,"ward_altitudeMode":null,"ward_tessellate":-1,"ward_extrude":0,"ward_visibility":-1,"ward_drawOrder":null,"ward_icon":null,"ward_Corporation":"West","ward_corporation_kn":"ಪಶ್ಚಿಮ","ward_corporation_id":"5","ward_ac":"Mahalakshmi Layout","ward_ac_kn":"ಮಹಾಲಕ್ಷ್ಮಿ ಲೇಔಟ್","ward_ac_no":"156","ward_Assembly":"156 - Mahalakshmi Layout","ward_id":"39","ward_name":"39 - Jai Maruthi Nagar","ward_name_kn":"ಜೈ ಮಾರುತಿ ನಗರ","ward_TOT_P":"27166.0","ward_TOT_M":"13919.0","ward_TOT_F":"13247.0","ward_SC_P":"1754.0","ward_SC_M":"915.0","ward_SC_F":"839.0","ward_ST_P":"502.0","ward_ST_M":"266.0","ward_ST_F":"236.0","ward_low_range":"18949","ward_high_range":"28424","ward_RO_Code":"5","ward_RO_Division":"RO- Mahalakshmi Layout","ward_ARO_Code":"16","ward_ARO_ Sub Division":"ARO- Mahalakshmipuram","ward_zone":"Zone1","ward_zone_name":"Rajarajeshwarinagar","ward_join_status":"matched","ward_spatial_match_count":1},"geometry":{"type":"Point","coordinates":[77.53552800000006,13.009511000000032,0]},"id":155},{"type":"Feature","properties":{"fid":156,"OBJECTID":156,"Name":"Placemark","FolderPath":"Document/flood_vulnerable_locations","SymbolID":0,"AltMode":-1,"Base":0,"Snippet":"","PopupInfo":"","HasLabel":-1,"LabelID":0,"ward_source_id":"ward_369_final.9","ward_source_Name":null,"ward_description":null,"ward_timestamp":null,"ward_begin":null,"ward_end":null,"ward_altitudeMode":null,"ward_tessellate":-1,"ward_extrude":0,"ward_visibility":-1,"ward_drawOrder":null,"ward_icon":null,"ward_Corporation":"East","ward_corporation_kn":"ಪೂರ್ವ","ward_corporation_id":"3","ward_ac":"K.R. Pura","ward_ac_kn":"ಕೆ.ಆರ್. ಪುರ","ward_ac_no":"151","ward_Assembly":"151 - K.R. Pura","ward_id":"16","ward_name":"16 - Kotthur","ward_name_kn":"ಕೊತ್ತೂರು","ward_TOT_P":"14653.0","ward_TOT_M":"7508.0","ward_TOT_F":"7145.0","ward_SC_P":"3084.0","ward_SC_M":"1565.0","ward_SC_F":"1519.0","ward_ST_P":"243.0","ward_ST_M":"121.0","ward_ST_F":"122.0","ward_low_range":"14567","ward_high_range":"21851","ward_RO_Code":"3","ward_RO_Division":"RO- Ramamurthy Nagara","ward_ARO_Code":"8","ward_ARO_ Sub Division":"ARO- Ramamurthy Nagara","ward_zone":"Zone2","ward_zone_name":"K.R. Pura","ward_join_status":"matched","ward_spatial_match_count":1},"geometry":{"type":"Point","coordinates":[77.68027800000004,13.010556000000065,0]},"id":156},{"type":"Feature","properties":{"fid":157,"OBJECTID":157,"Name":"Placemark","FolderPath":"Document/flood_vulnerable_locations","SymbolID":0,"AltMode":-1,"Base":0,"Snippet":"","PopupInfo":"","HasLabel":-1,"LabelID":0,"ward_source_id":"ward_369_final.17","ward_source_Name":null,"ward_description":null,"ward_timestamp":null,"ward_begin":null,"ward_end":null,"ward_altitudeMode":null,"ward_tessellate":-1,"ward_extrude":0,"ward_visibility":-1,"ward_drawOrder":null,"ward_icon":null,"ward_Corporation":"East","ward_corporation_kn":"ಪೂರ್ವ","ward_corporation_id":"3","ward_ac":"K.R. Pura","ward_ac_kn":"ಕೆ.ಆರ್. ಪುರ","ward_ac_no":"151","ward_Assembly":"151 - K.R. Pura","ward_id":"15","ward_name":"15 - Ramamurthy Nagara","ward_name_kn":"ರಾಮಮೂರ್ತಿ ನಗರ","ward_TOT_P":"17257.0","ward_TOT_M":"8738.0","ward_TOT_F":"8519.0","ward_SC_P":"4017.0","ward_SC_M":"1988.0","ward_SC_F":"2029.0","ward_ST_P":"354.0","ward_ST_M":"193.0","ward_ST_F":"161.0","ward_low_range":"14567","ward_high_range":"21851","ward_RO_Code":"3","ward_RO_Division":"RO- Ramamurthy Nagara","ward_ARO_Code":"8","ward_ARO_ Sub Division":"ARO- Ramamurthy Nagara","ward_zone":"Zone2","ward_zone_name":"K.R. Pura","ward_join_status":"matched","ward_spatial_match_count":1},"geometry":{"type":"Point","coordinates":[77.68138900000008,13.010833000000048,0]},"id":157},{"type":"Feature","properties":{"fid":158,"OBJECTID":158,"Name":"Placemark","FolderPath":"Document/flood_vulnerable_locations","SymbolID":0,"AltMode":-1,"Base":0,"Snippet":"","PopupInfo":"","HasLabel":-1,"LabelID":0,"ward_source_id":"ward_369_final.358","ward_source_Name":null,"ward_description":null,"ward_timestamp":null,"ward_begin":null,"ward_end":null,"ward_altitudeMode":null,"ward_tessellate":-1,"ward_extrude":0,"ward_visibility":-1,"ward_drawOrder":null,"ward_icon":null,"ward_Corporation":"West","ward_corporation_kn":"ಪಶ್ಚಿಮ","ward_corporation_id":"5","ward_ac":"Mahalakshmi Layout","ward_ac_kn":"ಮಹಾಲಕ್ಷ್ಮಿ ಲೇಔಟ್","ward_ac_no":"156","ward_Assembly":"156 - Mahalakshmi Layout","ward_id":"39","ward_name":"39 - Jai Maruthi Nagar","ward_name_kn":"ಜೈ ಮಾರುತಿ ನಗರ","ward_TOT_P":"27166.0","ward_TOT_M":"13919.0","ward_TOT_F":"13247.0","ward_SC_P":"1754.0","ward_SC_M":"915.0","ward_SC_F":"839.0","ward_ST_P":"502.0","ward_ST_M":"266.0","ward_ST_F":"236.0","ward_low_range":"18949","ward_high_range":"28424","ward_RO_Code":"5","ward_RO_Division":"RO- Mahalakshmi Layout","ward_ARO_Code":"16","ward_ARO_ Sub Division":"ARO- Mahalakshmipuram","ward_zone":"Zone1","ward_zone_name":"Rajarajeshwarinagar","ward_join_status":"matched","ward_spatial_match_count":1},"geometry":{"type":"Point","coordinates":[77.52806400000003,13.010953000000029,0]},"id":158},{"type":"Feature","properties":{"fid":159,"OBJECTID":159,"Name":"Placemark","FolderPath":"Document/flood_vulnerable_locations","SymbolID":0,"AltMode":-1,"Base":0,"Snippet":"","PopupInfo":"","HasLabel":-1,"LabelID":0,"ward_source_id":"ward_369_final.9","ward_source_Name":null,"ward_description":null,"ward_timestamp":null,"ward_begin":null,"ward_end":null,"ward_altitudeMode":null,"ward_tessellate":-1,"ward_extrude":0,"ward_visibility":-1,"ward_drawOrder":null,"ward_icon":null,"ward_Corporation":"East","ward_corporation_kn":"ಪೂರ್ವ","ward_corporation_id":"3","ward_ac":"K.R. Pura","ward_ac_kn":"ಕೆ.ಆರ್. ಪುರ","ward_ac_no":"151","ward_Assembly":"151 - K.R. Pura","ward_id":"16","ward_name":"16 - Kotthur","ward_name_kn":"ಕೊತ್ತೂರು","ward_TOT_P":"14653.0","ward_TOT_M":"7508.0","ward_TOT_F":"7145.0","ward_SC_P":"3084.0","ward_SC_M":"1565.0","ward_SC_F":"1519.0","ward_ST_P":"243.0","ward_ST_M":"121.0","ward_ST_F":"122.0","ward_low_range":"14567","ward_high_range":"21851","ward_RO_Code":"3","ward_RO_Division":"RO- Ramamurthy Nagara","ward_ARO_Code":"8","ward_ARO_ Sub Division":"ARO- Ramamurthy Nagara","ward_zone":"Zone2","ward_zone_name":"K.R. Pura","ward_join_status":"matched","ward_spatial_match_count":1},"geometry":{"type":"Point","coordinates":[77.67916700000006,13.011389000000065,0]},"id":159},{"type":"Feature","properties":{"fid":160,"OBJECTID":160,"Name":"Placemark","FolderPath":"Document/flood_vulnerable_locations","SymbolID":0,"AltMode":-1,"Base":0,"Snippet":"","PopupInfo":"","HasLabel":-1,"LabelID":0,"ward_source_id":"ward_369_final.177","ward_source_Name":null,"ward_description":null,"ward_timestamp":null,"ward_begin":null,"ward_end":null,"ward_altitudeMode":null,"ward_tessellate":-1,"ward_extrude":0,"ward_visibility":-1,"ward_drawOrder":null,"ward_icon":null,"ward_Corporation":"West","ward_corporation_kn":"ಪಶ್ಚಿಮ","ward_corporation_id":"5","ward_ac":"Dasarahalli","ward_ac_kn":"ದಾಸರಹಳ್ಳಿ","ward_ac_no":"155","ward_Assembly":"155 - Dasarahalli","ward_id":"7","ward_name":"7 - Rajagopala Nagara","ward_name_kn":"ರಾಜಗೋಪಾಲ ನಗರ","ward_TOT_P":"24944.0","ward_TOT_M":"13594.0","ward_TOT_F":"11350.0","ward_SC_P":"1731.0","ward_SC_M":"911.0","ward_SC_F":"820.0","ward_ST_P":"510.0","ward_ST_M":"262.0","ward_ST_F":"247.0","ward_low_range":"18949","ward_high_range":"28424","ward_RO_Code":"2","ward_RO_Division":"RO- Hegganahalli","ward_ARO_Code":"5","ward_ARO_ Sub Division":"ARO- Hegganahalli","ward_zone":"Zone1","ward_zone_name":"Rajarajeshwarinagar","ward_join_status":"matched","ward_spatial_match_count":1},"geometry":{"type":"Point","coordinates":[77.51178000000004,13.012640000000033,0]},"id":160},{"type":"Feature","properties":{"fid":161,"OBJECTID":161,"Name":"Placemark","FolderPath":"Document/flood_vulnerable_locations","SymbolID":0,"AltMode":-1,"Base":0,"Snippet":"","PopupInfo":"","HasLabel":-1,"LabelID":0,"ward_source_id":"ward_369_final.17","ward_source_Name":null,"ward_description":null,"ward_timestamp":null,"ward_begin":null,"ward_end":null,"ward_altitudeMode":null,"ward_tessellate":-1,"ward_extrude":0,"ward_visibility":-1,"ward_drawOrder":null,"ward_icon":null,"ward_Corporation":"East","ward_corporation_kn":"ಪೂರ್ವ","ward_corporation_id":"3","ward_ac":"K.R. Pura","ward_ac_kn":"ಕೆ.ಆರ್. ಪುರ","ward_ac_no":"151","ward_Assembly":"151 - K.R. Pura","ward_id":"15","ward_name":"15 - Ramamurthy Nagara","ward_name_kn":"ರಾಮಮೂರ್ತಿ ನಗರ","ward_TOT_P":"17257.0","ward_TOT_M":"8738.0","ward_TOT_F":"8519.0","ward_SC_P":"4017.0","ward_SC_M":"1988.0","ward_SC_F":"2029.0","ward_ST_P":"354.0","ward_ST_M":"193.0","ward_ST_F":"161.0","ward_low_range":"14567","ward_high_range":"21851","ward_RO_Code":"3","ward_RO_Division":"RO- Ramamurthy Nagara","ward_ARO_Code":"8","ward_ARO_ Sub Division":"ARO- Ramamurthy Nagara","ward_zone":"Zone2","ward_zone_name":"K.R. Pura","ward_join_status":"matched","ward_spatial_match_count":1},"geometry":{"type":"Point","coordinates":[77.67888900000008,13.012778000000026,0]},"id":161},{"type":"Feature","properties":{"fid":162,"OBJECTID":162,"Name":"Placemark","FolderPath":"Document/flood_vulnerable_locations","SymbolID":0,"AltMode":-1,"Base":0,"Snippet":"","PopupInfo":"","HasLabel":-1,"LabelID":0,"ward_source_id":"ward_369_final.355","ward_source_Name":null,"ward_description":null,"ward_timestamp":null,"ward_begin":null,"ward_end":null,"ward_altitudeMode":null,"ward_tessellate":-1,"ward_extrude":0,"ward_visibility":-1,"ward_drawOrder":null,"ward_icon":null,"ward_Corporation":"West","ward_corporation_kn":"ಪಶ್ಚಿಮ","ward_corporation_id":"5","ward_ac":"Malleshwaram","ward_ac_kn":"ಮಲ್ಲೇಶ್ವರಂ","ward_ac_no":"157","ward_Assembly":"157 - Malleshwaram","ward_id":"53","ward_name":"53 - Malleshwaram","ward_name_kn":"ಮಲ್ಲೇಶ್ವರಂ","ward_TOT_P":"21827.0","ward_TOT_M":"10665.0","ward_TOT_F":"11162.0","ward_SC_P":"479.0","ward_SC_M":"231.0","ward_SC_F":"248.0","ward_ST_P":"194.0","ward_ST_M":"97.0","ward_ST_F":"97.0","ward_low_range":"18949","ward_high_range":"28424","ward_RO_Code":"6","ward_RO_Division":"RO- Malleshwaram","ward_ARO_Code":"19","ward_ARO_ Sub Division":"ARO- Malleshwaram","ward_zone":"Zone2","ward_zone_name":"Malleshwaram","ward_join_status":"matched","ward_spatial_match_count":1},"geometry":{"type":"Point","coordinates":[77.56138900000008,13.012895000000071,0]},"id":162},{"type":"Feature","properties":{"fid":163,"OBJECTID":163,"Name":"Placemark","FolderPath":"Document/flood_vulnerable_locations","SymbolID":0,"AltMode":-1,"Base":0,"Snippet":"","PopupInfo":"","HasLabel":-1,"LabelID":0,"ward_source_id":"ward_369_final.196","ward_source_Name":null,"ward_description":null,"ward_timestamp":null,"ward_begin":null,"ward_end":null,"ward_altitudeMode":null,"ward_tessellate":-1,"ward_extrude":0,"ward_visibility":-1,"ward_drawOrder":null,"ward_icon":null,"ward_Corporation":"East","ward_corporation_kn":"ಪೂರ್ವ","ward_corporation_id":"3","ward_ac":"K.R. Pura","ward_ac_kn":"ಕೆ.ಆರ್. ಪುರ","ward_ac_no":"151","ward_Assembly":"151 - K.R. Pura","ward_id":"5","ward_name":"5 - Hoysala Nagara East","ward_name_kn":"ಹೊಯ್ಸಳ ನಗರ ಪೂರ್ವ","ward_TOT_P":"18244.0","ward_TOT_M":"9566.0","ward_TOT_F":"8678.0","ward_SC_P":"2204.0","ward_SC_M":"1144.0","ward_SC_F":"1061.0","ward_ST_P":"545.0","ward_ST_M":"290.0","ward_ST_F":"256.0","ward_low_range":"14567","ward_high_range":"21851","ward_RO_Code":"1","ward_RO_Division":"RO- Horamavu","ward_ARO_Code":"3","ward_ARO_ Sub Division":"ARO- Kalkere","ward_zone":"Zone2","ward_zone_name":"K.R. Pura","ward_join_status":"matched","ward_spatial_match_count":1},"geometry":{"type":"Point","coordinates":[77.66555600000004,13.018611000000021,0]},"id":163},{"type":"Feature","properties":{"fid":164,"OBJECTID":164,"Name":"Placemark","FolderPath":"Document/flood_vulnerable_locations","SymbolID":0,"AltMode":-1,"Base":0,"Snippet":"","PopupInfo":"","HasLabel":-1,"LabelID":0,"ward_source_id":"ward_369_final.157","ward_source_Name":null,"ward_description":null,"ward_timestamp":null,"ward_begin":null,"ward_end":null,"ward_altitudeMode":null,"ward_tessellate":-1,"ward_extrude":0,"ward_visibility":-1,"ward_drawOrder":null,"ward_icon":null,"ward_Corporation":"North","ward_corporation_kn":"ಉತ್ತರ","ward_corporation_id":"2","ward_ac":"Sarvagnanagar","ward_ac_kn":"ಸರ್ವಜ್ಞನಗರ","ward_ac_no":"160","ward_Assembly":"160 - Sarvagnanagar","ward_id":"30","ward_name":"30 - Kacharakanahalli","ward_name_kn":"ಕಾಚರಕನಹಳ್ಳಿ","ward_TOT_P":"21873.0","ward_TOT_M":"11041.0","ward_TOT_F":"10831.0","ward_SC_P":"1794.0","ward_SC_M":"919.0","ward_SC_F":"875.0","ward_ST_P":"348.0","ward_ST_M":"172.0","ward_ST_F":"176.0","ward_low_range":"19943","ward_high_range":"29914","ward_RO_Code":"9","ward_RO_Division":"RO- HBR Layout","ward_ARO_Code":"24","ward_ARO_ Sub Division":"ARO- Kacharakanahalli","ward_zone":"Zone1","ward_zone_name":"Byatarayanapura","ward_join_status":"matched","ward_spatial_match_count":1},"geometry":{"type":"Point","coordinates":[77.63472200000007,13.018889000000058,0]},"id":164},{"type":"Feature","properties":{"fid":165,"OBJECTID":165,"Name":"Placemark","FolderPath":"Document/flood_vulnerable_locations","SymbolID":0,"AltMode":-1,"Base":0,"Snippet":"","PopupInfo":"","HasLabel":-1,"LabelID":0,"ward_source_id":"ward_369_final.70","ward_source_Name":null,"ward_description":null,"ward_timestamp":null,"ward_begin":null,"ward_end":null,"ward_altitudeMode":null,"ward_tessellate":-1,"ward_extrude":0,"ward_visibility":-1,"ward_drawOrder":null,"ward_icon":null,"ward_Corporation":"North","ward_corporation_kn":"ಉತ್ತರ","ward_corporation_id":"2","ward_ac":"Hebbal","ward_ac_kn":"ಹೆಬ್ಬಾಳ","ward_ac_no":"158","ward_Assembly":"158 - Hebbal","ward_id":"57","ward_name":"57 - Bhoopasandra","ward_name_kn":"ಭೂಪಸಂದ್ರ","ward_TOT_P":"25193.0","ward_TOT_M":"13039.0","ward_TOT_F":"12154.0","ward_SC_P":"1610.0","ward_SC_M":"816.0","ward_SC_F":"794.0","ward_ST_P":"385.0","ward_ST_M":"195.0","ward_ST_F":"191.0","ward_low_range":"19943","ward_high_range":"29914","ward_RO_Code":"4","ward_RO_Division":"RO- Hebbal","ward_ARO_Code":"10","ward_ARO_ Sub Division":"ARO- Hebbal","ward_zone":"Zone2","ward_zone_name":"Yelahanka","ward_join_status":"matched","ward_spatial_match_count":1},"geometry":{"type":"Point","coordinates":[77.58250000000004,13.024722000000054,0]},"id":165},{"type":"Feature","properties":{"fid":166,"OBJECTID":166,"Name":"Placemark","FolderPath":"Document/flood_vulnerable_locations","SymbolID":0,"AltMode":-1,"Base":0,"Snippet":"","PopupInfo":"","HasLabel":-1,"LabelID":0,"ward_source_id":"ward_369_final.70","ward_source_Name":null,"ward_description":null,"ward_timestamp":null,"ward_begin":null,"ward_end":null,"ward_altitudeMode":null,"ward_tessellate":-1,"ward_extrude":0,"ward_visibility":-1,"ward_drawOrder":null,"ward_icon":null,"ward_Corporation":"North","ward_corporation_kn":"ಉತ್ತರ","ward_corporation_id":"2","ward_ac":"Hebbal","ward_ac_kn":"ಹೆಬ್ಬಾಳ","ward_ac_no":"158","ward_Assembly":"158 - Hebbal","ward_id":"57","ward_name":"57 - Bhoopasandra","ward_name_kn":"ಭೂಪಸಂದ್ರ","ward_TOT_P":"25193.0","ward_TOT_M":"13039.0","ward_TOT_F":"12154.0","ward_SC_P":"1610.0","ward_SC_M":"816.0","ward_SC_F":"794.0","ward_ST_P":"385.0","ward_ST_M":"195.0","ward_ST_F":"191.0","ward_low_range":"19943","ward_high_range":"29914","ward_RO_Code":"4","ward_RO_Division":"RO- Hebbal","ward_ARO_Code":"10","ward_ARO_ Sub Division":"ARO- Hebbal","ward_zone":"Zone2","ward_zone_name":"Yelahanka","ward_join_status":"matched","ward_spatial_match_count":1},"geometry":{"type":"Point","coordinates":[77.58463600000005,13.029777000000024,0]},"id":166},{"type":"Feature","properties":{"fid":167,"OBJECTID":167,"Name":"Placemark","FolderPath":"Document/flood_vulnerable_locations","SymbolID":0,"AltMode":-1,"Base":0,"Snippet":"","PopupInfo":"","HasLabel":-1,"LabelID":0,"ward_source_id":"ward_369_final.175","ward_source_Name":null,"ward_description":null,"ward_timestamp":null,"ward_begin":null,"ward_end":null,"ward_altitudeMode":null,"ward_tessellate":-1,"ward_extrude":0,"ward_visibility":-1,"ward_drawOrder":null,"ward_icon":null,"ward_Corporation":"West","ward_corporation_kn":"ಪಶ್ಚಿಮ","ward_corporation_id":"5","ward_ac":"Rajarajeshwarinagar","ward_ac_kn":"ರಾಜರಾಜೇಶ್ವರಿನಗರ","ward_ac_no":"154","ward_Assembly":"154 - Rajarajeshwarinagar","ward_id":"34","ward_name":"34 - Peenya","ward_name_kn":"ಪೀಣ್ಯ","ward_TOT_P":"26003.0","ward_TOT_M":"13620.0","ward_TOT_F":"12383.0","ward_SC_P":"4190.0","ward_SC_M":"2140.0","ward_SC_F":"2050.0","ward_ST_P":"986.0","ward_ST_M":"507.0","ward_ST_F":"479.0","ward_low_range":"18949","ward_high_range":"28424","ward_RO_Code":"10","ward_RO_Division":"RO- Peenya","ward_ARO_Code":"33","ward_ARO_ Sub Division":"ARO- Peenya","ward_zone":"Zone1","ward_zone_name":"Rajarajeshwarinagar","ward_join_status":"matched","ward_spatial_match_count":1},"geometry":{"type":"Point","coordinates":[77.52014200000008,13.033097000000055,0]},"id":167},{"type":"Feature","properties":{"fid":168,"OBJECTID":168,"Name":"Placemark","FolderPath":"Document/flood_vulnerable_locations","SymbolID":0,"AltMode":-1,"Base":0,"Snippet":"","PopupInfo":"","HasLabel":-1,"LabelID":0,"ward_source_id":"ward_369_final.320","ward_source_Name":null,"ward_description":null,"ward_timestamp":null,"ward_begin":null,"ward_end":null,"ward_altitudeMode":null,"ward_tessellate":-1,"ward_extrude":0,"ward_visibility":-1,"ward_drawOrder":null,"ward_icon":null,"ward_Corporation":"West","ward_corporation_kn":"ಪಶ್ಚಿಮ","ward_corporation_id":"5","ward_ac":"Yeshwanthapura","ward_ac_kn":"ಯಶವಂತಪುರ","ward_ac_no":"153","ward_Assembly":"153 - Yeshwanthapura","ward_id":"11","ward_name":"11 - Dodda Bidarakallu","ward_name_kn":"ದೊಡ್ಡ ಬಿದರಕಲ್ಲು","ward_TOT_P":"25777.0","ward_TOT_M":"13763.0","ward_TOT_F":"12015.0","ward_SC_P":"1543.0","ward_SC_M":"800.0","ward_SC_F":"743.0","ward_ST_P":"1074.0","ward_ST_M":"568.0","ward_ST_F":"507.0","ward_low_range":"18949","ward_high_range":"28424","ward_RO_Code":"14","ward_RO_Division":"RO- Herohalli","ward_ARO_Code":"41","ward_ARO_ Sub Division":"ARO- Dodda Bidarakallu","ward_zone":"Zone1","ward_zone_name":"Rajarajeshwarinagar","ward_join_status":"matched","ward_spatial_match_count":1},"geometry":{"type":"Point","coordinates":[77.49058200000007,13.033173000000033,0]},"id":168},{"type":"Feature","properties":{"fid":169,"OBJECTID":169,"Name":"Placemark","FolderPath":"Document/flood_vulnerable_locations","SymbolID":0,"AltMode":-1,"Base":0,"Snippet":"","PopupInfo":"","HasLabel":-1,"LabelID":0,"ward_source_id":"ward_369_final.75","ward_source_Name":null,"ward_description":null,"ward_timestamp":null,"ward_begin":null,"ward_end":null,"ward_altitudeMode":null,"ward_tessellate":-1,"ward_extrude":0,"ward_visibility":-1,"ward_drawOrder":null,"ward_icon":null,"ward_Corporation":"North","ward_corporation_kn":"ಉತ್ತರ","ward_corporation_id":"2","ward_ac":"Hebbal","ward_ac_kn":"ಹೆಬ್ಬಾಳ","ward_ac_no":"158","ward_Assembly":"158 - Hebbal","ward_id":"56","ward_name":"56 - Hebbal","ward_name_kn":"ಹೆಬ್ಬಾಳ","ward_TOT_P":"27422.0","ward_TOT_M":"14044.0","ward_TOT_F":"13378.0","ward_SC_P":"5278.0","ward_SC_M":"2689.0","ward_SC_F":"2588.0","ward_ST_P":"800.0","ward_ST_M":"405.0","ward_ST_F":"395.0","ward_low_range":"19943","ward_high_range":"29914","ward_RO_Code":"4","ward_RO_Division":"RO- Hebbal","ward_ARO_Code":"10","ward_ARO_ Sub Division":"ARO- Hebbal","ward_zone":"Zone2","ward_zone_name":"Yelahanka","ward_join_status":"matched","ward_spatial_match_count":1},"geometry":{"type":"Point","coordinates":[77.59027800000007,13.033333000000027,0]},"id":169},{"type":"Feature","properties":{"fid":170,"OBJECTID":170,"Name":"Placemark","FolderPath":"Document/flood_vulnerable_locations","SymbolID":0,"AltMode":-1,"Base":0,"Snippet":"","PopupInfo":"","HasLabel":-1,"LabelID":0,"ward_source_id":"ward_369_final.124","ward_source_Name":null,"ward_description":null,"ward_timestamp":null,"ward_begin":null,"ward_end":null,"ward_altitudeMode":null,"ward_tessellate":-1,"ward_extrude":0,"ward_visibility":-1,"ward_drawOrder":null,"ward_icon":null,"ward_Corporation":"North","ward_corporation_kn":"ಉತ್ತರ","ward_corporation_id":"2","ward_ac":"Hebbal","ward_ac_kn":"ಹೆಬ್ಬಾಳ","ward_ac_no":"158","ward_Assembly":"158 - Hebbal","ward_id":"53","ward_name":"53 - R.T Nagar","ward_name_kn":"ಆರ್.ಟಿ ನಗರ","ward_TOT_P":"29905.0","ward_TOT_M":"15442.0","ward_TOT_F":"14473.0","ward_SC_P":"787.0","ward_SC_M":"402.0","ward_SC_F":"385.0","ward_ST_P":"274.0","ward_ST_M":"144.0","ward_ST_F":"130.0","ward_low_range":"19943","ward_high_range":"29914","ward_RO_Code":"5","ward_RO_Division":"RO- R.T Nagar","ward_ARO_Code":"13","ward_ARO_ Sub Division":"ARO- R.T Nagar","ward_zone":"Zone2","ward_zone_name":"Yelahanka","ward_join_status":"matched","ward_spatial_match_count":1},"geometry":{"type":"Point","coordinates":[77.60027800000006,13.033333000000027,0]},"id":170},{"type":"Feature","properties":{"fid":171,"OBJECTID":171,"Name":"Placemark","FolderPath":"Document/flood_vulnerable_locations","SymbolID":0,"AltMode":-1,"Base":0,"Snippet":"","PopupInfo":"","HasLabel":-1,"LabelID":0,"ward_source_id":"ward_369_final.124","ward_source_Name":null,"ward_description":null,"ward_timestamp":null,"ward_begin":null,"ward_end":null,"ward_altitudeMode":null,"ward_tessellate":-1,"ward_extrude":0,"ward_visibility":-1,"ward_drawOrder":null,"ward_icon":null,"ward_Corporation":"North","ward_corporation_kn":"ಉತ್ತರ","ward_corporation_id":"2","ward_ac":"Hebbal","ward_ac_kn":"ಹೆಬ್ಬಾಳ","ward_ac_no":"158","ward_Assembly":"158 - Hebbal","ward_id":"53","ward_name":"53 - R.T Nagar","ward_name_kn":"ಆರ್.ಟಿ ನಗರ","ward_TOT_P":"29905.0","ward_TOT_M":"15442.0","ward_TOT_F":"14473.0","ward_SC_P":"787.0","ward_SC_M":"402.0","ward_SC_F":"385.0","ward_ST_P":"274.0","ward_ST_M":"144.0","ward_ST_F":"130.0","ward_low_range":"19943","ward_high_range":"29914","ward_RO_Code":"5","ward_RO_Division":"RO- R.T Nagar","ward_ARO_Code":"13","ward_ARO_ Sub Division":"ARO- R.T Nagar","ward_zone":"Zone2","ward_zone_name":"Yelahanka","ward_join_status":"matched","ward_spatial_match_count":1},"geometry":{"type":"Point","coordinates":[77.59722200000004,13.035556000000042,0]},"id":171},{"type":"Feature","properties":{"fid":172,"OBJECTID":172,"Name":"Placemark","FolderPath":"Document/flood_vulnerable_locations","SymbolID":0,"AltMode":-1,"Base":0,"Snippet":"","PopupInfo":"","HasLabel":-1,"LabelID":0,"ward_source_id":"ward_369_final.249","ward_source_Name":null,"ward_description":null,"ward_timestamp":null,"ward_begin":null,"ward_end":null,"ward_altitudeMode":null,"ward_tessellate":-1,"ward_extrude":0,"ward_visibility":-1,"ward_drawOrder":null,"ward_icon":null,"ward_Corporation":"East","ward_corporation_kn":"ಪೂರ್ವ","ward_corporation_id":"3","ward_ac":"K.R. Pura","ward_ac_kn":"ಕೆ.ಆರ್. ಪುರ","ward_ac_no":"151","ward_Assembly":"151 - K.R. Pura","ward_id":"7","ward_name":"7 - K Chennasandra","ward_name_kn":"ಕೆ ಚೆನ್ನಸಂದ್ರ","ward_TOT_P":"14572.0","ward_TOT_M":"7477.0","ward_TOT_F":"7015.0","ward_SC_P":"1778.0","ward_SC_M":"906.0","ward_SC_F":"872.0","ward_ST_P":"684.0","ward_ST_M":"337.0","ward_ST_F":"347.0","ward_low_range":"14567","ward_high_range":"21851","ward_RO_Code":"2","ward_RO_Division":"RO- KR Pura","ward_ARO_Code":"5","ward_ARO_ Sub Division":"ARO- Bhattarahalli","ward_zone":"Zone2","ward_zone_name":"K.R. Pura","ward_join_status":"matched","ward_spatial_match_count":1},"geometry":{"type":"Point","coordinates":[77.68111100000004,13.036667000000023,0]},"id":172},{"type":"Feature","properties":{"fid":173,"OBJECTID":173,"Name":"Placemark","FolderPath":"Document/flood_vulnerable_locations","SymbolID":0,"AltMode":-1,"Base":0,"Snippet":"","PopupInfo":"","HasLabel":-1,"LabelID":0,"ward_source_id":"ward_369_final.320","ward_source_Name":null,"ward_description":null,"ward_timestamp":null,"ward_begin":null,"ward_end":null,"ward_altitudeMode":null,"ward_tessellate":-1,"ward_extrude":0,"ward_visibility":-1,"ward_drawOrder":null,"ward_icon":null,"ward_Corporation":"West","ward_corporation_kn":"ಪಶ್ಚಿಮ","ward_corporation_id":"5","ward_ac":"Yeshwanthapura","ward_ac_kn":"ಯಶವಂತಪುರ","ward_ac_no":"153","ward_Assembly":"153 - Yeshwanthapura","ward_id":"11","ward_name":"11 - Dodda Bidarakallu","ward_name_kn":"ದೊಡ್ಡ ಬಿದರಕಲ್ಲು","ward_TOT_P":"25777.0","ward_TOT_M":"13763.0","ward_TOT_F":"12015.0","ward_SC_P":"1543.0","ward_SC_M":"800.0","ward_SC_F":"743.0","ward_ST_P":"1074.0","ward_ST_M":"568.0","ward_ST_F":"507.0","ward_low_range":"18949","ward_high_range":"28424","ward_RO_Code":"14","ward_RO_Division":"RO- Herohalli","ward_ARO_Code":"41","ward_ARO_ Sub Division":"ARO- Dodda Bidarakallu","ward_zone":"Zone1","ward_zone_name":"Rajarajeshwarinagar","ward_join_status":"matched","ward_spatial_match_count":1},"geometry":{"type":"Point","coordinates":[77.48711700000007,13.036698000000058,0]},"id":173},{"type":"Feature","properties":{"fid":174,"OBJECTID":174,"Name":"Placemark","FolderPath":"Document/flood_vulnerable_locations","SymbolID":0,"AltMode":-1,"Base":0,"Snippet":"","PopupInfo":"","HasLabel":-1,"LabelID":0,"ward_source_id":"ward_369_final.60","ward_source_Name":null,"ward_description":null,"ward_timestamp":null,"ward_begin":null,"ward_end":null,"ward_altitudeMode":null,"ward_tessellate":-1,"ward_extrude":0,"ward_visibility":-1,"ward_drawOrder":null,"ward_icon":null,"ward_Corporation":"North","ward_corporation_kn":"ಉತ್ತರ","ward_corporation_id":"2","ward_ac":"Rajarajeshwarinagar","ward_ac_kn":"ರಾಜರಾಜೇಶ್ವರಿನಗರ","ward_ac_no":"154","ward_Assembly":"154 - Rajarajeshwarinagar","ward_id":"62","ward_name":"62 - Brundavana Nagara","ward_name_kn":"ಬೃಂದಾವನ ನಗರ","ward_TOT_P":"28749.0","ward_TOT_M":"14953.0","ward_TOT_F":"13796.0","ward_SC_P":"1662.0","ward_SC_M":"849.0","ward_SC_F":"813.0","ward_ST_P":"434.0","ward_ST_M":"225.0","ward_ST_F":"209.0","ward_low_range":"19943","ward_high_range":"29914","ward_RO_Code":"8","ward_RO_Division":"RO- Jalahalli","ward_ARO_Code":"21","ward_ARO_ Sub Division":"ARO- Yeshwanthpura","ward_zone":"Zone2","ward_zone_name":"Yelahanka","ward_join_status":"matched","ward_spatial_match_count":1},"geometry":{"type":"Point","coordinates":[77.55670600000008,13.036736000000076,0]},"id":174},{"type":"Feature","properties":{"fid":175,"OBJECTID":175,"Name":"Placemark","FolderPath":"Document/flood_vulnerable_locations","SymbolID":0,"AltMode":-1,"Base":0,"Snippet":"","PopupInfo":"","HasLabel":-1,"LabelID":0,"ward_source_id":"ward_369_final.147","ward_source_Name":null,"ward_description":null,"ward_timestamp":null,"ward_begin":null,"ward_end":null,"ward_altitudeMode":null,"ward_tessellate":-1,"ward_extrude":0,"ward_visibility":-1,"ward_drawOrder":null,"ward_icon":null,"ward_Corporation":"North","ward_corporation_kn":"ಉತ್ತರ","ward_corporation_id":"2","ward_ac":"Sarvagnanagar","ward_ac_kn":"ಸರ್ವಜ್ಞನಗರ","ward_ac_no":"160","ward_Assembly":"160 - Sarvagnanagar","ward_id":"23","ward_name":"23 - Hennur","ward_name_kn":"ಹೆಣ್ಣೂರು","ward_TOT_P":"21706.0","ward_TOT_M":"11282.0","ward_TOT_F":"10424.0","ward_SC_P":"3064.0","ward_SC_M":"1575.0","ward_SC_F":"1489.0","ward_ST_P":"486.0","ward_ST_M":"263.0","ward_ST_F":"223.0","ward_low_range":"19943","ward_high_range":"29914","ward_RO_Code":"9","ward_RO_Division":"RO- HBR Layout","ward_ARO_Code":"22","ward_ARO_ Sub Division":"ARO- HBR Layout","ward_zone":"Zone1","ward_zone_name":"Byatarayanapura","ward_join_status":"matched","ward_spatial_match_count":1},"geometry":{"type":"Point","coordinates":[77.63805600000006,13.039167000000077,0]},"id":175},{"type":"Feature","properties":{"fid":176,"OBJECTID":176,"Name":"Placemark","FolderPath":"Document/flood_vulnerable_locations","SymbolID":0,"AltMode":-1,"Base":0,"Snippet":"","PopupInfo":"","HasLabel":-1,"LabelID":0,"ward_source_id":"ward_369_final.175","ward_source_Name":null,"ward_description":null,"ward_timestamp":null,"ward_begin":null,"ward_end":null,"ward_altitudeMode":null,"ward_tessellate":-1,"ward_extrude":0,"ward_visibility":-1,"ward_drawOrder":null,"ward_icon":null,"ward_Corporation":"West","ward_corporation_kn":"ಪಶ್ಚಿಮ","ward_corporation_id":"5","ward_ac":"Rajarajeshwarinagar","ward_ac_kn":"ರಾಜರಾಜೇಶ್ವರಿನಗರ","ward_ac_no":"154","ward_Assembly":"154 - Rajarajeshwarinagar","ward_id":"34","ward_name":"34 - Peenya","ward_name_kn":"ಪೀಣ್ಯ","ward_TOT_P":"26003.0","ward_TOT_M":"13620.0","ward_TOT_F":"12383.0","ward_SC_P":"4190.0","ward_SC_M":"2140.0","ward_SC_F":"2050.0","ward_ST_P":"986.0","ward_ST_M":"507.0","ward_ST_F":"479.0","ward_low_range":"18949","ward_high_range":"28424","ward_RO_Code":"10","ward_RO_Division":"RO- Peenya","ward_ARO_Code":"33","ward_ARO_ Sub Division":"ARO- Peenya","ward_zone":"Zone1","ward_zone_name":"Rajarajeshwarinagar","ward_join_status":"matched","ward_spatial_match_count":1},"geometry":{"type":"Point","coordinates":[77.51992600000005,13.039729000000023,0]},"id":176},{"type":"Feature","properties":{"fid":177,"OBJECTID":177,"Name":"Placemark","FolderPath":"Document/flood_vulnerable_locations","SymbolID":0,"AltMode":-1,"Base":0,"Snippet":"","PopupInfo":"","HasLabel":-1,"LabelID":0,"ward_source_id":"ward_369_final.159","ward_source_Name":null,"ward_description":null,"ward_timestamp":null,"ward_begin":null,"ward_end":null,"ward_altitudeMode":null,"ward_tessellate":-1,"ward_extrude":0,"ward_visibility":-1,"ward_drawOrder":null,"ward_icon":null,"ward_Corporation":"North","ward_corporation_kn":"ಉತ್ತರ","ward_corporation_id":"2","ward_ac":"Sarvagnanagar","ward_ac_kn":"ಸರ್ವಜ್ಞನಗರ","ward_ac_no":"160","ward_Assembly":"160 - Sarvagnanagar","ward_id":"22","ward_name":"22 - Nagavara","ward_name_kn":"ನಾಗವಾರ","ward_TOT_P":"20153.0","ward_TOT_M":"10354.0","ward_TOT_F":"9799.0","ward_SC_P":"2005.0","ward_SC_M":"1021.0","ward_SC_F":"984.0","ward_ST_P":"451.0","ward_ST_M":"231.0","ward_ST_F":"220.0","ward_low_range":"19943","ward_high_range":"29914","ward_RO_Code":"9","ward_RO_Division":"RO- HBR Layout","ward_ARO_Code":"22","ward_ARO_ Sub Division":"ARO- HBR Layout","ward_zone":"Zone1","ward_zone_name":"Byatarayanapura","ward_join_status":"matched","ward_spatial_match_count":1},"geometry":{"type":"Point","coordinates":[77.61222200000003,13.041111000000058,0]},"id":177},{"type":"Feature","properties":{"fid":178,"OBJECTID":178,"Name":"Placemark","FolderPath":"Document/flood_vulnerable_locations","SymbolID":0,"AltMode":-1,"Base":0,"Snippet":"","PopupInfo":"","HasLabel":-1,"LabelID":0,"ward_source_id":null,"ward_source_Name":null,"ward_description":null,"ward_timestamp":null,"ward_begin":null,"ward_end":null,"ward_altitudeMode":null,"ward_tessellate":null,"ward_extrude":null,"ward_visibility":null,"ward_drawOrder":null,"ward_icon":null,"ward_Corporation":null,"ward_corporation_kn":null,"ward_corporation_id":null,"ward_ac":null,"ward_ac_kn":null,"ward_ac_no":null,"ward_Assembly":null,"ward_id":null,"ward_name":null,"ward_name_kn":null,"ward_TOT_P":null,"ward_TOT_M":null,"ward_TOT_F":null,"ward_SC_P":null,"ward_SC_M":null,"ward_SC_F":null,"ward_ST_P":null,"ward_ST_M":null,"ward_ST_F":null,"ward_low_range":null,"ward_high_range":null,"ward_RO_Code":null,"ward_RO_Division":null,"ward_ARO_Code":null,"ward_ARO_ Sub Division":null,"ward_zone":null,"ward_zone_name":null,"ward_join_status":"unmatched","ward_spatial_match_count":0},"geometry":{"type":"Point","coordinates":[77.47808000000003,13.041370000000029,0]},"id":178},{"type":"Feature","properties":{"fid":179,"OBJECTID":179,"Name":"Placemark","FolderPath":"Document/flood_vulnerable_locations","SymbolID":0,"AltMode":-1,"Base":0,"Snippet":"","PopupInfo":"","HasLabel":-1,"LabelID":0,"ward_source_id":"ward_369_final.176","ward_source_Name":null,"ward_description":null,"ward_timestamp":null,"ward_begin":null,"ward_end":null,"ward_altitudeMode":null,"ward_tessellate":-1,"ward_extrude":0,"ward_visibility":-1,"ward_drawOrder":null,"ward_icon":null,"ward_Corporation":"North","ward_corporation_kn":"ಉತ್ತರ","ward_corporation_id":"2","ward_ac":"Byatarayanapura","ward_ac_kn":"ಬ್ಯಾಟರಾಯನಪುರ","ward_ac_no":"152","ward_Assembly":"152 - Byatarayanapura","ward_id":"18","ward_name":"18 - Kempapura","ward_name_kn":"ಕೆಂಪಾಪುರ","ward_TOT_P":"28936.0","ward_TOT_M":"15396.0","ward_TOT_F":"13540.0","ward_SC_P":"2346.0","ward_SC_M":"1197.0","ward_SC_F":"1149.0","ward_ST_P":"554.0","ward_ST_M":"290.0","ward_ST_F":"264.0","ward_low_range":"19943","ward_high_range":"29914","ward_RO_Code":"2","ward_RO_Division":"RO- Thanisandra","ward_ARO_Code":"6","ward_ARO_ Sub Division":"ARO- Thanisandra","ward_zone":"Zone1","ward_zone_name":"Byatarayanapura","ward_join_status":"matched","ward_spatial_match_count":1},"geometry":{"type":"Point","coordinates":[77.61555600000008,13.042500000000075,0]},"id":179},{"type":"Feature","properties":{"fid":180,"OBJECTID":180,"Name":"Placemark","FolderPath":"Document/flood_vulnerable_locations","SymbolID":0,"AltMode":-1,"Base":0,"Snippet":"","PopupInfo":"","HasLabel":-1,"LabelID":0,"ward_source_id":"ward_369_final.176","ward_source_Name":null,"ward_description":null,"ward_timestamp":null,"ward_begin":null,"ward_end":null,"ward_altitudeMode":null,"ward_tessellate":-1,"ward_extrude":0,"ward_visibility":-1,"ward_drawOrder":null,"ward_icon":null,"ward_Corporation":"North","ward_corporation_kn":"ಉತ್ತರ","ward_corporation_id":"2","ward_ac":"Byatarayanapura","ward_ac_kn":"ಬ್ಯಾಟರಾಯನಪುರ","ward_ac_no":"152","ward_Assembly":"152 - Byatarayanapura","ward_id":"18","ward_name":"18 - Kempapura","ward_name_kn":"ಕೆಂಪಾಪುರ","ward_TOT_P":"28936.0","ward_TOT_M":"15396.0","ward_TOT_F":"13540.0","ward_SC_P":"2346.0","ward_SC_M":"1197.0","ward_SC_F":"1149.0","ward_ST_P":"554.0","ward_ST_M":"290.0","ward_ST_F":"264.0","ward_low_range":"19943","ward_high_range":"29914","ward_RO_Code":"2","ward_RO_Division":"RO- Thanisandra","ward_ARO_Code":"6","ward_ARO_ Sub Division":"ARO- Thanisandra","ward_zone":"Zone1","ward_zone_name":"Byatarayanapura","ward_join_status":"matched","ward_spatial_match_count":1},"geometry":{"type":"Point","coordinates":[77.59138900000005,13.042500000000075,0]},"id":180},{"type":"Feature","properties":{"fid":181,"OBJECTID":181,"Name":"Placemark","FolderPath":"Document/flood_vulnerable_locations","SymbolID":0,"AltMode":-1,"Base":0,"Snippet":"","PopupInfo":"","HasLabel":-1,"LabelID":0,"ward_source_id":"ward_369_final.242","ward_source_Name":null,"ward_description":null,"ward_timestamp":null,"ward_begin":null,"ward_end":null,"ward_altitudeMode":null,"ward_tessellate":-1,"ward_extrude":0,"ward_visibility":-1,"ward_drawOrder":null,"ward_icon":null,"ward_Corporation":"East","ward_corporation_kn":"ಪೂರ್ವ","ward_corporation_id":"3","ward_ac":"K.R. Pura","ward_ac_kn":"ಕೆ.ಆರ್. ಪುರ","ward_ac_no":"151","ward_Assembly":"151 - K.R. Pura","ward_id":"3","ward_name":"3 - Chellakere","ward_name_kn":"ಚೆಲ್ಲಕೆರೆ","ward_TOT_P":"17010.0","ward_TOT_M":"8884.0","ward_TOT_F":"8126.0","ward_SC_P":"2144.0","ward_SC_M":"1084.0","ward_SC_F":"1060.0","ward_ST_P":"214.0","ward_ST_M":"112.0","ward_ST_F":"103.0","ward_low_range":"14567","ward_high_range":"21851","ward_RO_Code":"1","ward_RO_Division":"RO- Horamavu","ward_ARO_Code":"1","ward_ARO_ Sub Division":"ARO- Chellakere","ward_zone":"Zone2","ward_zone_name":"K.R. Pura","ward_join_status":"matched","ward_spatial_match_count":1},"geometry":{"type":"Point","coordinates":[77.64472200000006,13.042778000000055,0]},"id":181},{"type":"Feature","properties":{"fid":182,"OBJECTID":182,"Name":"Placemark","FolderPath":"Document/flood_vulnerable_locations","SymbolID":0,"AltMode":-1,"Base":0,"Snippet":"","PopupInfo":"","HasLabel":-1,"LabelID":0,"ward_source_id":"ward_369_final.176","ward_source_Name":null,"ward_description":null,"ward_timestamp":null,"ward_begin":null,"ward_end":null,"ward_altitudeMode":null,"ward_tessellate":-1,"ward_extrude":0,"ward_visibility":-1,"ward_drawOrder":null,"ward_icon":null,"ward_Corporation":"North","ward_corporation_kn":"ಉತ್ತರ","ward_corporation_id":"2","ward_ac":"Byatarayanapura","ward_ac_kn":"ಬ್ಯಾಟರಾಯನಪುರ","ward_ac_no":"152","ward_Assembly":"152 - Byatarayanapura","ward_id":"18","ward_name":"18 - Kempapura","ward_name_kn":"ಕೆಂಪಾಪುರ","ward_TOT_P":"28936.0","ward_TOT_M":"15396.0","ward_TOT_F":"13540.0","ward_SC_P":"2346.0","ward_SC_M":"1197.0","ward_SC_F":"1149.0","ward_ST_P":"554.0","ward_ST_M":"290.0","ward_ST_F":"264.0","ward_low_range":"19943","ward_high_range":"29914","ward_RO_Code":"2","ward_RO_Division":"RO- Thanisandra","ward_ARO_Code":"6","ward_ARO_ Sub Division":"ARO- Thanisandra","ward_zone":"Zone1","ward_zone_name":"Byatarayanapura","ward_join_status":"matched","ward_spatial_match_count":1},"geometry":{"type":"Point","coordinates":[77.59888900000004,13.043056000000036,0]},"id":182},{"type":"Feature","properties":{"fid":183,"OBJECTID":183,"Name":"Placemark","FolderPath":"Document/flood_vulnerable_locations","SymbolID":0,"AltMode":-1,"Base":0,"Snippet":"","PopupInfo":"","HasLabel":-1,"LabelID":0,"ward_source_id":"ward_369_final.147","ward_source_Name":null,"ward_description":null,"ward_timestamp":null,"ward_begin":null,"ward_end":null,"ward_altitudeMode":null,"ward_tessellate":-1,"ward_extrude":0,"ward_visibility":-1,"ward_drawOrder":null,"ward_icon":null,"ward_Corporation":"North","ward_corporation_kn":"ಉತ್ತರ","ward_corporation_id":"2","ward_ac":"Sarvagnanagar","ward_ac_kn":"ಸರ್ವಜ್ಞನಗರ","ward_ac_no":"160","ward_Assembly":"160 - Sarvagnanagar","ward_id":"23","ward_name":"23 - Hennur","ward_name_kn":"ಹೆಣ್ಣೂರು","ward_TOT_P":"21706.0","ward_TOT_M":"11282.0","ward_TOT_F":"10424.0","ward_SC_P":"3064.0","ward_SC_M":"1575.0","ward_SC_F":"1489.0","ward_ST_P":"486.0","ward_ST_M":"263.0","ward_ST_F":"223.0","ward_low_range":"19943","ward_high_range":"29914","ward_RO_Code":"9","ward_RO_Division":"RO- HBR Layout","ward_ARO_Code":"22","ward_ARO_ Sub Division":"ARO- HBR Layout","ward_zone":"Zone1","ward_zone_name":"Byatarayanapura","ward_join_status":"matched","ward_spatial_match_count":1},"geometry":{"type":"Point","coordinates":[77.62805600000007,13.043611000000055,0]},"id":183},{"type":"Feature","properties":{"fid":184,"OBJECTID":184,"Name":"Placemark","FolderPath":"Document/flood_vulnerable_locations","SymbolID":0,"AltMode":-1,"Base":0,"Snippet":"","PopupInfo":"","HasLabel":-1,"LabelID":0,"ward_source_id":"ward_369_final.176","ward_source_Name":null,"ward_description":null,"ward_timestamp":null,"ward_begin":null,"ward_end":null,"ward_altitudeMode":null,"ward_tessellate":-1,"ward_extrude":0,"ward_visibility":-1,"ward_drawOrder":null,"ward_icon":null,"ward_Corporation":"North","ward_corporation_kn":"ಉತ್ತರ","ward_corporation_id":"2","ward_ac":"Byatarayanapura","ward_ac_kn":"ಬ್ಯಾಟರಾಯನಪುರ","ward_ac_no":"152","ward_Assembly":"152 - Byatarayanapura","ward_id":"18","ward_name":"18 - Kempapura","ward_name_kn":"ಕೆಂಪಾಪುರ","ward_TOT_P":"28936.0","ward_TOT_M":"15396.0","ward_TOT_F":"13540.0","ward_SC_P":"2346.0","ward_SC_M":"1197.0","ward_SC_F":"1149.0","ward_ST_P":"554.0","ward_ST_M":"290.0","ward_ST_F":"264.0","ward_low_range":"19943","ward_high_range":"29914","ward_RO_Code":"2","ward_RO_Division":"RO- Thanisandra","ward_ARO_Code":"6","ward_ARO_ Sub Division":"ARO- Thanisandra","ward_zone":"Zone1","ward_zone_name":"Byatarayanapura","ward_join_status":"matched","ward_spatial_match_count":1},"geometry":{"type":"Point","coordinates":[77.60027800000006,13.043611000000055,0]},"id":184},{"type":"Feature","properties":{"fid":185,"OBJECTID":185,"Name":"Placemark","FolderPath":"Document/flood_vulnerable_locations","SymbolID":0,"AltMode":-1,"Base":0,"Snippet":"","PopupInfo":"","HasLabel":-1,"LabelID":0,"ward_source_id":"ward_369_final.56","ward_source_Name":null,"ward_description":null,"ward_timestamp":null,"ward_begin":null,"ward_end":null,"ward_altitudeMode":null,"ward_tessellate":-1,"ward_extrude":0,"ward_visibility":-1,"ward_drawOrder":null,"ward_icon":null,"ward_Corporation":"North","ward_corporation_kn":"ಉತ್ತರ","ward_corporation_id":"2","ward_ac":"Hebbal","ward_ac_kn":"ಹೆಬ್ಬಾಳ","ward_ac_no":"158","ward_Assembly":"158 - Hebbal","ward_id":"59","ward_name":"59 - Geddalahalli","ward_name_kn":"ಗೆದ್ದಲಹಳ್ಳಿ","ward_TOT_P":"23331.0","ward_TOT_M":"12021.0","ward_TOT_F":"11309.0","ward_SC_P":"2833.0","ward_SC_M":"1466.0","ward_SC_F":"1367.0","ward_ST_P":"533.0","ward_ST_M":"273.0","ward_ST_F":"260.0","ward_low_range":"19943","ward_high_range":"29914","ward_RO_Code":"4","ward_RO_Division":"RO- Hebbal","ward_ARO_Code":"11","ward_ARO_ Sub Division":"ARO- Nagashettyhalli","ward_zone":"Zone2","ward_zone_name":"Yelahanka","ward_join_status":"matched","ward_spatial_match_count":1},"geometry":{"type":"Point","coordinates":[77.57083300000005,13.04666700000007,0]},"id":185},{"type":"Feature","properties":{"fid":186,"OBJECTID":186,"Name":"Placemark","FolderPath":"Document/flood_vulnerable_locations","SymbolID":0,"AltMode":-1,"Base":0,"Snippet":"","PopupInfo":"","HasLabel":-1,"LabelID":0,"ward_source_id":"ward_369_final.343","ward_source_Name":null,"ward_description":null,"ward_timestamp":null,"ward_begin":null,"ward_end":null,"ward_altitudeMode":null,"ward_tessellate":-1,"ward_extrude":0,"ward_visibility":-1,"ward_drawOrder":null,"ward_icon":null,"ward_Corporation":"West","ward_corporation_kn":"ಪಶ್ಚಿಮ","ward_corporation_id":"5","ward_ac":"Dasarahalli","ward_ac_kn":"ದಾಸರಹಳ್ಳಿ","ward_ac_no":"155","ward_Assembly":"155 - Dasarahalli","ward_id":"1","ward_name":"1 - Nagasandra","ward_name_kn":"ನಾಗಸಂದ್ರ","ward_TOT_P":"24974.0","ward_TOT_M":"13670.0","ward_TOT_F":"11304.0","ward_SC_P":"1743.0","ward_SC_M":"953.0","ward_SC_F":"790.0","ward_ST_P":"817.0","ward_ST_M":"456.0","ward_ST_F":"361.0","ward_low_range":"18949","ward_high_range":"28424","ward_RO_Code":"2","ward_RO_Division":"RO- Hegganahalli","ward_ARO_Code":"6","ward_ARO_ Sub Division":"ARO- Nagasandra","ward_zone":"Zone1","ward_zone_name":"Rajarajeshwarinagar","ward_join_status":"matched","ward_spatial_match_count":1},"geometry":{"type":"Point","coordinates":[77.50074000000006,13.04681000000005,0]},"id":186},{"type":"Feature","properties":{"fid":187,"OBJECTID":187,"Name":"Placemark","FolderPath":"Document/flood_vulnerable_locations","SymbolID":0,"AltMode":-1,"Base":0,"Snippet":"","PopupInfo":"","HasLabel":-1,"LabelID":0,"ward_source_id":"ward_369_final.176","ward_source_Name":null,"ward_description":null,"ward_timestamp":null,"ward_begin":null,"ward_end":null,"ward_altitudeMode":null,"ward_tessellate":-1,"ward_extrude":0,"ward_visibility":-1,"ward_drawOrder":null,"ward_icon":null,"ward_Corporation":"North","ward_corporation_kn":"ಉತ್ತರ","ward_corporation_id":"2","ward_ac":"Byatarayanapura","ward_ac_kn":"ಬ್ಯಾಟರಾಯನಪುರ","ward_ac_no":"152","ward_Assembly":"152 - Byatarayanapura","ward_id":"18","ward_name":"18 - Kempapura","ward_name_kn":"ಕೆಂಪಾಪುರ","ward_TOT_P":"28936.0","ward_TOT_M":"15396.0","ward_TOT_F":"13540.0","ward_SC_P":"2346.0","ward_SC_M":"1197.0","ward_SC_F":"1149.0","ward_ST_P":"554.0","ward_ST_M":"290.0","ward_ST_F":"264.0","ward_low_range":"19943","ward_high_range":"29914","ward_RO_Code":"2","ward_RO_Division":"RO- Thanisandra","ward_ARO_Code":"6","ward_ARO_ Sub Division":"ARO- Thanisandra","ward_zone":"Zone1","ward_zone_name":"Byatarayanapura","ward_join_status":"matched","ward_spatial_match_count":1},"geometry":{"type":"Point","coordinates":[77.62361100000004,13.047222000000033,0]},"id":187},{"type":"Feature","properties":{"fid":188,"OBJECTID":188,"Name":"Placemark","FolderPath":"Document/flood_vulnerable_locations","SymbolID":0,"AltMode":-1,"Base":0,"Snippet":"","PopupInfo":"","HasLabel":-1,"LabelID":0,"ward_source_id":"ward_369_final.176","ward_source_Name":null,"ward_description":null,"ward_timestamp":null,"ward_begin":null,"ward_end":null,"ward_altitudeMode":null,"ward_tessellate":-1,"ward_extrude":0,"ward_visibility":-1,"ward_drawOrder":null,"ward_icon":null,"ward_Corporation":"North","ward_corporation_kn":"ಉತ್ತರ","ward_corporation_id":"2","ward_ac":"Byatarayanapura","ward_ac_kn":"ಬ್ಯಾಟರಾಯನಪುರ","ward_ac_no":"152","ward_Assembly":"152 - Byatarayanapura","ward_id":"18","ward_name":"18 - Kempapura","ward_name_kn":"ಕೆಂಪಾಪುರ","ward_TOT_P":"28936.0","ward_TOT_M":"15396.0","ward_TOT_F":"13540.0","ward_SC_P":"2346.0","ward_SC_M":"1197.0","ward_SC_F":"1149.0","ward_ST_P":"554.0","ward_ST_M":"290.0","ward_ST_F":"264.0","ward_low_range":"19943","ward_high_range":"29914","ward_RO_Code":"2","ward_RO_Division":"RO- Thanisandra","ward_ARO_Code":"6","ward_ARO_ Sub Division":"ARO- Thanisandra","ward_zone":"Zone1","ward_zone_name":"Byatarayanapura","ward_join_status":"matched","ward_spatial_match_count":1},"geometry":{"type":"Point","coordinates":[77.59333300000003,13.047222000000033,0]},"id":188},{"type":"Feature","properties":{"fid":189,"OBJECTID":189,"Name":"Placemark","FolderPath":"Document/flood_vulnerable_locations","SymbolID":0,"AltMode":-1,"Base":0,"Snippet":"","PopupInfo":"","HasLabel":-1,"LabelID":0,"ward_source_id":"ward_369_final.125","ward_source_Name":null,"ward_description":null,"ward_timestamp":null,"ward_begin":null,"ward_end":null,"ward_altitudeMode":null,"ward_tessellate":-1,"ward_extrude":0,"ward_visibility":-1,"ward_drawOrder":null,"ward_icon":null,"ward_Corporation":"North","ward_corporation_kn":"ಉತ್ತರ","ward_corporation_id":"2","ward_ac":"Byatarayanapura","ward_ac_kn":"ಬ್ಯಾಟರಾಯನಪುರ","ward_ac_no":"152","ward_Assembly":"152 - Byatarayanapura","ward_id":"13","ward_name":"13 - Kodigehalli","ward_name_kn":"ಕೊಡಿಗೆಹಳ್ಳಿ","ward_TOT_P":"28244.0","ward_TOT_M":"14946.0","ward_TOT_F":"13298.0","ward_SC_P":"3414.0","ward_SC_M":"1733.0","ward_SC_F":"1681.0","ward_ST_P":"649.0","ward_ST_M":"351.0","ward_ST_F":"297.0","ward_low_range":"19943","ward_high_range":"29914","ward_RO_Code":"1","ward_RO_Division":"RO- Bytarayanapura","ward_ARO_Code":"2","ward_ARO_ Sub Division":"ARO- Kodigehalli","ward_zone":"Zone1","ward_zone_name":"Byatarayanapura","ward_join_status":"matched","ward_spatial_match_count":1},"geometry":{"type":"Point","coordinates":[77.57166700000005,13.055000000000064,0]},"id":189},{"type":"Feature","properties":{"fid":190,"OBJECTID":190,"Name":"Placemark","FolderPath":"Document/flood_vulnerable_locations","SymbolID":0,"AltMode":-1,"Base":0,"Snippet":"","PopupInfo":"","HasLabel":-1,"LabelID":0,"ward_source_id":"ward_369_final.188","ward_source_Name":null,"ward_description":null,"ward_timestamp":null,"ward_begin":null,"ward_end":null,"ward_altitudeMode":null,"ward_tessellate":-1,"ward_extrude":0,"ward_visibility":-1,"ward_drawOrder":null,"ward_icon":null,"ward_Corporation":"North","ward_corporation_kn":"ಉತ್ತರ","ward_corporation_id":"2","ward_ac":"Byatarayanapura","ward_ac_kn":"ಬ್ಯಾಟರಾಯನಪುರ","ward_ac_no":"152","ward_Assembly":"152 - Byatarayanapura","ward_id":"17","ward_name":"17 - Jakkur","ward_name_kn":"ಜಕ್ಕೂರು","ward_TOT_P":"28519.0","ward_TOT_M":"14972.0","ward_TOT_F":"13547.0","ward_SC_P":"3437.0","ward_SC_M":"1712.0","ward_SC_F":"1725.0","ward_ST_P":"797.0","ward_ST_M":"456.0","ward_ST_F":"341.0","ward_low_range":"19943","ward_high_range":"29914","ward_RO_Code":"2","ward_RO_Division":"RO- Thanisandra","ward_ARO_Code":"4","ward_ARO_ Sub Division":"ARO- Jakkur","ward_zone":"Zone1","ward_zone_name":"Byatarayanapura","ward_join_status":"matched","ward_spatial_match_count":1},"geometry":{"type":"Point","coordinates":[77.61472200000003,13.057778000000042,0]},"id":190},{"type":"Feature","properties":{"fid":191,"OBJECTID":191,"Name":"Placemark","FolderPath":"Document/flood_vulnerable_locations","SymbolID":0,"AltMode":-1,"Base":0,"Snippet":"","PopupInfo":"","HasLabel":-1,"LabelID":0,"ward_source_id":"ward_369_final.101","ward_source_Name":null,"ward_description":null,"ward_timestamp":null,"ward_begin":null,"ward_end":null,"ward_altitudeMode":null,"ward_tessellate":-1,"ward_extrude":0,"ward_visibility":-1,"ward_drawOrder":null,"ward_icon":null,"ward_Corporation":"North","ward_corporation_kn":"ಉತ್ತರ","ward_corporation_id":"2","ward_ac":"Dasarahalli","ward_ac_kn":"ದಾಸರಹಳ್ಳಿ","ward_ac_no":"155","ward_Assembly":"155 - Dasarahalli","ward_id":"67","ward_name":"67 - Shettihalli","ward_name_kn":"ಶೆಟ್ಟಿಹಳ್ಳಿ","ward_TOT_P":"23313.0","ward_TOT_M":"12157.0","ward_TOT_F":"11156.0","ward_SC_P":"4650.0","ward_SC_M":"2349.0","ward_SC_F":"2301.0","ward_ST_P":"546.0","ward_ST_M":"278.0","ward_ST_F":"269.0","ward_low_range":"19943","ward_high_range":"29914","ward_RO_Code":"3","ward_RO_Division":"RO- Dasarahalli","ward_ARO_Code":"9","ward_ARO_ Sub Division":"ARO- Shetty Halli","ward_zone":"Zone2","ward_zone_name":"Yelahanka","ward_join_status":"matched","ward_spatial_match_count":1},"geometry":{"type":"Point","coordinates":[77.51178000000004,13.060680000000048,0]},"id":191},{"type":"Feature","properties":{"fid":192,"OBJECTID":192,"Name":"Placemark","FolderPath":"Document/flood_vulnerable_locations","SymbolID":0,"AltMode":-1,"Base":0,"Snippet":"","PopupInfo":"","HasLabel":-1,"LabelID":0,"ward_source_id":"ward_369_final.10","ward_source_Name":null,"ward_description":null,"ward_timestamp":null,"ward_begin":null,"ward_end":null,"ward_altitudeMode":null,"ward_tessellate":-1,"ward_extrude":0,"ward_visibility":-1,"ward_drawOrder":null,"ward_icon":null,"ward_Corporation":"North","ward_corporation_kn":"ಉತ್ತರ","ward_corporation_id":"2","ward_ac":"Dasarahalli","ward_ac_kn":"ದಾಸರಹಳ್ಳಿ","ward_ac_no":"155","ward_Assembly":"155 - Dasarahalli","ward_id":"69","ward_name":"69 - Bagalagunte","ward_name_kn":"ಬಾಗಲಗುಂಟೆ","ward_TOT_P":"28685.0","ward_TOT_M":"14976.0","ward_TOT_F":"13709.0","ward_SC_P":"1422.0","ward_SC_M":"734.0","ward_SC_F":"688.0","ward_ST_P":"794.0","ward_ST_M":"393.0","ward_ST_F":"400.0","ward_low_range":"19943","ward_high_range":"29914","ward_RO_Code":"3","ward_RO_Division":"RO- Dasarahalli","ward_ARO_Code":"7","ward_ARO_ Sub Division":"ARO- Bagalagunte","ward_zone":"Zone2","ward_zone_name":"Yelahanka","ward_join_status":"matched","ward_spatial_match_count":1},"geometry":{"type":"Point","coordinates":[77.50116000000008,13.060870000000023,0]},"id":192},{"type":"Feature","properties":{"fid":193,"OBJECTID":193,"Name":"Placemark","FolderPath":"Document/flood_vulnerable_locations","SymbolID":0,"AltMode":-1,"Base":0,"Snippet":"","PopupInfo":"","HasLabel":-1,"LabelID":0,"ward_source_id":"ward_369_final.193","ward_source_Name":null,"ward_description":null,"ward_timestamp":null,"ward_begin":null,"ward_end":null,"ward_altitudeMode":null,"ward_tessellate":-1,"ward_extrude":0,"ward_visibility":-1,"ward_drawOrder":null,"ward_icon":null,"ward_Corporation":"North","ward_corporation_kn":"ಉತ್ತರ","ward_corporation_id":"2","ward_ac":"Byatarayanapura","ward_ac_kn":"ಬ್ಯಾಟರಾಯನಪುರ","ward_ac_no":"152","ward_Assembly":"152 - Byatarayanapura","ward_id":"9","ward_name":"9 - Kuvempunagara","ward_name_kn":"ಕುವೆಂಪುನಗರ","ward_TOT_P":"25815.0","ward_TOT_M":"13091.0","ward_TOT_F":"12723.0","ward_SC_P":"9151.0","ward_SC_M":"4561.0","ward_SC_F":"4589.0","ward_ST_P":"748.0","ward_ST_M":"361.0","ward_ST_F":"387.0","ward_low_range":"19943","ward_high_range":"29914","ward_RO_Code":"1","ward_RO_Division":"RO- Bytarayanapura","ward_ARO_Code":"3","ward_ARO_ Sub Division":"ARO- Vidyaranyapura","ward_zone":"Zone1","ward_zone_name":"Byatarayanapura","ward_join_status":"matched","ward_spatial_match_count":1},"geometry":{"type":"Point","coordinates":[77.53471000000008,13.064070000000072,0]},"id":193},{"type":"Feature","properties":{"fid":194,"OBJECTID":194,"Name":"Placemark","FolderPath":"Document/flood_vulnerable_locations","SymbolID":0,"AltMode":-1,"Base":0,"Snippet":"","PopupInfo":"","HasLabel":-1,"LabelID":0,"ward_source_id":"ward_369_final.101","ward_source_Name":null,"ward_description":null,"ward_timestamp":null,"ward_begin":null,"ward_end":null,"ward_altitudeMode":null,"ward_tessellate":-1,"ward_extrude":0,"ward_visibility":-1,"ward_drawOrder":null,"ward_icon":null,"ward_Corporation":"North","ward_corporation_kn":"ಉತ್ತರ","ward_corporation_id":"2","ward_ac":"Dasarahalli","ward_ac_kn":"ದಾಸರಹಳ್ಳಿ","ward_ac_no":"155","ward_Assembly":"155 - Dasarahalli","ward_id":"67","ward_name":"67 - Shettihalli","ward_name_kn":"ಶೆಟ್ಟಿಹಳ್ಳಿ","ward_TOT_P":"23313.0","ward_TOT_M":"12157.0","ward_TOT_F":"11156.0","ward_SC_P":"4650.0","ward_SC_M":"2349.0","ward_SC_F":"2301.0","ward_ST_P":"546.0","ward_ST_M":"278.0","ward_ST_F":"269.0","ward_low_range":"19943","ward_high_range":"29914","ward_RO_Code":"3","ward_RO_Division":"RO- Dasarahalli","ward_ARO_Code":"9","ward_ARO_ Sub Division":"ARO- Shetty Halli","ward_zone":"Zone2","ward_zone_name":"Yelahanka","ward_join_status":"matched","ward_spatial_match_count":1},"geometry":{"type":"Point","coordinates":[77.51178000000004,13.066340000000025,0]},"id":194},{"type":"Feature","properties":{"fid":195,"OBJECTID":195,"Name":"Placemark","FolderPath":"Document/flood_vulnerable_locations","SymbolID":0,"AltMode":-1,"Base":0,"Snippet":"","PopupInfo":"","HasLabel":-1,"LabelID":0,"ward_source_id":"ward_369_final.10","ward_source_Name":null,"ward_description":null,"ward_timestamp":null,"ward_begin":null,"ward_end":null,"ward_altitudeMode":null,"ward_tessellate":-1,"ward_extrude":0,"ward_visibility":-1,"ward_drawOrder":null,"ward_icon":null,"ward_Corporation":"North","ward_corporation_kn":"ಉತ್ತರ","ward_corporation_id":"2","ward_ac":"Dasarahalli","ward_ac_kn":"ದಾಸರಹಳ್ಳಿ","ward_ac_no":"155","ward_Assembly":"155 - Dasarahalli","ward_id":"69","ward_name":"69 - Bagalagunte","ward_name_kn":"ಬಾಗಲಗುಂಟೆ","ward_TOT_P":"28685.0","ward_TOT_M":"14976.0","ward_TOT_F":"13709.0","ward_SC_P":"1422.0","ward_SC_M":"734.0","ward_SC_F":"688.0","ward_ST_P":"794.0","ward_ST_M":"393.0","ward_ST_F":"400.0","ward_low_range":"19943","ward_high_range":"29914","ward_RO_Code":"3","ward_RO_Division":"RO- Dasarahalli","ward_ARO_Code":"7","ward_ARO_ Sub Division":"ARO- Bagalagunte","ward_zone":"Zone2","ward_zone_name":"Yelahanka","ward_join_status":"matched","ward_spatial_match_count":1},"geometry":{"type":"Point","coordinates":[77.50065000000006,13.067240000000027,0]},"id":195},{"type":"Feature","properties":{"fid":196,"OBJECTID":196,"Name":"Placemark","FolderPath":"Document/flood_vulnerable_locations","SymbolID":0,"AltMode":-1,"Base":0,"Snippet":"","PopupInfo":"","HasLabel":-1,"LabelID":0,"ward_source_id":"ward_369_final.10","ward_source_Name":null,"ward_description":null,"ward_timestamp":null,"ward_begin":null,"ward_end":null,"ward_altitudeMode":null,"ward_tessellate":-1,"ward_extrude":0,"ward_visibility":-1,"ward_drawOrder":null,"ward_icon":null,"ward_Corporation":"North","ward_corporation_kn":"ಉತ್ತರ","ward_corporation_id":"2","ward_ac":"Dasarahalli","ward_ac_kn":"ದಾಸರಹಳ್ಳಿ","ward_ac_no":"155","ward_Assembly":"155 - Dasarahalli","ward_id":"69","ward_name":"69 - Bagalagunte","ward_name_kn":"ಬಾಗಲಗುಂಟೆ","ward_TOT_P":"28685.0","ward_TOT_M":"14976.0","ward_TOT_F":"13709.0","ward_SC_P":"1422.0","ward_SC_M":"734.0","ward_SC_F":"688.0","ward_ST_P":"794.0","ward_ST_M":"393.0","ward_ST_F":"400.0","ward_low_range":"19943","ward_high_range":"29914","ward_RO_Code":"3","ward_RO_Division":"RO- Dasarahalli","ward_ARO_Code":"7","ward_ARO_ Sub Division":"ARO- Bagalagunte","ward_zone":"Zone2","ward_zone_name":"Yelahanka","ward_join_status":"matched","ward_spatial_match_count":1},"geometry":{"type":"Point","coordinates":[77.50065000000006,13.067240000000027,0]},"id":196},{"type":"Feature","properties":{"fid":197,"OBJECTID":197,"Name":"Placemark","FolderPath":"Document/flood_vulnerable_locations","SymbolID":0,"AltMode":-1,"Base":0,"Snippet":"","PopupInfo":"","HasLabel":-1,"LabelID":0,"ward_source_id":"ward_369_final.182","ward_source_Name":null,"ward_description":null,"ward_timestamp":null,"ward_begin":null,"ward_end":null,"ward_altitudeMode":null,"ward_tessellate":-1,"ward_extrude":0,"ward_visibility":-1,"ward_drawOrder":null,"ward_icon":null,"ward_Corporation":"North","ward_corporation_kn":"ಉತ್ತರ","ward_corporation_id":"2","ward_ac":"Byatarayanapura","ward_ac_kn":"ಬ್ಯಾಟರಾಯನಪುರ","ward_ac_no":"152","ward_Assembly":"152 - Byatarayanapura","ward_id":"12","ward_name":"12 - Thindlu","ward_name_kn":"ತಿಂಡ್ಲು","ward_TOT_P":"24289.0","ward_TOT_M":"12524.0","ward_TOT_F":"11765.0","ward_SC_P":"2074.0","ward_SC_M":"1065.0","ward_SC_F":"1008.0","ward_ST_P":"735.0","ward_ST_M":"374.0","ward_ST_F":"360.0","ward_low_range":"19943","ward_high_range":"29914","ward_RO_Code":"1","ward_RO_Division":"RO- Bytarayanapura","ward_ARO_Code":"2","ward_ARO_ Sub Division":"ARO- Kodigehalli","ward_zone":"Zone1","ward_zone_name":"Byatarayanapura","ward_join_status":"matched","ward_spatial_match_count":1},"geometry":{"type":"Point","coordinates":[77.56277800000004,13.06916700000005,0]},"id":197},{"type":"Feature","properties":{"fid":198,"OBJECTID":198,"Name":"Placemark","FolderPath":"Document/flood_vulnerable_locations","SymbolID":0,"AltMode":-1,"Base":0,"Snippet":"","PopupInfo":"","HasLabel":-1,"LabelID":0,"ward_source_id":"ward_369_final.97","ward_source_Name":null,"ward_description":null,"ward_timestamp":null,"ward_begin":null,"ward_end":null,"ward_altitudeMode":null,"ward_tessellate":-1,"ward_extrude":0,"ward_visibility":-1,"ward_drawOrder":null,"ward_icon":null,"ward_Corporation":"North","ward_corporation_kn":"ಉತ್ತರ","ward_corporation_id":"2","ward_ac":"Yelahanka","ward_ac_kn":"ಯಲಹಂಕ","ward_ac_no":"150","ward_Assembly":"150 - Yelahanka","ward_id":"4","ward_name":"4 - Nyayanga Badavane","ward_name_kn":"ನ್ಯಾಯಾಂಗ ಬಡಾವಣೆ","ward_TOT_P":"20006.0","ward_TOT_M":"10561.0","ward_TOT_F":"9446.0","ward_SC_P":"4044.0","ward_SC_M":"2066.0","ward_SC_F":"1979.0","ward_ST_P":"541.0","ward_ST_M":"288.0","ward_ST_F":"253.0","ward_low_range":"19943","ward_high_range":"29914","ward_RO_Code":"11","ward_RO_Division":"RO- Yelahanka","ward_ARO_Code":"30","ward_ARO_ Sub Division":"ARO- Yelahanka Satellite Town","ward_zone":"Zone2","ward_zone_name":"Yelahanka","ward_join_status":"matched","ward_spatial_match_count":1},"geometry":{"type":"Point","coordinates":[77.59361100000007,13.09250000000003,0]},"id":198},{"type":"Feature","properties":{"fid":199,"OBJECTID":199,"Name":"Placemark","FolderPath":"Document/flood_vulnerable_locations","SymbolID":0,"AltMode":-1,"Base":0,"Snippet":"","PopupInfo":"","HasLabel":-1,"LabelID":0,"ward_source_id":"ward_369_final.2","ward_source_Name":null,"ward_description":null,"ward_timestamp":null,"ward_begin":null,"ward_end":null,"ward_altitudeMode":null,"ward_tessellate":-1,"ward_extrude":0,"ward_visibility":-1,"ward_drawOrder":null,"ward_icon":null,"ward_Corporation":"North","ward_corporation_kn":"ಉತ್ತರ","ward_corporation_id":"2","ward_ac":"Yelahanka","ward_ac_kn":"ಯಲಹಂಕ","ward_ac_no":"150","ward_Assembly":"150 - Yelahanka","ward_id":"2","ward_name":"2 - Aerocity","ward_name_kn":"ಏರೋಸಿಟಿ","ward_TOT_P":"20655.0","ward_TOT_M":"10844.0","ward_TOT_F":"9810.0","ward_SC_P":"1636.0","ward_SC_M":"846.0","ward_SC_F":"790.0","ward_ST_P":"563.0","ward_ST_M":"292.0","ward_ST_F":"270.0","ward_low_range":"19943","ward_high_range":"29914","ward_RO_Code":"11","ward_RO_Division":"RO- Yelahanka","ward_ARO_Code":"29","ward_ARO_ Sub Division":"ARO- Yelahanka Old Town","ward_zone":"Zone2","ward_zone_name":"Yelahanka","ward_join_status":"matched","ward_spatial_match_count":1},"geometry":{"type":"Point","coordinates":[77.60111100000006,13.103056000000038,0]},"id":199},{"type":"Feature","properties":{"fid":200,"OBJECTID":200,"Name":"Placemark","FolderPath":"Document/flood_vulnerable_locations","SymbolID":0,"AltMode":-1,"Base":0,"Snippet":"","PopupInfo":"","HasLabel":-1,"LabelID":0,"ward_source_id":"ward_369_final.2","ward_source_Name":null,"ward_description":null,"ward_timestamp":null,"ward_begin":null,"ward_end":null,"ward_altitudeMode":null,"ward_tessellate":-1,"ward_extrude":0,"ward_visibility":-1,"ward_drawOrder":null,"ward_icon":null,"ward_Corporation":"North","ward_corporation_kn":"ಉತ್ತರ","ward_corporation_id":"2","ward_ac":"Yelahanka","ward_ac_kn":"ಯಲಹಂಕ","ward_ac_no":"150","ward_Assembly":"150 - Yelahanka","ward_id":"2","ward_name":"2 - Aerocity","ward_name_kn":"ಏರೋಸಿಟಿ","ward_TOT_P":"20655.0","ward_TOT_M":"10844.0","ward_TOT_F":"9810.0","ward_SC_P":"1636.0","ward_SC_M":"846.0","ward_SC_F":"790.0","ward_ST_P":"563.0","ward_ST_M":"292.0","ward_ST_F":"270.0","ward_low_range":"19943","ward_high_range":"29914","ward_RO_Code":"11","ward_RO_Division":"RO- Yelahanka","ward_ARO_Code":"29","ward_ARO_ Sub Division":"ARO- Yelahanka Old Town","ward_zone":"Zone2","ward_zone_name":"Yelahanka","ward_join_status":"matched","ward_spatial_match_count":1},"geometry":{"type":"Point","coordinates":[77.59333300000003,13.11027800000005,0]},"id":200}]}
