uid,ward_id,ward_name,ward_name_kn,corporation,zone,zone_name,ac,ac_no,assembly,ro_division,aro,area_sqkm,pop,male,female,bus,bus_cov,metro,metro_cov,road_km,road_density,polling,parks,parks_cov,playgrounds,playground_area_sqkm,open_space_pc,lakes,lake_cov,lake_area_sqkm,ponds,pond_area_sqkm,water_cov_pct,flood_vuln,flood_prone,low_lying,drain_primary,drain_secondary,drain_tertiary,drain_total,drain_density,schools,anganwadi,anganwadi_per_1000,toilet_cov,toilets,police,police_outpost,railway_police,fire,neighbourhoods,contact_corporator,contact_party,contact_aee,contact_aee_phone,contact_aro_name,contact_aro_phone,old_wards,reservation
Central-1,1,Ramaswamy Palya,ರಾಮಸ್ವಾಮಿ ಪಾಳ್ಯ,Central,Zone2,Gandhinagara,Shivajinagar,162,162 - Shivajinagar,RO- Shivajinagar,ARO- Shivajinagar,0.699,26124,13164,12960,4,100.1,0,,18.87,27.0,24,2,100.1,0,0.0,0.0,0,,0.0,0,0.0,0.0,0,0,1,1.16,0.0,0.0,1.16,1.66,8,1,0.04,100.1,2,1,0,0,0,Anchappa Garden; Anjanappa Garden; Chinnappa Garden; JC Nagar; Marappa Garden; Munireddypalya,Netravathi Krishnegowda,INC,GEETHA,9480684062,Ganesh,9880545707,Ramaswamy Palya (100%),General (Women)
Central-2,2,Jayamahal,ಜಯಮಹಲ್,Central,Zone2,Gandhinagara,Shivajinagar,162,162 - Shivajinagar,RO- Shivajinagar,ARO- Shivajinagar,1.421,25834,12803,12981,20,100.1,0,7.3,35.74,25.14,27,6,100.1,1,0.0046,0.18,0,,0.0,0,0.0,0.0,0,2,3,0.0,0.0,0.16,0.16,0.11,14,5,0.19,100.1,2,0,0,1,0,Benson Town; Jayamahal; Jayamahal Extension; Williams Town,M K Gunashekhar,INC,GEETHA,9480684062,Ganesh,9880545707,Jayamahal (88.6%); Ramaswamy Palya (9.2%); Shivaji Nagar (2.1%),Scheduled Caste
Central-3,3,Vasanth Nagar,ವಸಂತ ನಗರ,Central,Zone2,Gandhinagara,Shivajinagar,162,162 - Shivajinagar,RO- Shivajinagar,ARO- Vasanthanagar,1.944,28272,14112,14209,27,100.1,1,49.0,55.23,28.42,22,5,100.1,0,0.0,0.0,0,,0.0,0,0.0,0.0,0,0,0,0.0,0.5,1.87,2.37,1.22,29,1,0.04,86.7,1,2,1,0,0,Abshot Layout; Chakravarty Layout; Kaverappa Layout; RV Layout; Vasanth Nagar,Sampath Kumar,BJP,GEETHA,9480684062,Anand,9480684336,Vasanth Nagar (68.2%); Sampangiram Nagar (19.9%); Jayamahal (9.1%); Shivaji Nagar (2.8%),"Backward Class ""A"" (Women)"
Central-4,4,Sampangirama Nagar,ಸಂಪಂಗಿರಾಮ ನಗರ,Central,Zone2,Gandhinagara,Shivajinagar,162,162 - Shivajinagar,RO- Shivajinagar,ARO- Vasanthanagar,4.671,27874,13872,14002,60,95.4,2,54.7,79.14,16.94,28,8,90.5,2,0.0209,0.75,0,,0.0,0,0.0,0.0,0,2,1,0.0,1.36,0.0,1.36,0.29,25,4,0.14,54.4,1,4,4,0,2,Cubbonpet; Fair Field Layout; High Grounds; Kumara Park East; Madhav Nagar; Sampangirama Nagar; Srikantan Layout,R Vasanth Kumar,INC,GEETHA,9480684062,Anand,9480684336,Sampangiram Nagar (61.6%); Vasanth Nagar (38.4%),"Backward Class ""A"" (Women)"
Central-5,5,Shivajinagar,ಶಿವಾಜಿನಗರ,Central,Zone2,Gandhinagara,Shivajinagar,162,162 - Shivajinagar,RO- Shivajinagar,ARO- Shivajinagar,1.161,25484,13018,12466,7,100.1,0,80.6,32.49,27.98,32,0,100.1,1,0.0145,0.57,0,23.5,0.0,0,0.0,0.0,1,0,0,0.0,0.0,0.0,0.0,0.0,19,0,0.0,100.1,3,4,0,0,0,Commercial Street Market; Shivajinagar; Tasker Town,R Vasanth Kumar,INC,GEETHA,9480684062,Anand,9480684336,Sampangiram Nagar (67.4%); Bharathi Nagar (17.3%); Shivaji Nagar (15.2%),General
Central-6,6,Bharathi Nagar,ಭಾರತಿ ನಗರ,Central,Zone2,Gandhinagara,Shivajinagar,162,162 - Shivajinagar,RO- Shivajinagar,ARO- Halasuru,0.336,24220,12305,11915,2,100.1,0,,12.04,35.85,20,0,99.5,0,0.0,0.0,0,33.5,0.0,0,0.0,0.0,0,0,0,0.0,0.0,0.0,0.0,0.0,7,0,0.0,100.1,0,1,0,0,0,,Shakeel Ahmed,INC,Shivram,9480254985,Prathap,9451792251,Bharathi Nagar (50.9%); Shivaji Nagar (49.1%),General (Women)
Central-7,7,K Kamaraj Ward,ಕೆ ಕಾಮರಾಜ್ ವಾರ್ಡ್,Central,Zone2,Gandhinagara,Shivajinagar,162,162 - Shivajinagar,RO- Shivajinagar,ARO- Halasuru,1.982,23193,11561,11632,24,90.3,1,48.5,35.48,17.9,16,2,89.3,5,0.0678,2.92,1,73.5,0.4053,0,0.0,20.44,1,0,1,1.19,0.0,0.0,1.19,0.6,21,0,0.0,68.4,1,0,0,0,0,Hanumanthappa Layout; Kothandram Layout; Sivanchetti Gardens; Yellappa Chetty Layout,Mamatha Saravana,Independent,Shivram,9480254985,Prathap,9451792251,Halsoor (58.9%); Sampangiram Nagar (20.6%); Bharathi Nagar (20.6%),General (Women)
Central-8,8,Halasuru,ಹಲಸೂರು,Central,Zone2,Gandhinagara,Shivajinagar,162,162 - Shivajinagar,RO- Shivajinagar,ARO- Halasuru,0.513,24019,12372,11647,1,100.1,1,100.1,15.37,29.94,24,0,100.1,0,0.0,0.0,0,4.1,0.0,0,0.0,0.0,1,0,0,0.94,0.0,0.0,0.94,1.82,6,0,0.0,10.6,0,0,0,0,0,Dodakattappa; Gupta Layout; Halasuru; MV Garden; Someshwarpura,Mamatha Saravana,Independent,Shivram,9480254985,Prathap,9451792251,Halsoor (100%),Scheduled Caste (Women)
Central-9,9,Hoysala Nagara Central,ಹೊಯ್ಸಳ ನಗರ ಕೇಂದ್ರ,Central,Zone1,C.V. Raman Nagar,C.V. Raman Nagar,161,161 - C.V. Raman Nagar,RO- Indiranagar,ARO- Indiranagar,1.969,27798,13720,14078,13,99.1,1,54.3,43.76,22.23,29,8,90.2,3,0.0328,1.18,0,11.3,0.0,0,0.0,0.0,0,1,0,0.22,1.56,1.18,2.96,1.5,13,4,0.14,57.8,1,0,0,0,0,Corporation Colony; Hoysala Nagar; Indiranagar 1st Stage; Indiranagar 2nd Stage; Jayaraj Nagar; Kadiranpalaya; Kalahalli; LBS Nagar; Lakshmipuram,Shashirekha Mukund,BJP,Ravindra Babu,9880475083,Ganesh,9880545707,Sarvagna Nagar (52.4%); Hoysala Nagar (47.6%),Scheduled Caste
Central-10,10,Cox Town,ಕಾಕ್ಸ್ ಟೌನ್,Central,Zone1,C.V. Raman Nagar,C.V. Raman Nagar,161,161 - C.V. Raman Nagar,RO- Indiranagar,ARO- Indiranagar,1.243,21026,10550,10477,8,99.3,0,,20.02,16.11,20,0,90.3,2,0.0303,1.44,0,22.4,0.0,3,0.0298,2.4,0,1,0,1.05,2.13,0.76,3.94,3.17,10,2,0.1,50.8,0,1,0,0,0,Cox Town; Doddigunta,Shashirekha Mukund,BJP,Ravindra Babu,9880475083,Ganesh,9880545707,Sarvagna Nagar (100%),General
Central-11,11,Old Baiyappanahalli,ಹಳೆ ಬೈಯಪ್ಪನಹಳ್ಳಿ,Central,Zone1,C.V. Raman Nagar,C.V. Raman Nagar,161,161 - C.V. Raman Nagar,RO- Indiranagar,ARO- Kasturi Nagar,0.548,18858,9572,9126,5,100.1,1,28.6,9.59,17.51,15,0,72.5,0,0.0,0.0,0,,0.0157,0,0.0,2.86,0,0,0,0.0,2.02,0.3,2.32,4.24,5,6,0.32,,0,0,0,1,0,New Baiyyappanahalli Extension; Old Baiyappanahalli; Ramaswamy Layout,Meenakshi,INC,Ravindra Babu,9880475083,Br Manjula,9480684337,Benniganahalli (59.7%); Sarvagna Nagar (40.2%),Scheduled Caste (Women)
Central-12,12,Kasturi Nagar,ಕಸ್ತೂರಿ ನಗರ,Central,Zone1,C.V. Raman Nagar,C.V. Raman Nagar,161,161 - C.V. Raman Nagar,RO- Indiranagar,ARO- Kasturi Nagar,3.504,19331,10078,9313,11,76.3,0,12.3,53.41,15.24,20,3,45.7,1,0.0416,2.15,1,48.0,0.0434,2,0.0036,1.34,0,0,0,0.61,0.65,9.35,10.6,3.03,7,4,0.21,10.7,0,0,0,0,0,B Channasandra; Chikka Banasawadi; Doctors Layout; Kasturi Nagar; Kasturi Nagar 2nd Stage,Meenakshi,INC,Ravindra Babu,9880475083,Br Manjula,9480684337,Benniganahalli (100%),"Backward Class ""B"""
Central-13,13,Krishnaiahnapalya,ಕೃಷ್ಣಯ್ಯನ ಪಾಳ್ಯ,Central,Zone1,C.V. Raman Nagar,C.V. Raman Nagar,161,161 - C.V. Raman Nagar,RO- Indiranagar,ARO- Kasturi Nagar,1.186,19302,10744,8558,15,94.8,1,50.0,22.55,19.02,18,1,66.8,0,0.0,0.0,0,5.1,0.0,0,0.0,0.0,1,0,0,0.0,0.16,3.97,4.13,3.49,11,4,0.21,25.8,0,1,0,0,0,Baiyyappanahalli; Benniganahalli; Income Tax Layout; Krishnaiahnapalya; Sadananda Nagar,Meenakshi,INC,Ravindra Babu,9880475083,Br Manjula,9480684337,Benniganahalli (91.2%); Sarvagna Nagar (8.8%),"Backward Class ""A"" (Women)"
Central-14,14,Nagavarapalya,ನಾಗವಾರಪಾಳ್ಯ,Central,Zone1,C.V. Raman Nagar,C.V. Raman Nagar,161,161 - C.V. Raman Nagar,RO- Jeevan Bhimanagar,ARO- Kaggadasapura,1.96,24875,13128,11747,18,83.8,0,,29.76,15.18,22,1,72.2,0,0.0,0.0,0,36.3,0.0007,0,0.0,0.03,0,0,0,0.04,2.04,3.45,5.53,2.82,9,3,0.12,16.0,0,0,0,0,0,C V Raman Nagar; Nagavarapalaya; Putanna Garden; Rahat Bagh; Sudgunte Palya,Aruna Ravi,BJP,Ravindra Babu,9880475083,Venkatesh,8095208502,C V Raman Nagar (99.9%),General
Central-15,15,Indiranagar,ಇಂದಿರಾನಗರ,Central,Zone1,C.V. Raman Nagar,C.V. Raman Nagar,161,161 - C.V. Raman Nagar,RO- Indiranagar,ARO- Indiranagar,2.98,19324,9711,9613,26,93.3,0,43.1,50.15,16.83,11,3,65.3,2,0.0205,1.06,0,6.3,0.0478,0,0.0,1.6,0,1,2,0.0,3.87,3.96,7.82,2.63,17,1,0.05,27.3,1,1,0,0,0,BM Kaval; Binnamangala; Defence Colony; HAL 3rd Stage; Hutting Colony; Kathalipalya; Michaelpalya; Old Binnamangala; Old Thippasandra; Subedar Garden,Anand Kumar,Independent,Vijaykumar,9880229169,Ganesh,9880545707,Hoysala Nagar (37.2%); Sarvagna Nagar (35.3%); New Tippasandara (27.3%),General (Women)
Central-16,16,New Thippasandra,ನ್ಯೂ ತಿಪ್ಪಸಂದ್ರ,Central,Zone1,C.V. Raman Nagar,C.V. Raman Nagar,161,161 - C.V. Raman Nagar,RO- Jeevan Bhimanagar,ARO- Jeevan Bhimanagar,1.978,27969,14607,13361,15,97.8,0,0.1,41.03,20.74,14,2,82.5,1,0.013,0.47,2,60.0,0.0991,0,0.0,5.01,0,1,0,1.55,2.61,5.91,10.06,5.09,7,1,0.04,31.9,0,0,0,0,0,Bhoomi Reddy Colony; Gitanjali Layout; Gorkamantapalya; Krishnappa Garden; New Thippasandra; Puttappa Layout; Thippasandra,Shilpa K S,INC,Ravindra Babu,9880475083,Venkatesh,8095208502,New Tippasandara (99.8%),General (Women)
Central-17,17,Kaggadasapura,ಕಗ್ಗದಾಸಪುರ,Central,Zone1,C.V. Raman Nagar,C.V. Raman Nagar,161,161 - C.V. Raman Nagar,RO- Jeevan Bhimanagar,ARO- Kaggadasapura,1.152,20794,10675,10119,6,98.5,0,,21.45,18.62,14,0,24.6,0,0.0,0.0,1,46.7,0.1391,0,0.0,12.08,0,0,0,1.32,0.02,0.74,2.08,1.8,4,1,0.05,,0,0,0,0,0,Byrasandra; Kaggadasapura,Aruna Ravi,BJP,Ravindra Babu,9880475083,Venkatesh,8095208502,C V Raman Nagar (97%); New Tippasandara (3%),"Backward Class ""A"""
Central-18,18,G.M Palya,ಜಿ.ಎಂ. ಪಾಳ್ಯ,Central,Zone1,C.V. Raman Nagar,C.V. Raman Nagar,161,161 - C.V. Raman Nagar,RO- Jeevan Bhimanagar,ARO- Kaggadasapura,0.837,20579,10695,9884,7,100.1,0,,23.91,28.56,16,0,53.2,3,0.0063,0.3,0,22.6,0.0165,0,0.0,1.97,0,0,0,0.58,1.37,0.96,2.91,3.48,10,1,0.05,5.7,0,0,0,0,0,GM Palya; Malleshpalya; Maruthi Nagar,Aruna Ravi,BJP,Ravindra Babu,9880475083,Venkatesh,8095208502,C V Raman Nagar (60%); New Tippasandara (40%),General (Women)
Central-19,19,Jeevan Bhimanagar,ಜೀವನ್ ಭೀಮನಗರ,Central,Zone1,C.V. Raman Nagar,C.V. Raman Nagar,161,161 - C.V. Raman Nagar,RO- Jeevan Bhimanagar,ARO- Jeevan Bhimanagar,1.403,27299,13789,13510,9,67.7,0,,21.63,15.42,27,2,56.0,2,0.0228,0.84,0,18.1,0.0,0,0.0,0.0,1,0,0,0.0,1.84,1.42,3.26,2.32,17,4,0.15,26.1,0,1,0,0,0,Anandapuram; BDA Layout; Hanuman Nagar; Jeevan Bhima Nagar; LIC Colony; NR Colony; NR Layout; Shivalingaiah Colony; Sudhama Nagar,Veena Kumari,BJP,Vijaykumar,9880229169,Prathap,9451792251,Jeevanbhima Nagar (56.5%); Konena Agrahara (31.4%); New Tippasandara (12.1%),"Backward Class ""A"""
Central-20,20,Kodihalli,ಕೋಡಿಹಳ್ಳಿ,Central,Zone1,C.V. Raman Nagar,C.V. Raman Nagar,161,161 - C.V. Raman Nagar,RO- Jeevan Bhimanagar,ARO- Konena Agrahara,1.294,24057,12236,11821,9,93.7,0,1.3,29.15,22.53,22,1,93.0,0,0.0,0.0,0,5.4,0.0,0,0.0,0.0,1,1,0,0.68,4.12,2.3,7.1,5.49,9,4,0.17,87.9,0,0,0,0,0,Babasaheb Colony; Corporation Colony; HAL 2nd Stage; Kodihalli,Veena Kumari,BJP,Vijaykumar,9880229169,Prathap,9451792251,Jeevanbhima Nagar (84.3%); Konena Agrahara (15.7%),General
Central-21,21,Konena Agrahara,ಕೋನೇನ ಅಗ್ರಹಾರ,Central,Zone1,C.V. Raman Nagar,C.V. Raman Nagar,161,161 - C.V. Raman Nagar,RO- Jeevan Bhimanagar,ARO- Konena Agrahara,1.478,26714,14128,12587,8,90.4,0,,27.27,18.45,23,0,19.4,0,0.0,0.0,1,50.1,0.0589,0,0.0,3.99,0,1,1,1.04,1.8,3.08,5.91,4.0,9,4,0.15,3.7,0,0,0,0,0,Air View Colony; Annaniappa Layout; KR Garden; Kaveri Nagara; Konena Agrahara; MES Colony; Manjunath Nagar; Muniyappa Layout; Murugeshpalaya; Rustum Bagh; SR Layout; Sri Ram Nagar; Thimmah Reddy Colony; Vinayaka Nagar A Block; Vinayaka Nagar B Block,Chandrappa Reddy,Others,Vijaykumar,9880229169,Nagaraju,9480683511,Konena Agrahara (99.9%),General (Women)
Central-22,22,Domluru,ದೊಮ್ಮಲೂರು,Central,Zone1,C.V. Raman Nagar,Shanthinagar,163,163 - Shanthinagar,RO - Shanthinagar,ARO- Domluru,1.154,19982,10120,9862,11,100.0,0,0.0,33.05,28.63,19,4,98.7,1,0.01,0.5,0,,0.0,1,0.0,0.0,0,1,0,0.84,0.9,0.0,1.74,1.51,5,0,0.0,90.3,1,0,0,0,0,Amarjyothi Layout; Domlur; Domlur 1st Stage; Domlur 2nd Stage; Domlur BDA Layout; Domlur Village; Doopanahalli; Gowtham Colony; Krishna Reddy Colony,Lakshminarayan,Others,Hegde,9448094660,Nagaraju,9480683511,Domlur (99.9%),"Backward Class ""B"" (Women)"
Central-23,23,Jogpalya,ಜೋಗಪಾಳ್ಯ,Central,Zone1,C.V. Raman Nagar,Shanthinagar,163,163 - Shanthinagar,RO - Shanthinagar,ARO- Domluru,1.087,25803,12923,12879,3,100.1,0,96.2,28.13,25.87,22,3,100.1,2,0.016,0.62,0,,0.0,0,0.0,0.0,2,1,0,0.29,0.23,1.09,1.61,1.48,20,2,0.08,4.7,0,0,0,0,0,Appareddipalaya; Cambridge Layout; Eshwara Layout; Indiranagar; Indiranagar 3rd Stage; Jogupalya; Keshavaraj Layout; Motappanapalya; Someshwarapura,Gautham Kumar,BJP,Hegde,9448094660,Prathap,9451792251,Jogupalya (59.5%); Domlur (30.8%); Agaram (9.7%),General (Women)
Central-24,24,Agaram,ಅಗರಂ,Central,Zone1,C.V. Raman Nagar,Shanthinagar,163,163 - Shanthinagar,RO - Shanthinagar,ARO- Domluru,11.03,28081,14088,13993,26,60.5,0,7.4,111.61,10.12,19,2,38.1,14,0.5298,18.87,0,2.1,0.8633,7,0.0337,8.13,0,0,2,4.3,2.27,7.03,13.6,1.23,18,2,0.07,16.6,1,1,1,0,0,Gowthamapura; ISRO Colony; Saraswathipuram; Siddhartha Nagar,Bhavya,BJP,Hegde,9448094660,Nagaraju,9480683511,Agaram (95%); Domlur (2.4%); Jogupalya (2.3%),Scheduled Caste
Central-25,25,Ashokanagar,ಅಶೋಕನಗರ,Central,Zone1,C.V. Raman Nagar,Shanthinagar,163,163 - Shanthinagar,RO - Shanthinagar,ARO- Shanthinagar,3.921,21804,10895,10909,45,100.1,1,52.8,59.9,15.28,27,4,80.6,15,0.1958,8.98,0,0.1,0.0,0,0.0,0.0,2,2,0,2.33,0.28,0.29,2.9,0.74,44,0,0.0,75.8,2,3,0,0,1,Anglo-Indian Quarters; Arab Lines; Ashok Nagar; Corporation Quarters; Craig Park Layout; D'Souza Layout; Officers Colony; Shanthala Nagar; Victoria Layout; Xavier Layout; Yellagondanpalya,M B Dwarakanath,BJP,Raghavendra,7760261043,Anand,9480684336,Shantala Nagar (93%); Shanthi Nagar (7%),"Backward Class ""B"" (Women)"
Central-26,26,Vannarpet,ವನ್ನಾರ್‌ಪೇಟೆ,Central,Zone1,C.V. Raman Nagar,Shanthinagar,163,163 - Shanthinagar,RO - Shanthinagar,ARO- Neelasandra,0.519,22858,11322,11536,6,100.1,0,,19.25,37.08,11,1,95.7,1,0.0008,0.04,0,,0.0,0,0.0,0.0,0,1,0,0.79,0.17,0.0,0.96,1.85,15,3,0.13,60.8,0,0,0,0,0,Rudrappa Garden; Vannarapete; Viveknagar,K Shivakumar,BJP,Hegde,9448094660,Nagaraju,9480683511,Vannarpet (54.7%); Agaram (44.9%),Scheduled Tribes
Central-27,27,Ambedkarnagar,ಅಂಬೇಡ್ಕರ್‌ನಗರ,Central,Zone1,C.V. Raman Nagar,Shanthinagar,163,163 - Shanthinagar,RO - Shanthinagar,ARO- Neelasandra,0.391,27816,14227,13589,11,100.1,0,,14.67,37.52,18,1,80.3,1,0.0052,0.19,0,,0.0,0,0.0,0.0,2,0,0,0.95,0.38,0.26,1.58,4.05,6,6,0.22,73.8,0,1,0,0,0,Ambedkar Nagar; L.R. Nagar 1st Stage; L.R. Nagar 2nd Stage,K Shivakumar,BJP,Hegde,9448094660,Nagaraju,9480683511,Vannarpet (53.6%); Nilasandra (45.5%); Agaram (0.9%),Scheduled Caste
Central-28,28,Neelasandra,ನೀಲಸಂದ್ರ,Central,Zone1,C.V. Raman Nagar,Shanthinagar,163,163 - Shanthinagar,RO - Shanthinagar,ARO- Neelasandra,0.264,24853,13017,11836,0,100.1,0,,7.91,29.93,12,0,47.4,0,0.0,0.0,0,,0.0,0,0.0,0.0,0,0,0,0.2,0.0,0.0,0.2,0.75,4,0,0.0,99.3,0,0,0,0,0,Neelasandra,Balakrishnan G,INC,Raghavendra,7760261043,Nagaraju,9480683511,Nilasandra (99.3%); Vannarpet (0.7%),"Backward Class ""A"" (Women)"
Central-29,29,Austin Town,ಆಸ್ಟಿನ್ ಟೌನ್,Central,Zone1,C.V. Raman Nagar,Shanthinagar,163,163 - Shanthinagar,RO - Shanthinagar,ARO- Vinayakanagar,0.423,19730,9923,9807,9,100.1,0,,14.44,34.1,25,0,100.1,2,0.0078,0.39,0,,0.0,0,0.0,0.0,0,0,0,0.2,0.02,0.2,0.42,0.99,12,2,0.1,40.9,0,0,0,0,0,Austin Town; Austin Town BDA Layout,K Shivakumar,BJP,Hegde,9448094660,Nagaraju,9480683511,Vannarpet (59.2%); Agaram (35.1%); Shantala Nagar (5.2%),"Backward Class ""A"""
Central-30,30,Vinayakanagar,ವಿನಾಯಕನಗರ,Central,Zone1,C.V. Raman Nagar,Shanthinagar,163,163 - Shanthinagar,RO - Shanthinagar,ARO- Vinayakanagar,1.277,21367,11262,10104,15,100.1,0,1.9,24.38,19.09,19,0,71.6,5,0.1229,5.75,0,,0.0,0,0.0,0.0,2,0,0,1.05,0.02,0.18,1.25,0.98,15,2,0.09,21.1,0,0,0,0,0,Anepalya; Gajendra Nagara; JK Pura,P Sowmya,INC,Raghavendra,7760261043,Ramakrishna,9480683660,Shanthi Nagar (93.1%); Nilasandra (6.7%),General (Women)
Central-31,31,Shanthinagar,ಶಾಂತಿನಗರ,Central,Zone1,C.V. Raman Nagar,Shanthinagar,163,163 - Shanthinagar,RO - Shanthinagar,ARO- Shanthinagar,1.536,24474,12212,12263,9,100.1,0,,29.27,19.05,23,1,92.4,5,0.0315,1.29,0,,0.0,0,0.0,0.0,3,0,1,0.45,0.0,0.0,0.45,0.29,17,5,0.2,59.1,0,0,0,0,0,Akkithimmanahalli; Bethel Layout; Langford Gardens; Langford Town; Pudupadacheri; Richmond Town,P Sowmya,INC,Raghavendra,7760261043,Ramakrishna,9480683660,Shanthi Nagar (79.8%); Shantala Nagar (20.2%),"Backward Class ""B"""
Central-32,32,SilverJubilee Park Ward,ಸಿಲ್ವರ್ ಜುಬಿಲಿ ಪಾರ್ಕ್ ವಾರ್ಡ್,Central,Zone2,Gandhinagara,Chickpet,169,169 - Chickpet,RO - Chickpet,ARO- Dharmaraya Swamy Temple,0.626,18858,9562,9176,5,100.1,0,17.3,19.38,30.97,7,0,100.1,0,0.0,0.0,0,,0.0,0,0.0,0.0,3,1,0,1.6,0.02,0.0,1.63,2.6,6,4,0.21,100.1,2,1,0,0,0,Raja Ram Mohan Roy Extension; Sudhama Nagara,R V Yuvaraj,INC,Srimath Swayamprabh,9480685321,Lingayya,9480683623,Sudham Nagara (54.8%); Dharmaraya Swamy Temple wa (22.9%); Hombegowda Nagara (22.3%),Scheduled Caste (Women)
Central-33,33,Dharmaraya Swamy Temple Ward,ಧರ್ಮರಾಯ ಸ್ವಾಮಿ ದೇವಸ್ಥಾನ ವಾರ್ಡ್,Central,Zone2,Gandhinagara,Chickpet,169,169 - Chickpet,RO - Chickpet,ARO- Dharmaraya Swamy Temple,0.761,18905,9868,9092,10,100.1,0,55.7,21.54,28.33,30,4,100.1,1,0.0069,0.36,0,,0.0,0,0.0,0.0,0,1,0,0.0,0.0,0.0,0.0,0.0,14,2,0.11,100.1,7,1,0,0,0,Ganigarpet,Prathibha Dhanraj,BJP,Srimath Swayamprabh,9480685321,basava achary,9845768187,Dharmaraya Swamy Temple wa (64.9%); Sudham Nagara (35.1%),General (Women)
Central-34,34,D.V Gundappa Ward,ಡಿ.ವಿ. ಗುಂಡಪ್ಪ ವಾರ್ಡ್,Central,Zone2,Gandhinagara,Chickpet,169,169 - Chickpet,RO - Chickpet,ARO- Dharmaraya Swamy Temple,0.711,20279,10418,9986,7,100.1,0,84.0,17.85,25.11,17,0,100.1,0,0.0,0.0,0,,0.0,0,0.0,0.0,0,0,0,0.1,0.4,0.0,0.5,0.7,12,9,0.44,100.1,7,1,0,0,0,Kalasipalyam,Prathibha Dhanraj,BJP,Srimath Swayamprabh,9480685321,basava achary,9845768187,Dharmaraya Swamy Temple wa (64.7%); Sudham Nagara (35.3%),General
Central-35,35,Hombegowda Nagara,ಹೊಂಬೇಗೌಡ ನಗರ,Central,Zone2,Gandhinagara,Chickpet,169,169 - Chickpet,RO - Chickpet,ARO- Hombegowda Nagar,0.961,18866,9795,9011,13,100.1,0,,20.61,21.46,19,2,100.1,1,0.0064,0.34,0,,0.0,0,0.0,0.0,0,2,2,0.71,1.65,0.29,2.65,2.75,21,5,0.27,100.1,7,1,0,0,0,Shanti Nagar; Vinayaka Nagara; Wilson Garden,D Chandrappa,INC,Srimath Swayamprabh,9480685321,Lingayya,9480683623,Hombegowda Nagara (95.8%); Sudham Nagara (4.2%),General
Central-36,36,Someshwara Nagara,ಸೋಮೇಶ್ವರ ನಗರ,Central,Zone2,Gandhinagara,Chickpet,169,169 - Chickpet,RO - Chickpet,ARO- Hombegowda Nagar,0.615,18863,9580,9243,3,100.1,0,,14.82,24.11,18,1,91.2,0,0.0,0.0,0,,0.0,0,0.0,0.0,0,0,0,0.0,0.18,0.59,0.77,1.25,10,3,0.16,100.1,2,1,0,0,0,Chinnayanapalya; Lakkasandra,D Chandrappa,INC,Srimath Swayamprabh,9480685321,Lingayya,9480683623,Hombegowda Nagara (55.9%); Siddapura (43.8%),General (Women)
Central-37,37,BHEL Ward,ಬಿಎಚ್‌ಇಎಲ್ ವಾರ್ಡ್,Central,Zone2,Gandhinagara,Chickpet,169,169 - Chickpet,RO - Chickpet,ARO- Hombegowda Nagar,1.058,19336,9975,9361,7,100.1,0,,21.28,20.12,20,0,90.8,1,0.024,1.24,1,58.6,0.0452,0,0.0,4.27,1,1,0,0.8,0.97,1.63,3.4,3.22,6,4,0.21,93.4,0,0,0,0,1,,Gangambike Mallikarjun,INC,Srimath Swayamprabh,9480685321,Lingayya,9480683623,Jayanagar (99.9%),"Backward Class ""A"""
Central-38,38,Kanakanapalya,ಕನಕನಪಾಳ್ಯ,Central,Zone2,Gandhinagara,Chickpet,169,169 - Chickpet,RO - Chickpet,ARO- Ashoka Pillar,0.969,20054,10042,10053,5,100.1,0,35.3,20.06,20.71,22,3,98.9,0,0.0,0.0,0,0.2,0.0,0,0.0,0.0,0,0,0,0.0,1.27,1.04,2.31,2.39,12,0,0.0,100.1,3,0,0,0,0,Jayanagar 1st Block; Someshwaranagar,Gangambike Mallikarjun,INC,Srimath Swayamprabh,9480685321,Lingayya,9480683623,Jayanagar (80.3%); Siddapura (19.5%),"Backward Class ""A"""
Central-39,39,Venkat Reddy Nagara,ವೆಂಕಟ ರೆಡ್ಡಿ ನಗರ,Central,Zone2,Gandhinagara,Chickpet,169,169 - Chickpet,RO - Chickpet,ARO- Ashoka Pillar,0.202,18888,9496,9392,2,100.1,0,,6.03,29.86,14,0,71.4,0,0.0,0.0,0,,0.0,0,0.0,0.0,1,1,0,0.0,0.45,0.0,0.45,2.23,8,8,0.42,100.1,1,0,0,0,0,Siddapura,Muzahid Pasha,SDPI,Srimath Swayamprabh,9480685321,Lingayya,9480683623,Siddapura (99.9%),General
Central-40,40,Ashoka Pillar,ಅಶೋಕ ಪಿಲ್ಲರ್‌,Central,Zone2,Gandhinagara,Chickpet,169,169 - Chickpet,RO - Chickpet,ARO- Ashoka Pillar,1.545,18989,9563,9426,11,94.0,0,58.4,32.76,21.2,20,1,89.3,0,0.0,0.0,0,,0.1763,0,0.0,11.41,1,0,0,0.0,2.29,0.45,2.74,1.77,17,1,0.05,93.9,4,0,0,0,0,Jayanagar 2nd Block; Kankanpalya; Mavalli,Vani Rao,BJP,Srimath Swayamprabh,9480685321,Lingayya,9480683623,Vishveshwara Puram (77.9%); Jayanagar (22%),General
Central-41,41,V.V Puram,ವಿ.ವಿ. ಪುರಂ,Central,Zone2,Gandhinagara,Chickpet,169,169 - Chickpet,RO - Chickpet,ARO- V.V Puram,1.077,19813,9965,9848,19,100.1,1,99.8,30.71,28.52,18,5,100.1,0,0.0,0.0,0,,0.0,0,0.0,0.0,1,0,0,0.0,1.02,0.0,1.02,0.95,17,0,0.0,100.1,3,0,0,0,0,VV Puram,Vani Rao,BJP,Srimath Swayamprabh,9480685321,Lingayya,9480683623,Vishveshwara Puram (85.3%); Sudham Nagara (9.4%); Jayanagar (5.2%),General (Women)
Central-42,42,Sunkenahalli,ಸುಂಕೇನಹಳ್ಳಿ,Central,Zone2,Gandhinagara,Chickpet,169,169 - Chickpet,RO - Chickpet,ARO- V.V Puram,1.566,21179,10743,10436,22,100.1,2,86.1,38.72,24.73,23,9,100.1,4,0.0409,1.93,0,6.0,0.0,0,0.0,0.0,0,0,0,0.0,0.0,0.0,0.0,0.0,31,0,0.0,100.1,8,2,0,0,0,Basavanagudi; Gandhi Bazaar; Shankarapuram,DN Ramesh,BJP,Srimath Swayamprabh,9480685321,basava achary,9845768187,Sunkenahalli (65.6%); Vishveshwara Puram (17.4%); Jayanagar (17%),General (Women)
Central-43,43,Devaraj Urs Ward,ದೇವರಾಜ ಅರಸು ವಾರ್ಡ್‌,Central,Zone2,Gandhinagara,Chickpet,169,169 - Chickpet,RO - Chickpet,ARO- V.V Puram,0.532,19525,9934,9592,5,100.1,0,25.2,14.67,27.55,14,3,100.1,2,0.0087,0.45,0,85.7,0.0,0,0.0,0.0,0,0,0,0.0,0.41,0.0,0.41,0.76,4,0,0.0,100.1,2,1,0,0,0,,DN Ramesh,BJP,Srimath Swayamprabh,9480685321,basava achary,9845768187,Sunkenahalli (88%); Vishveshwara Puram (12%),General
Central-44,44,Chamarajpet,ಚಾಮರಾಜಪೇಟೆ,Central,Zone2,Gandhinagara,Chamrajapet,168,168 - Chamrajapet,RO - Chamrajapet,ARO- Chamarajpet,0.886,25619,13095,12523,14,100.1,0,44.7,22.62,25.52,25,1,100.1,2,0.0104,0.41,0,59.4,0.0,0,0.0,0.0,2,0,0,0.0,0.59,0.86,1.45,1.64,35,3,0.12,98.4,2,1,0,0,0,Chamarajapete,B Kokila Chandrashekhar,INC,Srimath Swayamprabh,9480685321,vijaya shankar,9480683034,Chamrajapet (99.7%),General
Central-45,45,K.R Market,ಕೆ.ಆರ್. ಮಾರುಕಟ್ಟೆ,Central,Zone2,Gandhinagara,Chamrajapet,168,168 - Chamrajapet,RO - Chamrajapet,ARO- Chamarajpet,0.734,22413,11685,10728,9,100.1,2,96.6,17.4,23.7,18,0,96.6,1,0.0023,0.1,0,,0.0,0,0.0,0.0,0,0,0,0.0,0.0,0.0,0.0,0.0,22,9,0.4,97.4,1,2,0,0,0,,Nazima Khanam,JDS,Lokesh,9036491598,Sri.Ashok,9480683466,K R Market (96.9%); Chamrajapet (2.4%),"Backward Class ""A"""
Central-46,46,Cheluvadi Palya,ಚೆಲುವಾದಿ ಪಾಳ್ಯ,Central,Zone2,Gandhinagara,Chamrajapet,168,168 - Chamrajapet,RO - Chamrajapet,ARO- Chamarajpet,0.216,21019,10603,10415,2,100.1,0,88.5,8.21,38.05,19,0,100.1,0,0.0,0.0,0,,0.0,0,0.0,0.0,2,0,1,0.0,0.0,0.0,0.0,0.0,10,11,0.52,99.6,0,0,0,0,0,Cottonpete,Rekha Kadiresh,BJP,Anjanappa,827797/9480684933/231,Sri.Ashok,9480683466,Chalavadipalya (55.1%); K R Market (44.9%),Scheduled Caste (Women)
Central-47,47,IPD Salappa Ward,ಐಪಿಡಿ ಸಾಲಪ್ಪ ವಾರ್ಡ್,Central,Zone2,Gandhinagara,Chamrajapet,168,168 - Chamrajapet,RO - Chamrajapet,ARO- Azad Nagar,0.493,20622,10479,10143,7,100.1,0,2.2,16.76,34.02,16,2,100.1,1,0.0197,0.96,0,5.7,0.0,0,0.0,0.0,0,1,0,0.0,0.0,0.5,0.5,1.02,6,6,0.29,46.9,0,0,0,0,1,,Rekha Kadiresh,BJP,Anjanappa,827797/9480684933/231,Sri.Ashok,9480683466,Chalavadipalya (55.8%); Rayapuram (39.7%); Jagajivanaramnagar (4.4%),Scheduled Caste (Women)
Central-48,48,Azad Nagar,ಆಜಾದ್ ನಗರ,Central,Zone2,Gandhinagara,Chamrajapet,168,168 - Chamrajapet,RO - Chamrajapet,ARO- Azad Nagar,0.406,20270,10260,10010,8,100.1,0,,11.87,29.23,24,2,100.1,1,0.0002,0.01,0,97.2,0.0,0,0.0,0.0,0,0,0,0.0,0.22,0.05,0.27,0.66,11,4,0.2,93.2,0,0,0,0,0,Valmiki Nagar,M Sujatha,INC,Lokesh,9036491598,Sri.Ashok,9480683466,Azad Nagar (68.3%); Chamrajapet (31.7%),General
Central-49,49,Kasturbha Nagar,ಕಸ್ತೂರ ಬಾ ವಾರ್ಡ್‌,Central,Zone2,Gandhinagara,Chamrajapet,168,168 - Chamrajapet,RO - Chamrajapet,ARO- Azad Nagar,0.37,24488,12516,11971,0,100.1,0,,12.01,32.43,20,0,100.1,1,0.0018,0.07,0,79.8,0.0,0,0.0,0.0,0,0,0,0.23,1.39,0.0,1.62,4.36,10,6,0.25,100.1,0,0,0,0,0,Kasturibai Nagar,M Sujatha,INC,Lokesh,9036491598,Sri.Ashok,9480683466,Azad Nagar (99.8%),"Backward Class ""A"" (Women)"
Central-50,50,JJR Nagara,ಜೆಜೆಆರ್ ನಗರ,Central,Zone2,Gandhinagara,Chamrajapet,168,168 - Chamrajapet,RO - Chamrajapet,ARO- JJR Nagar,0.532,27850,14231,13618,5,100.1,0,,11.55,21.71,29,0,100.1,1,0.0024,0.09,0,11.6,0.0,0,0.0,0.0,0,0,0,0.0,0.0,0.14,0.14,0.26,16,18,0.65,81.0,0,1,0,0,0,,Seema Althaf Khan,INC,Anjanappa,827797/9480684933/231,Sri.Ashok,9480683466,Jagajivanaramnagar (99.3%),General (Women)
Central-51,51,Old Guddadahalli,ಹಳೆ ಗುಡ್ಡದಹಳ್ಳಿ,Central,Zone2,Gandhinagara,Chamrajapet,168,168 - Chamrajapet,RO - Chamrajapet,ARO- JJR Nagar,0.211,25228,12965,12263,1,100.1,0,,8.51,40.25,24,0,100.1,0,0.0,0.0,0,,0.0,0,0.0,0.0,0,0,0,0.36,0.0,0.66,1.03,4.86,7,6,0.24,100.1,0,0,0,0,0,,Imran Pasha,JDS,Anjanappa,827797/9480684933/231,Sri.Ashok,9480683466,Padarayanapura (77.9%); Jagajivanaramnagar (22.1%),General (Women)
Central-52,52,Padarayanapura,ಪಾದರಾಯನಪುರ,Central,Zone2,Gandhinagara,Chamrajapet,168,168 - Chamrajapet,RO - Chamrajapet,ARO- Padarayanapura,0.232,25833,13312,12521,1,100.1,0,,6.38,27.52,18,0,100.1,0,0.0,0.0,0,,0.0,0,0.0,0.0,1,2,0,0.0,0.0,0.0,0.0,0.0,11,5,0.19,100.1,0,0,0,0,0,Goripalya,Imran Pasha,JDS,Anjanappa,827797/9480684933/231,Sri.Ashok,9480683466,Padarayanapura (63.6%); Rayapuram (19.2%); Jagajivanaramnagar (17.1%),General
Central-53,53,Rayapuram,ರಾಯಪುರಂ,Central,Zone2,Gandhinagara,Chamrajapet,168,168 - Chamrajapet,RO - Chamrajapet,ARO- Padarayanapura,0.21,23438,11837,11601,0,100.1,0,,8.33,39.75,26,1,100.1,0,0.0,0.0,0,,0.0,0,0.0,0.0,0,0,0,0.0,0.0,0.2,0.2,0.96,14,9,0.38,41.1,0,0,0,0,0,Jagajeevanram Nagara; K H Ranganath Colony,Shashikala Keshav,BJP,Srimath Swayamprabh,9480685321,Huchhyya,974007698,Rayapuram (100%),Scheduled Caste
Central-54,54,Binnypete,ಬಿನ್ನಿಪೇಟೆ,Central,Zone2,Gandhinagara,Gandhinagara,164,164 - Gandhinagara,RO - Gandhinagara,ARO- Binnypete,0.477,25018,12854,12164,1,100.1,0,28.4,12.64,26.52,23,0,100.1,0,0.0,0.0,0,,0.0,0,0.0,0.0,0,0,0,0.0,0.0,0.0,0.0,0.0,5,5,0.2,77.5,0,0,0,0,0,Nagamma Nagar,Mahadevamma Nagaraj,INC,Dauyanandh,9845119800,Sri.Vijaya Shekar,9480683034,Binnipete (54.7%); Cottonpete (45.3%),General
Central-55,55,Bhuvaneshwari Nagar,ಭುವನೇಶ್ವರಿ ನಗರ,Central,Zone2,Gandhinagara,Gandhinagara,164,164 - Gandhinagara,RO - Gandhinagara,ARO- Binnypete,0.236,19936,10174,9762,2,100.1,0,49.4,9.13,38.63,11,1,100.1,0,0.0,0.0,0,,0.0,0,0.0,0.0,0,0,0,0.0,0.0,0.0,0.0,0.0,9,4,0.2,100.1,0,1,0,0,0,,Mahadevamma Nagaraj,INC,Dauyanandh,9845119800,Sri.Vijaya Shekar,9480683034,Binnipete (94.7%); Cottonpete (5.3%),"Backward Class ""A"""
Central-56,56,Gopalpura,ಗೋಪಾಲಪುರ,Central,Zone2,Gandhinagara,Gandhinagara,164,164 - Gandhinagara,RO - Gandhinagara,ARO- Binnypete,1.269,26986,13789,13197,13,100.1,2,88.3,27.37,21.56,33,2,96.0,1,0.015,0.56,0,,0.0,0,0.0,0.0,4,2,0,1.29,1.98,0.8,4.07,3.21,24,9,0.33,100.1,3,0,0,0,0,,L Govindaraju,INC,raju,9480685030,majunatha,9480683041,Subhash Nagar (36.3%); Okalipuram (26.4%); Binnipete (22.8%); Cottonpete (14.5%),"Backward Class ""A"""
Central-57,57,Cottonpete,ಕಾಟನ್‌ಪೇಟೆ,Central,Zone2,Gandhinagara,Gandhinagara,164,164 - Gandhinagara,RO - Gandhinagara,ARO- Chickpete,0.955,27147,14426,12720,3,95.0,0,91.8,21.28,22.29,19,2,93.4,0,0.0,0.0,0,,0.0,0,0.0,0.0,2,2,1,0.0,0.0,0.27,0.27,0.28,11,0,0.0,91.8,1,1,0,2,0,Ranasingpete; Sultanpete,L Govindaraju,INC,raju,9480685030,majunatha,9480683041,Subhash Nagar (42.4%); Cottonpete (36%); Chickpete (13.4%); Gandhinagar (8.2%),General
Central-58,58,Chickpete,ಚಿಕ್ಕಪೇಟೆ,Central,Zone2,Gandhinagara,Gandhinagara,164,164 - Gandhinagara,RO - Gandhinagara,ARO- Chickpete,0.614,27619,14812,12806,2,100.1,0,100.1,19.56,31.86,29,0,100.1,0,0.0,0.0,0,,0.0,0,0.0,0.0,0,0,0,0.0,0.0,0.0,0.0,0.0,20,4,0.14,100.1,0,0,0,0,0,Balepet; Chikkapete; Mamulpete; Old Tharagupete,Leela Shivakumar,BJP,Srimath Swayamprabh,9480685321,vijaya shekhar,9480683034,Chickpete (95.1%); Gandhinagar (4.9%),General (Women)
Central-59,59,Nehru Nagar,ನೆಹರು ನಗರ,Central,Zone2,Gandhinagara,Gandhinagara,164,164 - Gandhinagara,RO - Gandhinagara,ARO- Chickpete,1.798,25780,14248,11532,18,100.1,1,94.0,41.22,22.92,24,9,100.1,2,0.0292,1.13,0,,0.0,0,0.0,0.0,0,2,0,0.45,1.91,0.72,3.07,1.71,30,5,0.19,96.5,0,2,2,0,0,Gandhinagar; Kumara Park West; Nehru Nagar,R J Lalitha,INC,raju,9480685030,majunatha,9480683041,Gandhinagar (99.6%),"Backward Class ""A"" (Women)"
Central-60,60,Seshadripuram,ಶೇಷಾದ್ರಿಪುರಂ,Central,Zone2,Gandhinagara,Gandhinagara,164,164 - Gandhinagara,RO - Gandhinagara,ARO- Sheshadripuram,0.383,19052,9810,9242,3,100.1,0,94.0,13.13,34.28,27,1,100.1,0,0.0,0.0,0,,0.0,0,0.0,0.0,2,1,0,0.41,1.11,0.12,1.64,4.29,5,1,0.05,100.1,3,0,0,0,0,Basappa Garden; Seshadripuram,R S Satynarayan,INC,Rtaju,9448854685,Sri.Hk Nagaraj,9480684353,Dattatreya Temple (94.4%); Gandhinagar (5.6%),General
Central-61,61,Dattatreya Ward,ದತ್ತಾತ್ರೇಯ ವಾರ್ಡ್,Central,Zone2,Gandhinagara,Gandhinagara,164,164 - Gandhinagara,RO - Gandhinagara,ARO- Sheshadripuram,0.498,19627,9950,9677,6,100.1,0,89.1,14.28,28.68,12,0,100.1,0,0.0,0.0,0,,0.0,0,0.0,0.0,2,0,0,0.35,0.1,0.36,0.81,1.63,7,6,0.31,100.1,5,1,0,0,0,Valluvarpuram,R S Satynarayan,INC,Rtaju,9448854685,Sri.Hk Nagaraj,9480684353,Dattatreya Temple (69.9%); Subhash Nagar (30.1%),General
Central-62,62,Swatantra Palya Ward,ಸ್ವತಂತ್ರ ಪಾಳ್ಯ ವಾರ್ಡ್,Central,Zone2,Gandhinagara,Gandhinagara,164,164 - Gandhinagara,RO - Gandhinagara,ARO- Okalipuram,0.358,28137,14255,13883,5,100.1,1,73.0,11.41,31.85,28,1,100.1,0,0.0,0.0,0,,0.0,0,0.0,0.0,0,0,0,0.45,0.36,0.34,1.14,3.19,6,15,0.53,100.1,15,0,0,0,0,,L Govindaraju,INC,raju,9480685030,majunatha,9480683041,Subhash Nagar (82%); Okalipuram (17.7%),Scheduled Caste
Central-63,63,Okalipuram,ಓಕಳಿಪುರಂ,Central,Zone2,Gandhinagara,Gandhinagara,164,164 - Gandhinagara,RO - Gandhinagara,ARO- Okalipuram,0.424,27815,14222,13593,2,100.1,0,9.0,11.86,27.97,25,1,100.1,0,0.0,0.0,0,,0.0,0,0.0,0.0,1,0,0,0.73,0.28,0.57,1.58,3.72,11,7,0.25,100.1,6,0,0,0,0,Okalipuram; Ramachandra Pura,V Shivaprakash,BJP,Rtaju,9448854685,Sri.Hk Nagaraj,9480684353,Okalipuram (100%),"Backward Class ""A"" (Women)"
East-1,1,K Narayanapura,ಕೆ ನಾರಾಯಣಪುರ,East,Zone2,K.R. Pura,K.R. Pura,151,151 - K.R. Pura,RO- Horamavu,ARO- Horamavu,4.763,15003,7804,7199,25,99.4,0,,92.6,19.44,15,1,34.9,8,0.0356,2.37,1,2.8,0.0204,6,0.0011,0.45,0,0,0,3.52,2.88,8.04,14.44,3.03,14,4,0.27,27.4,1,1,0,0,0,Arkavathy Layout 17th Block; Arkavathy Layout 20th Block; Arkavathy Layout 5th Block; Arkavathy Layout 6th Block; Geddalahalli; K Narayanapura; Kothanur; LBS Nagar; M Nanjappa Layout,Radhamma,INC,Lingappa,9844609594,Muni,9480684143,Horamavu (100%),General (Women)
East-2,2,Horamavu,ಹೊರಮಾವು,East,Zone2,K.R. Pura,K.R. Pura,151,151 - K.R. Pura,RO- Horamavu,ARO- Horamavu,7.815,14756,7729,7027,27,86.3,0,,114.39,14.64,15,0,8.5,1,0.0106,0.72,2,39.9,0.9548,6,0.0015,12.24,0,0,0,4.46,6.76,21.83,33.05,4.23,22,4,0.27,8.6,0,0,0,0,0,Arkavathy Layout 18th Block; Byrathikhane; Horamavu,Radhamma,INC,Lingappa,9844609594,Muni,9480684143,Horamavu (88.1%); Ramamurthy Nagar (11.7%),"Backward Class ""A"""
East-3,3,Chellakere,ಚೆಲ್ಲಕೆರೆ,East,Zone2,K.R. Pura,K.R. Pura,151,151 - K.R. Pura,RO- Horamavu,ARO- Chellakere,1.672,17010,8884,8126,16,99.3,0,,40.05,23.96,12,0,28.1,1,0.0033,0.19,1,74.5,0.0671,0,0.0,4.01,1,0,1,2.53,0.52,3.71,6.76,4.04,12,3,0.18,48.8,0,1,0,0,0,Agara; Arkavathy Layout 19th Block; Arkavathy Layout 20th Block; Chelekere; GNR Gardens; Meghanapalya; Palm Grove; Poojappa Layout; Sri Sai Layout,Radhamma,INC,Lingappa,9844609594,Muni,9480684143,Horamavu (100%),General
East-4,4,Babusab Palya,ಬಾಬುಸಾಬ್ ಪಾಳ್ಯ,East,Zone2,K.R. Pura,K.R. Pura,151,151 - K.R. Pura,RO- Horamavu,ARO- Chellakere,1.832,19361,9933,9428,15,100.1,0,,48.51,26.47,17,0,45.5,0,0.0,0.0,0,60.1,0.0,0,0.0,0.0,0,0,0,0.0,0.96,1.48,2.44,1.33,7,1,0.05,65.9,1,0,0,0,0,Babusabpalya; Bank Avenue Colony; CNR Layout; Malappa Layout; Nanjappa Garden; Papaiah Layout; Post & Telegraph Layout; Prakruthi Township,Radhamma,INC,Lingappa,9844609594,Muni,9480684143,Horamavu (100%),"Backward Class ""B"" (Women)"
East-5,5,Hoysala Nagara East,ಹೊಯ್ಸಳ ನಗರ ಪೂರ್ವ,East,Zone2,K.R. Pura,K.R. Pura,151,151 - K.R. Pura,RO- Horamavu,ARO- Kalkere,1.613,18244,9566,8678,13,100.1,0,,41.26,25.59,26,0,14.0,0,0.0,0.0,1,84.4,0.0798,0,0.0,4.95,1,0,1,0.0,3.08,2.39,5.47,3.39,11,3,0.16,94.8,1,0,0,0,0,Muneshwara Layout,Radhamma,INC,Lingappa,9844609594,Muni,9480684143,Horamavu (99.9%),General (Women)
East-6,6,Kalkere,ಕಲ್ಕೆರೆ,East,Zone2,K.R. Pura,K.R. Pura,151,151 - K.R. Pura,RO- Horamavu,ARO- Kalkere,3.838,17359,9026,8413,10,88.3,0,,70.01,18.24,14,1,58.9,0,0.0,0.0,0,22.6,0.0127,4,0.0004,0.34,0,0,0,1.08,4.02,9.86,14.96,3.9,7,1,0.06,64.5,3,0,0,0,0,Jayantinagara; Kalkere,Padmavathi Srinivas,BJP,Lingappa,9844609594,Muni,9480684143,Ramamurthy Nagar (91.2%); Horamavu (8.7%),"Backward Class ""A"" (Women)"
East-7,7,K Chennasandra,ಕೆ ಚೆನ್ನಸಂದ್ರ,East,Zone2,K.R. Pura,K.R. Pura,151,151 - K.R. Pura,RO- KR Pura,ARO- Bhattarahalli,2.119,14572,7477,7015,7,92.9,0,,46.71,22.05,23,0,20.2,0,0.0,0.0,1,48.3,0.2422,1,0.0021,11.53,1,0,0,0.46,0.48,2.92,3.87,1.83,11,3,0.21,52.1,0,0,0,0,0,Akshaya Nagar; K. Channasandra; Kowdenahalli,Padmavathi Srinivas,BJP,Lingappa,9844609594,Muni,9480684143,Ramamurthy Nagar (98.6%),Scheduled Tribes
East-8,8,Anandapura,ಆನಂದಪುರ,East,Zone2,K.R. Pura,K.R. Pura,151,151 - K.R. Pura,RO- KR Pura,ARO- Bhattarahalli,2.21,18898,9699,9199,4,92.9,0,,43.91,19.87,5,0,32.1,4,0.0525,2.78,0,61.4,0.002,0,0.0,0.09,0,0,1,1.1,0.69,5.49,7.28,3.3,10,2,0.11,27.2,0,0,0,0,0,Anandapura; ITI Colony,K Poornima,BJP,ligappa,9844609594,Basavaraj,9480684001,K R Puram (84.7%); Ramamurthy Nagar (15.2%),General
East-9,9,Bhattarahalli,ಭಟ್ಟರಹಳ್ಳಿ,East,Zone2,K.R. Pura,K.R. Pura,151,151 - K.R. Pura,RO- KR Pura,ARO- Bhattarahalli,2.562,14911,7666,7245,12,95.7,0,,50.53,19.72,27,3,47.8,2,0.0089,0.6,1,30.9,0.0495,1,0.0001,1.94,0,0,0,0.28,1.06,3.77,5.11,1.99,16,5,0.34,,0,0,0,0,0,Bhattarahalli; TC Palya,K Poornima,BJP,ligappa,9844609594,Basavaraj,9480684001,K R Puram (56.7%); Basavanapura (42.8%),General
East-10,10,Basavanapura,ಬಸವನಪುರ,East,Zone2,K.R. Pura,K.R. Pura,151,151 - K.R. Pura,RO- KR Pura,ARO- Basavanapura,3.935,16224,8392,7833,11,86.5,0,,77.44,19.68,6,0,7.3,0,0.0,0.0,1,54.1,0.4277,0,0.0,10.87,0,0,2,3.45,2.79,5.92,12.15,3.09,8,2,0.12,10.8,0,0,0,0,0,,B N Jayaprakash,INC,Lingappa,9844609594,Muni,9480684143,Basavanapura (79.9%); K R Puram (19.8%),"Backward Class ""B"""
East-11,11,Krishnanagar,ಕೃಷ್ಣನಗರ,East,Zone2,K.R. Pura,K.R. Pura,151,151 - K.R. Pura,RO- KR Pura,ARO- Basavanapura,1.228,16000,8256,7744,7,100.1,0,,31.69,25.8,15,0,3.5,2,0.0164,1.02,1,97.1,0.0465,0,0.0,3.79,0,0,1,0.0,1.2,1.47,2.67,2.18,11,3,0.19,95.9,0,0,0,0,0,,B N Jayaprakash,INC,Lingappa,9844609594,Muni,9480684143,Basavanapura (100%),General
East-12,12,Devasandra,ದೇವಸಂದ್ರ,East,Zone2,K.R. Pura,K.R. Pura,151,151 - K.R. Pura,RO- KR Pura,ARO- Basavanapura,1.287,14990,7854,7136,5,100.1,0,47.0,27.46,21.34,24,0,33.2,2,0.0044,0.29,0,55.0,0.0524,1,0.003,4.31,0,0,0,0.0,2.6,1.62,4.23,3.28,16,3,0.2,91.1,1,0,0,0,1,Devasandra; Devasandra Industrial Estate; ITI Industrial Estate,B N Jayaprakash,INC,Lingappa,9844609594,Muni,9480684143,Basavanapura (56.8%); Devasandra (43.1%),General
East-13,13,Rajarajeshwari Temple ward,ರಾಜರಾಜೇಶ್ವರಿ ದೇವಸ್ಥಾನ ವಾರ್ಡ್,East,Zone2,K.R. Pura,K.R. Pura,151,151 - K.R. Pura,RO- KR Pura,ARO- KR Pura,1.356,17539,9390,8149,8,85.3,1,26.4,20.89,15.41,25,1,54.9,2,0.0163,0.93,0,41.5,0.0,0,0.0,0.0,0,0,0,0.0,0.42,2.88,3.3,2.43,9,3,0.17,82.1,4,1,0,0,0,,M N Srikanth,INC,Lingappa,9844609594,Muni,9480684143,Devasandra (99.8%),"Backward Class ""A"""
East-14,14,K.R Pura,ಕೆ ಆರ್ ಪುರ,East,Zone2,K.R. Pura,K.R. Pura,151,151 - K.R. Pura,RO- KR Pura,ARO- KR Pura,0.886,14930,7717,7213,6,96.6,0,,18.7,21.11,19,1,79.2,0,0.0,0.0,3,89.6,0.2334,0,0.0,26.35,1,0,0,0.95,1.55,2.36,4.86,5.49,6,1,0.07,61.4,3,1,0,0,0,Justice Bheemiah Layout; KR Puram; Shree Vinayaka Layout,K Poornima,BJP,ligappa,9844609594,Basavaraj,9480684001,K R Puram (65.4%); Devasandra (28.9%); Basavanapura (5.7%),"Backward Class ""A"""
East-15,15,Ramamurthy Nagara,ರಾಮಮೂರ್ತಿ ನಗರ,East,Zone2,K.R. Pura,K.R. Pura,151,151 - K.R. Pura,RO- Ramamurthy Nagara,ARO- Ramamurthy Nagara,0.801,17257,8738,8519,8,100.1,0,,25.55,31.88,14,0,54.8,1,0.0025,0.15,1,96.4,0.062,0,0.0,7.74,2,1,1,0.0,1.8,0.33,2.13,2.66,8,3,0.17,97.7,1,0,0,0,0,Ramamurthy Nagar,Padmavathi Srinivas,BJP,Lingappa,9844609594,Muni,9480684143,Ramamurthy Nagar (54.4%); Horamavu (29.2%); K R Puram (16.4%),Scheduled Caste (Women)
East-16,16,Kotthur,ಕೊತ್ತೂರು,East,Zone2,K.R. Pura,K.R. Pura,151,151 - K.R. Pura,RO- Ramamurthy Nagara,ARO- Ramamurthy Nagara,1.234,14653,7508,7145,11,100.1,0,9.3,28.66,23.23,26,1,71.1,1,0.0,0.0,1,55.0,0.0198,0,0.0,1.61,2,0,0,0.0,1.77,0.43,2.2,1.78,12,5,0.34,100.1,1,0,0,0,0,,M N Srikanth,INC,Lingappa,9844609594,Muni,9480684143,Devasandra (65.3%); Vijnanapura (33.9%),"Backward Class ""A"" (Women)"
East-17,17,Vijinapura,ವಿಜಿನಾಪುರ,East,Zone2,K.R. Pura,K.R. Pura,151,151 - K.R. Pura,RO- Ramamurthy Nagara,ARO- Vijinapura,0.327,15133,7757,7376,1,100.1,0,11.4,11.8,36.1,16,0,22.6,1,0.0019,0.13,0,71.8,0.0,0,0.0,0.0,1,0,0,0.0,0.06,0.17,0.24,0.73,8,6,0.4,100.1,0,0,0,0,0,,S Raju (Bande Raja),BJP,Srimath Swayamprabh,9480685321,nandana,9480683155,Vijnanapura (97.2%); Devasandra (2.8%),Scheduled Caste (Women)
East-18,18,Dooravaninagar,ದೂರವಾಣಿನಗರ,East,Zone2,K.R. Pura,K.R. Pura,151,151 - K.R. Pura,RO- Ramamurthy Nagara,ARO- Ramamurthy Nagara,1.244,14677,7550,7128,7,94.3,0,,29.2,23.46,8,0,46.1,0,0.0,0.0,0,35.0,0.039,0,0.0,3.14,0,0,0,0.0,1.89,1.6,3.49,2.81,7,3,0.2,93.1,1,1,0,0,0,Dooravaninagar,S Raju (Bande Raja),BJP,Srimath Swayamprabh,9480685321,nandana,9480683155,Vijnanapura (84.1%); Horamavu (15.9%),General
East-19,19,K.S. Nissar Ahmed Ward,ಕೆ. ಎಸ್. ನಿಸಾರ್ ಅಹಮದ್ ವಾರ್ಡ್,East,Zone2,K.R. Pura,K.R. Pura,151,151 - K.R. Pura,RO- Ramamurthy Nagara,ARO- Vijinapura,0.836,15446,8081,7365,4,100.0,0,18.3,19.4,23.19,11,1,61.9,0,0.0,0.0,0,0.8,0.0691,0,0.0,8.26,1,0,1,0.0,1.75,1.97,3.72,4.45,5,3,0.19,100.0,2,0,0,0,0,Darga Mohalla; Pai Layout,V Suresh,INC,Lingappa,9844609594,Muni,9480684143,A Narayanapura (69.1%); Vijnanapura (30.9%),"Backward Class ""A"""
East-20,20,A Narayanapura,ಎ ನಾರಾಯಣಪುರ,East,Zone2,K.R. Pura,K.R. Pura,151,151 - K.R. Pura,RO- Ramamurthy Nagara,ARO- A Narayanapura,1.3,21640,11539,10100,10,100.1,1,82.7,32.11,24.69,16,0,49.6,1,0.0036,0.16,1,35.4,0.021,0,0.0,1.62,0,0,0,0.0,2.64,1.27,3.91,3.01,10,3,0.14,96.0,3,0,0,0,0,B. Narayanapura; Kamdhenu Nagar; Udaya Nagar,V Suresh,INC,Lingappa,9844609594,Muni,9480684143,A Narayanapura (57.3%); Devasandra (42.5%),Scheduled Caste (Women)
East-21,21,Uday Nagar,ಉದಯ್ ನಗರ,East,Zone2,K.R. Pura,K.R. Pura,151,151 - K.R. Pura,RO- Ramamurthy Nagara,ARO- A Narayanapura,0.775,20262,10540,9722,3,100.1,0,33.4,23.22,29.95,19,0,85.3,0,0.0,0.0,0,3.3,0.0,1,0.0015,0.2,0,0,0,0.0,0.45,1.8,2.25,2.9,8,0,0.0,76.7,0,0,0,0,0,A Narayanapura; Gangappa Layout,V Suresh,INC,Lingappa,9844609594,Muni,9480684143,A Narayanapura (99.5%),General (Women)
East-22,22,Mahadevapura,ಮಹದೇವಪುರ,East,Zone2,K.R. Pura,K.R. Pura,151,151 - K.R. Pura,RO- Vignananagara,ARO- Mahadevapura,2.705,17381,9192,8189,13,89.6,0,10.9,52.59,19.44,19,2,33.8,4,0.0034,0.2,2,44.2,0.0918,1,0.02,4.13,1,0,2,1.44,3.2,2.91,7.54,2.79,11,2,0.12,59.3,1,0,0,0,0,MEG Layout; Mahadevapura; Saraswathi Nagar; Shivaganga Layout,S G Nagaraj,INC,Lingappa,9844609594,Muni,9480684143,Vijnana Nagar (98.1%); A Narayanapura (1.9%),"Backward Class ""A"" (Women)"
East-23,23,Sangama Ward,ಸಂಗಮ ವಾರ್ಡ್,East,Zone2,K.R. Pura,K.R. Pura,151,151 - K.R. Pura,RO- Vignananagara,ARO- Mahadevapura,1.988,15835,8226,7610,6,100.1,0,,46.91,23.59,12,1,38.3,1,0.0006,0.04,0,34.0,0.0008,0,0.0,0.04,0,0,3,1.97,0.0,3.61,5.58,2.81,9,1,0.06,62.3,0,1,0,0,0,Abbaiah Reddy Layout; Vignananagar,S G Nagaraj,INC,Lingappa,9844609594,Muni,9480684143,Vijnana Nagar (61.8%); HAL Airport (38.2%),General (Women)
East-24,24,Vignananagara,ವಿಜ್ಞಾನನಗರ,East,Zone2,K.R. Pura,K.R. Pura,151,151 - K.R. Pura,RO- Vignananagara,ARO- Vignananagara,1.326,14649,7682,6967,12,92.9,0,,29.37,22.15,16,1,79.0,1,0.0026,0.18,1,50.2,0.1279,1,0.0004,9.68,1,0,0,1.03,0.0,1.73,2.75,2.08,7,0,0.0,60.3,2,0,0,0,0,BEML Township; Syed Block; Talacauvery Layout,S G Nagaraj,INC,Lingappa,9844609594,Muni,9480684143,Vijnana Nagar (98.3%); HAL Airport (1.7%),General
East-25,25,L.B Shastri Nagar,ಎಲ್.ಬಿ.ಶಾಸ್ತ್ರಿ ನಗರ,East,Zone2,K.R. Pura,K.R. Pura,151,151 - K.R. Pura,RO- Vignananagara,ARO- Vignananagara,0.42,14946,7837,7109,2,100.1,0,,13.05,31.07,6,0,100.0,0,0.0,0.0,0,94.2,0.0002,0,0.0,0.05,0,0,0,0.6,0.0,1.27,1.88,4.47,6,6,0.4,10.4,0,0,0,0,0,Annasandra Palya; Islampur; Kareem Nagar; Lal Bahadur Shastri Nagar,N Manjunath,INC,Lingappa,9844609594,Muni,9480684143,HAL Airport (59.7%); Vijnana Nagar (40.3%),"Backward Class ""A"" (Women)"
East-26,26,Jagadish Nagar,ಜಗದೀಶ್ ನಗರ,East,Zone2,K.R. Pura,K.R. Pura,151,151 - K.R. Pura,RO- Vignananagara,ARO- Vibhoothipura,1.414,18479,9470,9009,13,100.1,0,,31.04,21.96,24,1,89.3,0,0.0,0.0,0,8.8,0.0,0,0.0,0.0,0,0,0,0.1,0.15,2.99,3.23,2.29,17,5,0.27,5.6,0,0,0,0,0,HAL Township; Jagadish Nagar; Jothinagar; Nellurupuram; Vimanapura,N Manjunath,INC,Lingappa,9844609594,Muni,9480684143,HAL Airport (80.3%); Vijnana Nagar (19.7%),Scheduled Caste
East-27,27,Vibhootipura,ವಿಭೂತಿಪುರ,East,Zone2,K.R. Pura,K.R. Pura,151,151 - K.R. Pura,RO- Vignananagara,ARO- Vibhoothipura,4.71,16475,8709,7767,13,28.0,0,,30.85,6.55,17,0,10.7,0,0.0,0.0,0,15.2,0.0009,1,0.0005,0.03,0,1,0,0.38,2.28,10.26,12.92,2.74,12,3,0.18,10.4,0,0,0,0,0,Ramesh Nagar,N Manjunath,INC,Lingappa,9844609594,Muni,9480684143,HAL Airport (98.3%); Vijnana Nagar (1.7%),General (Women)
East-28,28,Byrathi,ಬೈರತಿ,East,Zone1,Mahadevapura,Mahadevapura,174,174 - Mahadevapura,RO- Hoodi,ARO- Hoodi,5.736,13969,7227,6742,25,94.2,0,,107.04,18.66,13,0,5.7,2,0.0191,1.37,1,39.9,0.0373,10,0.0049,0.74,0,0,0,0.64,7.84,1.09,9.57,1.67,22,5,0.36,16.7,0,0,0,0,0,Byrathi; Byrathi Bande; Chikkabyrathi; Evergreen Layout; Hanumanthanagar; Kanakashree Layout; Sri Krishna Nagar; Varanasi,Hariprasad A C,INC,muni raddyh,9480684748,Ram Chadra,9480685984,Hudi (99.6%),"Backward Class ""A"" (Women)"
East-29,29,Hoodi,ಹೂಡಿ,East,Zone1,Mahadevapura,Mahadevapura,174,174 - Mahadevapura,RO- Hoodi,ARO- Hoodi,4.185,20699,12317,8382,12,89.5,0,25.2,68.15,16.29,23,0,,6,0.0148,0.72,1,54.7,0.0387,2,0.0063,1.08,0,0,0,2.25,3.08,7.12,12.45,2.98,7,2,0.1,56.3,2,0,0,0,0,Alfa Gardens; Ayyappanagara; Hoody Garden; Ramiah Reddy Layout; Tigalarapalya,Hariprasad A C,INC,muni raddyh,9480684748,Ram Chadra,9480685984,Hudi (98.7%); Kadugodi (1.2%),"Backward Class ""A"" (Women)"
East-30,30,Belathur,ಬೆಳತ್ತೂರ್,East,Zone1,Mahadevapura,Mahadevapura,174,174 - Mahadevapura,RO- Hoodi,ARO- Hoodi,7.642,20869,11556,9313,25,81.4,3,35.4,94.05,12.31,20,0,12.9,2,0.0222,1.06,1,7.8,0.1944,4,0.0025,2.58,0,0,2,4.19,7.25,13.65,25.09,3.28,18,5,0.24,1.9,0,1,0,0,0,Kadugodi Colony,Hariprasad A C,INC,muni raddyh,9480684748,Ram Chadra,9480685984,Hudi (59.1%); Kadugodi (40.7%),Scheduled Caste
East-31,31,Kadugodi,ಕಾಡುಗೋಡಿ,East,Zone1,Mahadevapura,Mahadevapura,174,174 - Mahadevapura,RO- Hoodi,ARO- Kadugodi,4.504,18927,10118,8809,14,73.3,1,18.6,59.45,13.2,15,1,23.8,5,0.0736,3.89,0,0.4,0.0,15,0.004,0.09,0,0,1,1.69,7.8,6.77,16.26,3.61,15,5,0.26,,0,0,0,0,0,Kadugodi; Maithri Layout; VS Reddy Colony,S Muniswamy,BJP,madhu sudhan,9480683523,Ram Chadra,9480685984,Kadugodi (99.6%),General
East-32,32,Channasandra,ಚನ್ನಸಂದ್ರ,East,Zone1,Mahadevapura,Mahadevapura,174,174 - Mahadevapura,RO- Hoodi,ARO- Kadugodi,2.271,14621,7878,6743,3,82.7,0,,31.94,14.07,10,0,,3,0.0033,0.23,0,,0.0,14,0.0048,0.21,0,0,0,1.81,4.02,7.05,12.88,5.67,7,4,0.27,,0,0,0,0,0,AKG Colony,S Muniswamy,BJP,madhu sudhan,9480683523,Ram Chadra,9480685984,Kadugodi (74%); Hagadur (25.9%),General
East-33,33,S.M Krishna Ward,ಎಸ್.ಎಂ ಕೃಷ್ಣ ವಾರ್ಡ್,East,Zone1,Mahadevapura,Mahadevapura,174,174 - Mahadevapura,RO- Hoodi,ARO- Kadugodi,4.908,16262,8867,7395,17,98.9,0,32.3,77.54,15.8,17,0,11.4,3,0.0241,1.48,3,48.7,0.1543,6,0.0115,3.38,2,0,1,0.89,1.46,7.47,9.81,2.0,14,4,0.25,0.1,0,2,0,0,1,Ambedkar Nagar; Nallurahalli; Pattanduru Agrahara; Prashanth Extension; Prithvi Layout,B N Nithish Purushotham,INC,muni raddyh,9480684748,Ram Chadra,9480685984,Garudachar Playa (34.9%); Kadugodi (33%); Hagadur (27.3%); Hudi (4.8%),"Backward Class ""A"""
East-34,34,Kaveri Nagara,ಕಾವೇರಿ ನಗರ,East,Zone1,Mahadevapura,Mahadevapura,174,174 - Mahadevapura,RO- Marathahalli,ARO- Garudacharpalya,2.879,20959,11560,9399,13,92.2,2,63.8,44.17,15.34,17,0,,3,0.0089,0.42,1,28.0,0.1368,0,0.0,4.75,1,0,1,1.43,0.0,5.84,7.27,2.52,13,3,0.14,30.0,1,0,0,0,0,Hoodi; Kaveri Nagara; Sitaramapalya,B N Nithish Purushotham,INC,muni raddyh,9480684748,Ram Chadra,9480685984,Garudachar Playa (90.8%); Hudi (9%),Scheduled Caste
East-35,35,Garudachar Palya,ಗರುಡಾಚಾರ್ ಪಾಳ್ಯ,East,Zone1,Mahadevapura,Mahadevapura,174,174 - Mahadevapura,RO- Marathahalli,ARO- Garudacharpalya,1.309,20983,11770,9213,6,100.0,1,23.5,25.33,19.35,17,0,,1,0.0028,0.13,1,68.9,0.0356,0,0.0,2.72,1,0,0,0.58,0.66,1.97,3.21,2.45,10,2,0.1,77.0,1,0,0,0,0,B Chikkanna Layout; Garudacharpalya; Maheshwari Nagar; RHB Colony,B N Nithish Purushotham,INC,muni raddyh,9480684748,Ram Chadra,9480685984,Garudachar Playa (99.9%),"Backward Class ""B"""
East-36,36,Bharath Aikya Ward,ಭಾರತ್ ಐಕ್ಯ ವಾರ್ಡ್,East,Zone1,Mahadevapura,Mahadevapura,174,174 - Mahadevapura,RO- Marathahalli,ARO- Doddane Kundi,3.931,19498,10573,8926,15,93.8,3,51.7,64.34,16.37,6,0,29.1,3,0.0053,0.27,2,65.5,0.0473,0,0.0,1.2,0,0,0,0.0,0.94,5.73,6.67,1.7,7,1,0.05,3.2,0,0,0,0,0,AECS Layout A Block; Ashraya Layout; Channama Layout; EPIP Zone; Green Domain Layout,Shwetha Vijayakumar,BJP,Srimath Swayamprabh,9480685321,basava achary,9845768187,Dodda Nekkundi (73.7%); Garudachar Playa (26.3%),General (Women)
East-37,37,Kundalahalli,ಕುಂದಲಹಳ್ಳಿ,East,Zone1,Mahadevapura,Mahadevapura,174,174 - Mahadevapura,RO- Bellanduru,ARO- Varthur,5.644,18217,9641,8576,14,87.2,0,17.9,82.46,14.61,16,1,19.1,7,0.0284,1.56,2,41.6,0.2263,15,0.0051,4.1,1,0,0,0.0,5.66,6.82,12.48,2.21,10,3,0.16,,0,0,0,0,0,GJM Sai Garden Layout; Kundalahalli; Meenakshi Layout; Siddapura; Thubarahalli; Thubarahalli Palya,Shwetha Vijayakumar,BJP,Srimath Swayamprabh,9480685321,basava achary,9845768187,Dodda Nekkundi (58.6%); Hagadur (39.4%); Varthuru (2%),General (Women)
East-38,38,Whitefield,ವೈಟ್‌ಫೀಲ್ಡ್,East,Zone1,Mahadevapura,Mahadevapura,174,174 - Mahadevapura,RO- Hoodi,ARO- Whitefield,4.445,20265,10389,9876,13,91.3,0,,76.03,17.1,18,1,24.4,3,0.0146,0.72,1,51.4,0.0671,6,0.0036,1.59,3,0,1,2.78,3.97,11.89,18.65,4.19,10,2,0.1,,0,0,0,0,0,R. Narayanapura; Ramagondanahalli; Sai Layout; Whitefield,S Uday Kumar,INC,madhu sudhan,9480683523,Ram Chadra,9480685984,Hagadur (99.5%),"Backward Class ""A"""
East-39,39,Hagaduru,ಹಗದೂರು,East,Zone1,Mahadevapura,Mahadevapura,174,174 - Mahadevapura,RO- Hoodi,ARO- Whitefield,5.792,15105,7936,7169,14,73.7,0,,56.81,9.81,15,0,2.0,3,0.0059,0.39,0,0.7,0.0063,37,0.0064,0.22,0,0,0,3.88,7.26,13.23,24.37,4.21,9,4,0.26,,0,0,0,0,0,Brooke Bond; Hagaduru; Immadihalli; Kaithota; Narayanappa Gardens; Sorahunase; Vinayaka Layout; Vinayakanagar,S Uday Kumar,INC,madhu sudhan,9480683523,Ram Chadra,9480685984,Hagadur (69%); Varthuru (30.7%),General (Women)
East-40,40,Varthur,ವರ್ತೂರು,East,Zone1,Mahadevapura,Mahadevapura,174,174 - Mahadevapura,RO- Bellanduru,ARO- Varthur,9.141,20908,10720,10188,23,61.5,0,,81.6,8.93,20,0,,1,0.0074,0.35,0,1.4,1.6723,31,0.0226,18.54,1,0,0,7.62,6.29,18.13,32.04,3.5,17,3,0.14,,0,1,0,0,0,Gandhi Circle; Madhuranagara; Ramaswami Layout; Varthur; Varthur Kodi,Pushpa Manjunath,BJP,madhu sudhan,9480683523,Ram Chadra,9480685984,Varthuru (99.2%); Hagadur (0.5%),"Backward Class ""A"" (Women)"
East-41,41,Munnenkolalu,ಮುನ್ನೇನಕೊಳಲು,East,Zone1,Mahadevapura,Mahadevapura,174,174 - Mahadevapura,RO- Marathahalli,ARO- Munnekolalu,2.481,20977,11891,9086,7,97.4,0,,57.01,22.98,15,0,2.5,4,0.013,0.62,0,0.3,0.0,2,0.0187,0.75,1,0,1,1.29,0.06,12.73,14.08,5.68,11,1,0.05,35.9,0,0,0,0,0,Gandhi Nagar; MSR Layout; Munekolala; P R Layout,Pushpa Manjunath,BJP,madhu sudhan,9480683523,Ram Chadra,9480685984,Varthuru (71.8%); Bellanduru (28.1%),General
East-42,42,Priyadarshini Ward,ಪ್ರಿಯದರ್ಶಿನಿ ವಾರ್ಡ್,East,Zone1,Mahadevapura,Mahadevapura,174,174 - Mahadevapura,RO- Marathahalli,ARO- Munnekolalu,1.594,16847,8595,8253,5,100.1,0,,37.74,23.68,12,3,90.6,6,0.0254,1.51,2,81.7,0.0793,1,0.0001,4.98,1,0,0,0.0,0.0,4.91,4.91,3.08,5,1,0.06,33.9,0,0,0,0,0,AECS Layout; AECS Layout B Block; AECS Layout D Block; Brookefield; Chinnappanahalli; Maruthi Layout; Silver Springs Layout; Vaikuntam Layout,Shwetha Vijayakumar,BJP,Srimath Swayamprabh,9480685321,basava achary,9845768187,Dodda Nekkundi (100%),General
East-43,43,Dodda Nekkundi,ದೊಡ್ಡ ನೆಕ್ಕುಂಡಿ,East,Zone1,Mahadevapura,Mahadevapura,174,174 - Mahadevapura,RO- Marathahalli,ARO- Doddane Kundi,3.636,16961,8921,8040,8,90.0,0,5.2,71.36,19.63,18,3,60.6,6,0.0034,0.2,1,17.2,0.3976,1,0.0032,11.02,1,0,0,2.49,0.02,9.73,12.24,3.37,7,1,0.06,10.2,0,0,0,0,0,Ambedkar Colony; Doddanekundi; Ferns Habitat; Karthik Nagar; LRDE Layout; Shamanna Reddy Layout; Wasa Layout,Shwetha Vijayakumar,BJP,Srimath Swayamprabh,9480685321,basava achary,9845768187,Dodda Nekkundi (96.5%); Garudachar Playa (3.2%),General (Women)
East-44,44,Ashwath Nagar,ಅಶ್ವಥ್ ನಗರ,East,Zone1,Mahadevapura,Mahadevapura,174,174 - Mahadevapura,RO- Marathahalli,ARO- Marathahalli,1.271,15851,8359,7491,14,89.6,0,,27.15,21.36,14,0,28.0,3,0.0266,1.68,0,2.9,0.0,0,0.0,0.0,0,0,0,0.39,0.0,6.1,6.49,5.11,10,3,0.19,65.1,2,0,0,0,0,Ananda Nagara; Ashwath Nagar; Sanjay Nagar,Shwetha Vijayakumar,BJP,Srimath Swayamprabh,9480685321,basava achary,9845768187,Dodda Nekkundi (52.8%); Marathahalli (47.2%),General (Women)
East-45,45,Marathahalli,ಮಾರತಹಳ್ಳಿ,East,Zone1,Mahadevapura,Mahadevapura,174,174 - Mahadevapura,RO- Marathahalli,ARO- Marathahalli,0.998,17823,10496,7327,6,96.8,0,,25.03,25.07,5,0,,1,0.0007,0.04,0,,0.0,0,0.0,0.0,1,0,0,0.6,0.0,4.21,4.81,4.82,7,2,0.11,92.1,2,0,0,0,0,Marathahalli,Ramesh,Independent,kodhada,9480685238,Ram Chadra,9480685984,Marathahalli (82.5%); Bellanduru (17.5%),General
East-46,46,Yamalur,ಯಮಲೂರು,East,Zone1,Mahadevapura,Mahadevapura,174,174 - Mahadevapura,RO- Bellanduru,ARO- Bellanduru,7.046,17526,9949,7577,7,48.8,0,,50.1,7.11,16,0,1.2,4,0.0071,0.4,0,0.2,2.6974,2,0.0022,38.31,0,0,0,8.91,0.86,14.79,24.56,3.49,8,7,0.4,4.2,0,0,0,0,0,Belur Nagasandra; Belure Ambedkar Nagar; Challaghatta; Kempapura; Yemaluru,N Asha Suresh,BJP,kodhada,9480685238,Ram Chadra,9480685984,Bellanduru (79.8%); Marathahalli (20.1%),General (Women)
East-47,47,Bellanduru,ಬೆಳ್ಳಂದೂರು,East,Zone1,Mahadevapura,Mahadevapura,174,174 - Mahadevapura,RO- Bellanduru,ARO- Bellanduru,1.911,16685,9216,7469,10,88.6,0,,36.72,19.21,8,0,15.8,0,0.0,0.0,0,32.6,0.0154,2,0.0283,2.28,0,0,0,0.48,1.33,6.43,8.25,4.32,10,1,0.06,56.0,2,0,0,0,0,Bellanduru; Green Glen Layout,N Asha Suresh,BJP,kodhada,9480685238,Ram Chadra,9480685984,Bellanduru (100%),General
East-48,48,Panathur,ಪಣತ್ತೂರು,East,Zone1,Mahadevapura,Mahadevapura,174,174 - Mahadevapura,RO- Bellanduru,ARO- Gunjur,8.65,14766,8426,6340,24,79.8,0,,95.46,11.03,22,0,,6,0.0158,1.07,3,34.0,0.1693,4,0.0126,2.1,3,0,0,2.75,9.05,16.48,28.28,3.27,16,5,0.34,9.3,0,1,0,0,0,Balagere; Bhoganahalli; JCR Layout; Kaadubeesanahalli; Kariyammana Agrahara; Kaverappa Layout; Panathur; Panathur Dinne,Pushpa Manjunath,BJP,madhu sudhan,9480683523,Ram Chadra,9480685984,Varthuru (57.4%); Bellanduru (39.8%); Marathahalli (2.8%),Scheduled Caste
East-49,49,Shivanasamudra Ward,ಶಿವನಸಮುದ್ರ ವಾರ್ಡ್,East,Zone1,Mahadevapura,Mahadevapura,174,174 - Mahadevapura,RO- Bellanduru,ARO- Gunjur,4.569,15012,8198,6814,14,92.0,0,,82.87,18.14,5,0,5.2,5,0.0048,0.32,2,54.2,0.2686,0,0.0,5.88,1,0,0,2.37,5.02,13.41,20.8,4.55,7,2,0.13,34.7,1,0,0,0,1,Devarabeesanahalli,N Asha Suresh,BJP,kodhada,9480685238,Ram Chadra,9480685984,Bellanduru (99.9%),General (Women)
East-50,50,Gunjur,ಗುಂಜೂರು,East,Zone1,Mahadevapura,Mahadevapura,174,174 - Mahadevapura,RO- Bellanduru,ARO- Gunjur,12.723,15085,7755,7330,29,62.9,0,,94.13,7.4,18,0,,4,0.0112,0.74,5,32.5,0.7713,27,0.0134,6.17,1,0,0,1.61,11.18,23.79,36.58,2.88,26,5,0.33,,0,0,0,0,0,Carmelaram; Chikkabellanduru; Doddakannalli; Gunjur; Gunjur Hosahalli; Gunjur Palya,Pushpa Manjunath,BJP,madhu sudhan,9480683523,Ram Chadra,9480685984,Varthuru (80%); Bellanduru (19.8%),"Backward Class ""A"""
North-1,1,Raja Kempegowda ward,ರಾಜ ಕೆಂಪೇಗೌಡ ವಾರ್ಡ್,North,Zone2,Yelahanka,Yelahanka,150,150 - Yelahanka,RO- Yelahanka,ARO- Yelahanka Old Town,1.797,21561,11217,10344,14,96.4,0,,35.86,19.95,20,0,11.9,1,0.0272,1.26,0,31.0,0.0025,1,0.0039,0.36,0,0,0,0.95,0.0,3.44,4.39,2.44,18,6,0.28,90.4,6,0,1,0,0,Gandhinagar; Surabhi Layout; Yelahanka,Chandramma,BJP,Prabhakar,9448857125,Vijay Venkatesh,9448084618,Kempegowda Ward (72.8%); Chowdeswari Ward (27.2%),"Backward Class ""B"""
North-2,2,Aerocity,ಏರೋಸಿಟಿ,North,Zone2,Yelahanka,Yelahanka,150,150 - Yelahanka,RO- Yelahanka,ARO- Yelahanka Old Town,10.247,20655,10844,9810,26,59.0,0,,104.45,10.19,21,0,,4,0.0832,4.03,1,13.9,1.0612,8,0.0128,10.48,2,0,1,5.35,2.33,16.68,24.35,2.38,23,6,0.29,34.3,5,0,1,0,1,Maruthi Nagara; Venkatala,Chandramma,BJP,Prabhakar,9448857125,Vijay Venkatesh,9448084618,Kempegowda Ward (93.2%); Jakkuru (6.3%),"Backward Class ""B"" (Women)"
North-3,3,Chowdeshwari ward,ಚೌಡೇಶ್ವರಿ ವಾರ್ಡ್,North,Zone2,Yelahanka,Yelahanka,150,150 - Yelahanka,RO- Yelahanka,ARO- Yelahanka Old Town,6.423,26795,14502,12281,14,83.4,0,,87.99,13.7,19,1,9.9,0,0.0,0.0,0,6.6,0.3614,1,0.0005,5.63,0,0,0,2.08,1.27,11.59,14.94,2.33,12,9,0.34,32.8,2,0,0,0,0,Ferrar Nagar; KEB Layout; Kenchenahalli; Puttenahalli,R Padmavathi,INC,Prabhakar,9448857125,Vijay Venkatesh,9448084618,Chowdeswari Ward (84.5%); Atturu (15%),"Backward Class ""A"" (Women)"
North-4,4,Nyayanga Badavane,ನ್ಯಾಯಾಂಗ ಬಡಾವಣೆ,North,Zone2,Yelahanka,Yelahanka,150,150 - Yelahanka,RO- Yelahanka,ARO- Yelahanka Satellite Town,2.549,20006,10561,9446,16,97.5,0,,51.52,20.21,18,4,88.5,2,0.0119,0.59,2,43.0,0.1486,3,0.001,5.87,1,0,1,2.0,1.37,12.41,15.79,6.19,8,10,0.5,59.1,1,1,0,0,0,Judicial Layout,Sathish M,BJP,rabhakar M Dhareshwa,9480683062,Narayana Swamy,9845549235,Yelahanka Satellite Town (100%),Scheduled Caste
North-5,5,Yelahanka Satellite Town,ಯಲಹಂಕ ಸ್ಯಾಟಲೈಟ್‌ ಟೌನ್‌,North,Zone2,Yelahanka,Yelahanka,150,150 - Yelahanka,RO- Yelahanka,ARO- Yelahanka Satellite Town,2.904,29889,15351,14528,17,96.2,0,,68.38,23.55,28,31,96.0,11,0.0452,1.51,0,26.7,0.0,1,0.0048,0.16,0,0,1,0.0,0.04,6.95,6.99,2.41,34,6,0.2,90.8,6,1,0,0,0,4th Phase; Chikkabommasandra; LIG 3rd Stage; Mathru Layout; Sector A; Sector B; Sharadhanagar; Yelahanka New Town,Sathish M,BJP,rabhakar M Dhareshwa,9480683062,Narayana Swamy,9845549235,Yelahanka Satellite Town (70.5%); Atturu (29.5%),General
North-6,6,Doddabettahalli,ದೊಡ್ಡಬೆಟ್ಟಹಳ್ಳಿ,North,Zone2,Yelahanka,Yelahanka,150,150 - Yelahanka,RO- Yelahanka,ARO- Attur,5.079,29553,15685,13868,22,90.4,0,,89.99,17.72,40,17,32.5,0,0.0,0.0,2,36.7,0.4301,1,0.0001,8.47,0,0,1,0.0,2.07,10.67,12.74,2.51,32,7,0.24,39.8,1,0,0,0,0,5th Phase; Anantapura; Bestcounty2; CQAL Layout; Doddabettahalli; Isaac Layout; Sector 3; Vinayaka Layout,Nethra Pallavi,BJP,rabhakar M Dhareshwa,9480683062,Narayana Swamy,9845549235,Atturu (87.8%); Chowdeswari Ward (11.4%),Scheduled Tribes
North-7,7,Attur,ಅಟ್ಟುರು,North,Zone2,Yelahanka,Yelahanka,150,150 - Yelahanka,RO- Yelahanka,ARO- Attur,2.525,26922,13982,12940,15,100.1,0,,62.61,24.79,7,0,48.3,2,0.0053,0.2,0,22.9,0.0,2,0.0076,0.3,0,0,0,0.0,0.0,2.93,2.93,1.16,21,6,0.22,46.8,1,0,0,0,0,AMS Layout; Adithyanagara; Akshaya Nagar; Attur Layout; Atturu; Kaveri Layout; Tirumala Nagar,Nethra Pallavi,BJP,rabhakar M Dhareshwa,9480683062,Narayana Swamy,9845549235,Atturu (100%),"Backward Class ""A"" (Women)"
North-8,8,Singapura,ಸಿಂಗಾಪುರ,North,Zone1,Byatarayanapura,Byatarayanapura,152,152 - Byatarayanapura,RO- Bytarayanapura,ARO- Vidyaranyapura,2.441,24794,12624,12170,17,96.7,0,,55.77,22.85,21,4,52.5,2,0.0185,0.75,2,70.9,0.2383,0,0.0,9.76,0,0,0,1.67,0.88,2.8,5.35,2.19,19,7,0.28,46.8,2,0,0,0,0,HMT Colony; MS Palaya; Narasipura Layout; Singapura; Vaishnavi Layout; Vidyaranyapura; Vinayaka Nagara,V Prathibha Rajan,INC,Srinivas,9480683409,Nagraj,9742862114,Kuvempu Nagar (74.9%); Vidyaranyapura (25.1%),General (Women)
North-9,9,Kuvempunagara,ಕುವೆಂಪುನಗರ,North,Zone1,Byatarayanapura,Byatarayanapura,152,152 - Byatarayanapura,RO- Bytarayanapura,ARO- Vidyaranyapura,5.476,25815,13091,12723,28,87.7,0,,81.61,14.9,18,0,25.7,9,0.1543,5.98,0,14.2,0.0,0,0.0,0.0,1,0,0,1.74,2.05,4.84,8.64,1.58,19,6,0.23,36.4,1,0,0,0,0,Kammagondanahalli; Kuvempu Nagar 1st Stage; Kuvempu Nagar 2nd Stage,V Prathibha Rajan,INC,Srinivas,9480683409,Nagraj,9742862114,Kuvempu Nagar (98%); Dodda Bommasandra (1.5%),Scheduled Caste
North-10,10,Vidyaranyapura,ವಿದ್ಯಾರಣ್ಯಪುರ,North,Zone1,Byatarayanapura,Byatarayanapura,152,152 - Byatarayanapura,RO- Bytarayanapura,ARO- Vidyaranyapura,1.746,24887,12633,12254,11,100.1,0,,46.2,26.46,28,7,95.6,1,0.0023,0.09,1,83.5,0.0694,0,0.0,3.98,0,0,1,0.0,1.86,5.44,7.29,4.18,14,1,0.04,96.0,3,1,0,0,0,BEL Layout; Chamundeshwari Layout; Gurudarshan Layout; HMT Layout; Nanjappa Layout; Ramanna Gardens,Kusuma H,BJP,Srinivas,9480683409,Nagraj,9742862114,Vidyaranyapura (71.7%); Dodda Bommasandra (28.3%),General (Women)
North-11,11,Doddabommasandra,ದೊಡ್ಡಬೊಮ್ಮಸಂದ್ರ,North,Zone1,Byatarayanapura,Byatarayanapura,152,152 - Byatarayanapura,RO- Bytarayanapura,ARO- Kodigehalli,4.205,25941,13423,12518,23,94.1,0,,78.9,18.76,27,0,45.6,1,0.0427,1.64,1,16.3,0.4147,2,0.0163,10.25,0,0,0,0.0,4.24,6.4,10.64,2.53,20,2,0.08,81.1,3,0,0,0,0,BEL Colony; Doddabomasandra,Jayalakshmi Pillappa,BJP,Srinivas,9480683409,Nagraj,9742862114,Dodda Bommasandra (85.8%); Vidyaranyapura (14.1%),General (Women)
North-12,12,Thindlu,ತಿಂಡ್ಲು,North,Zone1,Byatarayanapura,Byatarayanapura,152,152 - Byatarayanapura,RO- Bytarayanapura,ARO- Kodigehalli,7.4,24289,12524,11765,14,83.1,0,,114.98,15.54,13,0,24.5,10,0.1065,4.38,0,11.4,0.0,5,0.0041,0.05,1,0,0,0.0,1.6,12.92,14.53,1.96,7,3,0.12,36.4,2,1,0,0,0,Canara Bank Layout; Rajiv Gandhi Nagar; Thindlu,Kusuma H,BJP,Srinivas,9480683409,Nagraj,9742862114,Vidyaranyapura (100%),"Backward Class ""B"""
North-13,13,Kodigehalli,ಕೊಡಿಗೆಹಳ್ಳಿ,North,Zone1,Byatarayanapura,Byatarayanapura,152,152 - Byatarayanapura,RO- Bytarayanapura,ARO- Kodigehalli,1.345,28244,14946,13298,16,100.1,0,,35.99,26.76,21,1,90.6,1,0.0064,0.23,0,0.2,0.0,0,0.0,0.0,1,0,3,0.74,2.16,3.39,6.28,4.67,11,6,0.21,92.7,3,0,0,0,0,Tatanagar,Chethan K M,INC,Rajanikanth Malli,9449564830,Bheema Shankar,9731124931,Kodigehalli (100%),General
North-14,14,Rajiv Gandhi Nagar,ರಾಜೀವ್ ಗಾಂಧಿ ನಗರ,North,Zone1,Byatarayanapura,Byatarayanapura,152,152 - Byatarayanapura,RO- Bytarayanapura,ARO- Bytarayanapura,2.887,20148,10579,9569,16,87.2,0,,52.55,18.2,16,5,76.6,0,0.0,0.0,1,45.4,0.5223,1,0.0005,18.11,0,1,1,1.99,1.16,5.58,8.73,3.03,11,4,0.2,77.6,2,0,0,0,0,Badrappa Layout; Maruthi Nagara; Papanna Layout; Sahakaranagara; Sarovara Layout,Chethan K M,INC,Rajanikanth Malli,9449564830,Bheema Shankar,9731124931,Kodigehalli (63.2%); Byatarayanapura (36.8%),General
North-15,15,Byatarayanapura,ಬ್ಯಾಟರಾಯನಪುರ,North,Zone1,Byatarayanapura,Byatarayanapura,152,152 - Byatarayanapura,RO- Bytarayanapura,ARO- Bytarayanapura,5.084,28870,14792,14079,38,89.4,0,,99.4,19.55,21,6,70.4,13,0.0513,1.78,0,19.5,0.0023,0,0.0,0.04,0,0,0,0.0,2.0,9.69,11.68,2.3,12,4,0.14,53.2,5,2,0,0,0,Amruthnagar; Buvaneswari Nagara; Byatarayanapura; Defence Layout; Jakkur Plantation; Kodigehalli; Yashoda Nagar,P V Manjunath,INC,Rajanikanth Malli,9449564830,Bheema Shankar,9731124931,Byatarayanapura (83.4%); Kodigehalli (12.8%); Thanisandra (3.8%),"Backward Class ""A"""
North-16,16,Amruthahalli,ಅಮೃತಹಳ್ಳಿ,North,Zone1,Byatarayanapura,Byatarayanapura,152,152 - Byatarayanapura,RO- Thanisandra,ARO- Jakkur,1.314,21732,11520,10213,16,99.4,0,,28.78,21.89,14,0,92.7,0,0.0,0.0,1,95.7,0.0823,0,0.0,6.26,0,0,0,0.0,0.0,2.57,2.57,1.96,10,8,0.37,62.3,0,0,0,0,0,Amrutahalli; Jakkur Layout,P V Manjunath,INC,Rajanikanth Malli,9449564830,Bheema Shankar,9731124931,Byatarayanapura (99.8%),"Backward Class ""A"""
North-17,17,Jakkur,ಜಕ್ಕೂರು,North,Zone1,Byatarayanapura,Byatarayanapura,152,152 - Byatarayanapura,RO- Thanisandra,ARO- Jakkur,7.798,28519,14972,13547,39,93.6,0,,154.97,19.87,35,2,41.8,7,0.02,0.7,2,36.8,0.9365,2,0.0016,12.03,1,0,0,5.56,7.17,9.18,21.92,2.81,27,6,0.21,1.1,0,0,0,0,0,Arkavathy Layout; Arkavathy Layout 1st Block; Arkavathy Layout 4th Block; Arkavathy Layout 7th Block; Arkavathy Layout 8th Block; Dasarahalli; Dr. Shivaram Karanth Nagar; GKVK Layout; Jakkur; MCECHS Layout; MCHS Layout; Rachenahalli; Srirampura; Telecom Layout,K Munindra Kumar,BJP,Maralusiddaiah,9480684553,Sathish Kumar,9844753625,Jakkuru (47.3%); Thanisandra (43.2%); Byatarayanapura (9.6%),General (Women)
North-18,18,Kempapura,ಕೆಂಪಾಪುರ,North,Zone1,Byatarayanapura,Byatarayanapura,152,152 - Byatarayanapura,RO- Thanisandra,ARO- Thanisandra,5.306,28936,15396,13540,31,96.0,0,,112.09,21.12,19,1,38.9,5,0.0137,0.47,1,3.3,0.3059,1,0.0013,5.79,6,0,2,5.64,0.55,13.03,19.23,3.62,19,4,0.14,38.6,4,0,0,0,1,Coffee Board Layout; Fatima Layout; Jogappa Layout; Kempapura; Saraipalya,P V Manjunath,INC,Rajanikanth Malli,9449564830,Bheema Shankar,9731124931,Byatarayanapura (50.1%); Thanisandra (49.9%),General (Women)
North-19,19,Thanisandra,ಥಣಿಸಂದ್ರ,North,Zone1,Byatarayanapura,Byatarayanapura,152,152 - Byatarayanapura,RO- Thanisandra,ARO- Thanisandra,2.725,28159,14879,13281,16,99.8,0,,69.88,25.65,29,0,0.1,1,0.0015,0.06,0,0.9,0.0,0,0.0,0.0,0,0,1,0.7,1.7,5.68,8.08,2.96,28,3,0.11,13.5,0,0,0,0,0,Arkavathy Layout 11th Block; Arkavathy Layout 16th Block; Ashwath Nagar; Thanisandra,Mamatha K M,INC,Maralusiddaiah,9480684553,Sathish Kumar,9844753625,Thanisandra (100%),"Backward Class ""A"""
North-20,20,Sampigehalli,ಸಂಪಿಗೆಹಳ್ಳಿ,North,Zone1,Byatarayanapura,Byatarayanapura,152,152 - Byatarayanapura,RO- Thanisandra,ARO- Kogilu,8.779,28461,14733,13727,26,87.8,0,,155.78,17.74,36,0,11.2,11,0.092,3.23,4,55.8,0.2387,10,0.0122,2.86,0,0,0,3.11,4.75,14.97,22.83,2.6,40,10,0.35,34.4,3,1,0,0,0,Arkavathy Layout 3rd Block; Arkavathy Layout 6th Block; Chokkanahalli; R K Hegde Nagara; Sampigehalli; Shabarinagara; Shirdi Sai Nagara; Venkateshapura,K Munindra Kumar,BJP,Maralusiddaiah,9480684553,Sathish Kumar,9844753625,Jakkuru (87.9%); Thanisandra (12.1%),General
North-21,21,Kogilu,ಕೋಗಿಲು,North,Zone1,Byatarayanapura,Byatarayanapura,152,152 - Byatarayanapura,RO- Thanisandra,ARO- Kogilu,11.434,28728,15084,13643,33,83.6,0,,174.54,15.26,25,0,,3,0.0407,1.42,5,46.9,0.4903,23,0.0089,4.37,0,0,0,0.0,5.52,10.98,16.5,1.44,38,16,0.56,59.8,8,0,0,0,0,Dwaraka Nagar; Fakir Colony; Kogilu; Palanahalli; Prakruthi Nagar; Waseem Layout,K Munindra Kumar,BJP,Maralusiddaiah,9480684553,Sathish Kumar,9844753625,Jakkuru (99.7%),"Backward Class ""A"" (Women)"
North-22,22,Nagavara,ನಾಗವಾರ,North,Zone1,Byatarayanapura,Sarvagnanagar,160,160 - Sarvagnanagar,RO- HBR Layout,ARO- HBR Layout,0.96,20153,10354,9799,7,100.1,0,,24.41,25.42,10,0,55.1,3,0.02,0.99,0,,0.0,0,0.0,0.0,1,0,0,0.0,0.0,0.0,0.0,0.0,16,6,0.3,9.3,0,1,0,0,0,Govindapura; Virannapalya,Irshad Begum,INC,Anand,9341224401/948068429,Narayan,9480684015,Nagavara (90.1%); HBR Layout (9.9%),General
North-23,23,Hennur,ಹೆಣ್ಣೂರು,North,Zone1,Byatarayanapura,Sarvagnanagar,160,160 - Sarvagnanagar,RO- HBR Layout,ARO- HBR Layout,1.928,21706,11282,10424,17,100.1,0,,47.53,24.66,23,0,43.3,1,0.0052,0.24,0,0.0,0.0,1,0.0007,0.04,2,0,0,2.26,2.16,4.29,8.7,4.51,29,3,0.14,40.8,1,0,0,0,0,HBR Layout 4th Block; HBR Layout 5th Block; Nagavara; Telecom Layout 10th Block,P Anand,INC,Anand,9341224401/948068429,Narayan,Narayan,HBR Layout (100%),General
North-24,24,HBR Layout,ಎಚ್.ಬಿ.ಆರ್. ಲೇಔಟ್,North,Zone1,Byatarayanapura,Sarvagnanagar,160,160 - Sarvagnanagar,RO- HBR Layout,ARO- HBR Layout,1.783,20380,10367,10013,12,100.1,0,,48.26,27.06,18,4,87.5,2,0.0077,0.38,0,14.7,0.0105,2,0.0115,1.23,0,0,0,1.71,0.95,1.54,4.19,2.35,13,5,0.25,4.6,0,1,0,0,0,Grace Town; HBR Layout; HBR Layout 3rd Block; Hennur; Hennur Gardens,P Anand,INC,Anand,9341224401/948068429,Narayan,Narayan,HBR Layout (98.3%); Horamavu (1.6%),"Backward Class ""A"""
North-25,25,Govindapura,ಗೋವಿಂದಪುರ,North,Zone1,Byatarayanapura,Sarvagnanagar,160,160 - Sarvagnanagar,RO- HBR Layout,ARO- K.G Halli,0.563,21432,10935,10497,4,100.1,0,,18.63,33.1,18,0,98.6,0,0.0,0.0,0,,0.0,0,0.0,0.0,0,0,1,0.0,0.79,0.0,0.79,1.4,18,6,0.28,1.0,0,0,0,0,0,Rashad Nagar,Irshad Begum,INC,Anand,9341224401/948068429,Narayan,9480684015,Nagavara (100%),General
North-26,26,Samadhana Nagar,ಸಮಾಧಾನ ನಗರ,North,Zone1,Byatarayanapura,Sarvagnanagar,160,160 - Sarvagnanagar,RO- HBR Layout,ARO- K.G Halli,0.573,20684,10591,10093,4,100.1,0,,16.02,27.97,16,0,78.1,0,0.0,0.0,0,,0.0,0,0.0,0.0,0,0,1,0.0,0.84,0.0,0.84,1.46,11,4,0.19,60.9,0,0,0,0,0,,Irshad Begum,INC,Anand,9341224401/948068429,Narayan,9480684015,Nagavara (95.9%); Kadugondanahalli (4.1%),General (Women)
North-27,27,K.G.Halli,ಕೆ.ಜಿ.ಹಳ್ಳಿ,North,Zone1,Byatarayanapura,Sarvagnanagar,160,160 - Sarvagnanagar,RO- HBR Layout,ARO- K.G Halli,0.399,28238,14456,13982,2,100.1,0,,14.83,37.12,24,0,100.1,0,0.0,0.0,0,,0.0,0,0.0,0.0,0,0,1,0.0,0.0,0.0,0.0,0.0,17,3,0.11,29.0,0,0,0,0,0,Kadugondanahalli,Noushir Ahmad,INC,Anand,9341224401/948068429,Pradeep Rathod,9480685434,Kadugondanahalli (77%); Nagavara (23%),General (Women)
North-28,28,Venkateshpuram,ವೆಂಕಟೇಶಪುರಂ,North,Zone1,Byatarayanapura,Sarvagnanagar,160,160 - Sarvagnanagar,RO- HBR Layout,ARO- Kacharakanahalli,0.363,22028,11040,10989,5,100.1,0,,11.98,32.97,21,2,100.1,0,0.0,0.0,0,,0.0,0,0.0,0.0,0,0,0,0.0,0.56,0.0,0.56,1.55,18,2,0.09,99.5,0,0,0,0,0,Pillana Garden; Postal and Telecom Colony,Noushir Ahmad,INC,Anand,9341224401/948068429,Pradeep Rathod,9480685434,Kadugondanahalli (100%),General
North-29,29,Lingarajpura,ಲಿಂಗರಾಜಪುರ,North,Zone1,Byatarayanapura,Sarvagnanagar,160,160 - Sarvagnanagar,RO- HBR Layout,ARO- Kacharakanahalli,0.924,26438,13202,13236,9,100.1,0,,24.08,26.07,16,0,66.5,3,0.0314,1.19,0,34.5,0.0002,1,0.0004,0.06,0,0,1,1.08,2.21,0.0,3.29,3.56,19,3,0.11,30.1,0,0,0,0,0,HRBR Layout 1st Block; Kariyannanapalya; Saitpalya,P Anand,INC,Anand,9341224401/948068429,Narayan,Narayan,HBR Layout (48.3%); Lingarajapura (45.9%); Kacharkanahalli (5.8%),"Backward Class ""B"""
North-30,30,Kacharakanahalli,ಕಾಚರಕನಹಳ್ಳಿ,North,Zone1,Byatarayanapura,Sarvagnanagar,160,160 - Sarvagnanagar,RO- HBR Layout,ARO- Kacharakanahalli,1.415,21873,11041,10831,28,100.1,0,,45.57,32.19,19,4,100.1,0,0.0,0.0,0,8.0,0.0,0,0.0,0.0,1,0,0,0.29,1.17,0.19,1.65,1.17,19,1,0.05,2.2,0,0,0,0,0,HRBR Layout 2nd Block; HRBR Layout 3rd Block; Kacharakanahalli,Padmanabha Reddy,BJP,SHASHIDHAR,9448153974,Narayan,Narayan,Kacharkanahalli (72.9%); HBR Layout (27.1%),General (Women)
North-31,31,Kalyan Nagar,ಕಲ್ಯಾಣ ನಗರ,North,Zone1,Byatarayanapura,Sarvagnanagar,160,160 - Sarvagnanagar,RO- Maruthi Sevanagar,ARO- Banaswadi,1.454,23746,11942,11804,20,100.1,0,,45.77,31.47,29,3,88.7,0,0.0,0.0,0,43.8,0.0,0,0.0,0.0,0,1,0,1.96,2.29,3.69,7.94,5.46,12,1,0.04,3.7,0,1,0,0,1,Kalyan Nagar,Kodanda Reddy,BJP,Geetha,9480684062,prakash,9480683104,Banasavadi (87.2%); Kacharkanahalli (12.7%),General (Women)
North-32,32,Banaswadi,ಬಾಣಸವಾಡಿ,North,Zone1,Byatarayanapura,Sarvagnanagar,160,160 - Sarvagnanagar,RO- Maruthi Sevanagar,ARO- Banaswadi,2.014,25077,12718,12360,27,100.1,0,,60.49,30.03,18,3,99.7,1,0.0143,0.57,1,79.9,0.0,0,0.0,0.0,0,0,0,0.31,1.5,6.25,8.05,4.0,9,4,0.16,33.1,0,0,0,0,0,Banaswadi; HRBR Layout 1st Block; OMBR Layout; Vijaya Bank Colony,Kodanda Reddy,BJP,Geetha,9480684062,prakash,9480683104,Banasavadi (100%),"Backward Class ""A"""
North-33,33,HRBR Layout,ಹೆಚ್‌ಆರ್‌ಬಿಆರ್ ಲೇಔಟ್,North,Zone1,Byatarayanapura,Sarvagnanagar,160,160 - Sarvagnanagar,RO- Maruthi Sevanagar,ARO- Banaswadi,0.741,24637,12403,12234,6,100.1,0,,25.58,34.52,25,1,100.1,0,0.0,0.0,0,96.1,0.0,0,0.0,0.0,0,0,0,0.17,0.75,0.28,1.21,1.63,17,0,0.0,,0,0,0,0,0,KFSC Layout; Kammanahalli,Padmanabha Reddy,BJP,SHASHIDHAR,9448153974,Narayan,Narayan,Kacharkanahalli (57.5%); Kammanahalli (27.5%); Banasavadi (9.6%); Lingarajapura (5.4%),"Backward Class ""B"" (Women)"
North-34,34,Subbayanapalya,ಸುಬ್ಬಯ್ಯನಪಾಳ್ಯ,North,Zone1,Byatarayanapura,Sarvagnanagar,160,160 - Sarvagnanagar,RO- Maruthi Sevanagar,ARO- Kammanahalli,0.479,22175,11310,10865,13,100.1,0,,18.15,37.93,19,0,86.3,0,0.0,0.0,1,100.0,0.0,0,0.0,0.0,1,0,0,0.0,0.28,1.74,2.02,4.22,5,2,0.09,,0,0,0,0,0,Jai Jawan Nagar; Ramaswamypalya; Subbayanapalya,Munilakshmamma,BJP,Geetha,9480684062,prakash,9480683104,Kammanahalli (80.6%); Banasavadi (19.4%),General (Women)
North-35,35,Kammanahalli,ಕಮ್ಮನಹಳ್ಳಿ,North,Zone1,Byatarayanapura,Sarvagnanagar,160,160 - Sarvagnanagar,RO- Maruthi Sevanagar,ARO- Kammanahalli,0.513,26646,13448,13198,2,100.1,0,,19.97,38.96,21,0,100.1,0,0.0,0.0,1,100.0,0.0,0,0.0,0.0,0,0,0,1.06,0.21,0.0,1.27,2.49,6,4,0.15,,0,0,0,0,0,,Munilakshmamma,BJP,Geetha,9480684062,prakash,9480683104,Kammanahalli (62.3%); Lingarajapura (37.6%),Scheduled Caste (Women)
North-36,36,Maruthi Seva Nagara,ಮಾರುತಿ ಸೇವಾ ನಗರ,North,Zone1,Byatarayanapura,Sarvagnanagar,160,160 - Sarvagnanagar,RO- Maruthi Sevanagar,ARO- Maruthi Sevanagar,1.198,24347,11743,12604,5,100.1,0,,31.24,26.08,29,3,100.1,0,0.0,0.0,0,40.1,0.0,0,0.0,0.0,0,0,0,0.45,1.57,0.67,2.69,2.24,19,2,0.08,64.0,0,0,0,0,0,Balaji Layout; Cooke Town; D'Costa Square; Lingarajapuram; Maruthi Seva Nagar; St. Thomas Town; Vivekananda Nagar,Hanna Bhuvaneshwari,INC,Geetha,9480684062,Ganesh,9880545707,Maruthi Seva Nagar (72.3%); Lingarajapura (18.4%); Kammanahalli (9.3%),General
North-37,37,Jeevanahalli,ಜೀವನಹಳ್ಳಿ,North,Zone1,Byatarayanapura,Sarvagnanagar,160,160 - Sarvagnanagar,RO- Maruthi Sevanagar,ARO- Maruthi Sevanagar,1.525,28142,14160,13982,10,96.1,0,,29.56,19.38,24,2,85.9,0,0.0,0.0,0,40.2,0.1531,0,0.0,10.03,0,0,0,0.0,1.86,2.67,4.52,2.97,10,2,0.07,4.1,0,0,0,0,0,Heerachand Layout; ITC Colony; Jeevanahalli; MSO Colony; N Thyagaraju Layout; Nagayana Palya; Sathyanagara,Hanna Bhuvaneshwari,INC,Geetha,9480684062,Ganesh,9880545707,Maruthi Seva Nagar (99.6%),Scheduled Caste (Women)
North-38,38,Shampura,ಶಾಂಪುರ,North,Zone1,Byatarayanapura,Pulakeshinagar,159,159 - Pulakeshinagar,RO- Kavalbyrasandra,ARO- Kavalbyrasandra,0.867,21846,11091,10755,10,100.1,0,,25.5,29.42,22,3,100.1,1,0.0008,0.04,0,,0.0,0,0.0,0.0,0,0,0,0.0,1.09,0.0,1.09,1.26,15,3,0.14,86.6,0,0,0,0,0,Adarsh Nagar; Chinnanna Layout; Kaveri Nagar; LR Bande; Shampura,Netra Narayan,JDS,Neelakantaiah,9480685813,majunatha,9480683041,Kaval Bairasandra (100%),General (Women)
North-39,39,Kaval Byrasandra,ಕಾವಲ್ ಬೈರಸಂದ್ರ,North,Zone1,Byatarayanapura,Pulakeshinagar,159,159 - Pulakeshinagar,RO- Kavalbyrasandra,ARO- Kavalbyrasandra,0.726,21965,11183,10781,6,100.1,0,,20.44,28.16,21,0,69.0,1,0.011,0.5,0,,0.0,0,0.0,0.0,0,0,0,0.0,1.61,0.0,1.61,2.22,24,6,0.27,100.1,2,0,0,0,0,Dinnur; Kaval Byrasandra; Munirangappa Layout,Netra Narayan,JDS,Neelakantaiah,9480685813,majunatha,9480683041,Kaval Bairasandra (71.3%); Devara Jeevanahalli (14.9%); Kushal Nagar (7.1%); Muneshwara Nagar (6.7%),General (Women)
North-40,40,Shakthi Nagar,ಶಕ್ತಿ ನಗರ,North,Zone1,Byatarayanapura,Pulakeshinagar,159,159 - Pulakeshinagar,RO- Pulikeshinagar,ARO - Kushal Nagar,0.333,20035,10172,9863,3,100.1,0,,12.62,37.9,13,0,91.4,1,0.001,0.05,0,,0.0,0,0.0,0.0,0,0,0,0.0,0.96,0.0,0.96,2.89,17,5,0.25,100.1,0,0,0,0,0,Kushal Nagar,Umme Salma,JDS,Neelakantaiah,9480685813,Pradeep Rathod,9480685434,Kushal Nagar (93.3%); Muneshwara Nagar (6.7%),"Backward Class ""A"" (Women)"
North-41,41,Periyar Nagar,ಪೆರಿಯಾರ್ ನಗರ,North,Zone1,Byatarayanapura,Pulakeshinagar,159,159 - Pulakeshinagar,RO- Pulikeshinagar,ARO - Kushal Nagar,0.248,19963,9999,9664,0,100.1,0,,8.24,33.26,18,0,100.1,0,0.0,0.0,0,,0.0,0,0.0,0.0,0,0,0,0.0,1.33,0.0,1.33,5.37,10,13,0.65,100.1,0,0,0,0,0,Periyar Nagar,Syed Sazida,INC,Neelakantaiah,9480685813,Br Manjula,9480684337,Muneshwara Nagar (79.7%); Kushal Nagar (20.2%),"Backward Class ""A"" (Women)"
North-42,42,Aruna Asif Ali Ward,ಅರುಣಾ ಆಸಿಫ್ ಅಲಿ ವಾರ್ಡ್,North,Zone1,Byatarayanapura,Pulakeshinagar,159,159 - Pulakeshinagar,RO- Kavalbyrasandra,ARO- Varalakshmi Nagar,0.353,29461,15018,14593,0,100.1,0,,11.85,33.55,31,0,50.1,0,0.0,0.0,0,,0.0,0,0.0,0.0,0,0,0,0.0,1.29,0.0,1.29,3.66,19,19,0.64,100.1,0,0,0,0,0,,Syed Sazida,INC,Neelakantaiah,9480685813,Br Manjula,9480684337,Muneshwara Nagar (50.6%); Devara Jeevanahalli (40.2%); Kushal Nagar (9.2%),Scheduled Caste (Women)
North-43,43,Varalakshmi Nagar,ವರಲಕ್ಷ್ಮಿ ನಗರ,North,Zone1,Byatarayanapura,Pulakeshinagar,159,159 - Pulakeshinagar,RO- Kavalbyrasandra,ARO- Varalakshmi Nagar,1.677,26578,13527,13052,9,94.6,0,,23.57,14.06,19,1,64.3,3,0.2726,10.26,0,,0.0,0,0.0,0.0,0,0,0,0.01,0.9,0.14,1.06,0.63,14,15,0.56,93.0,1,0,0,0,0,Modi Garden,Sampathraj,INC,Shivalinge Gowda,9480683637,Br Manjula,9480684337,Devara Jeevanahalli (58.3%); S K Garden (30%); Kaval Bairasandra (11.7%),General (Women)
North-44,44,Doddanna Nagar,ದೊಡ್ಡಣ್ಣ ನಗರ,North,Zone1,Byatarayanapura,Pulakeshinagar,159,159 - Pulakeshinagar,RO- Pulikeshinagar,ARO- Sagayapuram,0.456,29566,15106,14609,5,99.7,0,,11.92,26.14,21,0,61.3,2,0.0059,0.2,0,,0.0,0,0.0,0.0,0,1,0,0.29,0.08,0.0,0.37,0.82,20,9,0.3,100.0,1,1,0,0,0,Deverajivanahalli,Mohd Zameer Shah,INC,Shivalinge Gowda,9480683637,Ganesh,9880545707,S K Garden (61.9%); Devara Jeevanahalli (30.5%); Muneshwara Nagar (7.5%),Scheduled Caste
North-45,45,Kushal Nagar,ಕುಶಾಲ್ ನಗರ,North,Zone1,Byatarayanapura,Pulakeshinagar,159,159 - Pulakeshinagar,RO- Pulikeshinagar,ARO - Kushal Nagar,0.276,19954,10106,9788,6,100.1,0,,10.67,38.59,18,0,100.1,0,0.0,0.0,0,,0.0,0,0.0,0.0,0,0,0,0.0,0.53,0.0,0.53,1.93,18,1,0.05,100.1,2,0,0,0,0,,Umme Salma,JDS,Neelakantaiah,9480685813,Pradeep Rathod,9480685434,Kushal Nagar (69.8%); Sagayarapuram (26.8%); S K Garden (2.3%); Muneshwara Nagar (1.1%),"Backward Class ""A"""
North-46,46,Sagayapuram,ಸಗಾಯಪುರಂ,North,Zone1,Byatarayanapura,Pulakeshinagar,159,159 - Pulakeshinagar,RO- Pulikeshinagar,ARO- Sagayapuram,0.66,28588,14196,14452,10,100.1,0,,20.9,31.65,25,2,100.1,3,0.0482,1.68,0,0.8,0.0,0,0.0,0.0,0,0,0,0.0,0.26,0.36,0.62,0.93,22,4,0.14,100.1,3,0,0,0,0,New Bagalur Layout; Richards Town; Sagayapura,Elumalai,Independent,Neelakantaiah,9480685813,Ganesh,9880545707,Sagayarapuram (98%); Kushal Nagar (1.7%),Scheduled Caste
North-47,47,Pulakeshi Nagar,ಪುಲಕೇಶಿ ನಗರ,North,Zone1,Byatarayanapura,Pulakeshinagar,159,159 - Pulakeshinagar,RO- Pulikeshinagar,ARO- Pulikeshinagar,1.295,21148,10628,10520,21,100.1,0,,35.4,27.33,23,3,100.1,6,0.0452,2.14,0,18.8,0.0,1,0.0037,0.29,0,1,0,1.08,0.55,0.05,1.69,1.3,37,1,0.05,100.1,6,0,0,0,0,Cleveland Town; Frazer Town; Lazar Layout; Sindhi Colony,A R Zakir,INC,Shivalinge Gowda,9480683637,Ganesh,9880545707,Pulikeshinagar (96.4%); Sagayarapuram (3.6%),"Backward Class ""A"""
North-48,48,S.K Garden,ಎಸ್.ಕೆ. ಗಾರ್ಡನ್,North,Zone1,Byatarayanapura,Pulakeshinagar,159,159 - Pulakeshinagar,RO- Pulikeshinagar,ARO- Pulikeshinagar,0.986,20102,9978,10124,5,100.1,0,,22.26,22.57,13,4,100.1,3,0.0394,1.96,0,,0.0,1,0.0027,0.28,0,0,0,0.73,0.0,0.0,0.73,0.74,7,2,0.1,100.1,3,0,0,0,0,ITI Layout; Pottery Town; SK Garden,Mohd Zameer Shah,INC,Shivalinge Gowda,9480683637,Ganesh,9880545707,S K Garden (51.9%); Pulikeshinagar (48.1%),"Backward Class ""A"""
North-49,49,Jaya Chamarajendra Nagara,ಜಯ ಚಾಮರಾಜೇಂದ್ರ ನಗರ,North,Zone2,Yelahanka,Hebbal,158,158 - Hebbal,RO- R.T Nagar,ARO- R.T Nagar,0.664,25953,13141,12811,8,100.1,0,,23.2,34.94,18,3,100.1,0,0.0,0.0,0,,0.0,0,0.0,0.0,0,0,1,1.58,0.0,0.63,2.21,3.33,16,5,0.19,100.1,6,0,0,0,0,,Ganesh Rao Mane,BJP,Panduranga,9448173839,Br Manjula,9480684337,Jayachamarajendra  Nagar (97.3%); Manorayanapalya (1.7%); Gangenahalli (1%),General
North-50,50,Dinnur,ದಿಣ್ಣೂರು,North,Zone2,Yelahanka,Hebbal,158,158 - Hebbal,RO- R.T Nagar,ARO- R.T Nagar,0.508,27395,14274,13111,4,100.1,0,,16.88,33.21,17,3,100.1,0,0.0,0.0,0,,0.0,0,0.0,0.0,0,0,1,1.31,0.0,0.01,1.32,2.6,14,3,0.11,100.1,1,0,0,0,0,RT Nagar,Abdul Wajid,INC,Panduranga,9448173839,Pradeep Rathod,9480685434,Manorayanapalya (52.4%); Jayachamarajendra  Nagar (47.4%),General
North-51,51,Manorayanapalya,ಮನೋರಾಯನಪಾಳ್ಯ,North,Zone2,Yelahanka,Hebbal,158,158 - Hebbal,RO- R.T Nagar,ARO- Vishwanatha Nagenahalli,0.53,23684,12157,11528,8,100.1,0,,19.2,36.21,19,0,100.1,1,0.0006,0.02,0,,0.0,0,0.0,0.0,0,1,0,0.12,0.0,0.0,0.12,0.23,13,3,0.13,100.1,0,0,0,0,0,Sulthanpalya,Rajashekharan V,JDS,Rudravadi,988665750,Ramesh,9480685326,Vishwanath Nagenahalli (95.1%); Manorayanapalya (4.9%),General (Women)
North-52,52,Vishwanatha Nagenahalli,ವಿಶ್ವನಾಥ ನಾಗೇನಹಳ್ಳಿ,North,Zone2,Yelahanka,Hebbal,158,158 - Hebbal,RO- R.T Nagar,ARO- Vishwanatha Nagenahalli,0.968,28859,15256,13603,4,100.1,0,,28.7,29.66,28,0,81.8,7,0.0109,0.38,0,,0.0,0,0.0,0.0,0,0,0,0.76,0.0,1.06,1.82,1.88,22,4,0.14,47.9,0,0,0,0,0,Cholanayakanahalli; Kanaka Nagar; Vishwanath Nagenahalli,Rajashekharan V,JDS,Rudravadi,988665750,Ramesh,9480685326,Vishwanath Nagenahalli (100%),General
North-53,53,R.T Nagar,ಆರ್.ಟಿ ನಗರ,North,Zone2,Yelahanka,Hebbal,158,158 - Hebbal,RO- R.T Nagar,ARO- R.T Nagar,0.628,29905,15442,14473,8,100.1,0,,22.75,36.25,25,0,100.1,1,0.0003,0.01,0,,0.0,0,0.0,0.0,2,0,0,0.82,0.0,0.0,0.82,1.31,25,3,0.1,99.0,1,1,0,0,0,Chamundi Nagara; Rehamathnagara,Abdul Wajid,INC,Panduranga,9448173839,Pradeep Rathod,9480685434,Manorayanapalya (76.7%); Hebbala (21.4%); Gangenahalli (1.1%),General
North-54,54,Gangenahalli,ಗಂಗೇನಹಳ್ಳಿ,North,Zone2,Yelahanka,Hebbal,158,158 - Hebbal,RO- R.T Nagar,ARO- Ganganagar,1.076,24120,12299,11821,10,100.1,0,,26.15,24.3,25,0,100.1,3,0.0216,0.89,0,,0.0,0,0.0,0.0,0,0,0,0.0,0.0,0.0,0.0,0.0,11,2,0.08,100.1,2,0,0,0,0,Krishnappa Block; MLA Layout,M Nagaraja,BJP,Panduranga,9448173839,Pradeep Rathod,9480685434,Gangenahalli (99.4%); Ganga Nagar (0.5%),"Backward Class ""A"" (Women)"
North-55,55,Ganganagar,ಗಂಗಾನಗರ,North,Zone2,Yelahanka,Hebbal,158,158 - Hebbal,RO- R.T Nagar,ARO- Ganganagar,0.743,25186,12939,12247,10,100.1,0,,22.66,30.5,24,3,100.1,4,0.0149,0.59,0,,0.0,0,0.0,0.0,0,1,0,0.68,0.0,0.0,0.68,0.92,16,4,0.16,100.1,2,0,0,0,0,Ganga Nagar; HMT Layout; RBI Colony; VV Nagar; Vasanthappa Block,Pramila Anand,BJP,MAHADEV,9632284148,prakash,9480683104,Ganga Nagar (76.2%); Hebbala (19.2%); Manorayanapalya (3%); Gangenahalli (1.6%),"Backward Class ""A"" (Women)"
North-56,56,Hebbal,ಹೆಬ್ಬಾಳ,North,Zone2,Yelahanka,Hebbal,158,158 - Hebbal,RO- Hebbal,ARO- Hebbal,1.094,27422,14044,13378,7,100.1,0,,29.27,26.75,24,0,67.5,2,0.0031,0.11,0,,0.0,0,0.0,0.0,1,1,0,0.6,0.0,1.52,2.12,1.93,10,7,0.26,100.1,2,1,0,0,0,Amarjyothi Nagara; Anand Nagar; Anand Nagar Colony; Hebbal,Anand Kumar,INC,MAHADEV,9632284148,Prabhakar,9480683104,Hebbala (86.6%); Ganga Nagar (12%); Vishwanath Nagenahalli (1.4%),Scheduled Caste
North-57,57,Bhoopasandra,ಭೂಪಸಂದ್ರ,North,Zone2,Yelahanka,Hebbal,158,158 - Hebbal,RO- Hebbal,ARO- Hebbal,2.638,25193,13039,12154,21,97.5,0,,54.89,20.81,29,9,93.8,6,0.0533,2.12,0,,0.0,0,0.0,0.0,2,0,0,0.0,3.0,1.16,4.16,1.58,16,2,0.08,80.6,1,0,0,0,0,Bhoopasandra; Central Excise Layout; KEB Layout; Postal Colony; RMS Colony; Ramakrishna Layout,Pramila Anand,BJP,MAHADEV,9632284148,prakash,9480683104,Ganga Nagar (59.1%); Sanjaya Nagar (40.9%),General (Women)
North-58,58,Nagashettyhalli,ನಾಗಶೆಟ್ಟಿಹಳ್ಳಿ,North,Zone2,Yelahanka,Hebbal,158,158 - Hebbal,RO- Hebbal,ARO- Nagashettyhalli,0.954,23289,11861,11429,10,100.1,0,,26.43,27.7,15,0,100.1,0,0.0,0.0,0,,0.0,0,0.0,0.0,0,0,0,0.0,0.51,1.84,2.35,2.46,29,0,0.0,100.1,3,0,0,0,0,NGEF Layout; Nagashettyhalli; RMV 2nd Stage; Sanjay Nagara,M Anand,JDS,MAHADEV,9632284148,prakash,9480683104,Radhakrishna Temple Ward (51.7%); Sanjaya Nagar (48.3%),General
North-59,59,Geddalahalli,ಗೆದ್ದಲಹಳ್ಳಿ,North,Zone2,Yelahanka,Hebbal,158,158 - Hebbal,RO- Hebbal,ARO- Nagashettyhalli,1.456,23331,12021,11309,11,100.1,0,,39.61,27.21,22,8,95.5,0,0.0,0.0,0,,0.0,0,0.0,0.0,1,0,1,1.19,2.1,2.82,6.11,4.19,11,2,0.09,99.7,7,1,0,0,0,AECS Layout; Dollars Colony; Geddalahalli; Judicial Officer's Layout; Lottegollahalli; MLA Layout; RMV 2nd Stage 2nd Block,M Anand,JDS,MAHADEV,9632284148,prakash,9480683104,Radhakrishna Temple Ward (99.8%),"Backward Class ""A"""
North-60,60,Jalahalli,ಜಾಲಹಳ್ಳಿ,North,Zone2,Yelahanka,Rajarajeshwarinagar,154,154 - Rajarajeshwarinagar,RO- Jalahalli,ARO- Jalahalli,1.977,23400,11902,11498,15,100.0,0,2.4,43.9,22.21,11,0,38.7,4,0.0391,1.67,0,,0.0,0,0.0,0.0,0,0,0,0.17,0.0,1.94,2.11,1.07,6,5,0.21,93.0,1,1,0,0,0,Jalahalli,J N Srinivas Murthy,INC,Rudravadi,988665750,Ramesh,9480685326,Jalahalli (100%),Scheduled Tribes (Women)
North-61,61,HMT Ward,ಎಚ್ಎಮ್.ಟಿ ವಾರ್ಡ್,North,Zone2,Yelahanka,Rajarajeshwarinagar,154,154 - Rajarajeshwarinagar,RO- Jalahalli,ARO- Jalahalli,4.169,29538,15214,14325,32,95.8,0,17.6,80.6,19.33,32,3,54.4,3,0.0506,1.71,0,12.2,0.0,0,0.0,0.0,0,0,0,1.47,0.0,3.46,4.93,1.18,18,1,0.03,59.7,3,0,0,0,0,BEL Colony; Gokula; HMT Watch Factory Colony; Sundar Nagar,J N Srinivas Murthy,INC,Rudravadi,988665750,Ramesh,9480685326,Jalahalli (76.3%); J P Park (23.7%),General (Women)
North-62,62,Brundavana Nagara,ಬೃಂದಾವನ ನಗರ,North,Zone2,Yelahanka,Rajarajeshwarinagar,154,154 - Rajarajeshwarinagar,RO- Jalahalli,ARO- Yeshwanthpura,0.67,28749,14953,13796,7,100.1,0,,23.93,35.69,33,2,100.1,1,0.0038,0.13,0,85.4,0.0,0,0.0,0.0,1,1,2,0.08,0.38,3.28,3.74,5.58,18,1,0.03,100.1,0,0,0,0,0,Mathikere,Mamatha K B Vasudev,BJP,Rudravadi,988665750,Ramesh,9480685326,J P Park (79.3%); Yeshwanthpura (20.7%),General
North-63,63,J.P PARK,ಜೆಪಿ ಪಾರ್ಕ್,North,Zone2,Yelahanka,Rajarajeshwarinagar,154,154 - Rajarajeshwarinagar,RO- Jalahalli,ARO- Yeshwanthpura,0.832,22172,11393,10779,4,100.1,0,9.9,17.14,20.6,16,3,98.6,2,0.0441,1.99,1,96.6,0.0833,0,0.0,10.0,0,0,0,0.81,0.3,0.58,1.69,2.03,2,5,0.23,98.7,1,0,0,0,0,Mohan Kumar Nagar,Mamatha K B Vasudev,BJP,Rudravadi,988665750,Ramesh,9480685326,J P Park (63.9%); Yeshwanthpura (36.1%),General
North-64,64,Yeshwanthpura,ಯಶವಂತಪುರ,North,Zone2,Yelahanka,Rajarajeshwarinagar,154,154 - Rajarajeshwarinagar,RO- Jalahalli,ARO- Yeshwanthpura,0.35,20236,10311,9925,4,100.1,0,9.6,11.92,34.07,14,2,100.1,0,0.0,0.0,0,13.3,0.0,0,0.0,0.0,0,0,0,0.0,0.31,0.23,0.54,1.55,15,7,0.35,100.1,2,0,0,0,0,Yeswanthpur,G K Venkatesh,INC,Rudravadi,988665750,Ramesh,9480685326,Yeshwanthpura (100%),"Backward Class ""A"" (Women)"
North-65,65,Abbigere,ಅಬ್ಬಿಗೆರೆ,North,Zone2,Yelahanka,Dasarahalli,155,155 - Dasarahalli,RO- Dasarahalli,ARO- Shetty Halli,4.579,21241,9098,8247,24,67.6,0,,70.73,15.45,18,3,52.7,6,0.0368,1.73,2,7.1,0.1283,1,0.0001,2.8,0,0,0,4.03,3.65,7.09,14.77,3.23,22,9,0.42,10.3,0,0,0,0,0,Geleyara Balaga Layout; Kanshiram Nagar; Sector 7,K Nagabhushan,INC,Jayalingappa,9448057634,Smt Nagarathna,9686800228,Shettihalli (63.9%); Bagalakunte (1%),General
North-66,66,Kammagondanahalli,ಕಮ್ಮಗೊಂಡನಹಳ್ಳಿ,North,Zone2,Yelahanka,Dasarahalli,155,155 - Dasarahalli,RO- Dasarahalli,ARO- Shetty Halli,1.388,20542,10868,9674,11,99.1,0,,35.37,25.47,23,3,91.8,1,0.0129,0.63,0,57.6,0.0009,0,0.0,0.06,0,0,0,2.1,0.16,2.62,4.89,3.52,10,3,0.15,98.5,1,1,0,0,0,Abbigere; Raghavendra Colony; Vishweshwaraiah Enclave,K Nagabhushan,INC,Jayalingappa,9448057634,Smt Nagarathna,9686800228,Shettihalli (100%),General
North-67,67,Shettihalli,ಶೆಟ್ಟಿಹಳ್ಳಿ,North,Zone2,Yelahanka,Dasarahalli,155,155 - Dasarahalli,RO- Dasarahalli,ARO- Shetty Halli,3.701,23313,12157,11156,20,93.3,0,,64.27,17.37,18,0,50.2,7,0.1091,4.68,1,16.5,0.0819,0,0.0,2.21,2,0,0,3.82,1.27,6.15,11.23,3.04,16,6,0.26,51.4,1,0,0,0,0,,K Nagabhushan,INC,Jayalingappa,9448057634,Smt Nagarathna,9686800228,Shettihalli (99.9%),Scheduled Caste (Women)
North-68,68,Mallasandra,ಮಲ್ಲಸಂದ್ರ,North,Zone2,Yelahanka,Dasarahalli,155,155 - Dasarahalli,RO- Dasarahalli,ARO- Bagalagunte,1.188,26890,14180,12710,5,100.1,0,,32.7,27.52,29,2,100.1,1,0.011,0.41,0,3.6,0.0464,0,0.0,3.91,0,0,0,1.07,0.0,1.86,2.93,2.46,17,5,0.19,94.3,2,0,0,0,0,,Lokesh,BJP,Jayalingappa,9448057634,Smt Nagarathna,9686800228,Mallasandra (87.8%); Shettihalli (7.2%); Bagalakunte (5%),"Backward Class ""A"" (Women)"
North-69,69,Bagalagunte,ಬಾಗಲಗುಂಟೆ,North,Zone2,Yelahanka,Dasarahalli,155,155 - Dasarahalli,RO- Dasarahalli,ARO- Bagalagunte,2.512,28685,14976,13709,27,97.5,0,,70.63,28.11,31,4,91.3,5,0.0415,1.45,1,57.0,0.039,4,0.0009,1.59,3,0,1,1.02,2.51,5.1,8.63,3.44,27,5,0.17,83.3,3,1,0,0,0,Bagalagunte; Kirloskar Layout; MEI Layout; Soundarya Layout,K Narasimha Nayak,BJP,Rangaswamy,9449146594,Smt Nagarathna,9686800228,Bagalakunte (95.5%),General
North-70,70,Manjunatha Nagar,ಮಂಜುನಾಥ ನಗರ,North,Zone2,Yelahanka,Dasarahalli,155,155 - Dasarahalli,RO- Dasarahalli,ARO- Bagalagunte,1.489,27870,14552,13319,7,100.1,1,19.9,44.15,29.65,22,2,100.1,4,0.0241,0.86,0,61.4,0.0,0,0.0,0.0,0,0,0,0.0,0.76,1.88,2.64,1.77,12,4,0.14,100.0,2,0,0,0,0,Manjunath Nagar,K Narasimha Nayak,BJP,Rangaswamy,9449146594,Smt Nagarathna,9686800228,Bagalakunte (99.8%),General (Women)
North-71,71,Nele Maheshwaramma Temple Ward,ನೆಲೆ ಮಹೇಶ್ವರಮ್ಮ ದೇವಸ್ಥಾನ ವಾರ್ಡ್,North,Zone2,Yelahanka,Dasarahalli,155,155 - Dasarahalli,RO- Dasarahalli,ARO- Dasarahalli,0.59,27033,14610,12423,3,100.1,1,23.2,22.18,37.62,27,0,39.8,0,0.0,0.0,0,10.1,0.0,0,0.0,0.0,0,0,1,0.0,0.71,1.06,1.77,3.0,11,2,0.07,100.1,1,0,0,0,0,,Umadevi Nagaraj,BJP,Rangaswamy,9449146594,Smt Nagarathna,9686800228,T Dasarahalli (61.7%); Bagalakunte (27.4%); Mallasandra (10.9%),"Backward Class ""A"""
North-72,72,Dasarahalli,ದಾಸರಹಳ್ಳಿ,North,Zone2,Yelahanka,Dasarahalli,155,155 - Dasarahalli,RO- Dasarahalli,ARO- Dasarahalli,0.741,29082,15410,13672,4,100.1,0,12.4,27.11,36.57,21,0,30.2,1,0.0034,0.12,0,8.4,0.0,0,0.0,0.0,0,0,0,0.95,0.24,1.91,3.1,4.18,12,5,0.17,100.1,3,0,0,0,0,,Umadevi Nagaraj,BJP,Rangaswamy,9449146594,Smt Nagarathna,9686800228,T Dasarahalli (69.5%); Mallasandra (27.6%); Bagalakunte (2.8%),General (Women)
South-1,1,Padmanabhanagara,ಪದ್ಮನಾಭನಗರ,South,Zone1,Jayanagar,Padmanabanagar,171,171 - Padmanabanagar,RO- Padmanabhanagara,ARO- Padmanabhanagara,0.896,23419,11781,11638,9,100.1,0,,26.97,30.1,22,2,100.1,2,0.0115,0.49,0,94.1,0.0,0,0.0,0.0,0,0,0,0.72,1.42,1.17,3.31,3.69,6,1,0.04,100.1,0,0,0,0,0,Minaz Nagara; Padmanabha Nagar,L Shobha Anjanappa,BJP,Srimath Swayamprabh,9480685321,Eshwar,9480685450,Padmanabha Nagar (77.6%); Kumaraswamy Layout (18.9%); Vasanthpura (3.4%),General (Women)
South-2,2,Kadirenahalli,ಕದಿರೇನಹಳ್ಳಿ,South,Zone1,Jayanagar,Padmanabanagar,171,171 - Padmanabanagar,RO- Padmanabhanagara,ARO- Padmanabhanagara,0.652,19937,10125,9812,14,100.1,0,0.4,20.22,31.0,25,2,100.1,0,0.0,0.0,0,51.0,0.0,0,0.0,0.0,0,0,0,1.21,0.53,0.53,2.27,3.47,18,1,0.05,100.1,5,0,0,0,0,,L Shobha Anjanappa,BJP,Srimath Swayamprabh,9480685321,Eshwar,9480685450,Padmanabha Nagar (61.7%); Kumaraswamy Layout (38%),General
South-3,3,Yarab nagar,ಯಾರಬ್ ನಗರ,South,Zone1,Jayanagar,Padmanabanagar,171,171 - Padmanabanagar,RO- Padmanabhanagara,ARO- Padmanabhanagara,0.283,20832,10611,10221,3,100.1,0,30.0,10.49,37.04,14,0,70.5,0,0.0,0.0,0,100.0,0.0,0,0.0,0.0,0,0,0,0.29,0.0,0.06,0.35,1.23,11,5,0.24,100.1,2,0,0,0,0,Kadirenahalli; Teacher's Colony,S Ansar Pasha,INC,Srimath Swayamprabh,9480685321,Eshwar,9480685450,Banashankari Temple ward (99.8%),General (Women)
South-4,4,Banashankari Temple Ward,ಬನಶಂಕರಿ ದೇವಸ್ಥಾನ ವಾರ್ಡ್,South,Zone1,Jayanagar,Padmanabanagar,171,171 - Padmanabanagar,RO- Padmanabhanagara,ARO- Banashankari,0.395,22549,11525,11024,4,100.1,0,96.2,12.88,32.6,20,0,55.0,0,0.0,0.0,0,81.2,0.0,0,0.0,0.0,0,0,0,0.0,0.0,0.93,0.93,2.36,9,8,0.35,100.1,2,0,0,0,0,,S Ansar Pasha,INC,Srimath Swayamprabh,9480685321,Eshwar,9480685450,Banashankari Temple ward (100%),"Backward Class ""A"""
South-5,5,Kane Muneshwara Ward,ಕಾನೆ ಮುನೇಶ್ವರ ವಾರ್ಡ್,South,Zone1,Jayanagar,Padmanabanagar,171,171 - Padmanabanagar,RO- Padmanabhanagara,ARO- Banashankari,1.132,22022,11400,10622,13,100.1,0,26.5,32.26,28.49,22,7,100.1,6,0.0215,0.97,0,90.1,0.0,0,0.0,0.0,0,0,1,0.86,1.49,2.76,5.11,4.51,9,1,0.05,100.1,7,1,0,0,0,ISRO Layout; Kumaraswamy Layout 1st Stage,L Srinivas,BJP,Srimath Swayamprabh,9480685321,Eshwar,9480685450,Kumaraswamy Layout (99.8%),"Backward Class ""A"" (Women)"
South-6,6,Gowdanapalya,ಗೌಡನಪಾಳ್ಯ,South,Zone1,Jayanagar,Padmanabanagar,171,171 - Padmanabanagar,RO- Padmanabhanagara,ARO- Banashankari,0.909,24691,12907,11784,13,100.1,0,9.6,29.47,32.41,12,6,100.1,1,0.0064,0.26,1,90.2,0.0282,0,0.0,3.1,0,0,0,0.27,1.89,0.97,3.13,3.44,9,4,0.16,100.1,1,0,0,0,0,Bendre Nagar; JHBCS Layout; Kumaraswamy Layout; Kumaraswamy Layout 2nd Stage,L Shobha Anjanappa,BJP,Srimath Swayamprabh,9480685321,Eshwar,9480685450,Padmanabha Nagar (64.8%); Kumaraswamy Layout (35%),General (Women)
South-7,7,Byrasandra,ಬೈರಸಂದ್ರ,South,Zone1,Jayanagar,Jayanagar,173,173 - Jayanagar,RO- Jayanagar,ARO- Byrasandra,1.142,21108,10510,10598,13,100.1,1,84.1,31.21,27.32,22,8,100.1,1,0.011,0.52,0,22.9,0.0,0,0.0,0.0,1,1,0,0.0,0.06,2.42,2.48,2.17,22,1,0.05,100.1,5,1,0,0,0,Jayanagar 3 East Block,H C Nagarathna Murthy,BJP,Srimath Swayamprabh,9480685321,Nagendra,9480685332,Pattabhiram Nagar (57.6%); Byrasandra (42.4%),"Backward Class ""B"" (Women)"
South-8,8,Tilak Nagara,ತಿಲಕ ನಗರ,South,Zone1,Jayanagar,Jayanagar,173,173 - Jayanagar,RO- Jayanagar,ARO- Byrasandra,1.007,25625,13008,12617,15,100.1,0,36.2,27.68,27.49,32,7,100.1,1,0.0048,0.19,0,73.7,0.0,0,0.0,0.0,0,1,0,0.0,0.85,0.88,1.73,1.72,23,3,0.12,100.1,9,1,0,0,0,Canara Bank Colony; Geetha Colony; Jayanagar; Jayanagar 4T Block; Jayanagar 4th Block; Jayanagar East; Tilak Nagar,H C Nagarathna Murthy,BJP,Srimath Swayamprabh,9480685321,Nagendra,9480685332,Pattabhiram Nagar (49.2%); Byrasandra (38.1%); Jayanagar East (12.7%),"Backward Class ""A"""
South-9,9,N.A.L Layout,ಎನ್‌.ಎ.ಎಲ್ ಲೇಔಟ್,South,Zone1,Jayanagar,Jayanagar,173,173 - Jayanagar,RO- Jayanagar,ARO- NAL Layout,0.345,20532,10467,10066,1,100.1,0,,10.99,31.87,19,2,100.1,0,0.0,0.0,0,42.9,0.0,0,0.0,0.0,0,1,1,0.01,0.78,0.97,1.77,5.13,7,4,0.19,100.1,1,0,0,0,0,Bismillah Nagar; NAL Layout,Mohammad Rizwan Nawab,INC,Srimath Swayamprabh,9480685321,Nagendra,9480685332,Gurappanapalya (67.4%); Jayanagar East (19.9%); Pattabhiram Nagar (12.7%),"Backward Class ""A"""
South-10,10,Abdul Kalam Nagar,ಅಬ್ದುಲ್ ಕಲಾಂ ನಗರ,South,Zone1,Jayanagar,Jayanagar,173,173 - Jayanagar,RO- Jayanagar,ARO- NAL Layout,0.409,23124,11865,11259,3,100.1,0,,11.96,29.27,12,0,100.1,0,0.0,0.0,0,49.4,0.0,0,0.0,0.0,2,0,0,0.11,0.64,1.28,2.03,4.97,8,0,0.0,100.1,1,0,0,0,0,,Mohammad Rizwan Nawab,INC,Srimath Swayamprabh,9480685321,Nagendra,9480685332,Gurappanapalya (49.6%); Jayanagar East (45.9%); Pattabhiram Nagar (4.6%),"Backward Class ""A"""
South-11,11,Jayanagar East,ಜಯನಗರ ಪೂರ್ವ,South,Zone1,Jayanagar,Jayanagar,173,173 - Jayanagar,RO- Jayanagar,ARO- Jayanagar,0.458,22697,11806,10891,1,100.1,0,,13.14,28.71,17,3,100.1,0,0.0,0.0,0,12.9,0.0,0,0.0,0.0,0,0,0,0.0,0.0,2.13,2.13,4.65,12,3,0.13,100.1,1,0,0,0,0,Gurappana Palya,R Govinda Naidu,BJP,Srimath Swayamprabh,9480685321,Basavaraj,9480684001,Jayanagar East (62.2%); Gurappanapalya (29%); Pattabhiram Nagar (8.9%),"Backward Class ""A"""
South-12,12,Pattabhirama Nagara,ಪಟ್ಟಾಭಿರಾಮ ನಗರ,South,Zone1,Jayanagar,Jayanagar,173,173 - Jayanagar,RO- Jayanagar,ARO- Jayanagar,1.495,22547,11236,11311,23,100.1,1,55.6,40.22,26.91,16,8,100.1,3,0.0273,1.21,0,8.5,0.0,0,0.0,0.0,0,0,0,0.33,0.0,0.42,0.75,0.5,11,0,0.0,100.1,6,0,0,0,0,Jayanagar 5th Block; Jayanagar 8th Block; Jayanagar 9th Block; Marenahalli,M Malathi,BJP,Srimath Swayamprabh,9480685321,Nagendra,9480685332,Shakambari Nagar (59%); Pattabhiram Nagar (21.5%); J P Nagar (16.2%); Jayanagar East (3.4%),"Backward Class ""B"""
South-13,13,Marenahalli South,ಮಾರೇನಹಳ್ಳಿ ದಕ್ಷಿಣ,South,Zone1,Jayanagar,Jayanagar,173,173 - Jayanagar,RO- JP Nagar,ARO- JP Nagar,0.757,23458,12151,11307,7,100.1,0,10.8,24.85,32.83,30,3,100.1,2,0.0141,0.6,0,,0.0,0,0.0,0.0,0,1,0,0.95,0.0,1.71,2.66,3.52,8,2,0.09,100.1,1,1,1,0,0,DK Naik Nagar; JP Nagar 2nd Phase; KSRTC Layout,K N Lakshmi Nataraj,BJP,Srimath Swayamprabh,9480685321,Nagendra,9480685332,J P Nagar (77.3%); Pattabhiram Nagar (22.7%),Scheduled Caste (Women)
South-14,14,J.P Nagar,ಜೆ.ಪಿ. ನಗರ,South,Zone1,Jayanagar,Jayanagar,173,173 - Jayanagar,RO- JP Nagar,ARO- JP Nagar,1.269,22264,11250,11015,19,100.1,0,,36.05,28.41,30,11,100.1,4,0.0091,0.41,1,43.3,0.0,0,0.0,0.0,2,0,0,0.72,0.25,1.93,2.9,2.28,13,1,0.04,100.1,7,0,0,0,0,Dollars Colony; JP Nagar 3rd Phase; JP Nagar 4th Phase; Maruthi Layout,K N Lakshmi Nataraj,BJP,Srimath Swayamprabh,9480685321,Nagendra,9480685332,J P Nagar (67.8%); Jayanagar East (23.3%); Gurappanapalya (8.9%),"Backward Class ""A"" (Women)"
South-15,15,Shakambarinagara,ಶಾಕಂಭರಿನಗರ,South,Zone1,Jayanagar,Jayanagar,173,173 - Jayanagar,RO- JP Nagar,ARO- Sarakki,1.724,25845,13244,12600,15,100.1,1,39.9,46.47,26.96,12,7,95.7,8,0.0565,2.19,0,17.8,0.0,0,0.0,0.0,1,0,0,0.61,0.0,1.66,2.27,1.32,7,3,0.12,100.1,3,0,0,0,0,JP Nagar; JP Nagar 1st Phase; Shakambari Nagar,M Malathi,BJP,Srimath Swayamprabh,9480685321,Nagendra,9480685332,Shakambari Nagar (50.2%); Sarakki (43.7%); J P Nagar (6.1%),"Backward Class ""B"""
South-16,16,Sarakki,ಸಾರಕ್ಕಿ,South,Zone1,Jayanagar,Jayanagar,173,173 - Jayanagar,RO- JP Nagar,ARO- Sarakki,0.679,23257,11949,11308,8,100.1,1,99.4,23.41,34.49,21,2,99.6,1,0.0,0.0,0,6.8,0.0,0,0.0,0.0,0,0,0,0.0,0.0,1.05,1.05,1.54,15,2,0.09,100.1,4,0,0,0,0,Sarakki,Deepika Manjunatha Reddy,BJP,Srimath Swayamprabh,9480685321,Nagendra,9480685332,Sarakki (84.8%); Shakambari Nagar (15.2%),General
South-17,17,N.S Palya,ಎನ್.ಎಸ್. ಪಾಳ್ಯ,South,Zone2,Bommanahalli,B.T.M Layout,172,172 - B.T.M Layout,RO- B.T.M Layout,ARO- New Tavarekere,0.721,26701,14888,11813,4,100.1,0,,28.11,38.99,19,3,100.1,1,0.0009,0.03,0,93.2,0.0,0,0.0,0.0,0,0,0,0.0,0.0,1.37,1.37,1.9,17,4,0.15,100.1,1,1,0,0,0,Madeena Nagar; Mahadeshwara Nagara,K Devadas,JDS,Srimath Swayamprabh,9480685321,Tipraju,9008624504,BTM Layout (100%),General
South-18,18,Viswamanava Kuvempu Ward,ವಿಶ್ವಮಾನವ ಕುವೆಂಪು ವಾರ್ಡ್,South,Zone2,Bommanahalli,B.T.M Layout,172,172 - B.T.M Layout,RO- B.T.M Layout,ARO- New Tavarekere,1.388,25500,13023,12477,9,100.1,0,,43.75,31.52,21,6,100.1,3,0.0229,0.9,0,50.2,0.0,0,0.0,0.0,1,0,1,0.0,0.66,3.53,4.2,3.02,7,4,0.16,100.1,2,0,0,0,0,BHBCS Layout; BTM 2nd Stage; BTM Layout; BTM Layout 2nd Stage; IAS Officers Colony; Kuvempu Nagar; MICO Layout; SFHS Layout,K Devadas,JDS,Srimath Swayamprabh,9480685321,Tipraju,9008624504,BTM Layout (99.8%),"Backward Class ""A"" (Women)"
South-19,19,New Tavarekere,ಹೊಸ ತಾವರೆಕೆರೆ,South,Zone2,Bommanahalli,B.T.M Layout,172,172 - B.T.M Layout,RO- B.T.M Layout,ARO- New Tavarekere,0.547,19251,10723,8528,9,100.1,0,,18.23,33.31,13,2,100.1,0,0.0,0.0,0,18.9,0.0,0,0.0,0.0,1,0,0,0.03,0.0,1.23,1.25,2.29,6,4,0.21,100.1,2,0,0,0,0,BTM Layout 1st Stage; Maruthi Nagara,B N Manjunath Reddy,INC,Srimath Swayamprabh,9480685321,basava achary,9845768187,Madivala (99.5%),General
South-20,20,Madiwala,ಮಡಿವಾಳ,South,Zone2,Bommanahalli,B.T.M Layout,172,172 - B.T.M Layout,RO- B.T.M Layout,ARO- Madiwala,0.689,25538,13648,11891,9,100.1,0,,22.26,32.32,16,1,100.1,0,0.0,0.0,0,26.2,0.0,0,0.0,0.0,0,0,0,0.92,0.0,2.78,3.7,5.38,13,3,0.12,100.1,0,0,0,0,0,Dollar Scheme Colony; Jai Bheema Nagar; Madiwala,B N Manjunath Reddy,INC,Srimath Swayamprabh,9480685321,basava achary,9845768187,Madivala (86.1%); Suddagunte Palya (12.9%); Jakkasandra (0.7%),General
South-21,21,Chikka Adugodi,ಚಿಕ್ಕ ಆಡುಗೋಡಿ,South,Zone2,Bommanahalli,B.T.M Layout,172,172 - B.T.M Layout,RO- B.T.M Layout,ARO- Madiwala,0.715,21468,11896,9572,9,100.1,0,,21.42,29.97,14,1,100.1,1,0.0095,0.44,1,99.8,0.0,0,0.0,0.0,0,0,0,0.87,0.0,0.76,1.63,2.28,3,2,0.09,100.1,3,0,0,0,0,Jogi Colony; Sadgunte Palya,G Manjunath,INC,Srimath Swayamprabh,9480685321,Tipraju,9008624504,Suddagunte Palya (96.1%); Madivala (3.3%); Koramangala (0.5%),"Backward Class ""A"""
South-22,22,S.G Palya,ಎಸ್.ಜಿ. ಪಾಳ್ಯ,South,Zone2,Bommanahalli,B.T.M Layout,172,172 - B.T.M Layout,RO- B.T.M Layout,ARO- Madiwala,1.239,21440,11439,10001,7,100.1,0,,29.17,23.54,26,2,98.4,2,0.008,0.37,0,32.6,0.0073,0,0.0,0.59,1,0,0,1.14,0.04,2.7,3.89,3.14,14,4,0.19,92.6,0,1,0,0,0,Balaji Layout,G Manjunath,INC,Srimath Swayamprabh,9480685321,Tipraju,9008624504,Suddagunte Palya (76.9%); Lakkasandra (23.1%),General
South-23,23,Lakkasandra,ಲಕ್ಕಸಂದ್ರ,South,Zone2,Bommanahalli,B.T.M Layout,172,172 - B.T.M Layout,RO- Kormangala,ARO- Lakkasandra,0.686,20932,10688,10243,10,100.1,0,,18.73,27.32,3,1,100.1,0,0.0,0.0,0,13.1,0.0,0,0.0,0.0,0,0,0,0.0,0.05,2.23,2.28,3.32,2,3,0.14,100.1,3,0,0,0,0,,Mahesh Babu,BJP,Srimath Swayamprabh,9480685321,Tipraju,9008624504,Lakkasandra (99.5%),"Backward Class ""A"" (Women)"
South-24,24,A Adugodi,ಎ. ಆಡುಗೋಡಿ,South,Zone2,Bommanahalli,B.T.M Layout,172,172 - B.T.M Layout,RO- Kormangala,ARO- Lakkasandra,1.736,21458,11082,10376,16,100.1,0,,36.76,21.18,34,12,83.6,3,0.0135,0.63,0,1.0,0.0,0,0.0,0.0,0,0,1,0.41,2.88,2.0,5.29,3.05,19,4,0.19,98.7,3,2,0,0,0,Adugodi; Eramma Layout; Koramangala 5th Block; Koramangala 8th Block,Manjula,INC,Srimath Swayamprabh,9480685321,Tipraju,9008624504,Adugodi (48.6%); Koramangala (32.9%); Lakkasandra (18.5%),General (Women)
South-25,25,National Games Village,ನ್ಯಾಷನಲ್ ಗೇಮ್ಸ್ ವಿಲೇಜ್,South,Zone2,Bommanahalli,B.T.M Layout,172,172 - B.T.M Layout,RO- Kormangala,ARO- Ejipura,0.514,19407,9949,9459,8,100.1,0,,14.87,28.94,13,1,98.1,1,0.0058,0.3,0,,0.0,0,0.0,0.0,0,1,0,0.33,0.16,1.82,2.31,4.49,5,9,0.46,96.7,2,0,0,0,0,Rajendranagar,T Ramachandra,INC,Srimath Swayamprabh,9480685321,basava achary,9845768187,Ejipura (80.6%); Adugodi (19.4%),Scheduled Caste (Women)
South-26,26,Ejipura,ಈಜಿಪುರ,South,Zone2,Bommanahalli,B.T.M Layout,172,172 - B.T.M Layout,RO- Kormangala,ARO- Ejipura,0.507,22239,11476,10764,4,100.1,0,,17.61,34.72,12,0,100.1,0,0.0,0.0,0,,0.0,0,0.0,0.0,0,0,1,1.04,0.81,0.86,2.71,5.34,6,2,0.09,75.1,1,0,0,0,0,Ejipura; Indira Gandhi Colony; Munniswamy Garden,T Ramachandra,INC,Srimath Swayamprabh,9480685321,basava achary,9845768187,Ejipura (100%),Scheduled Caste
South-27,27,Sri Lakshmi Devi Ward,ಶ್ರೀ ಲಕ್ಷ್ಮೀದೇವಿ ವಾರ್ಡ್,South,Zone2,Bommanahalli,B.T.M Layout,172,172 - B.T.M Layout,RO- Kormangala,ARO- Ejipura,0.723,19844,10463,9381,6,100.1,0,,24.69,34.13,13,2,100.1,0,0.0,0.0,0,20.7,0.0,0,0.0,0.0,2,1,1,0.47,0.67,2.31,3.45,4.77,6,2,0.1,96.5,3,0,0,0,0,Chandra Reddy Layout; Koramangala; Koramangala 6th Block,T Ramachandra,INC,Srimath Swayamprabh,9480685321,basava achary,9845768187,Ejipura (47.9%); Koramangala (47.1%); Adugodi (5%),"Backward Class ""B"""
South-28,28,Kormangala East,ಕೋರಮಂಗಲ ಪೂರ್ವ,South,Zone2,Bommanahalli,B.T.M Layout,172,172 - B.T.M Layout,RO- Kormangala,ARO- Kormangala,2.283,22885,11897,10989,18,100.1,0,,57.76,25.3,19,8,99.9,4,0.0238,1.04,1,47.2,0.0261,0,0.0,1.14,2,1,0,1.84,0.51,4.56,6.91,3.03,13,0,0.0,75.7,1,0,0,0,0,Green Leaf Layout; Jakkasandra Block; Koramangala 1st Block; Koramangala 3rd Block; Koramangala 4th Block; Maistripalaya; SBI Colony; SHBCS Layout; ST Bed Layout,M Chandrappa,INC,Srimath Swayamprabh,9480685321,Tipraju,9008624504,Koramangala (73.7%); Ejipura (26.3%),General
South-29,29,Kormangala West,ಕೋರಮಂಗಲ ಪಶ್ಚಿಮ,South,Zone2,Bommanahalli,B.T.M Layout,172,172 - B.T.M Layout,RO- Kormangala,ARO- Lakkasandra,2.442,27879,14436,13494,25,100.1,0,,52.62,21.55,27,6,93.8,13,0.1988,7.13,0,14.3,0.0,1,0.0017,0.07,1,0,0,0.0,1.22,4.18,5.39,2.21,11,6,0.22,81.1,3,2,0,0,0,Koramangala 2nd Block; Koramangala 7th Block; Sidhartha Colony,M Chandrappa,INC,Srimath Swayamprabh,9480685321,Tipraju,9008624504,Koramangala (45.2%); Jakkasandra (29.5%); Adugodi (25.2%),Scheduled Tribes
South-30,30,Jakkasandra,ಜಕ್ಕಸಂದ್ರ,South,Zone2,Bommanahalli,B.T.M Layout,172,172 - B.T.M Layout,RO- Kormangala,ARO- Kormangala,0.792,25594,13763,11781,7,100.1,0,,26.8,33.84,17,3,100.1,0,0.0,0.0,0,7.1,0.0,0,0.0,0.0,0,0,1,0.02,0.0,1.62,1.64,2.08,12,2,0.08,98.1,0,0,0,0,0,Jakkasandra; Sector 5; Teacher's Colony; Venkatpura,Saraswathamma,BJP,Srimath Swayamprabh,9480685321,Tipraju,9008624504,Jakkasandra (99.9%),"Backward Class ""A"" (Women)"
South-31,31,Kasavanahalli,ಕಸವನಹಳ್ಳಿ,South,Zone2,Bommanahalli,Mahadevapura,174,174 - Mahadevapura,RO- HSR Layout,ARO- Kudlu,7.676,21288,11166,10122,15,81.6,0,,114.23,14.88,20,1,20.9,4,0.0112,0.53,6,59.0,0.5766,2,0.0004,7.52,0,0,0,3.17,3.82,14.25,21.24,2.77,14,4,0.19,18.5,1,1,0,0,0,Ambalipura; Haralur; Junnasandra; KPC Layout; Kaikondrahalli; Kasavanahalli; Royal Placid Layout,N Asha Suresh,BJP,kodhada,9480685238,Ram Chadra,9480685984,Bellanduru (99.3%),General (Women)
South-32,32,Kudlu,ಕೂಡ್ಲು,South,Zone2,Bommanahalli,Anekal,177,177 - Anekal,RO- HSR Layout,ARO- Kudlu,3.351,16661,9005,7656,13,93.0,0,,62.94,18.78,18,0,13.4,4,0.0473,2.84,2,55.5,0.1333,1,0.006,4.16,1,0,1,3.68,2.97,0.08,6.73,2.01,8,4,0.24,15.0,0,0,0,0,0,"AECS Layout, A block; Kudlu",V Shantha,BJP,Sri Ashok Kumar,9480684569,Basavaraj,9480684001,Singasandra (99.4%); Bellanduru (0.6%),General
South-33,33,Naganathapura,ನಾಗನಾಥಪುರ,South,Zone1,Jayanagar,Bangalore South,176,176 - Bangalore South,RO- Beguru,ARO- Naganathpura,3.349,18599,10063,8497,9,92.0,0,,67.16,20.05,16,0,9.4,1,0.0068,0.36,2,21.0,0.1304,0,0.0,3.89,0,0,2,1.25,1.85,2.83,5.92,1.77,11,3,0.16,43.0,1,1,0,0,0,Sir M. Visvesvaraya Layout,V Shantha,BJP,Sri Ashok Kumar,9480684569,Basavaraj,9480684001,Singasandra (99.6%),General
South-34,34,Chikkathoguru,ಚಿಕ್ಕ ತೋಗೂರು,South,Zone1,Jayanagar,Bangalore South,176,176 - Bangalore South,RO- Beguru,ARO- Naganathpura,5.778,18868,10257,8651,11,88.6,0,,105.77,18.3,12,0,10.2,0,0.0,0.0,3,43.1,0.1506,13,0.0086,2.76,0,0,1,2.36,2.67,11.14,16.17,2.8,14,2,0.11,5.3,0,0,0,0,0,,M Anjinappa,INC,Sri Ashok Kumar,9480684569,Basavaraj,9480684001,Begur (93.7%); Singasandra (5.6%),General
South-35,35,Vishwapriya Nagara,ವಿಶ್ವಪ್ರಿಯ ನಗರ,South,Zone1,Jayanagar,Bangalore South,176,176 - Bangalore South,RO- Beguru,ARO- Naganathpura,2.327,19281,10122,9269,9,97.9,0,,51.98,22.34,15,0,,0,0.0,0.0,0,44.7,0.1228,0,0.0,5.27,1,0,3,2.58,1.37,10.72,14.68,6.31,10,4,0.21,75.3,1,0,0,0,0,,M Anjinappa,INC,Sri Ashok Kumar,9480684569,Basavaraj,9480684001,Begur (100%),General
South-36,36,Beguru,ಬೇಗೂರು,South,Zone1,Jayanagar,Bangalore South,176,176 - Bangalore South,RO- Beguru,ARO- Beguru,2.887,18605,9615,8880,15,87.9,0,,47.82,16.56,21,0,16.3,1,0.0135,0.72,1,45.1,0.4669,1,0.0002,16.18,0,0,2,1.16,0.66,5.78,7.6,2.63,7,5,0.27,60.6,1,1,0,0,0,,M Anjinappa,INC,Sri Ashok Kumar,9480684569,Basavaraj,9480684001,Begur (100%),General
South-37,37,Yelenahalli,ಯೆಲೇನಹಳ್ಳಿ,South,Zone1,Jayanagar,Bangalore South,176,176 - Bangalore South,RO- Beguru,ARO- Beguru,5.033,18609,9923,8636,15,89.0,0,,73.64,14.63,25,0,18.6,0,0.0,0.0,2,71.8,0.1168,5,0.0071,2.46,0,1,0,0.66,3.54,11.71,15.91,3.16,20,2,0.11,32.9,3,0,0,0,0,Beguru; Gottigere; IDBI Layout; Kalena Agrahara; Nobo Nagar; Yelenahalli,M Anjinappa,INC,Sri Ashok Kumar,9480684569,Basavaraj,9480684001,Begur (86.3%); Gottigere (13.5%),General (Women)
South-38,38,Doddakammanahalli,ದೊಡ್ಡಕಮ್ಮನಹಳ್ಳಿ,South,Zone1,Jayanagar,Bangalore South,176,176 - Bangalore South,RO- Beguru,ARO- Gottigere,4.878,19891,10461,9479,31,84.6,0,,62.35,12.78,17,1,22.8,0,0.0,0.0,5,66.3,0.2327,0,0.0,4.77,0,0,1,2.14,0.9,7.67,10.72,2.2,13,6,0.3,43.3,1,0,0,0,0,Chikka Kammanahalli; Dodda Kammanahalli,M Anjinappa,INC,Sri Ashok Kumar,9480684569,Basavaraj,9480684001,Begur (82.2%); Gottigere (17%),"Backward Class ""A"""
South-39,39,Gottigere,ಗೊಟ್ಟಿಗೆರೆ,South,Zone1,Jayanagar,Bangalore South,176,176 - Bangalore South,RO- Beguru,ARO- Gottigere,2.057,21839,11180,10659,15,98.4,0,,50.29,24.46,14,0,33.3,0,0.0,0.0,0,56.7,0.0,0,0.0,0.0,0,0,0,0.0,0.04,1.2,1.24,0.6,8,2,0.09,51.4,0,0,0,0,0,Pillaganahlli,Lalitha T Narayan,BJP,Sri Basavaraju,9448913068,Basavaraj,9480684001,Gottigere (99.6%),"Backward Class ""A"""
South-40,40,Anjanapura,ಅಂಜನಾಪುರ,South,Zone1,Jayanagar,Bangalore South,176,176 - Bangalore South,RO- Anjanapura,ARO- Anjanapura,12.151,23865,12534,11331,38,85.5,0,13.8,217.27,17.88,30,4,37.3,2,0.0299,1.25,2,32.4,0.1301,2,0.0002,1.07,0,0,0,4.66,11.2,15.52,31.38,2.58,14,9,0.38,37.7,3,0,0,0,1,Anjanapura; Anjanapura 10th Block; Anjanapura 1st Block; Anjanapura 2nd Block; Anjanapura 3rd Block; Anjanapura 4th Block; Anjanapura 5th Block; Anjanapura 6th Block; Anjanapura 7th Block; Anjanapura 8th Block; Anjanapura 9th Block; BOOHBCS Layout; JP Nagar 9th Phase; MKS Layout; Thippasandra,K Somashekhar,BJP,Sri Basavaraju,9448913068,Basavaraj,9480684001,Anjanapura (76.1%); Vasanthpura (16.6%); Uttarahalli (4.9%); Gottigere (2.2%),General (Women)
South-41,41,Kothanur,ಕೊತ್ತನೂರು,South,Zone1,Jayanagar,Bangalore South,176,176 - Bangalore South,RO- Beguru,ARO- Bheereshwara Nagara,3.447,23161,11793,11368,23,99.9,0,,77.89,22.6,26,2,90.5,1,0.0086,0.37,3,86.7,0.1001,0,0.0,2.91,0,0,0,0.0,1.98,5.51,7.49,2.17,18,4,0.17,27.6,0,0,0,0,0,Kothnur; Krishna Nagar,Lalitha T Narayan,BJP,Sri Basavaraju,9448913068,Basavaraj,9480684001,Gottigere (78.4%); Konankunte (14.6%); Anjanapura (7%),Scheduled Caste
South-42,42,RBI Layout,ಆರ್‌ಬಿಐ ಲೇಔಟ್,South,Zone1,Jayanagar,Bangalore South,176,176 - Bangalore South,RO- Beguru,ARO- Bheereshwara Nagara,2.016,22569,11395,11174,6,100.1,0,,51.89,25.74,15,11,99.5,6,0.0314,1.39,0,74.5,0.002,0,0.0,0.1,0,0,1,0.0,0.01,1.54,1.55,0.77,13,0,0.0,80.3,1,0,0,0,0,Lakshmi Nagar; M S Ramaiah City; Nataraja Layout; Navodaya Nagar; Nrupathunga Nagar; RBI Layout; Shreyas Colony; Sri Guru Raghavendra Nagar; Sun City Layout,Shashirekha Jayaram,BJP,Srimath Swayamprabh,9480685321,Basavaraj,9480684001,Konankunte (99.6%),General (Women)
South-43,43,Bheereshwara Nagar,ಭೀರೇಶ್ವರ ನಗರ,South,Zone1,Jayanagar,Bangalore South,176,176 - Bangalore South,RO- Beguru,ARO- Bheereshwara Nagara,0.832,26950,14126,12824,7,100.1,0,,23.0,27.64,17,0,100.1,1,0.003,0.11,1,98.8,0.0698,0,0.0,8.39,0,0,1,0.0,1.4,0.39,1.79,2.15,9,3,0.11,91.3,0,0,0,0,0,Eshwara Layout; Yadava Layout,Shashirekha Jayaram,BJP,Srimath Swayamprabh,9480685321,Basavaraj,9480684001,Konankunte (99.8%),"Backward Class ""A"" (Women)"
South-44,44,Harinagar,ಹರಿನಗರ,South,Zone1,Jayanagar,Bangalore South,176,176 - Bangalore South,RO- Anjanapura,ARO- Konanakunte,1.771,21893,11291,10601,16,100.1,0,,39.73,22.44,16,0,84.0,1,0.0017,0.08,1,82.3,0.0531,0,0.0,3.0,0,0,0,0.0,1.51,1.85,3.36,1.9,14,4,0.18,10.3,0,0,0,0,0,Brookes Haven Layout; Konanakunte; Kothnur Lake View Layout; Srinidhi Layout,K Somashekhar,BJP,Sri Basavaraju,9448913068,Basavaraj,9480684001,Anjanapura (55.1%); Gottigere (44.6%),"Backward Class ""A"""
South-45,45,Konanakunte,ಕೋಣನಕುಂಟೆ,South,Zone1,Jayanagar,Bangalore South,176,176 - Bangalore South,RO- Anjanapura,ARO- Konanakunte,1.644,20525,10604,9921,21,99.9,0,5.4,37.35,22.72,20,1,93.5,0,0.0,0.0,1,93.8,0.0343,3,0.0043,2.35,0,0,0,0.0,1.21,1.87,3.08,1.87,12,3,0.15,35.8,0,1,0,0,0,PNB Layout,K Somashekhar,BJP,Sri Basavaraju,9448913068,Basavaraj,9480684001,Anjanapura (51.9%); Vasanthpura (43.7%); Konankunte (4.4%),"Backward Class ""A"" (Women)"
South-46,46,Yelachenahalli,ಯೆಲಚೇನಹಳ್ಳಿ,South,Zone1,Jayanagar,Bangalore South,176,176 - Bangalore South,RO- Anjanapura,ARO- Yelachenahalli,0.921,23953,12487,11466,3,100.1,1,100.1,24.26,26.33,17,0,96.1,2,0.009,0.37,1,94.3,0.024,0,0.0,2.61,0,0,2,0.0,0.04,2.28,2.32,2.52,15,3,0.13,100.1,0,0,0,0,0,Yelachenahalli,V Balakrishna,BJP,Sri Narasimha Babu,9035068866,Basavaraj,9480684001,Yelchenahalli (100%),"Backward Class ""A"" (Women)"
South-47,47,Chandranagara,ಚಂದ್ರನಗರ,South,Zone1,Jayanagar,Bangalore South,176,176 - Bangalore South,RO- Anjanapura,ARO- Yelachenahalli,0.613,22054,11650,10404,5,100.1,0,84.3,23.33,38.07,24,2,100.1,1,0.0002,0.01,0,99.6,0.0001,0,0.0,0.01,0,0,1,0.34,0.28,3.73,4.35,7.1,13,5,0.23,100.1,0,0,0,0,0,Chandra Nagar; Ilyas Nagar; Rajotsava Nagar; Vikram Nagar,V Balakrishna,BJP,Sri Narasimha Babu,9035068866,Basavaraj,9480684001,Yelchenahalli (100%),General
South-48,48,Vasanthapura,ವಸಂತಪುರ,South,Zone1,Jayanagar,Bangalore South,176,176 - Bangalore South,RO- Anjanapura,ARO- Konanakunte,1.577,22830,11987,10843,13,100.1,2,79.4,39.15,24.82,20,1,98.2,2,0.0069,0.3,2,78.0,0.0197,0,0.0,1.25,0,0,0,0.0,0.34,3.29,3.62,2.3,23,4,0.18,96.8,3,0,0,0,0,Narayana Nagara,Shobha Gowda,INC,Sri Narasimha Babu,9035068866,Basavaraj,9480684001,Vasanthpura (96.8%); Yelchenahalli (3%),General (Women)
South-49,49,Uttarahalli,ಉತ್ತರಹಳ್ಳಿ,South,Zone1,Jayanagar,Bangalore South,176,176 - Bangalore South,RO- Anjanapura,ARO- Uttarahalli,2.151,25302,13208,12094,20,97.7,0,8.8,44.0,20.45,31,1,91.8,0,0.0,0.0,2,92.2,0.1169,1,0.0006,5.46,0,0,2,2.22,0.98,3.64,6.84,3.18,16,5,0.2,85.2,1,1,0,0,0,Kalyani Nagara; Uttarahalli; Vasanthapura; Vittal Nagar,Hanumantaiah',BJP,Sri Narasimha Babu,9035068866,Basavaraj,9480684001,Uttarahalli (69.6%); Vasanthpura (30.4%),Scheduled Caste (Women)
South-50,50,Sarvabhouma Nagar,ಸಾರ್ವಭೌಮ ನಗರ,South,Zone1,Jayanagar,Bangalore South,176,176 - Bangalore South,RO- Anjanapura,ARO- Uttarahalli,1.016,25256,13049,12207,12,100.1,0,,26.67,26.26,11,1,100.1,1,0.0041,0.16,0,100.0,0.0059,0,0.0,0.58,0,0,1,0.0,0.0,1.79,1.79,1.76,8,5,0.2,100.0,0,0,0,0,0,Chikkalasandra; Seven Hills Layout,Shobha Gowda,INC,Sri Narasimha Babu,9035068866,Basavaraj,9480684001,Vasanthpura (61.3%); Uttarahalli (38.7%),General
South-51,51,Subramanyapura,ಸುಬ್ರಹ್ಮಣ್ಯಪುರ,South,Zone1,Jayanagar,Bangalore South,176,176 - Bangalore South,RO- Anjanapura,ARO- Uttarahalli,7.698,27304,14134,13170,38,87.4,0,3.9,150.79,19.59,31,6,72.3,0,0.0,0.0,3,49.1,0.115,4,0.0083,1.6,0,0,0,3.58,4.02,11.86,19.46,2.53,22,3,0.11,25.3,2,0,0,0,0,AGS Layout; BHCS Layout; Karishma Hills; Subramanyapura,Hanumantaiah',BJP,Sri Narasimha Babu,9035068866,Basavaraj,9480684001,Uttarahalli (97.4%); Vasanthpura (1.7%); Rajarajeshwari Nagar (0.8%),General
South-52,52,Talagattapura,ತಲಘಟ್ಟಪುರ,South,Zone1,Jayanagar,Yeshwanthapura,153,153 - Yeshwanthapura,RO- Anjanapura,ARO- Anjanapura,18.047,23797,11887,10620,51,58.2,3,24.6,224.64,12.45,28,2,14.7,4,0.0186,0.78,8,42.9,0.3291,5,0.0095,1.88,4,0,0,5.0,3.12,36.32,44.44,2.46,28,11,0.46,14.7,2,1,0,0,0,Banashankari 6th Stage; Chikkegowdanpalya; Ganigarapalya; Gattigerepalya; Nagegowdanapalya; Thalaghattapura; Vajrahalli,Arya Srinivas,INC,Rudravadi,988665750,Ramesh,9480685326,Hemmigepura (62.6%),General (Women)
South-53,53,Jaraganahalli,ಜರಗನಹಳ್ಳಿ,South,Zone2,Bommanahalli,Bommanahalli,175,175 - Bommanahalli,RO- Arakere,ARO- Jaraganahalli,0.859,22646,11794,10852,4,100.1,0,50.3,20.64,24.03,14,0,52.6,2,0.0023,0.1,1,96.0,0.2223,0,0.0,25.88,0,0,0,0.0,1.24,0.02,1.26,1.46,9,2,0.09,92.9,2,0,0,0,0,,B M Shobha,BJP,lokesh,9036491598,Basavaraj,9480684001,Jaraganahalli (100%),General
South-54,54,Kengal Hanumanthaiah South,ಕೆಂಗಲ್ ಹನುಮಂತಯ್ಯ ದಕ್ಷಿಣ,South,Zone2,Bommanahalli,Bommanahalli,175,175 - Bommanahalli,RO- Arakere,ARO- Jaraganahalli,0.834,25484,13425,12058,9,100.1,0,31.0,25.18,30.18,21,0,92.7,1,0.0034,0.14,0,72.4,0.0,0,0.0,0.0,0,0,2,0.0,0.99,2.42,3.41,4.09,8,0,0.0,97.0,0,1,0,0,0,K R Layout,B M Shobha,BJP,lokesh,9036491598,Basavaraj,9480684001,Jaraganahalli (50.7%); Puttenahalli (49.3%),General (Women)
South-55,55,Puttenahalli,ಪುಟ್ಟೇನಹಳ್ಳಿ,South,Zone2,Bommanahalli,Bommanahalli,175,175 - Bommanahalli,RO- Arakere,ARO- Jaraganahalli,1.036,21484,10981,10504,6,100.1,0,,30.5,29.44,17,0,100.0,1,0.0,0.0,1,99.2,0.0326,0,0.0,3.15,0,0,0,0.0,0.0,1.56,1.56,1.51,11,4,0.19,97.6,1,0,0,0,0,Bank of Baroda Colony; Jagruthi Colony; Puttenahalli; Ramappa Layout; Sri Rama Layout,R Prabhavati Ramesh,BJP,lokesh,9036491598,Basavaraj,9480684001,Puttenahalli (91.2%); Arakere (8.7%),General (Women)
South-56,56,Doresanipalya,ದೊರೆಸಾನಿಪಾಳ್ಯ,South,Zone2,Bommanahalli,Bommanahalli,175,175 - Bommanahalli,RO- Arakere,ARO- Arakere,2.515,23059,11969,11090,18,100.1,0,,49.68,19.75,11,3,76.4,1,0.0059,0.26,0,57.1,0.0,1,0.0051,0.2,0,0,0,0.0,2.43,3.35,5.78,2.3,8,1,0.04,60.5,1,0,0,0,0,Arekere; Govinda Reddy Layout; Mico Arekere Layout 1st Stage; Panduranga Nagar,Bhagyalakshmi,BJP,lokesh,9845131223,Basavaraj,9480684001,Arakere (56.4%); Puttenahalli (43.6%),General (Women)
South-57,57,Hulimavu,ಹುಳಿಮಾವು,South,Zone2,Bommanahalli,Bommanahalli,175,175 - Bommanahalli,RO- Arakere,ARO- Arakere,1.331,19598,10294,9304,6,100.1,0,,30.79,23.13,11,1,93.7,1,0.0,0.0,0,91.1,0.0064,1,0.002,0.63,3,0,1,0.48,0.05,3.52,4.06,3.05,12,2,0.1,84.6,1,1,0,0,1,Hulimavu,Bhagyalakshmi,BJP,lokesh,9845131223,Basavaraj,9480684001,Arakere (100%),General (Women)
South-58,58,Arakere,ಅರಕೆರೆ,South,Zone2,Bommanahalli,Bommanahalli,175,175 - Bommanahalli,RO- Arakere,ARO- Arakere,1.261,18995,9900,9095,7,100.1,0,,30.93,24.52,21,4,99.4,1,0.0055,0.29,1,50.2,0.1216,0,0.0,9.64,1,1,1,0.13,1.79,2.15,4.06,3.22,12,1,0.05,95.1,0,0,0,0,0,,Bhagyalakshmi,BJP,lokesh,9845131223,Basavaraj,9480684001,Arakere (98.2%); Bilekhalli (1.8%),General
South-59,59,Vijaya Bank Layout,ವಿಜಯ ಬ್ಯಾಂಕ್ ಲೇಔಟ್,South,Zone2,Bommanahalli,Bommanahalli,175,175 - Bommanahalli,RO- Arakere,ARO- Bilekanahalli,4.229,27787,14761,13025,31,94.2,0,,82.35,19.47,15,6,62.9,4,0.0265,0.95,2,30.4,0.4558,0,0.0,10.78,0,0,0,3.42,2.62,11.71,17.74,4.2,12,4,0.14,48.0,1,0,0,0,0,Akshaynagar Layout; Royal Residency Layout; Vijaya Bank Layout,Bhagyalakshmi,BJP,lokesh,9845131223,Basavaraj,9480684001,Arakere (59.7%); Bilekhalli (34%); Bommanahalli (6.2%),General (Women)
South-60,60,Bilekahalli,ಬಿಳೇಕಹಳ್ಳಿ,South,Zone2,Bommanahalli,Bommanahalli,175,175 - Bommanahalli,RO- Arakere,ARO- Bilekanahalli,2.476,25208,13233,11976,8,78.1,0,,38.68,15.62,33,1,73.8,2,0.0144,0.57,2,55.4,0.8482,0,0.0,34.26,3,0,0,3.62,0.74,3.68,8.05,3.25,15,2,0.08,50.2,2,0,0,0,0,Bilekahalli,K Narayan Raju,BJP,Sri Channaveeraiah,9448449007,Basavaraj,9480684001,Bilekhalli (83.1%); Puttenahalli (16.6%),General
South-61,61,Kodi Chikkanahalli,ಕೋಡಿ ಚಿಕ್ಕನಹಳ್ಳಿ,South,Zone2,Bommanahalli,Bommanahalli,175,175 - Bommanahalli,RO- Arakere,ARO- Bilekanahalli,1.127,27784,14680,13104,9,100.1,0,,29.01,25.74,15,1,100.1,0,0.0,0.0,0,20.5,0.0006,0,0.0,0.05,2,0,0,0.96,0.55,4.71,6.21,5.51,4,5,0.18,93.1,1,1,0,0,0,Bommanahalli; Kodichikkanahalli; Lake City; N. G. R. Layout; Roopena Agrahara; Vakil Marina Layout,K Narayan Raju,BJP,Sri Channaveeraiah,9448449007,Basavaraj,9480684001,Bilekhalli (62.9%); Bommanahalli (36.8%),Scheduled Caste
South-62,62,Devarachikkanahalli,ದೇವರಚಿಕ್ಕನಹಳ್ಳಿ,South,Zone2,Bommanahalli,Bommanahalli,175,175 - Bommanahalli,RO- Bommanahalli,ARO- Bommanahalli,1.188,24847,13062,11784,10,100.1,0,,29.26,24.62,42,2,85.5,2,0.0044,0.18,0,,0.0,0,0.0,0.0,0,0,1,0.0,0.57,4.52,5.1,4.29,17,1,0.04,79.3,0,0,0,0,0,,Bharathi Ramachandra,BJP,Sri Channaveeraiah,9448449007,Basavaraj,9480684001,Hongasandra (60.3%); Bommanahalli (39.6%),"Backward Class ""B"" (Women)"
South-63,63,Bommanahalli,ಬೊಮ್ಮನಹಳ್ಳಿ,South,Zone2,Bommanahalli,Bommanahalli,175,175 - Bommanahalli,RO- Bommanahalli,ARO- Bommanahalli,0.884,26792,14010,12782,12,100.1,0,,25.41,28.74,25,1,99.7,0,0.0,0.0,0,0.9,0.0,0,0.0,0.0,1,0,0,0.0,0.02,2.1,2.13,2.41,16,1,0.04,100.1,0,0,0,0,0,Hongasandra,C R Rajmohan Raju,BJP,Sri Channaveeraiah,9448449007,Basavaraj,9480684001,Bommanahalli (77.8%); Hongasandra (21.6%); HSR Layout (0.5%),"Backward Class ""A"" (Women)"
South-64,64,Hongasandra,ಹೊಂಗಸಂದ್ರ,South,Zone2,Bommanahalli,Bommanahalli,175,175 - Bommanahalli,RO- Bommanahalli,ARO- Bommanahalli,0.498,27790,14968,12821,9,100.1,0,,15.59,31.28,6,0,48.7,0,0.0,0.0,0,,0.0,0,0.0,0.0,0,0,1,0.28,0.03,2.94,3.25,6.52,7,1,0.04,96.2,1,0,0,0,0,,Bharathi Ramachandra,BJP,Sri Channaveeraiah,9448449007,Basavaraj,9480684001,Hongasandra (98.2%); Bommanahalli (1.8%),General (Women)
South-65,65,Garvebavi Palya,ಗಾರ್ವೆಬಾವಿ ಪಾಳ್ಯ,South,Zone2,Bommanahalli,Bommanahalli,175,175 - Bommanahalli,RO- Bommanahalli,ARO- Singasandra,1.269,22967,12881,10086,4,98.3,0,,35.35,27.85,20,0,13.6,0,0.0,0.0,0,34.3,0.0076,0,0.0,0.6,1,0,0,1.02,0.0,3.44,4.46,3.51,13,0,0.0,44.0,0,0,0,0,0,GarvebhaviPalya,Shobha Jagadish,INC,akramo pasha,9480685280,Basavaraj,9480684001,Mangammanapalya (55.9%); Hongasandra (43.7%),General (Women)
South-66,66,Singasandra,ಸಿಂಗಸಂದ್ರ,South,Zone2,Bommanahalli,Bommanahalli,175,175 - Bommanahalli,RO- Bommanahalli,ARO- Singasandra,1.86,19089,10250,8839,8,100.1,0,,47.01,25.28,14,1,34.3,0,0.0,0.0,2,89.1,0.0482,2,0.0007,2.63,0,0,0,0.17,3.19,3.27,6.63,3.57,6,2,0.1,66.7,2,0,0,0,0,Wellington Paradise Layout,V Shantha,BJP,Sri Ashok Kumar,9480684569,Basavaraj,9480684001,Singasandra (100%),General (Women)
South-67,67,Bandepalya,ಬಂಡೇಪಾಳ್ಯ,South,Zone2,Bommanahalli,Bommanahalli,175,175 - Bommanahalli,RO- Bommanahalli,ARO- Mangamanapalya,1.762,19744,10547,9197,8,100.1,0,,46.56,26.43,27,2,70.9,0,0.0,0.0,2,99.5,0.0868,0,0.0,4.92,1,0,2,0.11,0.56,5.58,6.25,3.55,11,6,0.3,45.8,2,0,0,0,0,Singasandra,V Shantha,BJP,Sri Ashok Kumar,9480684569,Basavaraj,9480684001,Singasandra (51.8%); Mangammanapalya (39.4%); Hongasandra (8.7%),"Backward Class ""A"""
South-68,68,Mangammana Palya,ಮಂಗಮ್ಮನ ಪಾಳ್ಯ,South,Zone2,Bommanahalli,Bommanahalli,175,175 - Bommanahalli,RO- Bommanahalli,ARO- Mangamanapalya,0.591,23783,12624,11160,0,100.1,0,,17.18,29.07,11,0,80.5,0,0.0,0.0,1,100.0,0.0294,0,0.0,4.97,0,0,1,0.0,0.0,2.14,2.14,3.62,12,5,0.21,99.2,0,0,0,0,0,ITI Layout,Shobha Jagadish,INC,akramo pasha,9480685280,Basavaraj,9480684001,Mangammanapalya (99.7%),General
South-69,69,Hosapalya,ಹೊಸಪಾಳ್ಯ,South,Zone2,Bommanahalli,Bommanahalli,175,175 - Bommanahalli,RO- HSR Layout,ARO- Iblur,1.315,18834,9984,8850,3,99.5,0,,26.32,20.02,22,0,63.3,0,0.0,0.0,1,87.7,0.0369,0,0.0,2.8,0,0,0,0.0,0.0,3.15,3.15,2.4,10,1,0.05,44.0,0,0,0,0,0,Somasundarapalya,Shobha Jagadish,INC,akramo pasha,9480685280,Basavaraj,9480684001,Mangammanapalya (89.3%); HSR Layout (9.3%); Bellanduru (0.8%); Singasandra (0.6%),General (Women)
South-70,70,Iblur,ಇಬ್ಬಲೂರು,South,Zone2,Bommanahalli,Bommanahalli,175,175 - Bommanahalli,RO- HSR Layout,ARO- Iblur,2.794,27146,14110,13035,13,71.9,0,,45.3,16.21,20,7,70.7,1,0.0045,0.17,1,36.4,0.0532,0,0.0,1.9,0,0,0,0.0,1.53,4.83,6.36,2.27,8,2,0.07,54.2,2,1,0,0,0,Agara; Iblur; Parangipalya,Gurumurthy Reddy,BJP,akramo pasha,9480685280,Basavaraj,9480684001,HSR Layout (98.6%); Bellanduru (0.7%); Agaram (0.7%),Scheduled Caste
South-71,71,Agara,ಅಗರ,South,Zone2,Bommanahalli,Bommanahalli,175,175 - Bommanahalli,RO- HSR Layout,ARO- HSR Layout,1.855,18836,9742,9095,24,100.1,0,,47.66,25.69,16,8,100.1,1,0.0405,2.15,0,54.6,0.0002,0,0.0,0.01,2,1,0,0.0,0.17,6.22,6.39,3.44,9,1,0.05,99.4,1,1,0,0,0,Sector 1; Sector 2; Sector 3; Yellukunte,Gurumurthy Reddy,BJP,akramo pasha,9480685280,Basavaraj,9480684001,HSR Layout (84.8%); Mangammanapalya (15.2%),General (Women)
South-72,72,HSR Layout,ಎಚ್‌ಎಸ್‌ಆರ್ ಲೇಔಟ್,South,Zone2,Bommanahalli,Bommanahalli,175,175 - Bommanahalli,RO- HSR Layout,ARO- HSR Layout,2.664,18787,9747,9040,31,96.1,0,,69.69,26.16,11,12,94.5,0,0.0,0.0,1,36.9,0.3082,0,0.0,11.57,2,0,0,4.18,1.59,13.35,19.13,7.18,11,1,0.05,100.1,10,0,0,0,0,HSR Layout; MCHS Colony; Mangamannapalya; Sector 4; Sector 6; Sector 7,Gurumurthy Reddy,BJP,akramo pasha,9480685280,Basavaraj,9480684001,HSR Layout (98.9%); Hongasandra (1.1%),General
West-1,1,Nagasandra,ನಾಗಸಂದ್ರ,West,Zone1,Rajarajeshwarinagar,Dasarahalli,155,155 - Dasarahalli,RO- Hegganahalli,ARO- Nagasandra,1.909,24974,13670,11304,23,99.4,0,6.4,48.45,25.37,16,7,90.9,0,0.0,0.0,0,33.5,0.0017,0,0.0,0.09,1,0,1,1.33,0.03,4.64,6.0,3.14,10,7,0.28,64.7,2,0,0,0,0,HMT Layout; Nagasandra; Rukmini Nagara,Sarvamangala Nagaraj,BJP,Rangaraju,9480685803,Smt Nagarathna,9686800228,Chokkasandra (99.5%),General
West-2,2,Chokkasandra,ಚೊಕ್ಕಸಂದ್ರ,West,Zone1,Rajarajeshwarinagar,Dasarahalli,155,155 - Dasarahalli,RO- Hegganahalli,ARO- Nagasandra,1.089,27117,15167,11949,8,100.1,0,14.4,30.85,28.34,21,0,100.1,2,0.011,0.41,1,94.4,0.0637,0,0.0,5.85,0,0,1,3.35,1.01,0.82,5.19,4.77,9,5,0.18,99.9,2,0,0,0,0,,Sarvamangala Nagaraj,BJP,Rangaraju,9480685803,Smt Nagarathna,9686800228,Chokkasandra (100%),General (Women)
West-3,3,Nelagadaranahalli,ನೆಲಗದರನಹಳ್ಳಿ,West,Zone1,Rajarajeshwarinagar,Dasarahalli,155,155 - Dasarahalli,RO- Hegganahalli,ARO- Nagasandra,2.165,22738,12798,9940,11,96.8,0,,42.76,19.75,17,2,85.2,1,0.0,0.0,0,22.4,0.0241,0,0.0,1.11,0,0,0,1.37,1.31,2.95,5.63,2.6,14,5,0.22,70.1,0,0,0,0,0,Gruhalaxmi Layout; Nelagedaranahalli; Peenya 2nd Stage,Lalitha Thimananjaiah,INC,Rangaraju,9480685803,Smt Nagarathna,9686800228,Peenya Industrial Area (63.2%); Chokkasandra (36.8%),General (Women)
West-4,4,Parvathi Nagar,ಪಾರ್ವತಿ ನಗರ,West,Zone1,Rajarajeshwarinagar,Dasarahalli,155,155 - Dasarahalli,RO- Hegganahalli,ARO- Shivapura,1.463,20312,10983,9330,14,100.1,0,,30.82,21.07,14,1,98.3,1,0.0001,0.0,0,,0.0,0,0.0,0.0,0,0,0,0.0,0.51,4.07,4.58,3.13,10,0,0.0,100.1,4,0,0,0,0,MEI Colony,Lalitha Thimananjaiah,INC,Rangaraju,9480685803,Smt Nagarathna,9686800228,Peenya Industrial Area (99.9%),General
West-5,5,Rajeshwarinagar,ರಾಜೇಶ್ವರಿನಗರ,West,Zone1,Rajarajeshwarinagar,Dasarahalli,155,155 - Dasarahalli,RO- Hegganahalli,ARO- Hegganahalli,0.47,25418,13734,11684,2,100.1,0,,16.24,34.53,18,0,95.4,0,0.0,0.0,0,,0.0162,0,0.0,3.45,0,0,0,0.0,0.6,0.81,1.41,3.0,13,4,0.16,97.1,0,0,0,0,0,,Padmavathi Narasimhamurthy,JDS,Ravishankar,9449146594,Smt Nagarathna,9686800228,Rajagopal Nagar (50.1%); Peenya Industrial Area (49.9%),General (Women)
West-6,6,Shivapura,ಶಿವಪುರ,West,Zone1,Rajarajeshwarinagar,Dasarahalli,155,155 - Dasarahalli,RO- Hegganahalli,ARO- Shivapura,2.68,26408,14281,12117,11,98.8,0,,56.49,21.08,22,0,15.3,1,0.0142,0.54,0,2.6,0.1554,0,0.0,5.8,0,1,1,0.98,2.52,9.98,13.48,5.03,14,3,0.11,88.7,3,1,0,0,0,Shivapura,Lalitha Thimananjaiah,INC,Rangaraju,9480685803,Smt Nagarathna,9686800228,Peenya Industrial Area (88.7%); Hegganahalli (8.9%); Rajagopal Nagar (2.4%),Scheduled Caste
West-7,7,Rajagopala Nagara,ರಾಜಗೋಪಾಲ ನಗರ,West,Zone1,Rajarajeshwarinagar,Dasarahalli,155,155 - Dasarahalli,RO- Hegganahalli,ARO- Hegganahalli,1.0,24944,13594,11350,5,100.1,0,,26.73,26.72,21,0,6.7,0,0.0,0.0,0,,0.0006,0,0.0,0.06,1,0,0,0.0,0.43,1.8,2.23,2.23,21,7,0.28,94.0,0,0,0,0,0,GKW Layout,Padmavathi Narasimhamurthy,JDS,Ravishankar,9449146594,Smt Nagarathna,9686800228,Rajagopal Nagar (99.9%),General
West-8,8,Hegganahalli,ಹೆಗ್ಗನಹಳ್ಳಿ,West,Zone1,Rajarajeshwarinagar,Dasarahalli,155,155 - Dasarahalli,RO- Hegganahalli,ARO- Hegganahalli,0.88,28416,15161,13255,5,100.1,0,,25.86,29.39,26,0,,0,0.0,0.0,0,,0.0,0,0.0,0.0,1,0,0,0.0,0.64,1.52,2.16,2.46,12,7,0.25,71.4,0,0,0,0,0,Hegganahalli,Padmavathi Narasimhamurthy,JDS,Ravishankar,9449146594,Smt Nagarathna,9686800228,Rajagopal Nagar (66.8%); Hegganahalli (33.1%),General (Women)
West-9,9,Srigandhanagar,ಶ್ರೀಗಂಧನಗರ,West,Zone1,Rajarajeshwarinagar,Dasarahalli,155,155 - Dasarahalli,RO- Hegganahalli,ARO- Sunkadakatte,0.751,22361,12116,10245,3,100.1,0,,21.72,28.93,10,0,5.0,1,0.0064,0.29,0,,0.0,0,0.0,0.0,0,0,0,0.0,0.0,1.55,1.55,2.07,7,1,0.04,43.3,0,0,0,0,0,Kareemsab Nagar,Bhagyamma K,BJP,Ravishankar,9449146594,Smt Nagarathna,9686800228,Hegganahalli (59.8%); Rajagopal Nagar (39%); Dodda Bidarakallu (1%),"Backward Class ""A"""
West-10,10,Sunkadakatte,ಸುಂಕದಕಟ್ಟೆ,West,Zone1,Rajarajeshwarinagar,Dasarahalli,155,155 - Dasarahalli,RO- Hegganahalli,ARO- Sunkadakatte,0.769,23123,12440,10683,6,100.1,0,,23.56,30.63,23,0,4.8,0,0.0,0.0,0,12.9,0.0,0,0.0,0.0,0,0,0,0.0,0.14,0.77,0.91,1.19,21,3,0.13,26.9,0,0,0,0,0,,Bhagyamma K,BJP,Ravishankar,9449146594,Smt Nagarathna,9686800228,Hegganahalli (99.3%); Herohalli (0.7%),General (Women)
West-11,11,Dodda Bidarakallu,ದೊಡ್ಡ ಬಿದರಕಲ್ಲು,West,Zone1,Rajarajeshwarinagar,Yeshwanthapura,153,153 - Yeshwanthapura,RO- Herohalli,ARO- Dodda Bidarakallu,4.236,25777,13763,12015,23,89.7,0,2.8,91.91,21.7,29,1,48.6,1,0.0038,0.15,3,38.2,0.2443,0,0.0,5.77,2,0,2,4.91,2.67,5.84,13.42,3.17,19,8,0.31,9.0,0,0,0,0,0,Byraveshwara Nagara; Doddabidarakallu; Muniswamappa Layout; Sapthagiri Layout; Venugopala Nagara,Vasudeva S,INC,Rudravadi,988665750,Ramesh,9480685326,Dodda Bidarakallu (97.1%); Peenya Industrial Area (2.4%),General
West-12,12,Andrahalli,ಅಂದ್ರಹಳ್ಳಿ,West,Zone1,Rajarajeshwarinagar,Yeshwanthapura,153,153 - Yeshwanthapura,RO- Herohalli,ARO- Dodda Bidarakallu,5.578,27694,14627,13066,17,99.7,0,,129.35,23.19,21,4,38.2,0,0.0,0.0,2,36.4,0.0778,0,0.0,1.4,0,0,0,5.3,4.99,11.04,21.33,3.82,27,7,0.25,3.1,0,0,0,0,0,Andrahalli,Vasudeva S,INC,Rudravadi,988665750,Ramesh,9480685326,Dodda Bidarakallu (99.6%),Scheduled Tribes
West-13,13,Nada prabhu Kempegowda Nagara,ನಾಡ ಪ್ರಭು ಕೆಂಪೇಗೌಡ ನಗರ,West,Zone1,Rajarajeshwarinagar,Yeshwanthapura,153,153 - Yeshwanthapura,RO- Herohalli,ARO- Dodda Bidarakallu,4.207,27225,14293,12912,21,99.2,0,,111.53,26.51,37,3,65.2,5,0.0301,1.11,0,39.3,0.0,0,0.0,0.0,1,0,3,3.34,0.52,8.03,11.89,2.83,23,1,0.04,37.4,3,0,0,0,0,Gollarahatti; Hosahalli Golarapalya; Lingadeeranahalli; Syndicate Bank Layout; Tunga Nagar; Vidyamanyanagar,Vasudeva S,INC,Rudravadi,988665750,Ramesh,9480685326,Dodda Bidarakallu (67.5%); Herohalli (32.5%),General
West-14,14,Herohalli,ಹೆರೋಹಳ್ಳಿ,West,Zone1,Rajarajeshwarinagar,Yeshwanthapura,153,153 - Yeshwanthapura,RO- Herohalli,ARO- Herohalli,1.495,28413,15013,13419,17,100.1,0,,40.2,26.89,29,1,79.6,0,0.0,0.0,2,52.7,0.081,0,0.0,5.42,1,0,0,0.45,1.58,2.58,4.61,3.09,16,3,0.11,44.7,1,0,0,0,0,Herohalli; Madeshwara Nagara; Prasanna Layout,Rajanna,INC,Srimath Swayamprabh,9480685321,nandana,9480683155,Herohalli (99.7%),"Backward Class ""A"" (Women)"
West-15,15,Byadarahalli,ಬ್ಯಾಡರಹಳ್ಳಿ,West,Zone1,Rajarajeshwarinagar,Yeshwanthapura,153,153 - Yeshwanthapura,RO- Herohalli,ARO- Herohalli,4.154,22784,12186,10598,30,96.7,0,,95.58,23.01,19,9,90.1,3,0.0301,1.32,1,57.2,0.0193,1,0.0062,0.62,0,0,0,2.37,3.02,5.18,10.57,2.54,23,5,0.22,61.0,3,1,0,0,0,Bharathnagar; Byadarahalli,Rajanna,INC,Srimath Swayamprabh,9480685321,nandana,9480683155,Herohalli (91.8%); Dodda Bidarakallu (7.3%); Ullalu (0.9%),"Backward Class ""A"""
West-16,16,Ullal,ಉಳ್ಳಾಲ,West,Zone1,Rajarajeshwarinagar,Yeshwanthapura,153,153 - Yeshwanthapura,RO- Kengeri,ARO- Ullal,5.579,22549,11535,11014,33,98.8,0,,146.27,26.22,27,3,77.6,4,0.0375,1.66,2,31.2,0.3159,0,0.0,5.66,3,0,0,4.97,0.88,9.46,15.31,2.74,24,15,0.67,14.5,0,0,0,0,0,3rd Block; 4th Block; 5th Block; 6th Block; Further Extension; Sir MV Layout; Sonnenahalli; Ullalu,Sharada Muniraju,BJP,Rudravadi,988665750,Ramesh,9480685326,Ullalu (80.7%); Herohalli (18.9%),General
West-17,17,Nagadevanahalli,ನಾಗದೇವನಹಳ್ಳಿ,West,Zone1,Rajarajeshwarinagar,Yeshwanthapura,153,153 - Yeshwanthapura,RO- Kengeri,ARO- Ullal,2.481,23269,12102,11167,20,100.1,0,,71.23,28.71,18,6,100.1,6,0.016,0.69,0,36.1,0.0,0,0.0,0.0,0,0,0,0.04,2.32,4.24,6.6,2.66,22,6,0.26,100.1,7,0,0,0,0,Bhuvaneshwari Nagara 1st Stage; Bhuvaneshwari Nagara 2nd Stage; Nagadevanahalli,Sharada Muniraju,BJP,Rudravadi,988665750,Ramesh,9480685326,Ullalu (97.9%); Jnana Bharathi ward (2.1%),General (Women)
West-18,18,Kengal Hanumanthaiah West,ಕೆಂಗಲ್ ಹನುಮಂತಯ್ಯ ಪಶ್ಚಿಮ,West,Zone1,Rajarajeshwarinagar,Yeshwanthapura,153,153 - Yeshwanthapura,RO- Kengeri,ARO- Hemmigepura,2.325,21223,10855,10368,18,97.7,0,10.5,59.35,25.53,31,7,80.4,0,0.0,0.0,1,47.2,0.1456,0,0.0,6.26,0,0,0,2.53,0.55,3.98,7.06,3.04,17,3,0.14,81.7,3,0,0,0,0,Maruthi Nagara,BV Satyanaraya,BJP,Rudravadi,988665750,Ramesh,9480685326,Kengeri (59.5%); Ullalu (40.3%),General
West-19,19,Shivanapalya,ಶಿವನಪಾಳ್ಯ,West,Zone1,Rajarajeshwarinagar,Yeshwanthapura,153,153 - Yeshwanthapura,RO- Kengeri,ARO- Kengeri,1.681,21903,11495,10408,14,100.1,0,1.1,48.75,28.99,18,3,100.1,2,0.0019,0.09,1,96.5,0.0553,0,0.0,3.29,0,0,0,0.41,1.33,4.69,6.43,3.82,12,3,0.14,86.5,1,0,0,0,0,Dubasi Palya; Kengeri; Kengeri Satelite Town,Sharada Muniraju,BJP,Rudravadi,988665750,Ramesh,9480685326,Ullalu (50.5%); Kengeri (49.5%),"Backward Class ""A"" (Women)"
West-20,20,Kengeri Kote ward,ಕೆಂಗೇರಿ ಕೋಟೆ ವಾರ್ಡ್,West,Zone1,Rajarajeshwarinagar,Yeshwanthapura,153,153 - Yeshwanthapura,RO- Kengeri,ARO- Hemmigepura,15.214,19339,9841,9499,48,80.3,1,12.3,210.68,13.85,22,0,8.4,8,0.0546,2.82,4,19.4,0.2805,2,0.0043,1.87,0,1,0,8.3,3.09,32.11,43.5,2.86,40,8,0.41,24.2,3,0,0,0,0,"Banashankari 6th Stage, 11th Block; Chettupalya; Concept City; Ganakkal; Kodipalya",Arya Srinivas,INC,Rudravadi,988665750,Ramesh,9480685326,Hemmigepura (86.7%); Kengeri (12.8%),"Backward Class ""A"""
West-21,21,Kengeri,ಕೆಂಗೇರಿ,West,Zone1,Rajarajeshwarinagar,Yeshwanthapura,153,153 - Yeshwanthapura,RO- Kengeri,ARO- Kengeri,6.094,21835,11253,10582,37,93.5,2,32.2,110.76,18.18,30,2,49.5,5,0.0247,1.13,1,25.7,0.1165,3,0.0007,1.92,4,0,2,6.29,3.72,12.11,22.13,3.63,12,3,0.14,64.2,7,1,0,0,0,BDA Jnanabharathi Residential Enclave; BEML Layout 7th Phase; BHEL Layout; Concorde Layout; Krishna Garden Layout; Pattanagere; Reflex Layout; Vijayashree Layout,Arya Srinivas,INC,Rudravadi,988665750,Ramesh,9480685326,Hemmigepura (83.2%); Kengeri (14.9%); Rajarajeshwari Nagar (1.9%),"Backward Class ""A"" (Women)"
West-22,22,Bangarappa Nagara,ಬಂಗಾರಪ್ಪ ನಗರ,West,Zone1,Rajarajeshwarinagar,Rajarajeshwarinagar,154,154 - Rajarajeshwarinagar,RO- Rajarajeswari Nagara,ARO- Rajarajeswari Nagara,6.753,28414,14846,13669,33,96.2,2,15.6,123.51,18.29,32,2,62.0,7,0.0577,2.03,4,60.2,0.2085,1,0.0003,3.09,1,1,0,5.92,6.42,15.48,27.82,4.12,22,5,0.18,50.3,4,0,0,0,0,Aditya Layout; Bangarappa Nagar; D'Souza Nagar; Gattigere Extension; Giridhama Layout; Javaranadoddi; Krishnappa Layout; Marappa Layout; Pantarapalya; Pramodha Layout; Pushpagiri Nagar; Sapthagiri Layout,Nalini Manjunath,BJP,Rudravadi,988665750,Ramesh,9480685326,Rajarajeshwari Nagar (100%),General
West-23,23,Rajarajeshwari Nagara,ರಾಜರಾಜೇಶ್ವರಿ ನಗರ,West,Zone1,Rajarajeshwarinagar,Rajarajeshwarinagar,154,154 - Rajarajeshwarinagar,RO- Rajarajeswari Nagara,ARO- Rajarajeswari Nagara,4.126,26050,13348,12601,37,99.8,0,20.4,97.56,23.65,27,11,97.3,3,0.0149,0.57,1,67.3,0.0592,0,0.0,1.44,8,2,2,1.92,8.69,6.21,16.83,4.08,15,2,0.08,96.0,5,1,0,0,0,BEML Layout 3rd Stage; BEML Layout 5th Stage; Channasandra; Halagevaderahalli; Ideal Homes Layout; Kenchenahalli; Rajarajeshwari Nagar; Srinivasapura,Nalini Manjunath,BJP,Rudravadi,988665750,Ramesh,9480685326,Rajarajeshwari Nagar (100%),"Backward Class ""B"" (Women)"
West-24,24,Jnana Bharathi Ward,ಜ್ಞಾನ ಭಾರತಿ ವಾರ್ಡ್,West,Zone1,Rajarajeshwarinagar,Rajarajeshwarinagar,154,154 - Rajarajeshwarinagar,RO- Rajarajeswari Nagara,ARO- Jnana Bharathi,6.61,20533,10816,9717,49,83.7,1,11.5,100.59,15.22,24,4,71.9,10,0.1673,8.15,0,2.9,0.0,2,0.004,0.06,0,0,2,3.5,3.39,12.1,18.99,2.87,22,0,0.0,50.4,3,1,0,0,1,Jnana Bharathi,Tejaswini Sitaramaiah,BJP,Rudravadi,988665750,Ramesh,9480685326,Jnana Bharathi ward (100%),General
West-25,25,Vinayaka Layout,ವಿನಾಯಕ ಲೇಔಟ್,West,Zone1,Rajarajeshwarinagar,Rajarajeshwarinagar,154,154 - Rajarajeshwarinagar,RO- Rajarajeswari Nagara,ARO- Jnana Bharathi,2.573,20170,10168,10002,32,100.1,0,,70.54,27.42,16,15,100.1,2,0.0232,1.15,1,56.6,0.0,0,0.0,0.0,3,0,1,1.69,0.0,7.1,8.79,3.42,11,0,0.0,98.8,4,1,0,0,0,Mallathahalli; NGEF Layout; Nagarabhavi; Nrupatunga Nagar; Vinayaka Layout,G Mohan Kumar,INC,Rudravadi,988665750,Ramesh,9480685326,Kottegepalya (81.5%); Jnana Bharathi ward (18.5%),"Backward Class ""A"" (Women)"
West-26,26,Mallathahalli,ಮಲ್ಲತ್ತಹಳ್ಳಿ,West,Zone1,Rajarajeshwarinagar,Rajarajeshwarinagar,154,154 - Rajarajeshwarinagar,RO- Rajarajeswari Nagara,ARO- Jnana Bharathi,2.616,21575,11199,10375,22,100.1,0,,76.35,29.18,23,4,100.1,0,0.0,0.0,0,29.6,0.0,0,0.0,0.0,0,0,1,0.05,0.27,6.24,6.56,2.51,9,3,0.14,70.3,1,0,0,0,0,ITI Layout,Tejaswini Sitaramaiah,BJP,Rudravadi,988665750,Ramesh,9480685326,Jnana Bharathi ward (100%),"Backward Class ""A"" (Women)"
West-27,27,Srigandada Kaval,ಶ್ರೀಗಂಧದ ಕಾವಲ್,West,Zone1,Rajarajeshwarinagar,Rajarajeshwarinagar,154,154 - Rajarajeshwarinagar,RO- Peenya,ARO- Kotigepalya,2.241,25652,13401,12251,23,83.1,0,,44.54,19.88,24,2,68.3,4,0.0166,0.65,1,60.7,0.0,0,0.0,0.0,0,0,1,0.0,0.0,3.86,3.86,1.72,24,5,0.19,49.3,0,0,0,0,0,Annapoorneshwari Nagara; Chandana Layout; Srigandhakavalu,Tejaswini Sitaramaiah,BJP,Rudravadi,988665750,Ramesh,9480685326,Jnana Bharathi ward (92.5%); Kottegepalya (7.5%),"Backward Class ""A"""
West-28,28,Kottegepalya,ಕೊಟ್ಟಿಗೆಪಾಳ್ಯ,West,Zone1,Rajarajeshwarinagar,Rajarajeshwarinagar,154,154 - Rajarajeshwarinagar,RO- Peenya,ARO- Kotigepalya,2.393,22872,12165,10707,20,87.6,0,,57.08,23.85,17,2,61.3,0,0.0,0.0,0,2.9,0.0,0,0.0,0.0,0,1,1,2.7,0.61,6.68,9.98,4.17,7,5,0.22,93.1,5,0,0,0,0,Malagala; Prem Nagar,G Mohan Kumar,INC,Rudravadi,988665750,Ramesh,9480685326,Kottegepalya (100%),General
West-29,29,Chowdeshwari Nagar,ಚೌಡೇಶ್ವರಿ ನಗರ,West,Zone1,Rajarajeshwarinagar,Rajarajeshwarinagar,154,154 - Rajarajeshwarinagar,RO- Peenya,ARO- Kotigepalya,1.174,24455,12850,11605,4,97.4,0,,33.15,28.24,22,1,11.5,1,0.0111,0.45,0,,0.0169,0,0.0,1.44,1,0,0,0.25,0.75,2.41,3.41,2.9,17,6,0.25,85.9,0,0,0,0,0,Sunkadakatte; Vigneshwara Nagara,G Mohan Kumar,INC,Rudravadi,988665750,Ramesh,9480685326,Kottegepalya (99.6%),General
West-30,30,Kempegowda Layout,ಕೆಂಪೇಗೌಡ ಬಡಾವಣೆ,West,Zone1,Rajarajeshwarinagar,Rajarajeshwarinagar,154,154 - Rajarajeshwarinagar,RO- Peenya,ARO- Laggere,0.633,20026,10434,9592,7,100.1,0,,21.54,34.01,14,0,49.0,1,0.0062,0.31,0,,0.0,0,0.0,0.0,2,0,0,0.07,0.1,1.15,1.32,2.08,12,6,0.3,84.3,0,0,0,0,0,Kempegowda Layout,Manjula Narayanaswamy,JDS,Rudravadi,988665750,Ramesh,9480685326,Laggere (100%),General
West-31,31,Freedom Fighter Ward,ಫ್ರೀಡಂ ಫೈಟರ್ ವಾರ್ಡ್,West,Zone1,Rajarajeshwarinagar,Rajarajeshwarinagar,154,154 - Rajarajeshwarinagar,RO- Peenya,ARO- Laggere,0.497,18985,9976,9008,5,100.1,0,,18.23,36.67,11,0,72.1,0,0.0,0.0,0,,0.0,0,0.0,0.0,0,0,1,0.46,0.16,0.97,1.59,3.2,10,4,0.21,62.0,0,0,0,0,0,,Manjula Narayanaswamy,JDS,Rudravadi,988665750,Ramesh,9480685326,Laggere (100%),General
West-32,32,Laggere,ಲಗ್ಗೆರೆ,West,Zone1,Rajarajeshwarinagar,Rajarajeshwarinagar,154,154 - Rajarajeshwarinagar,RO- Peenya,ARO- Laggere,0.511,20508,10714,9794,5,100.1,0,,14.3,28.01,15,0,100.1,0,0.0,0.0,0,,0.0,0,0.0,0.0,0,0,0,0.0,0.67,0.12,0.78,1.53,8,6,0.29,97.1,0,0,0,0,0,Laggere,Manjula Narayanaswamy,JDS,Rudravadi,988665750,Ramesh,9480685326,Laggere (75.9%); Lakshmi Devi Nagar (24.1%),General
West-33,33,Lakshmi Devi Nagar,ಲಕ್ಷ್ಮಿ ದೇವಿ ನಗರ,West,Zone1,Rajarajeshwarinagar,Rajarajeshwarinagar,154,154 - Rajarajeshwarinagar,RO- Peenya,ARO- Peenya,0.524,24599,12820,11779,5,100.1,0,,14.52,27.73,24,0,100.1,0,0.0,0.0,0,,0.0,0,0.0,0.0,0,0,0,1.27,0.0,0.85,2.12,4.05,14,14,0.57,100.1,1,0,0,0,0,Lakshmi Devi Nagar,Velu Nayakar,INC,Rudravadi,988665750,Ramesh,9480685326,Lakshmi Devi Nagar (90.8%); Laggere (9.2%),Scheduled Caste
West-34,34,Peenya,ಪೀಣ್ಯ,West,Zone1,Rajarajeshwarinagar,Rajarajeshwarinagar,154,154 - Rajarajeshwarinagar,RO- Peenya,ARO- Peenya,3.995,26003,13620,12383,22,99.6,3,38.6,90.17,22.57,30,7,68.3,2,0.0232,0.89,0,0.6,0.0,0,0.0,0.0,2,0,0,2.97,1.39,10.8,15.16,3.79,27,6,0.23,84.9,4,1,0,0,1,Goragunte Palya; Peenya,Asha Suresh,INC,Rudravadi,988665750,Ramesh,9480685326,HMT Ward (99.9%),Scheduled Caste (Women)
West-35,35,Goraguntepalya,ಗೋರಗುಂಟೆಪಾಳ್ಯ,West,Zone1,Rajarajeshwarinagar,Rajarajeshwarinagar,154,154 - Rajarajeshwarinagar,RO- Peenya,ARO- Peenya,2.112,21462,11354,10108,17,99.6,2,50.2,40.47,19.16,12,1,62.9,0,0.0,0.0,0,2.8,0.0,1,0.002,0.1,0,1,0,0.0,0.0,4.06,4.06,1.92,6,4,0.19,65.8,11,1,0,0,0,,Asha Suresh,INC,Rudravadi,988665750,Ramesh,9480685326,HMT Ward (56.5%); Lakshmi Devi Nagar (43.5%),Scheduled Caste (Women)
West-36,36,Nalwadi Krishnaraja Wadiyar Ward,ನಾಲ್ವಡಿ ಕೃಷ್ಣರಾಜ ಒಡೆಯರ್ ವಾರ್ಡ್,West,Zone1,Rajarajeshwarinagar,Mahalakshmi Layout,156,156 - Mahalakshmi Layout,RO- Mahalakshmi Layout,ARO- Nandhini Layout,1.785,28281,14630,13650,8,100.1,1,52.2,43.37,24.3,23,2,100.1,1,0.0021,0.08,0,,0.0,0,0.0,0.0,0,0,1,0.0,0.0,6.43,6.43,3.6,16,11,0.39,100.1,5,0,0,0,1,Shankar Nagar,Mahadev M,JDS,Maheshwarappa,9448062241,Smt.Basavalingaiah,9480684609,Marappana Palya (95.3%); Mahalakshimpuram (4.6%),Scheduled Caste
West-37,37,Dr. Puneeth Rajkumar Ward,ಡಾ. ಪುನೀತ್ ರಾಜ್‌ಕುಮಾರ್ ವಾರ್ಡ್,West,Zone1,Rajarajeshwarinagar,Mahalakshmi Layout,156,156 - Mahalakshmi Layout,RO- Mahalakshmi Layout,ARO- Nandhini Layout,0.559,25126,13173,11953,12,100.1,0,11.2,20.4,36.49,23,6,100.1,2,0.0083,0.33,0,,0.0,0,0.0,0.0,0,0,0,0.07,0.0,1.24,1.32,2.36,22,10,0.4,100.1,1,0,0,0,0,,K V Rajendra Kumar,BJP,Maheshwarappa,9448062241,Smt.Basavalingaiah,9480684609,Nandini Layout (57%); Marappana Palya (42.9%),General
West-38,38,Nandini Layout,ನಂದಿನಿ ಲೇಔಟ್,West,Zone1,Rajarajeshwarinagar,Mahalakshmi Layout,156,156 - Mahalakshmi Layout,RO- Mahalakshmi Layout,ARO- Nandhini Layout,0.371,19639,10166,9474,9,100.1,0,,15.51,41.86,19,1,100.1,2,0.0078,0.4,0,,0.0,0,0.0,0.0,0,0,1,0.04,0.0,0.64,0.68,1.82,8,6,0.31,100.1,0,0,0,0,0,,K V Rajendra Kumar,BJP,Maheshwarappa,9448062241,Smt.Basavalingaiah,9480684609,Nandini Layout (100%),"Backward Class ""A"""
West-39,39,Jai Maruthi Nagar,ಜೈ ಮಾರುತಿ ನಗರ,West,Zone1,Rajarajeshwarinagar,Mahalakshmi Layout,156,156 - Mahalakshmi Layout,RO- Mahalakshmi Layout,ARO- Mahalakshmipuram,0.908,27166,13919,13247,9,100.1,0,13.7,28.06,30.9,21,8,100.1,1,0.0,0.0,0,,0.0,0,0.0,0.0,5,0,0,1.66,0.36,1.15,3.16,3.48,16,8,0.29,100.1,2,1,0,0,0,Nandini Layout,K V Rajendra Kumar,BJP,Maheshwarappa,9448062241,Smt.Basavalingaiah,9480684609,Nandini Layout (79.5%); Mahalakshimpuram (15.2%); Marappana Palya (5.3%),General
West-40,40,Mahalakshmipuram,ಮಹಾಲಕ್ಷ್ಮಿಪುರಂ,West,Zone1,Rajarajeshwarinagar,Mahalakshmi Layout,156,156 - Mahalakshmi Layout,RO- Mahalakshmi Layout,ARO- Mahalakshmipuram,0.522,28125,14610,13515,6,100.1,0,71.8,17.96,34.43,20,11,100.1,1,0.0043,0.15,0,,0.0,0,0.0,0.0,0,0,0,0.0,0.25,1.14,1.39,2.66,7,5,0.18,100.1,1,0,0,0,0,Ashokapuram; Mahalakshmi Layout,S Keshavamurthy,INC,Maheshwarappa,9448062241,Smt.Basavalingaiah,9480684609,Mahalakshimpuram (91.8%); Marappana Palya (8.2%),General
West-41,41,Nagapura,ನಾಗಪುರ,West,Zone1,Rajarajeshwarinagar,Mahalakshmi Layout,156,156 - Mahalakshmi Layout,RO- Mahalakshmi Layout,ARO- Mahalakshmipuram,0.967,26591,13419,13172,11,100.1,1,88.5,31.37,32.43,29,12,100.1,0,0.0,0.0,0,,0.0,0,0.0,0.0,0,0,0,0.0,0.0,2.5,2.5,2.59,17,4,0.15,100.1,5,1,0,0,0,JC Nagar; Mahalakshmipuram; Nagapura,Badregowda,JDS,Sayyed Udhuf,9886265182,Sri.Hombegowda,9480684172,Nagapura (79.2%); Mahalakshimpuram (20.8%),General (Women)
West-42,42,Raja Mayura Varma Ward,ರಾಜ ಮಯೂರ ವರ್ಮಾ ವಾರ್ಡ್,West,Zone1,Rajarajeshwarinagar,Mahalakshmi Layout,156,156 - Mahalakshmi Layout,RO- Mahalakshmi Layout,ARO- Shankar Mutt,0.478,27523,14371,13152,0,100.1,0,,17.26,36.07,18,0,100.1,0,0.0,0.0,0,,0.0,0,0.0,0.0,4,0,0,0.89,0.45,0.85,2.2,4.59,17,13,0.47,100.1,1,0,0,0,0,,M Shivaraju,INC,Sayyed Udhuf,9886265182,Sri.Hombegowda,9480684172,Shankar Matt (90.8%); Mahalakshimpuram (9.1%),General (Women)
West-43,43,Kethamaranahalli,ಕೇತಮಾರನಹಳ್ಳಿ,West,Zone1,Rajarajeshwarinagar,Mahalakshmi Layout,156,156 - Mahalakshmi Layout,RO- Mahalakshmi Layout,ARO- Shankar Mutt,1.435,28154,14315,13839,30,100.1,1,48.7,40.16,27.98,26,9,100.1,0,0.0,0.0,0,,0.0,0,0.0,0.0,0,0,0,0.0,0.07,4.33,4.4,3.07,29,2,0.07,100.1,9,0,0,0,0,Basaveshwaranagar; Ketamaranahalli; Kirloskar Colony; Kurubara Halli; Rajajinagar 1st Block; Rajajinagara 1st N Block; Rajajinagara 1st R Block; Teacher's Colony; West of Chord Road 2nd Stage,Badregowda,JDS,Sayyed Udhuf,9886265182,Sri.Hombegowda,9480684172,Nagapura (71.6%); Shankar Matt (22.2%); Shakthi Ganapathi Nagar (6.1%),General (Women)
West-44,44,Shankar Mutt,ಶಂಕರ ಮಠ,West,Zone1,Rajarajeshwarinagar,Mahalakshmi Layout,156,156 - Mahalakshmi Layout,RO- Mahalakshmi Layout,ARO- Shankar Mutt,0.499,28358,14578,13779,4,100.1,0,,17.6,35.3,27,4,100.1,0,0.0,0.0,0,,0.0,0,0.0,0.0,0,0,0,0.05,0.56,1.35,1.96,3.93,14,6,0.21,100.1,2,0,0,0,0,Kirloskar Colony,M Shivaraju,INC,Sayyed Udhuf,9886265182,Sri.Hombegowda,9480684172,Shankar Matt (64.1%); Shakthi Ganapathi Nagar (35.9%),"Backward Class ""A"""
West-45,45,Shakthi Ganapathi Nagara,ಶಕ್ತಿ ಗಣಪತಿ ನಗರ,West,Zone1,Rajarajeshwarinagar,Mahalakshmi Layout,156,156 - Mahalakshmi Layout,RO- Mahalakshmi Layout,ARO- Kamalanagara,0.393,20838,10695,10143,8,100.1,0,,13.65,34.75,18,3,100.1,0,0.0,0.0,0,18.9,0.0,0,0.0,0.0,0,0,0,0.0,0.0,0.51,0.51,1.29,10,6,0.29,100.1,0,0,0,0,0,Shakthi Ganapathi Nagar,Gangamma Rajanna,JDS,Maheshwarappa,9448062241,Sri Narasimha Naidu,9964151290,Shakthi Ganapathi Nagar (87.2%); Vrisabhavathi Nagar (9.3%); Shankar Matt (3.5%),"Backward Class ""A"" (Women)"
West-46,46,Kamalanagara,ಕಮಲಾನಗರ,West,Zone1,Rajarajeshwarinagar,Mahalakshmi Layout,156,156 - Mahalakshmi Layout,RO- Mahalakshmi Layout,ARO- Kamalanagara,0.455,28196,14749,13447,3,100.1,0,,15.92,34.97,25,1,100.1,0,0.0,0.0,0,48.3,0.0,0,0.0,0.0,0,0,0,0.05,0.0,0.78,0.83,1.82,6,9,0.32,100.1,1,0,0,0,0,Kamalanagara; NGOs Colony,S P Hemalatha,JDS,Sayyed Udhuf,9886265182,Sri.Hombegowda,9480684172,Vrisabhavathi Nagar (80%); Shakthi Ganapathi Nagar (20%),General (Women)
West-47,47,Vrishabhavathi Nagar,ವೃಷಭಾವತಿ ನಗರ,West,Zone1,Rajarajeshwarinagar,Mahalakshmi Layout,156,156 - Mahalakshmi Layout,RO- Mahalakshmi Layout,ARO- Kamalanagara,0.59,28346,15273,13074,1,100.1,0,,20.71,35.11,21,0,94.9,0,0.0,0.0,0,92.1,0.0,0,0.0,0.0,1,1,0,0.0,0.0,0.26,0.26,0.45,12,6,0.21,100.1,0,0,0,0,0,Vinayaka Nagar; Vrishabha Nagar,S P Hemalatha,JDS,Sayyed Udhuf,9886265182,Sri.Hombegowda,9480684172,Vrisabhavathi Nagar (100%),General (Women)
West-48,48,Mathikere,ಮತ್ತಿಕೆರೆ,West,Zone2,Malleshwaram,Malleshwaram,157,157 - Malleshwaram,RO- Malleshwaram,ARO- Mathikere,0.672,26058,13520,12539,3,100.1,0,,22.15,32.98,26,2,100.1,0,0.0,0.0,0,6.2,0.0,0,0.0,0.0,0,1,0,0.39,0.0,1.55,1.94,2.89,10,4,0.15,98.1,0,0,0,0,0,,Jayaprakash M C,BJP,Dev Raju,9448972251,Sri.Shantesh I/C,9480683165,Mattikere (97.9%); Aramane Nagara (2.1%),"Backward Class ""A"""
West-49,49,Aramane Nagara,ಅರಮನೆ ನಗರ,West,Zone2,Malleshwaram,Malleshwaram,157,157 - Malleshwaram,RO- Malleshwaram,ARO- Mathikere,0.874,26145,13738,12407,8,100.1,0,,23.14,26.47,17,3,100.1,1,0.0127,0.49,0,,0.0,0,0.0,0.0,0,0,0,0.0,0.39,2.47,2.86,3.27,6,4,0.15,100.1,0,0,0,0,0,Deewanarapalya; ITI Colony; Jaladarshini Layout; MSR Nagar,Sumangala B,BJP,Dev Raju,9448972251,Sri.Shantesh I/C,9480683165,Aramane Nagara (68.5%); Mattikere (24.7%); Malleswaram (6.8%),General
West-50,50,Sadashiva Nagara,ಸದಾಶಿವ ನಗರ,West,Zone2,Malleshwaram,Malleshwaram,157,157 - Malleshwaram,RO- Malleshwaram,ARO- Mathikere,4.964,19596,10143,9453,28,92.3,0,,74.26,14.96,15,9,74.7,6,0.1509,7.7,1,25.0,0.1395,0,0.0,2.81,0,1,0,0.0,6.3,1.61,7.92,1.6,10,0,0.0,64.7,0,1,0,0,0,Achaiah Chetty Layout; Ashwath Nagar; Poojary Layout; RMV 2nd Stage 1st Block; Sadashivanagar; Upper Palace Orchard,Sumangala B,BJP,Dev Raju,9448972251,Sri.Shantesh I/C,9480683165,Aramane Nagara (98.6%); Rajamahal Guttahalli (0.9%),General (Women)
West-51,51,Rajamahal,ರಾಜಮಹಲ್,West,Zone2,Malleshwaram,Malleshwaram,157,157 - Malleshwaram,RO- Malleshwaram,ARO- Rajamahal,2.434,24705,12375,12400,16,72.4,0,0.0,35.33,14.51,24,5,48.9,4,0.1147,4.64,0,6.5,0.0566,0,0.0,2.33,0,1,0,0.0,3.18,3.05,6.23,2.56,7,8,0.32,46.3,3,1,0,0,0,Guttahalli; Lower Palace Orchard,Sumangala B,BJP,Dev Raju,9448972251,Sri.Shantesh I/C,9480683165,Aramane Nagara (77.9%); Rajamahal Guttahalli (22%),General
West-52,52,Kodandarampura,ಕೋದಂಡರಾಮಪುರ,West,Zone2,Malleshwaram,Malleshwaram,157,157 - Malleshwaram,RO- Malleshwaram,ARO- Rajamahal,0.5,18962,9340,9552,5,100.1,0,1.6,17.66,35.3,12,2,100.1,0,0.0,0.0,0,57.1,0.0003,0,0.0,0.05,0,0,0,0.83,1.49,1.67,3.99,7.97,8,1,0.05,100.1,3,0,1,0,0,Swimming Pool Extension; Vyalikaval,Manjunath Raju,BJP,Am Raju,9663674226,Sri.Shantesh,9480683007,Kadu Malleshwar Ward (64.8%); Rajamahal Guttahalli (27.4%); Aramane Nagara (7.1%); Dattatreya Temple (0.7%),General (Women)
West-53,53,Malleshwaram,ಮಲ್ಲೇಶ್ವರಂ,West,Zone2,Malleshwaram,Malleshwaram,157,157 - Malleshwaram,RO- Malleshwaram,ARO- Malleshwaram,2.137,21827,10665,11162,34,100.1,0,10.7,43.49,20.35,27,5,99.3,1,0.0448,2.05,0,,0.0,0,0.0,0.0,2,0,0,0.11,1.68,1.2,2.99,1.4,37,2,0.09,100.1,10,2,0,0,0,Malleswaram,N Jayapal,BJP,Dev Raju,9448972251,Sri.Ashok,9480683466,Malleswaram (58.1%); Kadu Malleshwar Ward (40.7%); Aramane Nagara (1.2%),General (Women)
West-54,54,Subedarpalya,ಸುಬೇದಾರಪಾಳ್ಯ,West,Zone2,Malleshwaram,Malleshwaram,157,157 - Malleshwaram,RO- Malleshwaram,ARO- Malleshwaram,0.527,24829,12821,12008,6,100.1,0,2.6,16.97,32.17,24,0,98.3,1,0.0116,0.47,0,,0.0,0,0.0,0.0,0,0,1,0.0,0.43,1.59,2.03,3.85,22,5,0.2,100.1,1,0,0,0,0,,N Jayapal,BJP,Dev Raju,9448972251,Sri.Ashok,9480683466,Malleswaram (95%); Mattikere (5%),General (Women)
West-55,55,Subramanyanagara,ಸುಬ್ರಹ್ಮಣ್ಯನಗರ,West,Zone2,Malleshwaram,Malleshwaram,157,157 - Malleshwaram,RO- Malleshwaram,ARO- Subramanyanagara,0.829,27312,13591,13721,12,100.1,0,13.2,25.0,30.17,19,3,100.1,1,0.0094,0.35,0,,0.0,0,0.0,0.0,0,0,0,0.0,0.0,2.17,2.17,2.62,14,1,0.04,100.1,1,1,0,0,0,Milk Colony; Subrahmanya Nagar; Subramanya Nagar 2nd Stage,H Manjunath,INC,23463366,9663674226,Sri.Shantesh,9480683007,Subramanya Nagar (99.9%),General
West-56,56,Gayathri Nagara,ಗಾಯತ್ರಿ ನಗರ,West,Zone2,Malleshwaram,Malleshwaram,157,157 - Malleshwaram,RO- Malleshwaram,ARO- Subramanyanagara,0.438,26978,13816,13162,8,100.1,1,42.8,17.3,39.52,23,0,100.1,0,0.0,0.0,0,,0.0,0,0.0,0.0,0,0,0,0.0,1.05,1.16,2.21,5.04,5,4,0.15,100.1,0,0,0,0,0,Gayatri Nagar,Chandrakala Harish,INC,Am Raju,9663674226,Sri.Shantesh,9480683007,Gayithri Nagar (64.7%); Subramanya Nagar (25.2%); Kadu Malleshwar Ward (10.1%),General (Women)
West-57,57,Kuvempu Ward,ಕುವೆಂಪು ವಾರ್ಡ್,West,Zone2,Malleshwaram,Malleshwaram,157,157 - Malleshwaram,RO- Malleshwaram,ARO- Subramanyanagara,0.467,24283,12310,11973,8,100.1,1,47.2,17.33,37.09,26,1,100.1,0,0.0,0.0,0,,0.0,0,0.0,0.0,0,0,0,0.0,0.62,1.13,1.74,3.73,13,1,0.04,100.1,2,0,0,0,0,Maruthi Extension; Prakash Nagar,Chandrakala Harish,INC,Am Raju,9663674226,Sri.Shantesh,9480683007,Gayithri Nagar (77.5%); Kadu Malleshwar Ward (22.3%),"Backward Class ""A"""
West-58,58,Dayanand Nagara,ದಯಾನಂದ ನಗರ,West,Zone2,Malleshwaram,Rajajinagar,165,165 - Rajajinagar,RO- Rajajinagara,ARO- Prakash Nagara,0.271,21165,10793,10372,7,100.1,0,69.1,10.54,38.89,27,1,100.1,1,0.0048,0.23,0,,0.0,0,0.0,0.0,0,0,0,0.0,0.0,0.22,0.22,0.82,16,7,0.33,100.1,0,1,0,0,0,,Kumari Palanikanth,BJP,Nagesh Raddy,94484827242/23493287,Sri.Srinivas Murthy,9480683092,Dayananda Nagar (100%),Scheduled Caste (Women)
West-59,59,Bandi Reddy Circle Ward,ಬಂಡಿ ರೆಡ್ಡಿ ವೃತ್ತ ವಾರ್ಡ್,West,Zone2,Malleshwaram,Rajajinagar,165,165 - Rajajinagar,RO- Rajajinagara,ARO- Prakash Nagara,0.259,21286,10840,10446,3,100.1,0,7.4,8.83,34.16,3,0,100.1,0,0.0,0.0,0,,0.0,0,0.0,0.0,0,0,0,0.0,0.66,0.28,0.94,3.63,3,5,0.23,100.1,2,0,0,0,0,Sriramapuram,Kumari Palanikanth,BJP,Nagesh Raddy,94484827242/23493287,Sri.Srinivas Murthy,9480683092,Dayananda Nagar (67%); Prakash Nagar (33%),Scheduled Caste
West-60,60,Prakash Nagara,ಪ್ರಕಾಶ ನಗರ,West,Zone2,Malleshwaram,Rajajinagar,165,165 - Rajajinagar,RO- Rajajinagara,ARO- Prakash Nagara,0.396,19859,10133,9726,3,100.1,0,54.2,14.17,35.75,25,2,100.1,0,0.0,0.0,0,,0.0,0,0.0,0.0,1,0,0,0.0,0.77,0.96,1.73,4.36,15,4,0.2,100.1,2,0,0,0,0,Jooganahalli; Mariappanapalya,Padmavathi G,INC,Nagesh Raddy,94484827242/23493287,Sri.Srinivas Murthy,9480683092,Prakash Nagar (77.8%); Rajaji Nagar (22.2%),General (Women)
West-61,61,Da.Ra. Bendre Ward,ದ.ರಾ.ಬೇಂದ್ರೆ ವಾರ್ಡ್,West,Zone2,Malleshwaram,Rajajinagar,165,165 - Rajajinagar,RO- Rajajinagara,ARO- Rama Mandira,0.527,20756,10743,10013,3,100.1,0,45.2,16.27,30.9,25,0,100.1,0,0.0,0.0,0,,0.0,0,0.0,0.0,0,1,1,0.31,0.57,1.13,2.0,3.8,15,1,0.05,100.1,4,0,0,0,0,Rajajinagar 4M Block,Deepa Nagesh,BJP,Nagesh Raddy,94484827242/23493287,Sri.Srinivas Murthy,9480683092,Sriramamandir (67.3%); Prakash Nagar (32.7%),"Backward Class ""B"""
West-62,62,Rama Mandira,ರಾಮ ಮಂದಿರ,West,Zone2,Malleshwaram,Rajajinagar,165,165 - Rajajinagar,RO- Rajajinagara,ARO- Rama Mandira,0.661,22322,11241,11082,6,100.1,0,27.8,24.03,36.36,12,6,100.1,1,0.0043,0.19,0,6.4,0.0,0,0.0,0.0,1,0,1,0.0,0.0,1.08,1.08,1.63,13,3,0.13,100.1,4,0,0,0,0,Rajajinagar 4th Block; Rajajinagar 5th Block,Deepa Nagesh,BJP,Nagesh Raddy,94484827242/23493287,Sri.Srinivas Murthy,9480683092,Sriramamandir (99.3%); Shivanagara (0.5%),General (Women)
West-63,63,Rajajinagara,ರಾಜಾಜಿನಗರ,West,Zone2,Malleshwaram,Rajajinagar,165,165 - Rajajinagar,RO- Rajajinagara,ARO- Rajajinagara,0.878,19632,9933,9700,18,100.1,0,40.3,26.99,30.73,15,7,100.1,0,0.0,0.0,0,22.8,0.0,0,0.0,0.0,0,0,0,0.0,0.0,1.6,1.6,1.82,19,1,0.05,100.1,9,1,0,0,0,Rajajinagar; Rajajinagar 2nd Block; Rajajinagar 3rd Block,Manjula Vijaykumar,INC,Shatee Goeda,9845052920,Sri Rangaswamy,9480684564,Shivanagara (51.7%); Rajaji Nagar (42.9%); Sriramamandir (5.4%),General
West-64,64,Shivanagara,ಶಿವನಗರ,West,Zone2,Malleshwaram,Rajajinagar,165,165 - Rajajinagar,RO- Rajajinagara,ARO- Rajajinagara,0.293,20472,10929,9544,5,100.1,0,58.3,10.88,37.12,17,2,100.1,0,0.0,0.0,0,59.3,0.0,0,0.0,0.0,0,0,1,0.0,0.0,0.59,0.59,2.02,10,4,0.2,100.1,0,0,0,0,0,Shivanahalli,Manjula Vijaykumar,INC,Shatee Goeda,9845052920,Sri Rangaswamy,9480684564,Shivanagara (99.7%),General
West-65,65,Manjunath Nagara,ಮಂಜುನಾಥ್  ನಗರ,West,Zone2,Malleshwaram,Rajajinagar,165,165 - Rajajinagar,RO- Basaveshwara Nagara,ARO- Manjunath Nagara,0.284,20584,10676,9907,3,100.1,0,100.1,11.91,41.88,20,0,100.1,0,0.0,0.0,0,0.0,0.0,0,0.0,0.0,0,0,0,0.0,0.0,0.77,0.77,2.71,12,5,0.24,100.1,1,0,0,0,0,Indiranagar; Manjunath Nagar,G Krishnamurthy,INC,Shatee Goeda,9845052920,Sri.Shantesh I/C,9480683165,Rajaji Nagar (100%),"Backward Class ""A"""
West-66,66,Sane Guruvana Halli,ಸಾಣೆ ಗುರುವನ ಹಳ್ಳಿ,West,Zone2,Malleshwaram,Rajajinagar,165,165 - Rajajinagar,RO- Basaveshwara Nagara,ARO- Manjunath Nagara,0.352,20561,10679,9882,4,100.1,0,22.0,11.67,33.12,17,1,100.1,2,0.0246,1.19,1,79.3,0.0,0,0.0,0.0,1,0,1,0.0,0.0,0.82,0.82,2.34,6,3,0.15,100.1,2,0,0,0,0,Saneguruvanahalli,Umavathi Padmaraj,BJP,Shatee Goeda,9845052920,Sri Rangaswamy,9480684564,Basaveshwara Nagar (91.8%); Shivanagara (7.8%),"Backward Class ""A"""
West-67,67,Basaveshwara Nagara,ಬಸವೇಶ್ವರ ನಗರ,West,Zone2,Malleshwaram,Rajajinagar,165,165 - Rajajinagar,RO- Basaveshwara Nagara,ARO- Basaveshwara Nagara,0.868,20769,10382,10387,9,100.1,0,11.0,26.13,30.1,21,7,100.1,1,0.0062,0.3,0,60.7,0.0,0,0.0,0.0,0,0,1,0.0,0.11,1.72,1.83,2.11,11,3,0.14,100.1,4,0,0,0,0,Bhimajyothi LIC HBCS Layout; Maruthi House Building Co-operative Society Layout; Sharada Colony,Umavathi Padmaraj,BJP,Shatee Goeda,9845052920,Sri Rangaswamy,9480684564,Basaveshwara Nagar (59.1%); Kamakshipalya (28.2%); Rajaji Nagar (12.6%),General (Women)
West-68,68,Kamakshipalya,ಕಾಮಾಕ್ಷಿಪಾಳ್ಯ,West,Zone2,Malleshwaram,Rajajinagar,165,165 - Rajajinagar,RO- Basaveshwara Nagara,ARO- Basaveshwara Nagara,0.668,25024,13135,11889,5,100.1,0,0.0,20.31,30.41,15,3,100.1,0,0.0,0.0,1,100.0,0.0,0,0.0,0.0,0,0,0,0.0,0.2,1.61,1.81,2.71,8,3,0.12,100.1,2,1,0,0,0,KHB Colony; Meenakshi Nagar,Pratima K S Ramesh,BJP,Shatee Goeda,9845052920,Sri Rangaswamy,9480684564,Kamakshipalya (100%),General
West-69,69,Agrahara Dasarahalli,ಅಗ್ರಹಾರ ದಾಸರಹಳ್ಳಿ,West,Zone2,Malleshwaram,Govindraj Nagar,166,166 - Govindraj Nagar,RO- Govindraj Nagar,ARO- Agrahara Dasarahalli,0.523,24742,12806,11936,4,100.1,0,23.3,18.13,34.65,19,6,100.1,0,0.0,0.0,0,100.0,0.0,0,0.0,0.0,0,0,0,0.0,1.12,0.0,1.12,2.15,5,4,0.16,100.1,0,0,0,0,0,Basaveshwaranagar 2nd Stage,Shilpa G Sridhar,BJP,madhesh,9480684453,mzjunath,9480683341,Agrahara Dasarahalli (99.7%),"Backward Class ""A"" (Women)"
West-70,70,Dr Rajkumar Ward,ಡಾ. ರಾಜ್‌ಕುಮಾರ್ ವಾರ್ಡ್,West,Zone2,Malleshwaram,Govindraj Nagar,166,166 - Govindraj Nagar,RO- Govindraj Nagar,ARO- Agrahara Dasarahalli,0.983,24106,12476,11630,11,100.1,0,78.5,33.1,33.69,21,3,100.1,0,0.0,0.0,1,63.5,0.0,0,0.0,0.0,1,1,0,0.19,1.14,1.17,2.5,2.54,10,4,0.17,100.1,0,3,0,0,1,Rajajinagar 6th Block,Roopa R,INC,Mhadesh,9480684453/23208615,Sri.G.Srinivas,9880289812,Dr. Raj Kumar Ward (99.7%),General
West-71,71,Thimmenahalli,ತಿಮ್ಮೇನಹಳ್ಳಿ,West,Zone2,Malleshwaram,Govindraj Nagar,166,166 - Govindraj Nagar,RO- Govindraj Nagar,ARO- Thimenhalli,0.692,23837,12315,11522,7,100.1,1,96.4,23.2,33.53,19,3,100.1,1,0.0132,0.55,0,56.5,0.0,0,0.0,0.0,0,0,0,0.0,0.81,0.0,0.81,1.17,17,3,0.13,79.8,0,0,0,0,0,Dasarahalli; Govindaraj Nagara; Thimanahalli,Umesh Shetty,BJP,Mhadesh,9480684453/23208615,Sri.G.Srinivas,9880289812,Govindaraja Nagar (61.2%); Agrahara Dasarahalli (38.8%),"Backward Class ""A"""
West-72,72,Kaveripura,ಕಾವೇರಿಪುರ,West,Zone2,Malleshwaram,Govindraj Nagar,166,166 - Govindraj Nagar,RO- Govindraj Nagar,ARO- Kaveripura,1.014,22300,12360,9940,1,97.7,0,,24.3,23.97,9,0,90.7,0,0.0,0.0,0,70.9,0.0,0,0.0,0.0,0,0,0,0.11,0.18,0.98,1.28,1.26,7,3,0.13,96.9,0,0,0,0,0,Kamakshipalya,R Ramila,JDS,Mhadesh,9480684453/23208615,Sri.G.Srinivas,9880289812,Kaveripura (95%); Govindaraja Nagar (5%),General (Women)
West-73,73,Dr. Vishnuvardhan Ward,ಡಾII ವಿಷ್ಣುವರ್ಧನ್ ವಾರ್ಡ್,West,Zone2,Malleshwaram,Govindraj Nagar,166,166 - Govindraj Nagar,RO- Govindraj Nagar,ARO- Thimenhalli,0.894,21949,11129,10820,10,100.1,1,73.2,27.09,30.31,28,10,100.1,1,0.0,0.0,0,72.6,0.0,0,0.0,0.0,0,0,0,0.0,0.61,1.11,1.72,1.93,18,2,0.09,58.2,0,0,0,0,0,Amarjyothi Nagar; Binny Layout; Central Excise Layout; M C Layout; Prashanth Nagar,Madhukumari Vageesh,BJP,Mhadesh,9480684453/23208615,Sri.G.Srinivas,9880289812,Marenahalli (46.1%); Govindaraja Nagar (32.5%); Kaveripura (20%); Mudalapalya (1.4%),"Backward Class ""A"" (Women)"
West-74,74,Pattegar Palya,ಪಟ್ಟೆಗಾರ್ ಪಾಳ್ಯ,West,Zone2,Malleshwaram,Govindraj Nagar,166,166 - Govindraj Nagar,RO- Govindraj Nagar,ARO- Kaveripura,0.423,20465,10741,9723,5,100.1,0,,14.13,33.43,25,1,100.1,0,0.0,0.0,1,99.6,0.0138,0,0.0,3.27,0,0,0,0.22,0.0,2.28,2.51,5.93,11,4,0.2,100.1,1,0,0,0,0,Kaveri Pura; Sampige Layout; Syndicate Bank Colony,R Ramila,JDS,Mhadesh,9480684453/23208615,Sri.G.Srinivas,9880289812,Kaveripura (100%),General (Women)
West-75,75,Marenahalli West,ಮಾರೇನಹಳ್ಳಿ ಪಶ್ಚಿಮ,West,Zone2,Malleshwaram,Govindraj Nagar,166,166 - Govindraj Nagar,RO- Chandra Layout,ARO- Marenahalli,0.486,23915,12415,11500,7,100.1,0,45.1,17.21,35.44,19,2,100.1,0,0.0,0.0,0,79.6,0.0,0,0.0,0.0,0,0,0,0.0,0.24,0.35,0.58,1.2,5,3,0.13,62.1,0,1,0,0,0,Kaveri Layout; Marenahalli; NHCS Layout; Saraswathi Nagara,Madhukumari Vageesh,BJP,Mhadesh,9480684453/23208615,Sri.G.Srinivas,9880289812,Marenahalli (56.7%); Kaveripura (17.1%); Mudalapalya (16.3%); Maruthi Mandir ward (9.8%),"Backward Class ""A"" (Women)"
West-76,76,Moodalapalya,ಮೂಡಲಪಾಳ್ಯ,West,Zone2,Malleshwaram,Govindraj Nagar,166,166 - Govindraj Nagar,RO- Chandra Layout,ARO- Marenahalli,0.401,19590,10168,9421,3,100.1,0,,14.49,36.11,9,1,100.1,0,0.0,0.0,0,53.3,0.0,0,0.0,0.0,1,0,0,0.63,0.0,0.38,1.01,2.53,8,2,0.1,100.1,0,0,0,0,0,,Dase Gowda,BJP,Srimath Swayamprabh,9480685321,Shivama,9480685409,Mudalapalya (99.5%),"Backward Class ""A"" (Women)"
West-77,77,Maruthi Mandira Ward,ಮಾರುತಿ ಮಂದಿರ ವಾರ್ಡ್,West,Zone2,Malleshwaram,Govindraj Nagar,166,166 - Govindraj Nagar,RO- Chandra Layout,ARO- Maruthi Mandira,0.551,21251,11060,10191,7,100.1,0,72.5,18.7,33.95,22,6,100.1,0,0.0,0.0,0,21.9,0.0,0,0.0,0.0,0,0,1,0.0,1.05,0.24,1.29,2.33,7,2,0.09,86.8,0,0,0,0,0,GKW Layout; PF Layout; Vijaya Nagar; Vinayaka Layout,N Shantha Kumari,BJP,Praveen Lingaya,9480684454/23501567,Sri.G.Srinivas,9880289812,Maruthi Mandir ward (99.4%),"Backward Class ""B"" (Women)"
West-78,78,Anubhava Nagara,ಅನುಭವ ನಗರ,West,Zone2,Malleshwaram,Govindraj Nagar,166,166 - Govindraj Nagar,RO- Chandra Layout,ARO- Maruthi Mandira,0.618,23375,12025,11350,9,100.1,0,15.2,21.4,34.62,19,5,100.1,0,0.0,0.0,0,10.1,0.0,0,0.0,0.0,0,0,0,0.14,0.23,0.47,0.83,1.34,11,2,0.09,100.1,2,0,0,0,0,,Dase Gowda,BJP,Srimath Swayamprabh,9480685321,Shivama,9480685409,Mudalapalya (69.1%); Maruthi Mandir ward (30.9%),"Backward Class ""A"" (Women)"
West-79,79,Nagarbhavi,ನಾಗರಭಾವಿ,West,Zone2,Malleshwaram,Govindraj Nagar,166,166 - Govindraj Nagar,RO- Chandra Layout,ARO- Chandra Layout,2.179,28194,14491,13703,17,85.6,0,16.7,40.76,18.7,27,4,81.8,0,0.0,0.0,0,43.9,0.0,0,0.0,0.0,1,0,2,1.78,2.09,1.22,5.09,2.34,15,6,0.21,48.9,0,0,0,0,0,Teacher's Colony,M Savitha,INC,Praveen Lingaya,9480684454/23501567,Sri.G.Srinivas,9880289812,Nayandahalli (53.1%); Nagarabhavi (44.1%); Mudalapalya (2.9%),General
West-80,80,Chandra Layout,ಚಂದ್ರ ಲೇಔಟ್,West,Zone2,Malleshwaram,Govindraj Nagar,166,166 - Govindraj Nagar,RO- Chandra Layout,ARO- Chandra Layout,0.673,26205,13378,12827,7,100.1,0,13.6,25.25,37.51,27,6,100.1,1,0.0049,0.19,1,100.0,0.0,0,0.0,0.0,0,0,0,0.0,2.19,0.74,2.93,4.35,14,7,0.27,100.1,0,0,0,0,0,,Mohan Kumar,BJP,Praveen Lingaya,9480684454/23501567,Sri.G.Srinivas,9880289812,Nagarabhavi (94.3%); Nayandahalli (5.7%),"Backward Class ""A"""
West-81,81,Nayanda Halli,ನಾಯಂಡ ಹಳ್ಳಿ,West,Zone2,Malleshwaram,Govindraj Nagar,166,166 - Govindraj Nagar,RO- Chandra Layout,ARO- Chandra Layout,0.877,25982,13376,12606,6,99.3,0,68.6,22.76,25.95,24,6,98.4,0,0.0,0.0,1,48.3,0.0453,0,0.0,5.16,1,0,0,0.0,1.72,3.77,5.5,6.27,8,7,0.27,72.3,0,0,0,0,0,,M Savitha,INC,Praveen Lingaya,9480684454/23501567,Sri.G.Srinivas,9880289812,Nayandahalli (99.7%),Scheduled Caste
West-82,82,Attigupe,ಅತ್ತಿಗುಪ್ಪೆ,West,Zone2,Malleshwaram,Vijayanagar,167,167 - Vijayanagar,RO- Hampi Nagar,ARO- Hampi Nagar,0.85,24614,12673,11941,15,100.1,0,82.2,30.42,35.8,13,24,100.1,0,0.0,0.0,0,91.4,0.0,0,0.0,0.0,0,0,0,0.0,1.19,0.36,1.55,1.82,13,2,0.08,100.1,2,1,0,0,0,Attiguppe; BCC Layout; Chandra Layout,Dr S Raju,BJP,Srimath Swayamprabh,9480685321,Shivama,9480685409,Attiguppe (99.9%),"Backward Class ""A"""
West-83,83,Hampi Nagar,ಹಂಪಿ ನಗರ,West,Zone2,Malleshwaram,Vijayanagar,167,167 - Vijayanagar,RO- Hampi Nagar,ARO- Hampi Nagar,0.899,23420,12018,11402,16,100.1,1,76.1,30.07,33.46,25,12,100.1,0,0.0,0.0,0,49.7,0.0,0,0.0,0.0,0,0,0,0.0,0.56,0.89,1.46,1.62,12,0,0.0,100.1,3,0,0,0,0,Hampi Nagar,Dr S Raju,BJP,Srimath Swayamprabh,9480685321,Shivama,9480685409,Attiguppe (59.8%); Hampi Nagar (35%); Hosahalli (5.1%),"Backward Class ""B"""
West-84,84,Hosahalli,ಹೊಸಹಳ್ಳಿ,West,Zone2,Malleshwaram,Vijayanagar,167,167 - Vijayanagar,RO- Vijayanagar,ARO- Hosahalli,0.628,27966,14417,13548,3,100.1,0,17.2,20.47,32.62,23,6,100.1,1,0.0018,0.06,0,,0.0,0,0.0,0.0,0,0,0,0.0,0.27,0.62,0.89,1.41,15,4,0.14,100.1,4,1,0,0,0,Hosahalli; Shamana Nagar,R Mahalakshmi,BJP,Srimath Swayamprabh,9480685321,Shivama,9480685409,Hosahalli (61.8%); Vijayanagar (13.9%); Bapuji Nagar (13.4%); Hampi Nagar (11%),"Backward Class ""A"""
West-85,85,Adi Chunchanagiri Ward,ಆದಿ ಚುಂಚನಗಿರಿ ವಾರ್ಡ್,West,Zone2,Malleshwaram,Vijayanagar,167,167 - Vijayanagar,RO- Vijayanagar,ARO- Hosahalli,0.705,26463,13516,12947,7,100.1,0,54.6,23.39,33.18,39,10,100.1,0,0.0,0.0,0,0.1,0.0,0,0.0,0.0,1,0,0,1.07,0.37,0.32,1.75,2.49,13,2,0.08,100.1,3,0,0,0,0,RPC Layout; Telecom Layout,R Mahalakshmi,BJP,Srimath Swayamprabh,9480685321,Shivama,9480685409,Hosahalli (51%); Vijayanagar (35.9%); Bapuji Nagar (10.6%); Hampi Nagar (2.5%),"Backward Class ""B"""
West-86,86,Vidyaranyanagara,ವಿದ್ಯಾರಣ್ಯನಗರ,West,Zone2,Malleshwaram,Vijayanagar,167,167 - Vijayanagar,RO- Vijayanagar,ARO- KP Agrahara,0.305,28411,14786,13705,0,100.1,0,85.8,10.4,34.09,7,0,100.1,0,0.0,0.0,0,,0.0,0,0.0,0.0,1,1,0,0.75,0.39,0.74,1.87,6.14,6,3,0.11,100.1,0,0,0,0,0,Cholourpalya,Srilatha Gopinathraju,BJP,Srimath Swayamprabh,9480685321,Shivama,9480685409,Vijayanagar (69.5%); Hosahalli (30%),"Backward Class ""A"" (Women)"
West-87,87,K.P Agrahara,ಕೆ.ಪಿ. ಅಗ್ರಹಾರ,West,Zone2,Malleshwaram,Vijayanagar,167,167 - Vijayanagar,RO- Vijayanagar,ARO- KP Agrahara,0.337,23555,12024,11451,3,100.1,0,89.3,12.67,37.63,31,4,100.1,0,0.0,0.0,0,2.6,0.0,0,0.0,0.0,0,0,0,0.49,0.01,0.57,1.07,3.19,20,2,0.08,100.1,2,0,0,0,0,,Srilatha Gopinathraju,BJP,Srimath Swayamprabh,9480685321,Shivama,9480685409,Vijayanagar (53%); Kempapura Agrahara (47%),"Backward Class ""A"" (Women)"
West-88,88,Sangolli Rayanna Ward,ಸಂಗೊಳ್ಳಿ ರಾಯಣ್ಣ ವಾರ್ಡ್,West,Zone2,Malleshwaram,Vijayanagar,167,167 - Vijayanagar,RO- Vijayanagar,ARO- KP Agrahara,0.196,26299,13342,12957,2,100.1,0,53.6,7.33,37.3,18,0,100.1,0,0.0,0.0,0,,0.0,0,0.0,0.0,1,0,0,0.0,0.06,0.2,0.26,1.3,11,6,0.23,100.1,0,0,0,0,0,Kempapura Agrahara,Gayathri,Independent,Srimath Swayamprabh,9480685321,basava achary,9845768187,Kempapura Agrahara (100%),Scheduled Tribes (Women)
West-89,89,Bapuji Nagara,ಬಾಪೂಜಿ ನಗರ,West,Zone2,Malleshwaram,Vijayanagar,167,167 - Vijayanagar,RO- Vijayanagar,ARO- Gali Anjaneya Temple,0.348,20625,10705,9921,2,100.1,0,24.9,9.18,26.36,19,0,100.1,0,0.0,0.0,0,,0.0,0,0.0,0.0,1,0,0,0.99,0.05,0.03,1.08,3.1,14,3,0.15,100.1,2,0,0,0,0,Guddadahalli,Azmal Beig,INC,Srimath Swayamprabh,9480685321,Shivama,9480685409,Bapuji Nagar (98.2%); Gali Anjenaya Temple ward (1.8%),"Backward Class ""A"""
West-90,90,Krishnadevaraya ward,ಕೃಷ್ಣದೇವರಾಯ ವಾರ್ಡ್,West,Zone2,Malleshwaram,Vijayanagar,167,167 - Vijayanagar,RO- Vijayanagar,ARO- Gali Anjaneya Temple,0.475,28148,14478,13669,1,100.1,0,22.8,18.08,38.1,30,3,100.1,0,0.0,0.0,0,,0.0,0,0.0,0.0,0,2,1,0.0,0.61,0.69,1.3,2.73,12,4,0.14,100.1,2,0,0,0,0,Bapuji Nagar,Anand Hosur,BJP,Srimath Swayamprabh,9480685321,Shivama,9480685409,Hampi Nagar (64.2%); Bapuji Nagar (35.7%),Scheduled Caste (Women)
West-91,91,Gali Anjaneya Temple Ward,ಗಾಳಿ ಆಂಜನೇಯ ದೇವಸ್ಥಾನ ವಾರ್ಡ್,West,Zone2,Malleshwaram,Vijayanagar,167,167 - Vijayanagar,RO- Vijayanagar,ARO- Gali Anjaneya Temple,0.774,22841,11807,11034,6,100.1,0,65.5,24.57,31.74,17,6,100.1,0,0.0,0.0,0,6.4,0.0,0,0.0,0.0,2,1,1,1.15,0.76,0.5,2.4,3.11,16,6,0.26,100.1,2,1,0,0,0,NTY Layout,Anand Hosur,BJP,Srimath Swayamprabh,9480685321,Shivama,9480685409,Hampi Nagar (52%); Gali Anjenaya Temple ward (47.8%),General (Women)
West-92,92,Muneshwara Block,ಮುನೇಶ್ವರ ಬ್ಲಾಕ್,West,Zone2,Malleshwaram,Vijayanagar,167,167 - Vijayanagar,RO- Hampi Nagar,ARO- Avalahalli,0.634,19922,10335,9587,8,100.1,0,4.4,14.85,23.42,18,3,100.1,0,0.0,0.0,0,,0.0,0,0.0,0.0,0,0,2,0.63,0.69,0.44,1.77,2.78,14,5,0.25,100.1,4,0,0,0,0,,Uma N,INC,Srimath Swayamprabh,9480685321,Shivama,9480685409,Gali Anjenaya Temple ward (93.7%); Deepanjali Nagar (6.3%),General (Women)
West-93,93,Avalahalli,ಆವಲಹಳ್ಳಿ,West,Zone2,Malleshwaram,Vijayanagar,167,167 - Vijayanagar,RO- Hampi Nagar,ARO- Avalahalli,0.452,24326,12633,11693,2,100.1,0,37.4,16.81,37.18,16,0,100.1,0,0.0,0.0,0,,0.0,0,0.0,0.0,0,0,0,0.33,0.06,0.64,1.03,2.27,8,6,0.25,100.1,0,0,0,0,0,Byataranyapura; Ganapathy Nagar,Anupama Dharmapal,BJP,Srimath Swayamprabh,9480685321,Shivama,9480685409,Deepanjali Nagar (63.1%); Gali Anjenaya Temple ward (36.9%),"Backward Class ""A"" (Women)"
West-94,94,Deepanjali Nagara,ದೀಪಾಂಜಲಿ ನಗರ,West,Zone2,Malleshwaram,Vijayanagar,167,167 - Vijayanagar,RO- Hampi Nagar,ARO- Hampi Nagar,1.771,27561,14457,13104,16,100.1,2,63.4,46.16,26.06,25,2,82.1,1,0.002,0.07,1,50.2,0.0157,0,0.0,0.89,2,0,1,1.56,0.0,5.12,6.68,3.77,20,12,0.44,100.1,7,0,0,0,0,Avalahalli; KHR Colony; Veerabhadra Nagara,Anupama Dharmapal,BJP,Srimath Swayamprabh,9480685321,Shivama,9480685409,Deepanjali Nagar (99.4%),General
West-95,95,Swamy Vivekananda Ward,ಸ್ವಾಮಿ ವಿವೇಕಾನಂದ ವಾರ್ಡ್,West,Zone2,Malleshwaram,Basavanagudi,170,170 - Basavanagudi,RO- Basavanagudi,ARO- Katriguppe,1.52,28152,14070,14081,18,100.1,0,0.0,47.49,31.25,36,6,100.1,2,0.0046,0.16,0,2.3,0.0,0,0.0,0.0,0,0,0,1.59,0.19,2.96,4.74,3.12,18,2,0.07,100.1,5,1,0,0,0,Banashankari 3rd Stage; Girinagar; Hosakerehalli Layout,A V Nandini Vijay Vittal,BJP,Srimath Swayamprabh,9480685321,basava achary,9845768187,Girinagar (97.2%); Katriguppe (2.8%),General (Women)
West-96,96,Kathriguppe,ಕತ್ರಿಗುಪ್ಪೆ,West,Zone2,Malleshwaram,Basavanagudi,170,170 - Basavanagudi,RO- Basavanagudi,ARO- Katriguppe,1.007,27696,14064,13632,20,100.1,0,,33.37,33.13,33,4,100.1,4,0.008,0.29,0,10.9,0.0,0,0.0,0.0,0,0,0,0.56,1.33,4.11,6.0,5.96,9,2,0.07,100.1,4,1,0,0,0,Banashankari; Katriguppe,Sangathi Venkatesh,BJP,Rudravadi,988665750,Ramesh,9480685326,Katriguppe (69.3%); Vidyapeeta ward (30.6%),General (Women)
West-97,97,Srinivasa Nagara,ಶ್ರೀನಿವಾಸ ನಗರ,West,Zone2,Malleshwaram,Basavanagudi,170,170 - Basavanagudi,RO- Basavanagudi,ARO- Srinivasa Nagara,0.428,25716,13278,12438,5,100.1,0,,15.04,35.16,17,1,100.1,2,0.0129,0.5,0,,0.0,0,0.0,0.0,0,1,0,1.27,0.62,0.71,2.6,6.08,9,1,0.04,100.1,1,0,0,0,0,Srinivas Nagar,Sangathi Venkatesh,BJP,Rudravadi,988665750,Ramesh,9480685326,Katriguppe (74%); Vidyapeeta ward (25.9%),General (Women)
West-98,98,Ashoka Nagara,ಅಶೋಕ ನಗರ,West,Zone2,Malleshwaram,Basavanagudi,170,170 - Basavanagudi,RO- Basavanagudi,ARO- Hanumanthanagar,0.725,28420,14813,13607,12,100.1,0,,24.0,33.1,26,2,100.1,1,0.0,0.0,0,,0.0,0,0.0,0.0,0,1,0,0.06,0.4,0.2,0.65,0.9,12,1,0.04,100.1,2,1,0,0,0,Banashankari 1st Stage,Shamala Saikumar,BJP,Srimath Swayamprabh,9480685321,Chandrashaker,9480685452,Vidyapeeta ward (47.1%); Girinagar (28.1%); Srinagar (20.4%); Katriguppe (4.2%),General
West-99,99,T.R Shamanna Nagar,ಟಿ.ಆರ್.ಶಾಮಣ್ಣ ನಗರ,West,Zone2,Malleshwaram,Basavanagudi,170,170 - Basavanagudi,RO- Basavanagudi,ARO- Srinagar,0.35,22292,11372,10920,1,100.1,0,,13.67,39.06,14,1,100.1,0,0.0,0.0,0,22.0,0.0,0,0.0,0.0,0,0,0,0.0,0.73,0.16,0.89,2.56,2,3,0.13,100.1,0,0,0,0,0,,Kempegowda,BJP,Srimath Swayamprabh,9480685321,Chandrashaker,9480685452,Hanumanth Nagar (50%); Srinagar (27.5%); Girinagar (22.5%),General (Women)
West-100,100,Srinagar,ಶ್ರೀನಗರ,West,Zone2,Malleshwaram,Basavanagudi,170,170 - Basavanagudi,RO- Basavanagudi,ARO- Srinagar,0.292,19229,9979,9250,2,100.1,0,,10.65,36.44,20,0,100.1,0,0.0,0.0,0,22.1,0.0,0,0.0,0.0,0,0,0,0.2,0.57,0.02,0.79,2.71,8,3,0.16,100.1,0,0,0,0,0,,J M Savitha,BJP,Srimath Swayamprabh,9480685321,Chandrashaker,9480685452,Srinagar (100%),"Backward Class ""B"" (Women)"
West-101,101,Kempambudhi Ward,ಕೆಂಪಾಂಬುಧಿ ವಾರ್ಡ್,West,Zone2,Malleshwaram,Basavanagudi,170,170 - Basavanagudi,RO- Basavanagudi,ARO- Srinagar,0.602,19310,9996,9314,6,100.1,0,,13.7,22.74,30,8,100.1,2,0.0047,0.24,1,91.9,0.0802,0,0.0,13.31,2,0,0,0.0,1.68,0.08,1.75,2.91,10,6,0.31,98.4,0,0,0,0,0,Gavipuram,Kempegowda,BJP,Srimath Swayamprabh,9480685321,Chandrashaker,9480685452,Hanumanth Nagar (88.8%); Srinagar (6.6%); Azad Nagar (4.5%),"Backward Class ""B"""
West-102,102,Hanumanthanagar,ಹನುಮಂತನಗರ,West,Zone2,Malleshwaram,Basavanagudi,170,170 - Basavanagudi,RO- Basavanagudi,ARO- Hanumanthanagar,0.682,24583,12375,12208,9,100.1,0,,24.85,36.42,13,2,100.1,1,0.0075,0.31,0,,0.0,0,0.0,0.0,0,0,0,0.0,1.32,0.52,1.85,2.7,9,0,0.0,100.1,2,0,0,0,0,Hanumantha Nagar; Mount Joy; Srinagar,Kempegowda,BJP,Srimath Swayamprabh,9480685321,Chandrashaker,9480685452,Hanumanth Nagar (41.3%); Srinagar (32.1%); Vidyapeeta ward (25.4%); Girinagar (1.2%),General
West-103,103,N.R Colony,ಎನ್.ಆರ್. ಕಾಲೋನಿ,West,Zone2,Malleshwaram,Basavanagudi,170,170 - Basavanagudi,RO- Basavanagudi,ARO- Srinivasa Nagara,1.055,27603,13746,13857,14,100.1,0,39.9,30.62,29.02,42,6,100.1,2,0.0124,0.45,0,,0.0,0,0.0,0.0,0,0,0,0.0,0.57,1.08,1.64,1.56,17,1,0.04,100.1,7,0,0,0,0,Ashokanagara; NR Colony,B S Satyanarayana,BJP,Srimath Swayamprabh,9480685321,Chandrashaker,9480685452,Basavanagudi (98.7%); Vidyapeeta ward (1.3%),General (Women)
West-104,104,Thyagarajnagar,ತ್ಯಾಗರಾಜನಗರ,West,Zone2,Malleshwaram,Basavanagudi,170,170 - Basavanagudi,RO- Basavanagudi,ARO- Srinivasa Nagara,0.424,21082,10786,10296,2,100.1,0,,15.82,37.32,5,1,100.1,2,0.0128,0.61,0,,0.0,0,0.0,0.0,0,0,0,0.31,0.47,0.57,1.35,3.19,3,5,0.24,100.1,1,0,0,0,0,,Shamala Saikumar,BJP,Srimath Swayamprabh,9480685321,Chandrashaker,9480685452,Vidyapeeta ward (66.4%); Basavanagudi (28.5%); Katriguppe (5.1%),General (Women)
West-105,105,Yediyuru,ಯಡಿಯೂರು,West,Zone1,Rajarajeshwarinagar,Padmanabanagar,171,171 - Padmanabanagar,RO- Yediyuru,ARO- Yediyuru,1.038,23023,11598,11425,9,100.1,0,82.3,30.92,29.77,23,5,100.1,2,0.0074,0.32,1,15.2,0.0536,0,0.0,5.16,0,0,0,0.0,1.55,1.03,2.58,2.48,22,1,0.04,100.1,6,1,0,0,0,Jayanagar 3rd Block; Yediyuru,Poornima Ramesh,BJP,Srimath Swayamprabh,9480685321,Eshwar,9480685450,Yediyur (100%),General (Women)
West-106,106,Devagiri Temple Ward,ದೇವಗಿರಿ ದೇವಸ್ಥಾನ ವಾರ್ಡ್,West,Zone1,Rajarajeshwarinagar,Padmanabanagar,171,171 - Padmanabanagar,RO- Yediyuru,ARO- Yediyuru,0.846,19352,9698,9654,12,100.1,0,24.7,24.72,29.22,21,2,100.1,2,0.0192,0.99,0,30.2,0.0001,0,0.0,0.01,0,0,0,0.0,1.06,3.5,4.56,5.39,18,1,0.05,100.1,3,0,0,0,0,Jayanagar 6th Block; Jayanagar 7th Block; Thyagaraja Nagar,Yashoda Lakshmikanth,BJP,Srimath Swayamprabh,9480685321,Eshwar,9480685450,Karisandra (77.9%); Yediyur (22.1%),"Backward Class ""A"" (Women)"
West-107,107,Dharmagiri Ward,ಧರ್ಮಗಿರಿ ವಾರ್ಡ್,West,Zone1,Rajarajeshwarinagar,Padmanabanagar,171,171 - Padmanabanagar,RO- Yediyuru,ARO- Ganesh Mandir,0.635,19154,9705,9448,11,100.1,0,7.9,18.58,29.28,24,0,91.8,0,0.0,0.0,1,89.7,0.0,0,0.0,0.0,0,0,0,0.0,0.0,1.71,1.71,2.7,11,9,0.47,100.1,2,0,0,0,0,,Yashoda Lakshmikanth,BJP,Srimath Swayamprabh,9480685321,Eshwar,9480685450,Karisandra (69.3%); Ganesh Mandir ward (30.6%),General
West-108,108,Ganesh Mandira Ward,ಗಣೇಶ್ ಮಂದಿರಾ ವಾರ್ಡ್,West,Zone1,Rajarajeshwarinagar,Padmanabanagar,171,171 - Padmanabanagar,RO- Yediyuru,ARO- Ganesh Mandir,1.431,24265,12133,12133,12,100.1,0,,43.58,30.45,18,5,100.1,1,0.0032,0.13,0,15.4,0.0,0,0.0,0.0,0,0,0,1.08,0.16,3.77,5.01,3.5,7,2,0.08,100.1,4,2,0,0,1,Banashankari 2nd Stage,D H Lakshmi,BJP,Srimath Swayamprabh,9480685321,Eshwar,9480685450,Ganesh Mandir ward (99.8%),General (Women)
West-109,109,Kamakya Layout,ಕಾಮಕ್ಯ ಲೇಔಟ್,West,Zone1,Rajarajeshwarinagar,Padmanabanagar,171,171 - Padmanabanagar,RO- Yediyuru,ARO- Ganesh Mandir,0.945,28151,14174,13977,10,100.1,0,,29.78,31.5,25,6,100.1,0,0.0,0.0,0,93.2,0.0,0,0.0,0.0,0,0,0,0.95,1.04,3.01,5.0,5.29,9,1,0.04,100.1,5,0,0,0,0,Bhuvaneshwari Nagar,Supriya Shekhar,BJP,Srimath Swayamprabh,9480685321,Eshwar,9480685450,Chikkalsandra (74.1%); Hosakerehalli (25.7%),General
West-110,110,Chikkalasandra,ಚಿಕ್ಕಲ್ಲಸಂದ್ರ,West,Zone1,Rajarajeshwarinagar,Padmanabanagar,171,171 - Padmanabanagar,RO- Yediyuru,ARO- Hosakerehalli,0.386,20242,10663,9579,4,100.1,0,,13.76,35.69,19,0,100.1,1,0.0028,0.14,1,100.0,0.0,0,0.0,0.0,0,0,0,0.71,0.25,0.9,1.86,4.81,7,2,0.1,100.1,0,0,0,0,0,Ittamadu,Supriya Shekhar,BJP,Srimath Swayamprabh,9480685321,Eshwar,9480685450,Chikkalsandra (99.9%),General
West-111,111,Ittamadu,ಇಟ್ಟಮಡು,West,Zone1,Rajarajeshwarinagar,Padmanabanagar,171,171 - Padmanabanagar,RO- Yediyuru,ARO- Hosakerehalli,0.458,19028,9971,9056,6,100.1,0,,16.51,36.04,10,0,100.1,0,0.0,0.0,0,100.0,0.0,0,0.0,0.0,1,0,0,1.24,0.0,1.13,2.37,5.18,5,4,0.21,92.0,0,0,0,0,0,Dattatreya Nagara,Rajeshwarai Cholraj,BJP,Srimath Swayamprabh,9480685321,Eshwar,9480685450,Hosakerehalli (99.8%),General (Women)
West-112,112,Hosakerehalli,ಹೊಸಕೆರೆಹಳ್ಳಿ,West,Zone1,Rajarajeshwarinagar,Padmanabanagar,171,171 - Padmanabanagar,RO- Yediyuru,ARO- Hosakerehalli,0.647,23619,13044,10575,7,100.1,0,,21.64,33.47,27,1,100.0,1,0.0077,0.32,0,97.3,0.0021,0,0.0,0.33,1,0,0,1.4,0.0,1.78,3.18,4.92,11,4,0.17,100.1,1,0,0,0,0,Hosakerehalli,Rajeshwarai Cholraj,BJP,Srimath Swayamprabh,9480685321,Eshwar,9480685450,Hosakerehalli (100%),General
