{"type": "FeatureCollection", "name": "gba_ward_facts_questions", "crs": {"type": "name", "properties": {"name": "urn:ogc:def:crs:OGC:1.3:CRS84"}}, "features": [{"type": "Feature", "properties": {"ward_name": "K Narayanapura", "ward_id": "1", "zone": "K.R. Pura", "assembly": "151 - K.R. Pura", "parliamentary": "Bangalore North", "bus_stops": 25, "bus_cov_pct": 99.4, "metro": 0, "metro_cov_pct": null, "parks": 1, "parks_cov_pct": 34.9, "playgrounds": 8, "schools": 14, "anganwadis": 4, "police": 1, "fire": 0, "public_toilets": 1, "toilet_cov_pct": 27.4, "lakes": 1, "ponds": 6, "flood_points": 0, "did_you_know_1": "Nearly all homes here are within a 15-minute walk of a bus stop.", "did_you_know_2": "This ward has 1 park, and about 3 in 10 homes are within a 15-minute walk of one.", "did_you_know_3": "This ward has 14 schools and 4 anganwadi (child-care) centres.", "question_1": "Clean, safe public toilets are hard to find in parts of this ward — what will you do to provide and maintain them?", "question_2": "Families here struggle to find a park or open ground to relax in or for children to play — how will you create and maintain more green, open spaces in this ward?", "question_3": "How will you make sure emergency services like fire response can reach every corner of this ward quickly?", "question_4": "Getting across the city from this ward takes too long — how will you push for better public-transport and metro connectivity?", "question_5": "Safety is a real worry in parts of this ward — how will you improve policing and make our streets safer, especially at night?"}, "geometry": {"type": "MultiPolygon", "coordinates": [[[[77.6413, 13.04138], [77.64112, 13.04262], [77.63712, 13.0435], [77.63953, 13.06969], [77.63949, 13.07494], [77.63831, 13.07516], [77.64215, 13.07783], [77.6466, 13.08515], [77.65068, 13.07797], [77.65189, 13.06006], [77.65161, 13.0587], [77.64703, 13.05752], [77.64551, 13.04871], [77.6413, 13.04138]]]]}}, {"type": "Feature", "properties": {"ward_name": "Padmanabhanagara", "ward_id": "1", "zone": "Jayanagar", "assembly": "171 - Padmanabanagar", "parliamentary": "Bangalore South", "bus_stops": 9, "bus_cov_pct": 100.1, "metro": 0, "metro_cov_pct": null, "parks": 2, "parks_cov_pct": 100.1, "playgrounds": 2, "schools": 6, "anganwadis": 1, "police": 0, "fire": 0, "public_toilets": 0, "toilet_cov_pct": 100.1, "lakes": 0, "ponds": 0, "flood_points": 0, "did_you_know_1": "Nearly all homes here are within a 15-minute walk of a bus stop.", "did_you_know_2": "This ward has 2 parks, and nearly all homes are within a 15-minute walk of one.", "did_you_know_3": "This ward has 6 schools and 1 anganwadi (child-care) centre.", "question_1": "Safety is a real worry in parts of this ward — how will you improve policing and make our streets safer, especially at night?", "question_2": "Our lakes and ponds are neglected or polluted — how will you clean up and protect the water bodies in this ward?", "question_3": "How will you make sure emergency services like fire response can reach every corner of this ward quickly?", "question_4": "Young families need childcare and anganwadi centres close to home — how will you add and support more of them in this ward?", "question_5": "Getting across the city from this ward takes too long — how will you push for better public-transport and metro connectivity?"}, "geometry": {"type": "MultiPolygon", "coordinates": [[[[77.55776, 12.91344], [77.56285, 12.91295], [77.5619, 12.91063], [77.55851, 12.90865], [77.55846, 12.91154], [77.55005, 12.91159], [77.5504, 12.9131], [77.55221, 12.91184], [77.55364, 12.91436], [77.55051, 12.91532], [77.55213, 12.91972], [77.5557, 12.92102], [77.55625, 12.92297], [77.55872, 12.92218], [77.55691, 12.91832], [77.55776, 12.91344]]]]}}, {"type": "Feature", "properties": {"ward_name": "Raja Kempegowda ward", "ward_id": "1", "zone": "Yelahanka", "assembly": "150 - Yelahanka", "parliamentary": "Chikkaballapur", "bus_stops": 14, "bus_cov_pct": 96.4, "metro": 0, "metro_cov_pct": null, "parks": 0, "parks_cov_pct": 11.9, "playgrounds": 1, "schools": 18, "anganwadis": 6, "police": 0, "fire": 0, "public_toilets": 6, "toilet_cov_pct": 90.4, "lakes": 0, "ponds": 1, "flood_points": 0, "did_you_know_1": "Nearly all homes here are within a 15-minute walk of a bus stop.", "did_you_know_2": "This ward has 18 schools and 6 anganwadi (child-care) centres.", "did_you_know_3": "This ward has 6 public toilets, and about 9 in 10 homes are within a 15-minute walk of one.", "question_1": "Families here struggle to find a park or open ground to relax in or for children to play — how will you create and maintain more green, open spaces in this ward?", "question_2": "Safety is a real worry in parts of this ward — how will you improve policing and make our streets safer, especially at night?", "question_3": "How will you make sure emergency services like fire response can reach every corner of this ward quickly?", "question_4": "Children here have few safe places to play — will you commit to creating and maintaining playgrounds in this ward?", "question_5": "Our lakes and ponds are neglected or polluted — how will you clean up and protect the water bodies in this ward?"}, "geometry": {"type": "MultiPolygon", "coordinates": [[[[77.5848, 13.10372], [77.59934, 13.10485], [77.60042, 13.10361], [77.59885, 13.09801], [77.60414, 13.08684], [77.60214, 13.08591], [77.5948, 13.08722], [77.59637, 13.09268], [77.59539, 13.09642], [77.59433, 13.09507], [77.5848, 13.10372]]]]}}, {"type": "Feature", "properties": {"ward_name": "Ramaswamy Palya", "ward_id": "1", "zone": "Gandhinagara", "assembly": "162 - Shivajinagar", "parliamentary": "Bangalore Central", "bus_stops": 4, "bus_cov_pct": 100.1, "metro": 0, "metro_cov_pct": null, "parks": 2, "parks_cov_pct": 100.1, "playgrounds": 0, "schools": 8, "anganwadis": 1, "police": 1, "fire": 0, "public_toilets": 2, "toilet_cov_pct": 100.1, "lakes": 0, "ponds": 0, "flood_points": 0, "did_you_know_1": "Nearly all homes here are within a 15-minute walk of a bus stop.", "did_you_know_2": "This ward has 2 parks, and nearly all homes are within a 15-minute walk of one.", "did_you_know_3": "This ward has 8 schools and 1 anganwadi (child-care) centre.", "question_1": "Children here have few safe places to play — will you commit to creating and maintaining playgrounds in this ward?", "question_2": "Our lakes and ponds are neglected or polluted — how will you clean up and protect the water bodies in this ward?", "question_3": "How will you make sure emergency services like fire response can reach every corner of this ward quickly?", "question_4": "Young families need childcare and anganwadi centres close to home — how will you add and support more of them in this ward?", "question_5": "Getting across the city from this ward takes too long — how will you push for better public-transport and metro connectivity?"}, "geometry": {"type": "MultiPolygon", "coordinates": [[[[77.59971, 13.00404], [77.59878, 13.00207], [77.59333, 13.00559], [77.59577, 13.01122], [77.60524, 13.00667], [77.60363, 13.00313], [77.59971, 13.00404]]]]}}, {"type": "Feature", "properties": {"ward_name": "Nagasandra", "ward_id": "1", "zone": "Rajarajeshwarinagar", "assembly": "155 - Dasarahalli", "parliamentary": "Bangalore North", "bus_stops": 23, "bus_cov_pct": 99.4, "metro": 0, "metro_cov_pct": 6.4, "parks": 7, "parks_cov_pct": 90.9, "playgrounds": 0, "schools": 10, "anganwadis": 7, "police": 0, "fire": 0, "public_toilets": 2, "toilet_cov_pct": 64.7, "lakes": 0, "ponds": 0, "flood_points": 1, "did_you_know_1": "Nearly all homes here are within a 15-minute walk of a bus stop.", "did_you_know_2": "This ward has 7 parks, and about 9 in 10 homes are within a 15-minute walk of one.", "did_you_know_3": "This ward has 10 schools and 7 anganwadi (child-care) centres.", "question_1": "Children here have few safe places to play — will you commit to creating and maintaining playgrounds in this ward?", "question_2": "Safety is a real worry in parts of this ward — how will you improve policing and make our streets safer, especially at night?", "question_3": "Our lakes and ponds are neglected or polluted — how will you clean up and protect the water bodies in this ward?", "question_4": "How will you make sure emergency services like fire response can reach every corner of this ward quickly?", "question_5": "Getting across the city from this ward takes too long — how will you push for better public-transport and metro connectivity?"}, "geometry": {"type": "MultiPolygon", "coordinates": [[[[77.51044, 13.03701], [77.51044, 13.03399], [77.5076, 13.0345], [77.50739, 13.03203], [77.49632, 13.02825], [77.4992, 13.03494], [77.49615, 13.03947], [77.49629, 13.04181], [77.49807, 13.04265], [77.49801, 13.04391], [77.49568, 13.04447], [77.49657, 13.04899], [77.50548, 13.0459], [77.50454, 13.03848], [77.51044, 13.03701]]]]}}, {"type": "Feature", "properties": {"ward_name": "Aerocity", "ward_id": "2", "zone": "Yelahanka", "assembly": "150 - Yelahanka", "parliamentary": "Chikkaballapur", "bus_stops": 26, "bus_cov_pct": 59.0, "metro": 0, "metro_cov_pct": null, "parks": 0, "parks_cov_pct": null, "playgrounds": 4, "schools": 23, "anganwadis": 6, "police": 0, "fire": 1, "public_toilets": 5, "toilet_cov_pct": 34.3, "lakes": 1, "ponds": 8, "flood_points": 2, "did_you_know_1": "About 6 in 10 homes here are within a 15-minute walk of a bus stop.", "did_you_know_2": "This ward has 23 schools and 6 anganwadi (child-care) centres.", "did_you_know_3": "This ward has 5 public toilets, and about 3 in 10 homes are within a 15-minute walk of one.", "question_1": "Families here struggle to find a park or open ground to relax in or for children to play — how will you create and maintain more green, open spaces in this ward?", "question_2": "Clean, safe public toilets are hard to find in parts of this ward — what will you do to provide and maintain them?", "question_3": "Safety is a real worry in parts of this ward — how will you improve policing and make our streets safer, especially at night?", "question_4": "Many of us walk far or wait too long for a bus — what will you do to bring frequent, reliable bus service closer to every part of this ward?", "question_5": "Getting across the city from this ward takes too long — how will you push for better public-transport and metro connectivity?"}, "geometry": {"type": "MultiPolygon", "coordinates": [[[[77.63024, 13.11129], [77.62497, 13.10313], [77.62233, 13.10353], [77.62295, 13.10727], [77.62074, 13.10811], [77.62208, 13.11015], [77.63024, 13.11129]]], [[[77.60414, 13.08684], [77.59885, 13.09801], [77.60042, 13.10361], [77.59913, 13.10493], [77.59626, 13.10418], [77.59331, 13.1103], [77.58726, 13.11357], [77.58611, 13.12982], [77.58478, 13.1324], [77.58569, 13.1333], [77.59962, 13.13203], [77.60184, 13.13431], [77.60428, 13.13426], [77.61244, 13.13301], [77.61578, 13.13121], [77.61033, 13.11114], [77.61203, 13.11114], [77.61133, 13.10807], [77.61248, 13.10606], [77.60829, 13.102], [77.60731, 13.09764], [77.6081, 13.09445], [77.60602, 13.09406], [77.60804, 13.08837], [77.60414, 13.08684]]]]}}, {"type": "Feature", "properties": {"ward_name": "Kadirenahalli", "ward_id": "2", "zone": "Jayanagar", "assembly": "171 - Padmanabanagar", "parliamentary": "Bangalore South", "bus_stops": 14, "bus_cov_pct": 100.1, "metro": 0, "metro_cov_pct": 0.4, "parks": 2, "parks_cov_pct": 100.1, "playgrounds": 0, "schools": 18, "anganwadis": 1, "police": 0, "fire": 0, "public_toilets": 5, "toilet_cov_pct": 100.1, "lakes": 0, "ponds": 0, "flood_points": 0, "did_you_know_1": "Nearly all homes here are within a 15-minute walk of a bus stop.", "did_you_know_2": "This ward has 2 parks, and nearly all homes are within a 15-minute walk of one.", "did_you_know_3": "This ward has 18 schools and 1 anganwadi (child-care) centre.", "question_1": "Children here have few safe places to play — will you commit to creating and maintaining playgrounds in this ward?", "question_2": "Safety is a real worry in parts of this ward — how will you improve policing and make our streets safer, especially at night?", "question_3": "Our lakes and ponds are neglected or polluted — how will you clean up and protect the water bodies in this ward?", "question_4": "How will you make sure emergency services like fire response can reach every corner of this ward quickly?", "question_5": "Young families need childcare and anganwadi centres close to home — how will you add and support more of them in this ward?"}, "geometry": {"type": "MultiPolygon", "coordinates": [[[[77.55776, 12.91344], [77.55691, 12.91832], [77.55872, 12.92218], [77.56152, 12.92161], [77.56428, 12.91811], [77.56598, 12.91289], [77.55776, 12.91344]]]]}}, {"type": "Feature", "properties": {"ward_name": "Horamavu", "ward_id": "2", "zone": "K.R. Pura", "assembly": "151 - K.R. Pura", "parliamentary": "Bangalore North", "bus_stops": 27, "bus_cov_pct": 86.3, "metro": 0, "metro_cov_pct": null, "parks": 0, "parks_cov_pct": 8.5, "playgrounds": 1, "schools": 22, "anganwadis": 4, "police": 0, "fire": 0, "public_toilets": 0, "toilet_cov_pct": 8.6, "lakes": 2, "ponds": 6, "flood_points": 0, "did_you_know_1": "About 9 in 10 homes here are within a 15-minute walk of a bus stop.", "did_you_know_2": "This ward has 22 schools and 4 anganwadi (child-care) centres.", "did_you_know_3": "This ward has 2 lakes and 6 ponds.", "question_1": "Families here struggle to find a park or open ground to relax in or for children to play — how will you create and maintain more green, open spaces in this ward?", "question_2": "Clean, safe public toilets are hard to find in parts of this ward — what will you do to provide and maintain them?", "question_3": "Safety is a real worry in parts of this ward — how will you improve policing and make our streets safer, especially at night?", "question_4": "How will you make sure emergency services like fire response can reach every corner of this ward quickly?", "question_5": "Children here have few safe places to play — will you commit to creating and maintaining playgrounds in this ward?"}, "geometry": {"type": "MultiPolygon", "coordinates": [[[[77.66945, 13.03947], [77.66813, 13.03965], [77.66789, 13.03794], [77.67333, 13.0358], [77.67376, 13.0335], [77.66364, 13.02871], [77.65947, 13.02493], [77.64492, 13.0429], [77.6436, 13.04247], [77.64377, 13.03897], [77.64146, 13.03951], [77.64551, 13.04871], [77.64703, 13.05551], [77.64802, 13.05092], [77.64724, 13.04822], [77.65614, 13.04684], [77.65485, 13.04889], [77.65649, 13.07461], [77.65966, 13.06821], [77.66702, 13.0659], [77.66425, 13.05081], [77.66932, 13.04993], [77.67156, 13.05124], [77.67243, 13.05113], [77.66999, 13.04901], [77.66873, 13.0452], [77.66968, 13.04283], [77.6711, 13.04286], [77.67057, 13.04087], [77.66843, 13.04109], [77.66945, 13.03947]]]]}}, {"type": "Feature", "properties": {"ward_name": "Jayamahal", "ward_id": "2", "zone": "Gandhinagara", "assembly": "162 - Shivajinagar", "parliamentary": "Bangalore Central", "bus_stops": 20, "bus_cov_pct": 100.1, "metro": 0, "metro_cov_pct": 7.3, "parks": 6, "parks_cov_pct": 100.1, "playgrounds": 1, "schools": 14, "anganwadis": 5, "police": 0, "fire": 0, "public_toilets": 2, "toilet_cov_pct": 100.1, "lakes": 0, "ponds": 0, "flood_points": 2, "did_you_know_1": "Nearly all homes here are within a 15-minute walk of a bus stop.", "did_you_know_2": "This ward has 6 parks, and nearly all homes are within a 15-minute walk of one.", "did_you_know_3": "This ward has 14 schools and 5 anganwadi (child-care) centres.", "question_1": "Safety is a real worry in parts of this ward — how will you improve policing and make our streets safer, especially at night?", "question_2": "Our lakes and ponds are neglected or polluted — how will you clean up and protect the water bodies in this ward?", "question_3": "How will you make sure emergency services like fire response can reach every corner of this ward quickly?", "question_4": "Children here have few safe places to play — will you commit to creating and maintaining playgrounds in this ward?", "question_5": "Getting across the city from this ward takes too long — how will you push for better public-transport and metro connectivity?"}, "geometry": {"type": "MultiPolygon", "coordinates": [[[[77.59873, 12.98753], [77.60112, 12.99025], [77.59995, 12.99183], [77.59954, 12.99051], [77.59768, 12.99125], [77.59581, 12.99355], [77.59173, 12.99531], [77.59625, 12.99497], [77.59326, 13.00565], [77.59878, 13.00207], [77.60001, 13.0047], [77.60363, 13.00313], [77.60159, 13.00051], [77.60509, 12.99779], [77.60647, 12.99782], [77.60685, 12.99949], [77.60877, 12.99897], [77.60563, 12.99424], [77.60068, 12.9957], [77.59658, 12.99454], [77.60387, 12.99273], [77.60529, 12.99064], [77.60524, 12.98837], [77.60377, 12.99007], [77.60397, 12.98856], [77.60218, 12.98914], [77.60191, 12.98665], [77.60149, 12.98763], [77.59873, 12.98753]]]]}}, {"type": "Feature", "properties": {"ward_name": "Chokkasandra", "ward_id": "2", "zone": "Rajarajeshwarinagar", "assembly": "155 - Dasarahalli", "parliamentary": "Bangalore North", "bus_stops": 8, "bus_cov_pct": 100.1, "metro": 0, "metro_cov_pct": 14.4, "parks": 0, "parks_cov_pct": 100.1, "playgrounds": 2, "schools": 9, "anganwadis": 5, "police": 0, "fire": 0, "public_toilets": 2, "toilet_cov_pct": 99.9, "lakes": 1, "ponds": 0, "flood_points": 0, "did_you_know_1": "Nearly all homes here are within a 15-minute walk of a bus stop.", "did_you_know_2": "This ward has 9 schools and 5 anganwadi (child-care) centres.", "did_you_know_3": "This ward has 2 public toilets, and nearly all homes are within a 15-minute walk of one.", "question_1": "Safety is a real worry in parts of this ward — how will you improve policing and make our streets safer, especially at night?", "question_2": "How will you make sure emergency services like fire response can reach every corner of this ward quickly?", "question_3": "Our lakes and ponds are neglected or polluted — how will you clean up and protect the water bodies in this ward?", "question_4": "Getting across the city from this ward takes too long — how will you push for better public-transport and metro connectivity?", "question_5": "Children here have few safe places to play — will you commit to creating and maintaining playgrounds in this ward?"}, "geometry": {"type": "MultiPolygon", "coordinates": [[[[77.5131, 13.03593], [77.50454, 13.03848], [77.50542, 13.04592], [77.51628, 13.04179], [77.51844, 13.03989], [77.51807, 13.03512], [77.51506, 13.03553], [77.51476, 13.03845], [77.5131, 13.03593]]]]}}, {"type": "Feature", "properties": {"ward_name": "Chowdeshwari ward", "ward_id": "3", "zone": "Yelahanka", "assembly": "150 - Yelahanka", "parliamentary": "Chikkaballapur", "bus_stops": 14, "bus_cov_pct": 83.4, "metro": 0, "metro_cov_pct": null, "parks": 1, "parks_cov_pct": 9.9, "playgrounds": 0, "schools": 12, "anganwadis": 9, "police": 0, "fire": 0, "public_toilets": 2, "toilet_cov_pct": 32.8, "lakes": 0, "ponds": 1, "flood_points": 0, "did_you_know_1": "About 8 in 10 homes here are within a 15-minute walk of a bus stop.", "did_you_know_2": "This ward has 1 park, and about 1 in 10 homes are within a 15-minute walk of one.", "did_you_know_3": "This ward has 12 schools and 9 anganwadi (child-care) centres.", "question_1": "Families here struggle to find a park or open ground to relax in or for children to play — how will you create and maintain more green, open spaces in this ward?", "question_2": "Children here have few safe places to play — will you commit to creating and maintaining playgrounds in this ward?", "question_3": "Clean, safe public toilets are hard to find in parts of this ward — what will you do to provide and maintain them?", "question_4": "Safety is a real worry in parts of this ward — how will you improve policing and make our streets safer, especially at night?", "question_5": "How will you make sure emergency services like fire response can reach every corner of this ward quickly?"}, "geometry": {"type": "MultiPolygon", "coordinates": [[[[77.56668, 13.11875], [77.56584, 13.11528], [77.56252, 13.11643], [77.56556, 13.12596], [77.56966, 13.12502], [77.57191, 13.13597], [77.57342, 13.13604], [77.57387, 13.13772], [77.57389, 13.14114], [77.57991, 13.14262], [77.58248, 13.14003], [77.58611, 13.12982], [77.58726, 13.11357], [77.59331, 13.1103], [77.59626, 13.10418], [77.59022, 13.10493], [77.58461, 13.10362], [77.58107, 13.10753], [77.57827, 13.11645], [77.57489, 13.11617], [77.5742, 13.11847], [77.56668, 13.11875]]]]}}, {"type": "Feature", "properties": {"ward_name": "Yarab nagar", "ward_id": "3", "zone": "Jayanagar", "assembly": "171 - Padmanabanagar", "parliamentary": "Bangalore South", "bus_stops": 3, "bus_cov_pct": 100.1, "metro": 0, "metro_cov_pct": 30.0, "parks": 0, "parks_cov_pct": 70.5, "playgrounds": 0, "schools": 11, "anganwadis": 5, "police": 0, "fire": 0, "public_toilets": 2, "toilet_cov_pct": 100.1, "lakes": 0, "ponds": 0, "flood_points": 0, "did_you_know_1": "Nearly all homes here are within a 15-minute walk of a bus stop.", "did_you_know_2": "This ward has 11 schools and 5 anganwadi (child-care) centres.", "did_you_know_3": "This ward has 2 public toilets, and nearly all homes are within a 15-minute walk of one.", "question_1": "Children here have few safe places to play — will you commit to creating and maintaining playgrounds in this ward?", "question_2": "Safety is a real worry in parts of this ward — how will you improve policing and make our streets safer, especially at night?", "question_3": "Our lakes and ponds are neglected or polluted — how will you clean up and protect the water bodies in this ward?", "question_4": "How will you make sure emergency services like fire response can reach every corner of this ward quickly?", "question_5": "Getting across the city from this ward takes too long — how will you push for better public-transport and metro connectivity?"}, "geometry": {"type": "MultiPolygon", "coordinates": [[[[77.56517, 12.91708], [77.56607, 12.9188], [77.56871, 12.91815], [77.57018, 12.91565], [77.56817, 12.91122], [77.56517, 12.91708]]]]}}, {"type": "Feature", "properties": {"ward_name": "Nelagadaranahalli", "ward_id": "3", "zone": "Rajarajeshwarinagar", "assembly": "155 - Dasarahalli", "parliamentary": "Bangalore North", "bus_stops": 11, "bus_cov_pct": 96.8, "metro": 0, "metro_cov_pct": null, "parks": 2, "parks_cov_pct": 85.2, "playgrounds": 1, "schools": 14, "anganwadis": 5, "police": 0, "fire": 0, "public_toilets": 0, "toilet_cov_pct": 70.1, "lakes": 0, "ponds": 0, "flood_points": 0, "did_you_know_1": "Nearly all homes here are within a 15-minute walk of a bus stop.", "did_you_know_2": "This ward has 2 parks, and about 9 in 10 homes are within a 15-minute walk of one.", "did_you_know_3": "This ward has 14 schools and 5 anganwadi (child-care) centres.", "question_1": "Safety is a real worry in parts of this ward — how will you improve policing and make our streets safer, especially at night?", "question_2": "Our lakes and ponds are neglected or polluted — how will you clean up and protect the water bodies in this ward?", "question_3": "How will you make sure emergency services like fire response can reach every corner of this ward quickly?", "question_4": "Children here have few safe places to play — will you commit to creating and maintaining playgrounds in this ward?", "question_5": "Getting across the city from this ward takes too long — how will you push for better public-transport and metro connectivity?"}, "geometry": {"type": "MultiPolygon", "coordinates": [[[[77.4987, 13.02492], [77.49514, 13.02367], [77.49632, 13.02825], [77.50739, 13.03203], [77.5076, 13.0345], [77.51044, 13.03399], [77.51039, 13.03644], [77.5131, 13.03593], [77.51476, 13.03845], [77.51506, 13.03553], [77.51807, 13.03512], [77.51975, 13.02852], [77.50938, 13.0245], [77.5096, 13.02585], [77.50574, 13.02695], [77.50423, 13.02598], [77.50461, 13.02352], [77.50275, 13.02081], [77.4987, 13.02492]]]]}}, {"type": "Feature", "properties": {"ward_name": "Chellakere", "ward_id": "3", "zone": "K.R. Pura", "assembly": "151 - K.R. Pura", "parliamentary": "Bangalore North", "bus_stops": 16, "bus_cov_pct": 99.3, "metro": 0, "metro_cov_pct": null, "parks": 0, "parks_cov_pct": 28.1, "playgrounds": 1, "schools": 12, "anganwadis": 3, "police": 1, "fire": 0, "public_toilets": 0, "toilet_cov_pct": 48.8, "lakes": 1, "ponds": 0, "flood_points": 1, "did_you_know_1": "Nearly all homes here are within a 15-minute walk of a bus stop.", "did_you_know_2": "This ward has 12 schools and 3 anganwadi (child-care) centres.", "did_you_know_3": "This ward has 1 lake.", "question_1": "Families here struggle to find a park or open ground to relax in or for children to play — how will you create and maintain more green, open spaces in this ward?", "question_2": "Clean, safe public toilets are hard to find in parts of this ward — what will you do to provide and maintain them?", "question_3": "How will you make sure emergency services like fire response can reach every corner of this ward quickly?", "question_4": "Children here have few safe places to play — will you commit to creating and maintaining playgrounds in this ward?", "question_5": "Our lakes and ponds are neglected or polluted — how will you clean up and protect the water bodies in this ward?"}, "geometry": {"type": "MultiPolygon", "coordinates": [[[[77.64494, 13.03588], [77.6436, 13.04247], [77.64492, 13.0429], [77.64995, 13.03607], [77.64846, 13.02713], [77.64694, 13.02758], [77.64748, 13.02563], [77.64588, 13.02318], [77.63272, 13.02777], [77.6335, 13.02869], [77.63761, 13.02799], [77.64103, 13.03426], [77.64337, 13.03387], [77.64323, 13.03591], [77.64494, 13.03588]]]]}}, {"type": "Feature", "properties": {"ward_name": "Vasanth Nagar", "ward_id": "3", "zone": "Gandhinagara", "assembly": "162 - Shivajinagar", "parliamentary": "Bangalore Central", "bus_stops": 27, "bus_cov_pct": 100.1, "metro": 1, "metro_cov_pct": 49.0, "parks": 5, "parks_cov_pct": 100.1, "playgrounds": 0, "schools": 29, "anganwadis": 1, "police": 2, "fire": 0, "public_toilets": 1, "toilet_cov_pct": 86.7, "lakes": 0, "ponds": 0, "flood_points": 0, "did_you_know_1": "Nearly all homes here are within a 15-minute walk of a bus stop.", "did_you_know_2": "This ward has 5 parks, and nearly all homes are within a 15-minute walk of one.", "did_you_know_3": "This ward has 29 schools and 1 anganwadi (child-care) centre.", "question_1": "Children here have few safe places to play — will you commit to creating and maintaining playgrounds in this ward?", "question_2": "Our lakes and ponds are neglected or polluted — how will you clean up and protect the water bodies in this ward?", "question_3": "How will you make sure emergency services like fire response can reach every corner of this ward quickly?", "question_4": "Young families need childcare and anganwadi centres close to home — how will you add and support more of them in this ward?", "question_5": "Clean, safe public toilets are hard to find in parts of this ward — what will you do to provide and maintain them?"}, "geometry": {"type": "MultiPolygon", "coordinates": [[[[77.60112, 12.99025], [77.59873, 12.98753], [77.60149, 12.98763], [77.60191, 12.98665], [77.60222, 12.98918], [77.60357, 12.98515], [77.5978, 12.98397], [77.59888, 12.98247], [77.59832, 12.98058], [77.59233, 12.98266], [77.59328, 12.98574], [77.58889, 12.98767], [77.58888, 12.98637], [77.5858, 12.98952], [77.58477, 12.99601], [77.58297, 12.99556], [77.58058, 12.99694], [77.58419, 12.99946], [77.58436, 12.99783], [77.59348, 12.99475], [77.59768, 12.99125], [77.59954, 12.99051], [77.59995, 12.99183], [77.60112, 12.99025]]]]}}, {"type": "Feature", "properties": {"ward_name": "Babusab Palya", "ward_id": "4", "zone": "K.R. Pura", "assembly": "151 - K.R. Pura", "parliamentary": "Bangalore North", "bus_stops": 15, "bus_cov_pct": 100.1, "metro": 0, "metro_cov_pct": null, "parks": 0, "parks_cov_pct": 45.5, "playgrounds": 0, "schools": 7, "anganwadis": 1, "police": 0, "fire": 0, "public_toilets": 1, "toilet_cov_pct": 65.9, "lakes": 0, "ponds": 0, "flood_points": 0, "did_you_know_1": "Nearly all homes here are within a 15-minute walk of a bus stop.", "did_you_know_2": "This ward has 7 schools and 1 anganwadi (child-care) centre.", "did_you_know_3": "This ward has 1 public toilet, and about 7 in 10 homes are within a 15-minute walk of one.", "question_1": "Children here have few safe places to play — will you commit to creating and maintaining playgrounds in this ward?", "question_2": "Safety is a real worry in parts of this ward — how will you improve policing and make our streets safer, especially at night?", "question_3": "Our lakes and ponds are neglected or polluted — how will you clean up and protect the water bodies in this ward?", "question_4": "Families here struggle to find a park or open ground to relax in or for children to play — how will you create and maintain more green, open spaces in this ward?", "question_5": "How will you make sure emergency services like fire response can reach every corner of this ward quickly?"}, "geometry": {"type": "MultiPolygon", "coordinates": [[[[77.64691, 13.02344], [77.64694, 13.02758], [77.64846, 13.02713], [77.64977, 13.03214], [77.64971, 13.03708], [77.66149, 13.02256], [77.66309, 13.01305], [77.66171, 13.01641], [77.64588, 13.02318], [77.64691, 13.02344]]]]}}, {"type": "Feature", "properties": {"ward_name": "Banashankari Temple Ward", "ward_id": "4", "zone": "Jayanagar", "assembly": "171 - Padmanabanagar", "parliamentary": "Bangalore South", "bus_stops": 4, "bus_cov_pct": 100.1, "metro": 0, "metro_cov_pct": 96.2, "parks": 0, "parks_cov_pct": 55.0, "playgrounds": 0, "schools": 9, "anganwadis": 8, "police": 0, "fire": 0, "public_toilets": 2, "toilet_cov_pct": 100.1, "lakes": 0, "ponds": 0, "flood_points": 0, "did_you_know_1": "Nearly all homes here are within a 15-minute walk of a bus stop.", "did_you_know_2": "This ward has 9 schools and 8 anganwadi (child-care) centres.", "did_you_know_3": "This ward has 2 public toilets, and nearly all homes are within a 15-minute walk of one.", "question_1": "Children here have few safe places to play — will you commit to creating and maintaining playgrounds in this ward?", "question_2": "Safety is a real worry in parts of this ward — how will you improve policing and make our streets safer, especially at night?", "question_3": "Our lakes and ponds are neglected or polluted — how will you clean up and protect the water bodies in this ward?", "question_4": "How will you make sure emergency services like fire response can reach every corner of this ward quickly?", "question_5": "Families here struggle to find a park or open ground to relax in or for children to play — how will you create and maintain more green, open spaces in this ward?"}, "geometry": {"type": "MultiPolygon", "coordinates": [[[[77.56817, 12.91122], [77.57037, 12.91631], [77.57353, 12.91698], [77.57326, 12.90647], [77.56817, 12.91122]]]]}}, {"type": "Feature", "properties": {"ward_name": "Sampangirama Nagar", "ward_id": "4", "zone": "Gandhinagara", "assembly": "162 - Shivajinagar", "parliamentary": "Bangalore Central", "bus_stops": 60, "bus_cov_pct": 95.4, "metro": 2, "metro_cov_pct": 54.7, "parks": 8, "parks_cov_pct": 90.5, "playgrounds": 2, "schools": 25, "anganwadis": 4, "police": 4, "fire": 2, "public_toilets": 1, "toilet_cov_pct": 54.4, "lakes": 0, "ponds": 0, "flood_points": 2, "did_you_know_1": "Nearly all homes here are within a 15-minute walk of a bus stop.", "did_you_know_2": "This ward has 8 parks, and about 9 in 10 homes are within a 15-minute walk of one.", "did_you_know_3": "This ward has 25 schools and 4 anganwadi (child-care) centres.", "question_1": "Our lakes and ponds are neglected or polluted — how will you clean up and protect the water bodies in this ward?", "question_2": "Clean, safe public toilets are hard to find in parts of this ward — what will you do to provide and maintain them?", "question_3": "Children here have few safe places to play — will you commit to creating and maintaining playgrounds in this ward?", "question_4": "Every monsoon, the same spots in this ward flood — what concrete steps will you take to fix the drains and stop the flooding?", "question_5": "Safety is a real worry in parts of this ward — how will you improve policing and make our streets safer, especially at night?"}, "geometry": {"type": "MultiPolygon", "coordinates": [[[[77.58058, 12.99694], [77.58477, 12.99601], [77.58612, 12.98893], [77.58888, 12.98637], [77.58889, 12.98767], [77.59328, 12.98574], [77.59233, 12.98266], [77.59775, 12.98074], [77.59932, 12.97666], [77.59395, 12.97202], [77.59516, 12.96628], [77.59692, 12.96485], [77.59482, 12.96233], [77.5898, 12.96286], [77.58673, 12.96551], [77.58744, 12.96681], [77.58514, 12.96787], [77.58445, 12.97036], [77.58109, 12.97307], [77.58445, 12.97793], [77.58109, 12.9801], [77.57725, 12.98067], [77.57658, 12.98207], [77.57759, 12.98365], [77.57479, 12.98414], [77.5799, 12.99099], [77.57757, 12.99174], [77.57711, 12.99366], [77.58058, 12.99694]]]]}}, {"type": "Feature", "properties": {"ward_name": "Nyayanga Badavane", "ward_id": "4", "zone": "Yelahanka", "assembly": "150 - Yelahanka", "parliamentary": "Chikkaballapur", "bus_stops": 16, "bus_cov_pct": 97.5, "metro": 0, "metro_cov_pct": null, "parks": 4, "parks_cov_pct": 88.5, "playgrounds": 2, "schools": 8, "anganwadis": 10, "police": 1, "fire": 0, "public_toilets": 1, "toilet_cov_pct": 59.1, "lakes": 2, "ponds": 3, "flood_points": 1, "did_you_know_1": "Nearly all homes here are within a 15-minute walk of a bus stop.", "did_you_know_2": "This ward has 4 parks, and about 9 in 10 homes are within a 15-minute walk of one.", "did_you_know_3": "This ward has 8 schools and 10 anganwadi (child-care) centres.", "question_1": "How will you make sure emergency services like fire response can reach every corner of this ward quickly?", "question_2": "Clean, safe public toilets are hard to find in parts of this ward — what will you do to provide and maintain them?", "question_3": "Getting across the city from this ward takes too long — how will you push for better public-transport and metro connectivity?", "question_4": "Children here have few safe places to play — will you commit to creating and maintaining playgrounds in this ward?", "question_5": "Families here struggle to find a park or open ground to relax in or for children to play — how will you create and maintain more green, open spaces in this ward?"}, "geometry": {"type": "MultiPolygon", "coordinates": [[[[77.57917, 13.08514], [77.58081, 13.09126], [77.5784, 13.09392], [77.57948, 13.0955], [77.584, 13.09308], [77.58975, 13.09348], [77.59015, 13.09254], [77.59232, 13.09719], [77.59433, 13.09507], [77.59561, 13.09596], [77.59605, 13.09034], [77.59009, 13.07607], [77.58291, 13.07818], [77.58446, 13.08363], [77.57917, 13.08514]]]]}}, {"type": "Feature", "properties": {"ward_name": "Parvathi Nagar", "ward_id": "4", "zone": "Rajarajeshwarinagar", "assembly": "155 - Dasarahalli", "parliamentary": "Bangalore North", "bus_stops": 14, "bus_cov_pct": 100.1, "metro": 0, "metro_cov_pct": null, "parks": 1, "parks_cov_pct": 98.3, "playgrounds": 1, "schools": 10, "anganwadis": 0, "police": 0, "fire": 0, "public_toilets": 4, "toilet_cov_pct": 100.1, "lakes": 0, "ponds": 0, "flood_points": 0, "did_you_know_1": "Nearly all homes here are within a 15-minute walk of a bus stop.", "did_you_know_2": "This ward has 1 park, and nearly all homes are within a 15-minute walk of one.", "did_you_know_3": "This ward has 10 schools.", "question_1": "Young families need childcare and anganwadi centres close to home — how will you add and support more of them in this ward?", "question_2": "Safety is a real worry in parts of this ward — how will you improve policing and make our streets safer, especially at night?", "question_3": "Our lakes and ponds are neglected or polluted — how will you clean up and protect the water bodies in this ward?", "question_4": "How will you make sure emergency services like fire response can reach every corner of this ward quickly?", "question_5": "Children here have few safe places to play — will you commit to creating and maintaining playgrounds in this ward?"}, "geometry": {"type": "MultiPolygon", "coordinates": [[[[77.51508, 13.01811], [77.5095, 13.02241], [77.51101, 13.02506], [77.51975, 13.02852], [77.52183, 13.02362], [77.52679, 13.02152], [77.52199, 13.01824], [77.52303, 13.01293], [77.5214, 13.01246], [77.51812, 13.01279], [77.5187, 13.0147], [77.51749, 13.01614], [77.51881, 13.01807], [77.51553, 13.01891], [77.51508, 13.01811]]]]}}, {"type": "Feature", "properties": {"ward_name": "Kane Muneshwara Ward", "ward_id": "5", "zone": "Jayanagar", "assembly": "171 - Padmanabanagar", "parliamentary": "Bangalore South", "bus_stops": 13, "bus_cov_pct": 100.1, "metro": 0, "metro_cov_pct": 26.5, "parks": 7, "parks_cov_pct": 100.1, "playgrounds": 6, "schools": 9, "anganwadis": 1, "police": 1, "fire": 0, "public_toilets": 7, "toilet_cov_pct": 100.1, "lakes": 0, "ponds": 0, "flood_points": 0, "did_you_know_1": "Nearly all homes here are within a 15-minute walk of a bus stop.", "did_you_know_2": "This ward has 7 parks, and nearly all homes are within a 15-minute walk of one.", "did_you_know_3": "This ward has 9 schools and 1 anganwadi (child-care) centre.", "question_1": "Our lakes and ponds are neglected or polluted — how will you clean up and protect the water bodies in this ward?", "question_2": "How will you make sure emergency services like fire response can reach every corner of this ward quickly?", "question_3": "Young families need childcare and anganwadi centres close to home — how will you add and support more of them in this ward?", "question_4": "Getting across the city from this ward takes too long — how will you push for better public-transport and metro connectivity?", "question_5": "Safety is a real worry in parts of this ward — how will you improve policing and make our streets safer, especially at night?"}, "geometry": {"type": "MultiPolygon", "coordinates": [[[[77.56736, 12.91228], [77.57022, 12.9087], [77.56009, 12.90032], [77.56124, 12.89924], [77.55926, 12.89424], [77.55538, 12.89695], [77.55693, 12.90456], [77.56217, 12.90882], [77.5668, 12.90951], [77.56736, 12.91228]]]]}}, {"type": "Feature", "properties": {"ward_name": "Yelahanka Satellite Town", "ward_id": "5", "zone": "Yelahanka", "assembly": "150 - Yelahanka", "parliamentary": "Chikkaballapur", "bus_stops": 17, "bus_cov_pct": 96.2, "metro": 0, "metro_cov_pct": null, "parks": 31, "parks_cov_pct": 96.0, "playgrounds": 11, "schools": 34, "anganwadis": 6, "police": 1, "fire": 0, "public_toilets": 6, "toilet_cov_pct": 90.8, "lakes": 0, "ponds": 1, "flood_points": 0, "did_you_know_1": "Nearly all homes here are within a 15-minute walk of a bus stop.", "did_you_know_2": "This ward has 31 parks, and nearly all homes are within a 15-minute walk of one.", "did_you_know_3": "This ward has 34 schools and 6 anganwadi (child-care) centres.", "question_1": "How will you make sure emergency services like fire response can reach every corner of this ward quickly?", "question_2": "Our lakes and ponds are neglected or polluted — how will you clean up and protect the water bodies in this ward?", "question_3": "Getting across the city from this ward takes too long — how will you push for better public-transport and metro connectivity?", "question_4": "Safety is a real worry in parts of this ward — how will you improve policing and make our streets safer, especially at night?", "question_5": "Clean, safe public toilets are hard to find in parts of this ward — what will you do to provide and maintain them?"}, "geometry": {"type": "MultiPolygon", "coordinates": [[[[77.5767, 13.10529], [77.57967, 13.10867], [77.58074, 13.10849], [77.584, 13.10417], [77.59232, 13.09719], [77.59098, 13.09303], [77.58459, 13.09294], [77.57948, 13.0955], [77.5784, 13.09392], [77.58081, 13.09126], [77.58076, 13.09097], [77.58021, 13.08909], [77.57029, 13.09231], [77.56993, 13.09806], [77.57098, 13.09818], [77.57011, 13.10018], [77.57281, 13.10167], [77.57431, 13.10109], [77.57473, 13.10271], [77.57593, 13.10254], [77.57532, 13.10551], [77.5767, 13.10529]]]]}}, {"type": "Feature", "properties": {"ward_name": "Hoysala Nagara East", "ward_id": "5", "zone": "K.R. Pura", "assembly": "151 - K.R. Pura", "parliamentary": "Bangalore North", "bus_stops": 13, "bus_cov_pct": 100.1, "metro": 0, "metro_cov_pct": null, "parks": 0, "parks_cov_pct": 14.0, "playgrounds": 0, "schools": 11, "anganwadis": 3, "police": 0, "fire": 0, "public_toilets": 1, "toilet_cov_pct": 94.8, "lakes": 1, "ponds": 0, "flood_points": 1, "did_you_know_1": "Nearly all homes here are within a 15-minute walk of a bus stop.", "did_you_know_2": "This ward has 11 schools and 3 anganwadi (child-care) centres.", "did_you_know_3": "This ward has 1 public toilet, and about 9 in 10 homes are within a 15-minute walk of one.", "question_1": "Families here struggle to find a park or open ground to relax in or for children to play — how will you create and maintain more green, open spaces in this ward?", "question_2": "Children here have few safe places to play — will you commit to creating and maintaining playgrounds in this ward?", "question_3": "Safety is a real worry in parts of this ward — how will you improve policing and make our streets safer, especially at night?", "question_4": "How will you make sure emergency services like fire response can reach every corner of this ward quickly?", "question_5": "Our lakes and ponds are neglected or polluted — how will you clean up and protect the water bodies in this ward?"}, "geometry": {"type": "MultiPolygon", "coordinates": [[[[77.6755, 13.01725], [77.67308, 13.01653], [77.67335, 13.01777], [77.67055, 13.01757], [77.67085, 13.01557], [77.67416, 13.01554], [77.67357, 13.01152], [77.66971, 13.01178], [77.6701, 13.01494], [77.6669, 13.01535], [77.66311, 13.0133], [77.66268, 13.01991], [77.65947, 13.02493], [77.66383, 13.02879], [77.67058, 13.02255], [77.67614, 13.01927], [77.6755, 13.01725]]]]}}, {"type": "Feature", "properties": {"ward_name": "Shivajinagar", "ward_id": "5", "zone": "Gandhinagara", "assembly": "162 - Shivajinagar", "parliamentary": "Bangalore Central", "bus_stops": 7, "bus_cov_pct": 100.1, "metro": 0, "metro_cov_pct": 80.6, "parks": 0, "parks_cov_pct": 100.1, "playgrounds": 1, "schools": 19, "anganwadis": 0, "police": 4, "fire": 0, "public_toilets": 3, "toilet_cov_pct": 100.1, "lakes": 0, "ponds": 0, "flood_points": 1, "did_you_know_1": "Nearly all homes here are within a 15-minute walk of a bus stop.", "did_you_know_2": "This ward has 19 schools.", "did_you_know_3": "This ward has 3 public toilets, and nearly all homes are within a 15-minute walk of one.", "question_1": "Young families need childcare and anganwadi centres close to home — how will you add and support more of them in this ward?", "question_2": "Our lakes and ponds are neglected or polluted — how will you clean up and protect the water bodies in this ward?", "question_3": "How will you make sure emergency services like fire response can reach every corner of this ward quickly?", "question_4": "Children here have few safe places to play — will you commit to creating and maintaining playgrounds in this ward?", "question_5": "Getting across the city from this ward takes too long — how will you push for better public-transport and metro connectivity?"}, "geometry": {"type": "MultiPolygon", "coordinates": [[[[77.60714, 12.9868], [77.61023, 12.98529], [77.61009, 12.98321], [77.61205, 12.98456], [77.61297, 12.98289], [77.61006, 12.98096], [77.60877, 12.97715], [77.59832, 12.98058], [77.59888, 12.98247], [77.5978, 12.98397], [77.60357, 12.98515], [77.60377, 12.99007], [77.60524, 12.98837], [77.60536, 12.99015], [77.60716, 12.99032], [77.60714, 12.9868]]]]}}, {"type": "Feature", "properties": {"ward_name": "Rajeshwarinagar", "ward_id": "5", "zone": "Rajarajeshwarinagar", "assembly": "155 - Dasarahalli", "parliamentary": "Bangalore North", "bus_stops": 2, "bus_cov_pct": 100.1, "metro": 0, "metro_cov_pct": null, "parks": 0, "parks_cov_pct": 95.4, "playgrounds": 0, "schools": 13, "anganwadis": 4, "police": 0, "fire": 0, "public_toilets": 0, "toilet_cov_pct": 97.1, "lakes": 0, "ponds": 0, "flood_points": 0, "did_you_know_1": "Nearly all homes here are within a 15-minute walk of a bus stop.", "did_you_know_2": "This ward has 13 schools and 4 anganwadi (child-care) centres.", "did_you_know_3": "This ward is served by 2 bus stops.", "question_1": "Children here have few safe places to play — will you commit to creating and maintaining playgrounds in this ward?", "question_2": "Safety is a real worry in parts of this ward — how will you improve policing and make our streets safer, especially at night?", "question_3": "Our lakes and ponds are neglected or polluted — how will you clean up and protect the water bodies in this ward?", "question_4": "How will you make sure emergency services like fire response can reach every corner of this ward quickly?", "question_5": "Getting across the city from this ward takes too long — how will you push for better public-transport and metro connectivity?"}, "geometry": {"type": "MultiPolygon", "coordinates": [[[[77.51443, 13.00966], [77.51359, 13.01358], [77.51506, 13.01321], [77.51395, 13.0177], [77.51553, 13.01891], [77.51881, 13.01807], [77.51749, 13.01614], [77.5187, 13.0147], [77.51831, 13.00919], [77.51443, 13.00966]]]]}}, {"type": "Feature", "properties": {"ward_name": "Gowdanapalya", "ward_id": "6", "zone": "Jayanagar", "assembly": "171 - Padmanabanagar", "parliamentary": "Bangalore South", "bus_stops": 13, "bus_cov_pct": 100.1, "metro": 0, "metro_cov_pct": 9.6, "parks": 6, "parks_cov_pct": 100.1, "playgrounds": 1, "schools": 9, "anganwadis": 4, "police": 0, "fire": 0, "public_toilets": 1, "toilet_cov_pct": 100.1, "lakes": 1, "ponds": 0, "flood_points": 0, "did_you_know_1": "Nearly all homes here are within a 15-minute walk of a bus stop.", "did_you_know_2": "This ward has 6 parks, and nearly all homes are within a 15-minute walk of one.", "did_you_know_3": "This ward has 9 schools and 4 anganwadi (child-care) centres.", "question_1": "Safety is a real worry in parts of this ward — how will you improve policing and make our streets safer, especially at night?", "question_2": "How will you make sure emergency services like fire response can reach every corner of this ward quickly?", "question_3": "Children here have few safe places to play — will you commit to creating and maintaining playgrounds in this ward?", "question_4": "Our lakes and ponds are neglected or polluted — how will you clean up and protect the water bodies in this ward?", "question_5": "Getting across the city from this ward takes too long — how will you push for better public-transport and metro connectivity?"}, "geometry": {"type": "MultiPolygon", "coordinates": [[[[77.56192, 12.91346], [77.56624, 12.91373], [77.56736, 12.91228], [77.5668, 12.90951], [77.56217, 12.90882], [77.55635, 12.90294], [77.55025, 12.90447], [77.5484, 12.90345], [77.54928, 12.90777], [77.55356, 12.90633], [77.55583, 12.91152], [77.55846, 12.91154], [77.55851, 12.90865], [77.5619, 12.91063], [77.56285, 12.91295], [77.56192, 12.91346]]]]}}, {"type": "Feature", "properties": {"ward_name": "Doddabettahalli", "ward_id": "6", "zone": "Yelahanka", "assembly": "150 - Yelahanka", "parliamentary": "Chikkaballapur", "bus_stops": 22, "bus_cov_pct": 90.4, "metro": 0, "metro_cov_pct": null, "parks": 17, "parks_cov_pct": 32.5, "playgrounds": 0, "schools": 32, "anganwadis": 7, "police": 0, "fire": 0, "public_toilets": 1, "toilet_cov_pct": 39.8, "lakes": 2, "ponds": 1, "flood_points": 0, "did_you_know_1": "About 9 in 10 homes here are within a 15-minute walk of a bus stop.", "did_you_know_2": "This ward has 17 parks, and about 3 in 10 homes are within a 15-minute walk of one.", "did_you_know_3": "This ward has 32 schools and 7 anganwadi (child-care) centres.", "question_1": "Children here have few safe places to play — will you commit to creating and maintaining playgrounds in this ward?", "question_2": "Families here struggle to find a park or open ground to relax in or for children to play — how will you create and maintain more green, open spaces in this ward?", "question_3": "Safety is a real worry in parts of this ward — how will you improve policing and make our streets safer, especially at night?", "question_4": "Clean, safe public toilets are hard to find in parts of this ward — what will you do to provide and maintain them?", "question_5": "How will you make sure emergency services like fire response can reach every corner of this ward quickly?"}, "geometry": {"type": "MultiPolygon", "coordinates": [[[[77.57767, 13.10602], [77.57532, 13.10551], [77.57593, 13.10254], [77.57473, 13.10271], [77.57431, 13.10109], [77.57281, 13.10167], [77.57077, 13.10008], [77.56979, 13.10289], [77.57064, 13.1066], [77.56546, 13.10766], [77.56693, 13.10243], [77.56215, 13.10101], [77.56103, 13.0984], [77.55797, 13.09976], [77.55806, 13.09634], [77.55666, 13.09642], [77.55823, 13.09394], [77.55569, 13.0944], [77.55531, 13.09319], [77.55453, 13.09424], [77.55035, 13.09362], [77.54611, 13.09487], [77.54664, 13.08839], [77.54868, 13.08578], [77.54827, 13.08177], [77.54722, 13.08194], [77.5475, 13.08322], [77.54519, 13.08353], [77.54526, 13.08527], [77.54071, 13.08997], [77.54423, 13.10132], [77.55602, 13.10014], [77.56095, 13.10857], [77.55981, 13.1124], [77.56252, 13.11643], [77.56584, 13.11528], [77.56668, 13.11875], [77.5742, 13.11847], [77.57489, 13.11617], [77.57827, 13.11645], [77.58074, 13.10849], [77.57967, 13.10867], [77.57767, 13.10602]]]]}}, {"type": "Feature", "properties": {"ward_name": "Kalkere", "ward_id": "6", "zone": "K.R. Pura", "assembly": "151 - K.R. Pura", "parliamentary": "Bangalore North", "bus_stops": 10, "bus_cov_pct": 88.3, "metro": 0, "metro_cov_pct": null, "parks": 1, "parks_cov_pct": 58.9, "playgrounds": 0, "schools": 7, "anganwadis": 1, "police": 0, "fire": 0, "public_toilets": 3, "toilet_cov_pct": 64.5, "lakes": 0, "ponds": 4, "flood_points": 0, "did_you_know_1": "About 9 in 10 homes here are within a 15-minute walk of a bus stop.", "did_you_know_2": "This ward has 1 park, and about 6 in 10 homes are within a 15-minute walk of one.", "did_you_know_3": "This ward has 7 schools and 1 anganwadi (child-care) centre.", "question_1": "Children here have few safe places to play — will you commit to creating and maintaining playgrounds in this ward?", "question_2": "Safety is a real worry in parts of this ward — how will you improve policing and make our streets safer, especially at night?", "question_3": "How will you make sure emergency services like fire response can reach every corner of this ward quickly?", "question_4": "Young families need childcare and anganwadi centres close to home — how will you add and support more of them in this ward?", "question_5": "Families here struggle to find a park or open ground to relax in or for children to play — how will you create and maintain more green, open spaces in this ward?"}, "geometry": {"type": "MultiPolygon", "coordinates": [[[[77.6749, 13.01648], [77.67614, 13.01927], [77.67058, 13.02255], [77.66383, 13.02879], [77.67376, 13.0335], [77.67333, 13.0358], [77.66789, 13.03794], [77.66813, 13.03965], [77.66945, 13.03947], [77.66843, 13.04109], [77.67057, 13.04087], [77.6711, 13.04286], [77.66968, 13.04283], [77.66873, 13.0452], [77.67024, 13.04939], [77.67565, 13.05255], [77.67981, 13.05249], [77.68113, 13.0518], [77.67985, 13.0433], [77.6777, 13.0432], [77.67755, 13.03896], [77.68019, 13.0389], [77.68089, 13.03673], [77.68073, 13.03476], [77.67944, 13.03479], [77.67852, 13.01635], [77.6749, 13.01648]]]]}}, {"type": "Feature", "properties": {"ward_name": "Bharathi Nagar", "ward_id": "6", "zone": "Gandhinagara", "assembly": "162 - Shivajinagar", "parliamentary": "Bangalore Central", "bus_stops": 2, "bus_cov_pct": 100.1, "metro": 0, "metro_cov_pct": null, "parks": 0, "parks_cov_pct": 99.5, "playgrounds": 0, "schools": 7, "anganwadis": 0, "police": 1, "fire": 0, "public_toilets": 0, "toilet_cov_pct": 100.1, "lakes": 0, "ponds": 0, "flood_points": 0, "did_you_know_1": "Nearly all homes here are within a 15-minute walk of a bus stop.", "did_you_know_2": "This ward has 7 schools.", "did_you_know_3": "This ward has 1 police station.", "question_1": "Young families need childcare and anganwadi centres close to home — how will you add and support more of them in this ward?", "question_2": "Children here have few safe places to play — will you commit to creating and maintaining playgrounds in this ward?", "question_3": "Our lakes and ponds are neglected or polluted — how will you clean up and protect the water bodies in this ward?", "question_4": "How will you make sure emergency services like fire response can reach every corner of this ward quickly?", "question_5": "Getting across the city from this ward takes too long — how will you push for better public-transport and metro connectivity?"}, "geometry": {"type": "MultiPolygon", "coordinates": [[[[77.60714, 12.9868], [77.6074, 12.99348], [77.61395, 12.9906], [77.61326, 12.98922], [77.60975, 12.98863], [77.60915, 12.98573], [77.60714, 12.9868]]]]}}, {"type": "Feature", "properties": {"ward_name": "Shivapura", "ward_id": "6", "zone": "Rajarajeshwarinagar", "assembly": "155 - Dasarahalli", "parliamentary": "Bangalore North", "bus_stops": 11, "bus_cov_pct": 98.8, "metro": 0, "metro_cov_pct": null, "parks": 0, "parks_cov_pct": 15.3, "playgrounds": 1, "schools": 14, "anganwadis": 3, "police": 1, "fire": 0, "public_toilets": 3, "toilet_cov_pct": 88.7, "lakes": 0, "ponds": 0, "flood_points": 1, "did_you_know_1": "Nearly all homes here are within a 15-minute walk of a bus stop.", "did_you_know_2": "This ward has 14 schools and 3 anganwadi (child-care) centres.", "did_you_know_3": "This ward has 3 public toilets, and about 9 in 10 homes are within a 15-minute walk of one.", "question_1": "Families here struggle to find a park or open ground to relax in or for children to play — how will you create and maintain more green, open spaces in this ward?", "question_2": "Our lakes and ponds are neglected or polluted — how will you clean up and protect the water bodies in this ward?", "question_3": "How will you make sure emergency services like fire response can reach every corner of this ward quickly?", "question_4": "Children here have few safe places to play — will you commit to creating and maintaining playgrounds in this ward?", "question_5": "Getting across the city from this ward takes too long — how will you push for better public-transport and metro connectivity?"}, "geometry": {"type": "MultiPolygon", "coordinates": [[[[77.50236, 13.00478], [77.49967, 13.00275], [77.49757, 13.00386], [77.4984, 13.00905], [77.49995, 13.00935], [77.49976, 13.01353], [77.4948, 13.02293], [77.4987, 13.02492], [77.50275, 13.02081], [77.50461, 13.02352], [77.50423, 13.02598], [77.50771, 13.02695], [77.5096, 13.02585], [77.50938, 13.0245], [77.51111, 13.02506], [77.5095, 13.02241], [77.51508, 13.01811], [77.51388, 13.01712], [77.51506, 13.01321], [77.51385, 13.01367], [77.51172, 13.01216], [77.51319, 13.01547], [77.51143, 13.01627], [77.50851, 13.01171], [77.50224, 13.00821], [77.50316, 13.00687], [77.50082, 13.00712], [77.50236, 13.00478]]]]}}, {"type": "Feature", "properties": {"ward_name": "Byrasandra", "ward_id": "7", "zone": "Jayanagar", "assembly": "173 - Jayanagar", "parliamentary": "Bangalore South", "bus_stops": 13, "bus_cov_pct": 100.1, "metro": 1, "metro_cov_pct": 84.1, "parks": 8, "parks_cov_pct": 100.1, "playgrounds": 1, "schools": 22, "anganwadis": 1, "police": 1, "fire": 0, "public_toilets": 5, "toilet_cov_pct": 100.1, "lakes": 0, "ponds": 0, "flood_points": 2, "did_you_know_1": "Nearly all homes here are within a 15-minute walk of a bus stop.", "did_you_know_2": "This ward has 8 parks, and nearly all homes are within a 15-minute walk of one.", "did_you_know_3": "This ward has 22 schools and 1 anganwadi (child-care) centre.", "question_1": "Our lakes and ponds are neglected or polluted — how will you clean up and protect the water bodies in this ward?", "question_2": "How will you make sure emergency services like fire response can reach every corner of this ward quickly?", "question_3": "Young families need childcare and anganwadi centres close to home — how will you add and support more of them in this ward?", "question_4": "Children here have few safe places to play — will you commit to creating and maintaining playgrounds in this ward?", "question_5": "Every monsoon, the same spots in this ward flood — what concrete steps will you take to fix the drains and stop the flooding?"}, "geometry": {"type": "MultiPolygon", "coordinates": [[[[77.58956, 12.92247], [77.5797, 12.92343], [77.57962, 12.93305], [77.58486, 12.9329], [77.58491, 12.93663], [77.58775, 12.93517], [77.5927, 12.93621], [77.59269, 12.93428], [77.59116, 12.93431], [77.58847, 12.93126], [77.59086, 12.92928], [77.59028, 12.92859], [77.58798, 12.92782], [77.58708, 12.93075], [77.58388, 12.93081], [77.58383, 12.92869], [77.58275, 12.92963], [77.58177, 12.92873], [77.58179, 12.92637], [77.58962, 12.92624], [77.58956, 12.92247]]]]}}, {"type": "Feature", "properties": {"ward_name": "Attur", "ward_id": "7", "zone": "Yelahanka", "assembly": "150 - Yelahanka", "parliamentary": "Chikkaballapur", "bus_stops": 15, "bus_cov_pct": 100.1, "metro": 0, "metro_cov_pct": null, "parks": 0, "parks_cov_pct": 48.3, "playgrounds": 2, "schools": 21, "anganwadis": 6, "police": 0, "fire": 0, "public_toilets": 1, "toilet_cov_pct": 46.8, "lakes": 0, "ponds": 2, "flood_points": 0, "did_you_know_1": "Nearly all homes here are within a 15-minute walk of a bus stop.", "did_you_know_2": "This ward has 21 schools and 6 anganwadi (child-care) centres.", "did_you_know_3": "This ward has 1 public toilet, and about 5 in 10 homes are within a 15-minute walk of one.", "question_1": "Safety is a real worry in parts of this ward — how will you improve policing and make our streets safer, especially at night?", "question_2": "Clean, safe public toilets are hard to find in parts of this ward — what will you do to provide and maintain them?", "question_3": "Families here struggle to find a park or open ground to relax in or for children to play — how will you create and maintain more green, open spaces in this ward?", "question_4": "How will you make sure emergency services like fire response can reach every corner of this ward quickly?", "question_5": "Getting across the city from this ward takes too long — how will you push for better public-transport and metro connectivity?"}, "geometry": {"type": "MultiPolygon", "coordinates": [[[[77.56007, 13.088], [77.56307, 13.08619], [77.56033, 13.08402], [77.55561, 13.08606], [77.54826, 13.08175], [77.54868, 13.08578], [77.54664, 13.08839], [77.54611, 13.09487], [77.55035, 13.09362], [77.55453, 13.09424], [77.55531, 13.09319], [77.55569, 13.0944], [77.55823, 13.09394], [77.55666, 13.09642], [77.55806, 13.09634], [77.55797, 13.09976], [77.56103, 13.0984], [77.56215, 13.10101], [77.56693, 13.10243], [77.56546, 13.10766], [77.57064, 13.1066], [77.56979, 13.10289], [77.57098, 13.09818], [77.56285, 13.09778], [77.56007, 13.088]]]]}}, {"type": "Feature", "properties": {"ward_name": "Rajagopala Nagara", "ward_id": "7", "zone": "Rajarajeshwarinagar", "assembly": "155 - Dasarahalli", "parliamentary": "Bangalore North", "bus_stops": 5, "bus_cov_pct": 100.1, "metro": 0, "metro_cov_pct": null, "parks": 0, "parks_cov_pct": 6.7, "playgrounds": 0, "schools": 21, "anganwadis": 7, "police": 0, "fire": 0, "public_toilets": 0, "toilet_cov_pct": 94.0, "lakes": 0, "ponds": 0, "flood_points": 1, "did_you_know_1": "Nearly all homes here are within a 15-minute walk of a bus stop.", "did_you_know_2": "This ward has 21 schools and 7 anganwadi (child-care) centres.", "did_you_know_3": "This ward has 1 spot known to be prone to flooding.", "question_1": "Families here struggle to find a park or open ground to relax in or for children to play — how will you create and maintain more green, open spaces in this ward?", "question_2": "Children here have few safe places to play — will you commit to creating and maintaining playgrounds in this ward?", "question_3": "Safety is a real worry in parts of this ward — how will you improve policing and make our streets safer, especially at night?", "question_4": "Our lakes and ponds are neglected or polluted — how will you clean up and protect the water bodies in this ward?", "question_5": "How will you make sure emergency services like fire response can reach every corner of this ward quickly?"}, "geometry": {"type": "MultiPolygon", "coordinates": [[[[77.51319, 13.01547], [77.51172, 13.01216], [77.5138, 13.01199], [77.51443, 13.00966], [77.51831, 13.00919], [77.5173, 13.00822], [77.5177, 13.00438], [77.51511, 13.00463], [77.51499, 13.00571], [77.51261, 13.00552], [77.5125, 13.00378], [77.50516, 13.00552], [77.50613, 13.00989], [77.51143, 13.01627], [77.51319, 13.01547]]]]}}, {"type": "Feature", "properties": {"ward_name": "K Chennasandra", "ward_id": "7", "zone": "K.R. Pura", "assembly": "151 - K.R. Pura", "parliamentary": "Bangalore North", "bus_stops": 7, "bus_cov_pct": 92.9, "metro": 0, "metro_cov_pct": null, "parks": 0, "parks_cov_pct": 20.2, "playgrounds": 0, "schools": 11, "anganwadis": 3, "police": 0, "fire": 0, "public_toilets": 0, "toilet_cov_pct": 52.1, "lakes": 1, "ponds": 1, "flood_points": 1, "did_you_know_1": "About 9 in 10 homes here are within a 15-minute walk of a bus stop.", "did_you_know_2": "This ward has 11 schools and 3 anganwadi (child-care) centres.", "did_you_know_3": "This ward has 1 lake and 1 pond.", "question_1": "Families here struggle to find a park or open ground to relax in or for children to play — how will you create and maintain more green, open spaces in this ward?", "question_2": "Children here have few safe places to play — will you commit to creating and maintaining playgrounds in this ward?", "question_3": "Safety is a real worry in parts of this ward — how will you improve policing and make our streets safer, especially at night?", "question_4": "How will you make sure emergency services like fire response can reach every corner of this ward quickly?", "question_5": "Clean, safe public toilets are hard to find in parts of this ward — what will you do to provide and maintain them?"}, "geometry": {"type": "MultiPolygon", "coordinates": [[[[77.68629, 13.02077], [77.68672, 13.01729], [77.67848, 13.01641], [77.67944, 13.03479], [77.68073, 13.03476], [77.68089, 13.03673], [77.68019, 13.0389], [77.67755, 13.03896], [77.6777, 13.0432], [77.67985, 13.0433], [77.68113, 13.0518], [77.68397, 13.05011], [77.68505, 13.04511], [77.68315, 13.02764], [77.68383, 13.0229], [77.68818, 13.02207], [77.68629, 13.02077]]]]}}, {"type": "Feature", "properties": {"ward_name": "K Kamaraj Ward", "ward_id": "7", "zone": "Gandhinagara", "assembly": "162 - Shivajinagar", "parliamentary": "Bangalore Central", "bus_stops": 24, "bus_cov_pct": 90.3, "metro": 1, "metro_cov_pct": 48.5, "parks": 2, "parks_cov_pct": 89.3, "playgrounds": 5, "schools": 21, "anganwadis": 0, "police": 0, "fire": 0, "public_toilets": 1, "toilet_cov_pct": 68.4, "lakes": 1, "ponds": 0, "flood_points": 1, "did_you_know_1": "About 9 in 10 homes here are within a 15-minute walk of a bus stop.", "did_you_know_2": "This ward has 2 parks, and about 9 in 10 homes are within a 15-minute walk of one.", "did_you_know_3": "This ward has 21 schools.", "question_1": "Young families need childcare and anganwadi centres close to home — how will you add and support more of them in this ward?", "question_2": "Safety is a real worry in parts of this ward — how will you improve policing and make our streets safer, especially at night?", "question_3": "How will you make sure emergency services like fire response can reach every corner of this ward quickly?", "question_4": "Our lakes and ponds are neglected or polluted — how will you clean up and protect the water bodies in this ward?", "question_5": "Clean, safe public toilets are hard to find in parts of this ward — what will you do to provide and maintain them?"}, "geometry": {"type": "MultiPolygon", "coordinates": [[[[77.61205, 12.98456], [77.61009, 12.98321], [77.61032, 12.98506], [77.60915, 12.98573], [77.60975, 12.98863], [77.61326, 12.98922], [77.61395, 12.9906], [77.61908, 12.98718], [77.62255, 12.98769], [77.62293, 12.98174], [77.62029, 12.97808], [77.62013, 12.97271], [77.61385, 12.97373], [77.61439, 12.9753], [77.60873, 12.97717], [77.61006, 12.98096], [77.61297, 12.98289], [77.61205, 12.98456]]]]}}, {"type": "Feature", "properties": {"ward_name": "Tilak Nagara", "ward_id": "8", "zone": "Jayanagar", "assembly": "173 - Jayanagar", "parliamentary": "Bangalore South", "bus_stops": 15, "bus_cov_pct": 100.1, "metro": 0, "metro_cov_pct": 36.2, "parks": 7, "parks_cov_pct": 100.1, "playgrounds": 1, "schools": 23, "anganwadis": 3, "police": 1, "fire": 0, "public_toilets": 9, "toilet_cov_pct": 100.1, "lakes": 0, "ponds": 0, "flood_points": 1, "did_you_know_1": "Nearly all homes here are within a 15-minute walk of a bus stop.", "did_you_know_2": "This ward has 7 parks, and nearly all homes are within a 15-minute walk of one.", "did_you_know_3": "This ward has 23 schools and 3 anganwadi (child-care) centres.", "question_1": "Our lakes and ponds are neglected or polluted — how will you clean up and protect the water bodies in this ward?", "question_2": "How will you make sure emergency services like fire response can reach every corner of this ward quickly?", "question_3": "Children here have few safe places to play — will you commit to creating and maintaining playgrounds in this ward?", "question_4": "Getting across the city from this ward takes too long — how will you push for better public-transport and metro connectivity?", "question_5": "Every monsoon, the same spots in this ward flood — what concrete steps will you take to fix the drains and stop the flooding?"}, "geometry": {"type": "MultiPolygon", "coordinates": [[[[77.6004, 12.92546], [77.59769, 12.92611], [77.59707, 12.92419], [77.58958, 12.92328], [77.58962, 12.92624], [77.58179, 12.92637], [77.58177, 12.92873], [77.58275, 12.92963], [77.58383, 12.92869], [77.58388, 12.93081], [77.58708, 12.93075], [77.58743, 12.92827], [77.58891, 12.92774], [77.59086, 12.92928], [77.58847, 12.93126], [77.59116, 12.93431], [77.59269, 12.93428], [77.5925, 12.92847], [77.6005, 12.92829], [77.6004, 12.92546]]]]}}, {"type": "Feature", "properties": {"ward_name": "Halasuru", "ward_id": "8", "zone": "Gandhinagara", "assembly": "162 - Shivajinagar", "parliamentary": "Bangalore Central", "bus_stops": 1, "bus_cov_pct": 100.1, "metro": 1, "metro_cov_pct": 100.1, "parks": 0, "parks_cov_pct": 100.1, "playgrounds": 0, "schools": 6, "anganwadis": 0, "police": 0, "fire": 0, "public_toilets": 0, "toilet_cov_pct": 10.6, "lakes": 0, "ponds": 0, "flood_points": 1, "did_you_know_1": "Nearly all homes here are within a 15-minute walk of a bus stop.", "did_you_know_2": "This ward has 6 schools.", "did_you_know_3": "This ward has 1 metro station.", "question_1": "Clean, safe public toilets are hard to find in parts of this ward — what will you do to provide and maintain them?", "question_2": "Young families need childcare and anganwadi centres close to home — how will you add and support more of them in this ward?", "question_3": "Children here have few safe places to play — will you commit to creating and maintaining playgrounds in this ward?", "question_4": "Safety is a real worry in parts of this ward — how will you improve policing and make our streets safer, especially at night?", "question_5": "Our lakes and ponds are neglected or polluted — how will you clean up and protect the water bodies in this ward?"}, "geometry": {"type": "MultiPolygon", "coordinates": [[[[77.6285, 12.97813], [77.62013, 12.97271], [77.62029, 12.97808], [77.62293, 12.98174], [77.62456, 12.98189], [77.62629, 12.97867], [77.6285, 12.97813]]]]}}, {"type": "Feature", "properties": {"ward_name": "Singapura", "ward_id": "8", "zone": "Byatarayanapura", "assembly": "152 - Byatarayanapura", "parliamentary": "Bangalore North", "bus_stops": 17, "bus_cov_pct": 96.7, "metro": 0, "metro_cov_pct": null, "parks": 4, "parks_cov_pct": 52.5, "playgrounds": 2, "schools": 19, "anganwadis": 7, "police": 0, "fire": 0, "public_toilets": 2, "toilet_cov_pct": 46.8, "lakes": 2, "ponds": 0, "flood_points": 0, "did_you_know_1": "Nearly all homes here are within a 15-minute walk of a bus stop.", "did_you_know_2": "This ward has 4 parks, and about 5 in 10 homes are within a 15-minute walk of one.", "did_you_know_3": "This ward has 19 schools and 7 anganwadi (child-care) centres.", "question_1": "Safety is a real worry in parts of this ward — how will you improve policing and make our streets safer, especially at night?", "question_2": "Clean, safe public toilets are hard to find in parts of this ward — what will you do to provide and maintain them?", "question_3": "How will you make sure emergency services like fire response can reach every corner of this ward quickly?", "question_4": "Families here struggle to find a park or open ground to relax in or for children to play — how will you create and maintain more green, open spaces in this ward?", "question_5": "Getting across the city from this ward takes too long — how will you push for better public-transport and metro connectivity?"}, "geometry": {"type": "MultiPolygon", "coordinates": [[[[77.54241, 13.07617], [77.53434, 13.07873], [77.53036, 13.07819], [77.52942, 13.07902], [77.52995, 13.08213], [77.53688, 13.08379], [77.54071, 13.08997], [77.54526, 13.08527], [77.54519, 13.08353], [77.5475, 13.08322], [77.54722, 13.08194], [77.5501, 13.08216], [77.55561, 13.08606], [77.56033, 13.08402], [77.56167, 13.08121], [77.55972, 13.08151], [77.55718, 13.07394], [77.55106, 13.07776], [77.54757, 13.07854], [77.54819, 13.08148], [77.54378, 13.08278], [77.54164, 13.08181], [77.54112, 13.07968], [77.54274, 13.07884], [77.54241, 13.07617]]]]}}, {"type": "Feature", "properties": {"ward_name": "Anandapura", "ward_id": "8", "zone": "K.R. Pura", "assembly": "151 - K.R. Pura", "parliamentary": "Bangalore North", "bus_stops": 4, "bus_cov_pct": 92.9, "metro": 0, "metro_cov_pct": null, "parks": 0, "parks_cov_pct": 32.1, "playgrounds": 4, "schools": 10, "anganwadis": 2, "police": 0, "fire": 0, "public_toilets": 0, "toilet_cov_pct": 27.2, "lakes": 0, "ponds": 0, "flood_points": 0, "did_you_know_1": "About 9 in 10 homes here are within a 15-minute walk of a bus stop.", "did_you_know_2": "This ward has 10 schools and 2 anganwadi (child-care) centres.", "did_you_know_3": "There are 4 playgrounds in this ward.", "question_1": "Clean, safe public toilets are hard to find in parts of this ward — what will you do to provide and maintain them?", "question_2": "Families here struggle to find a park or open ground to relax in or for children to play — how will you create and maintain more green, open spaces in this ward?", "question_3": "Safety is a real worry in parts of this ward — how will you improve policing and make our streets safer, especially at night?", "question_4": "Our lakes and ponds are neglected or polluted — how will you clean up and protect the water bodies in this ward?", "question_5": "How will you make sure emergency services like fire response can reach every corner of this ward quickly?"}, "geometry": {"type": "MultiPolygon", "coordinates": [[[[77.68672, 13.01729], [77.68732, 13.0218], [77.69438, 13.02674], [77.6964, 13.02692], [77.69704, 13.01981], [77.69538, 13.01617], [77.69751, 13.01608], [77.69672, 13.01228], [77.69377, 13.01229], [77.69295, 13.00822], [77.68502, 13.00511], [77.68099, 13.01087], [77.68694, 13.01147], [77.68529, 13.01334], [77.6856, 13.01589], [77.68326, 13.01613], [77.68366, 13.0176], [77.68672, 13.01729]]]]}}, {"type": "Feature", "properties": {"ward_name": "Hegganahalli", "ward_id": "8", "zone": "Rajarajeshwarinagar", "assembly": "155 - Dasarahalli", "parliamentary": "Bangalore North", "bus_stops": 5, "bus_cov_pct": 100.1, "metro": 0, "metro_cov_pct": null, "parks": 0, "parks_cov_pct": null, "playgrounds": 0, "schools": 12, "anganwadis": 7, "police": 0, "fire": 0, "public_toilets": 0, "toilet_cov_pct": 71.4, "lakes": 0, "ponds": 0, "flood_points": 1, "did_you_know_1": "Nearly all homes here are within a 15-minute walk of a bus stop.", "did_you_know_2": "This ward has 12 schools and 7 anganwadi (child-care) centres.", "did_you_know_3": "This ward has 1 spot known to be prone to flooding.", "question_1": "Families here struggle to find a park or open ground to relax in or for children to play — how will you create and maintain more green, open spaces in this ward?", "question_2": "Children here have few safe places to play — will you commit to creating and maintaining playgrounds in this ward?", "question_3": "Safety is a real worry in parts of this ward — how will you improve policing and make our streets safer, especially at night?", "question_4": "Our lakes and ponds are neglected or polluted — how will you clean up and protect the water bodies in this ward?", "question_5": "How will you make sure emergency services like fire response can reach every corner of this ward quickly?"}, "geometry": {"type": "MultiPolygon", "coordinates": [[[[77.50374, 13.00433], [77.50082, 13.00712], [77.50316, 13.00687], [77.50224, 13.00821], [77.50611, 13.00992], [77.50516, 13.00552], [77.5125, 13.00378], [77.51261, 13.00552], [77.51771, 13.00445], [77.51907, 12.99742], [77.51744, 12.99715], [77.51765, 12.99873], [77.51479, 13.00058], [77.51214, 13.00032], [77.50924, 13.0026], [77.5046, 13.00176], [77.50374, 13.00433]]]]}}, {"type": "Feature", "properties": {"ward_name": "Hoysala Nagara Central", "ward_id": "9", "zone": "C.V. Raman Nagar", "assembly": "161 - C.V. Raman Nagar", "parliamentary": "Bangalore Central", "bus_stops": 13, "bus_cov_pct": 99.1, "metro": 1, "metro_cov_pct": 54.3, "parks": 8, "parks_cov_pct": 90.2, "playgrounds": 3, "schools": 13, "anganwadis": 4, "police": 0, "fire": 0, "public_toilets": 1, "toilet_cov_pct": 57.8, "lakes": 0, "ponds": 0, "flood_points": 1, "did_you_know_1": "Nearly all homes here are within a 15-minute walk of a bus stop.", "did_you_know_2": "This ward has 8 parks, and about 9 in 10 homes are within a 15-minute walk of one.", "did_you_know_3": "This ward has 13 schools and 4 anganwadi (child-care) centres.", "question_1": "Safety is a real worry in parts of this ward — how will you improve policing and make our streets safer, especially at night?", "question_2": "Our lakes and ponds are neglected or polluted — how will you clean up and protect the water bodies in this ward?", "question_3": "How will you make sure emergency services like fire response can reach every corner of this ward quickly?", "question_4": "Clean, safe public toilets are hard to find in parts of this ward — what will you do to provide and maintain them?", "question_5": "Every monsoon, the same spots in this ward flood — what concrete steps will you take to fix the drains and stop the flooding?"}, "geometry": {"type": "MultiPolygon", "coordinates": [[[[77.63741, 12.98287], [77.6379, 12.97997], [77.64078, 12.98001], [77.64095, 12.9761], [77.6334, 12.9759], [77.63302, 12.97377], [77.63179, 12.97637], [77.62629, 12.97867], [77.62456, 12.98189], [77.62293, 12.98174], [77.62255, 12.98769], [77.63084, 12.98967], [77.63102, 12.98874], [77.63281, 12.98912], [77.63407, 12.98697], [77.63679, 12.98743], [77.63462, 12.98421], [77.63481, 12.98247], [77.63741, 12.98287]]]]}}, {"type": "Feature", "properties": {"ward_name": "N.A.L Layout", "ward_id": "9", "zone": "Jayanagar", "assembly": "173 - Jayanagar", "parliamentary": "Bangalore South", "bus_stops": 1, "bus_cov_pct": 100.1, "metro": 0, "metro_cov_pct": null, "parks": 2, "parks_cov_pct": 100.1, "playgrounds": 0, "schools": 7, "anganwadis": 4, "police": 0, "fire": 0, "public_toilets": 1, "toilet_cov_pct": 100.1, "lakes": 0, "ponds": 0, "flood_points": 1, "did_you_know_1": "Nearly all homes here are within a 15-minute walk of a bus stop.", "did_you_know_2": "This ward has 2 parks, and nearly all homes are within a 15-minute walk of one.", "did_you_know_3": "This ward has 7 schools and 4 anganwadi (child-care) centres.", "question_1": "Children here have few safe places to play — will you commit to creating and maintaining playgrounds in this ward?", "question_2": "Safety is a real worry in parts of this ward — how will you improve policing and make our streets safer, especially at night?", "question_3": "Our lakes and ponds are neglected or polluted — how will you clean up and protect the water bodies in this ward?", "question_4": "How will you make sure emergency services like fire response can reach every corner of this ward quickly?", "question_5": "Getting across the city from this ward takes too long — how will you push for better public-transport and metro connectivity?"}, "geometry": {"type": "MultiPolygon", "coordinates": [[[[77.59747, 12.92317], [77.59347, 12.92324], [77.5935, 12.92421], [77.59707, 12.92419], [77.59769, 12.92611], [77.6004, 12.92546], [77.60043, 12.92661], [77.60492, 12.92804], [77.60489, 12.9226], [77.59753, 12.92451], [77.59747, 12.92317]]]]}}, {"type": "Feature", "properties": {"ward_name": "Srigandhanagar", "ward_id": "9", "zone": "Rajarajeshwarinagar", "assembly": "155 - Dasarahalli", "parliamentary": "Bangalore North", "bus_stops": 3, "bus_cov_pct": 100.1, "metro": 0, "metro_cov_pct": null, "parks": 0, "parks_cov_pct": 5.0, "playgrounds": 1, "schools": 7, "anganwadis": 1, "police": 0, "fire": 0, "public_toilets": 0, "toilet_cov_pct": 43.3, "lakes": 0, "ponds": 0, "flood_points": 0, "did_you_know_1": "Nearly all homes here are within a 15-minute walk of a bus stop.", "did_you_know_2": "This ward has 7 schools and 1 anganwadi (child-care) centre.", "did_you_know_3": "There are 1 playground in this ward.", "question_1": "Families here struggle to find a park or open ground to relax in or for children to play — how will you create and maintain more green, open spaces in this ward?", "question_2": "Safety is a real worry in parts of this ward — how will you improve policing and make our streets safer, especially at night?", "question_3": "Our lakes and ponds are neglected or polluted — how will you clean up and protect the water bodies in this ward?", "question_4": "Clean, safe public toilets are hard to find in parts of this ward — what will you do to provide and maintain them?", "question_5": "How will you make sure emergency services like fire response can reach every corner of this ward quickly?"}, "geometry": {"type": "MultiPolygon", "coordinates": [[[[77.50001, 13.00397], [77.50374, 13.00433], [77.5046, 13.00176], [77.50944, 13.00252], [77.51339, 13.0001], [77.51279, 12.99795], [77.51065, 12.99839], [77.51037, 12.99749], [77.49546, 13.00174], [77.49503, 13.00041], [77.49306, 13.0007], [77.49574, 13.00433], [77.49967, 13.00275], [77.50001, 13.00397]]]]}}, {"type": "Feature", "properties": {"ward_name": "Kuvempunagara", "ward_id": "9", "zone": "Byatarayanapura", "assembly": "152 - Byatarayanapura", "parliamentary": "Bangalore North", "bus_stops": 28, "bus_cov_pct": 87.7, "metro": 0, "metro_cov_pct": null, "parks": 0, "parks_cov_pct": 25.7, "playgrounds": 9, "schools": 19, "anganwadis": 6, "police": 0, "fire": 0, "public_toilets": 1, "toilet_cov_pct": 36.4, "lakes": 0, "ponds": 0, "flood_points": 1, "did_you_know_1": "About 9 in 10 homes here are within a 15-minute walk of a bus stop.", "did_you_know_2": "This ward has 19 schools and 6 anganwadi (child-care) centres.", "did_you_know_3": "This ward has 1 public toilet, and about 4 in 10 homes are within a 15-minute walk of one.", "question_1": "Families here struggle to find a park or open ground to relax in or for children to play — how will you create and maintain more green, open spaces in this ward?", "question_2": "Clean, safe public toilets are hard to find in parts of this ward — what will you do to provide and maintain them?", "question_3": "Safety is a real worry in parts of this ward — how will you improve policing and make our streets safer, especially at night?", "question_4": "Our lakes and ponds are neglected or polluted — how will you clean up and protect the water bodies in this ward?", "question_5": "How will you make sure emergency services like fire response can reach every corner of this ward quickly?"}, "geometry": {"type": "MultiPolygon", "coordinates": [[[[77.53036, 13.07819], [77.54241, 13.07617], [77.54274, 13.07884], [77.54112, 13.07968], [77.54164, 13.08181], [77.54378, 13.08278], [77.54819, 13.08148], [77.54757, 13.07854], [77.55372, 13.07601], [77.55182, 13.07168], [77.55537, 13.07018], [77.55204, 13.0632], [77.55105, 13.06349], [77.55086, 13.06225], [77.55205, 13.0626], [77.55138, 13.05783], [77.54805, 13.05755], [77.54799, 13.05565], [77.54679, 13.05673], [77.54471, 13.05495], [77.5353, 13.05483], [77.53549, 13.05764], [77.53385, 13.06005], [77.5352, 13.06325], [77.53396, 13.06732], [77.53098, 13.06977], [77.53183, 13.07248], [77.53036, 13.07819]]]]}}, {"type": "Feature", "properties": {"ward_name": "Bhattarahalli", "ward_id": "9", "zone": "K.R. Pura", "assembly": "151 - K.R. Pura", "parliamentary": "Bangalore North", "bus_stops": 12, "bus_cov_pct": 95.7, "metro": 0, "metro_cov_pct": null, "parks": 3, "parks_cov_pct": 47.8, "playgrounds": 2, "schools": 16, "anganwadis": 5, "police": 0, "fire": 0, "public_toilets": 0, "toilet_cov_pct": null, "lakes": 1, "ponds": 1, "flood_points": 0, "did_you_know_1": "Nearly all homes here are within a 15-minute walk of a bus stop.", "did_you_know_2": "This ward has 3 parks, and about 5 in 10 homes are within a 15-minute walk of one.", "did_you_know_3": "This ward has 16 schools and 5 anganwadi (child-care) centres.", "question_1": "Clean, safe public toilets are hard to find in parts of this ward — what will you do to provide and maintain them?", "question_2": "Safety is a real worry in parts of this ward — how will you improve policing and make our streets safer, especially at night?", "question_3": "Families here struggle to find a park or open ground to relax in or for children to play — how will you create and maintain more green, open spaces in this ward?", "question_4": "How will you make sure emergency services like fire response can reach every corner of this ward quickly?", "question_5": "Getting across the city from this ward takes too long — how will you push for better public-transport and metro connectivity?"}, "geometry": {"type": "MultiPolygon", "coordinates": [[[[77.69789, 13.01789], [77.6964, 13.02692], [77.70168, 13.02744], [77.70119, 13.02495], [77.70592, 13.02619], [77.70915, 13.0253], [77.71496, 13.03195], [77.71734, 13.03158], [77.71742, 13.0329], [77.72145, 13.03411], [77.72485, 13.03241], [77.72481, 13.02865], [77.70436, 13.01702], [77.69789, 13.01789]]]]}}, {"type": "Feature", "properties": {"ward_name": "Abdul Kalam Nagar", "ward_id": "10", "zone": "Jayanagar", "assembly": "173 - Jayanagar", "parliamentary": "Bangalore South", "bus_stops": 3, "bus_cov_pct": 100.1, "metro": 0, "metro_cov_pct": null, "parks": 0, "parks_cov_pct": 100.1, "playgrounds": 0, "schools": 8, "anganwadis": 0, "police": 0, "fire": 0, "public_toilets": 1, "toilet_cov_pct": 100.1, "lakes": 0, "ponds": 0, "flood_points": 2, "did_you_know_1": "Nearly all homes here are within a 15-minute walk of a bus stop.", "did_you_know_2": "This ward has 8 schools.", "did_you_know_3": "This ward has 1 public toilet, and nearly all homes are within a 15-minute walk of one.", "question_1": "Young families need childcare and anganwadi centres close to home — how will you add and support more of them in this ward?", "question_2": "Children here have few safe places to play — will you commit to creating and maintaining playgrounds in this ward?", "question_3": "Safety is a real worry in parts of this ward — how will you improve policing and make our streets safer, especially at night?", "question_4": "Our lakes and ponds are neglected or polluted — how will you clean up and protect the water bodies in this ward?", "question_5": "How will you make sure emergency services like fire response can reach every corner of this ward quickly?"}, "geometry": {"type": "MultiPolygon", "coordinates": [[[[77.60606, 12.9217], [77.59697, 12.92051], [77.59699, 12.9216], [77.59345, 12.92165], [77.59346, 12.92324], [77.59747, 12.92317], [77.59753, 12.92451], [77.60489, 12.9226], [77.60511, 12.92515], [77.60619, 12.92562], [77.60798, 12.92481], [77.60606, 12.9217]]]]}}, {"type": "Feature", "properties": {"ward_name": "Basavanapura", "ward_id": "10", "zone": "K.R. Pura", "assembly": "151 - K.R. Pura", "parliamentary": "Bangalore North", "bus_stops": 11, "bus_cov_pct": 86.5, "metro": 0, "metro_cov_pct": null, "parks": 0, "parks_cov_pct": 7.3, "playgrounds": 0, "schools": 8, "anganwadis": 2, "police": 0, "fire": 0, "public_toilets": 0, "toilet_cov_pct": 10.8, "lakes": 1, "ponds": 0, "flood_points": 0, "did_you_know_1": "About 9 in 10 homes here are within a 15-minute walk of a bus stop.", "did_you_know_2": "This ward has 8 schools and 2 anganwadi (child-care) centres.", "did_you_know_3": "This ward has 1 lake.", "question_1": "Families here struggle to find a park or open ground to relax in or for children to play — how will you create and maintain more green, open spaces in this ward?", "question_2": "Clean, safe public toilets are hard to find in parts of this ward — what will you do to provide and maintain them?", "question_3": "Children here have few safe places to play — will you commit to creating and maintaining playgrounds in this ward?", "question_4": "Safety is a real worry in parts of this ward — how will you improve policing and make our streets safer, especially at night?", "question_5": "How will you make sure emergency services like fire response can reach every corner of this ward quickly?"}, "geometry": {"type": "MultiPolygon", "coordinates": [[[[77.71703, 13.01417], [77.71449, 13.01299], [77.71374, 13.01126], [77.71001, 13.01113], [77.70982, 13.00973], [77.70116, 13.0104], [77.69926, 13.01246], [77.70147, 13.01573], [77.72481, 13.02865], [77.72515, 13.02593], [77.73009, 13.01982], [77.72808, 13.01054], [77.71781, 13.00991], [77.7185, 13.01228], [77.71711, 13.01223], [77.71703, 13.01417]]]]}}, {"type": "Feature", "properties": {"ward_name": "Cox Town", "ward_id": "10", "zone": "C.V. Raman Nagar", "assembly": "161 - C.V. Raman Nagar", "parliamentary": "Bangalore Central", "bus_stops": 8, "bus_cov_pct": 99.3, "metro": 0, "metro_cov_pct": null, "parks": 0, "parks_cov_pct": 90.3, "playgrounds": 2, "schools": 10, "anganwadis": 2, "police": 1, "fire": 0, "public_toilets": 0, "toilet_cov_pct": 50.8, "lakes": 0, "ponds": 3, "flood_points": 1, "did_you_know_1": "Nearly all homes here are within a 15-minute walk of a bus stop.", "did_you_know_2": "This ward has 10 schools and 2 anganwadi (child-care) centres.", "did_you_know_3": "This ward has 3 ponds.", "question_1": "How will you make sure emergency services like fire response can reach every corner of this ward quickly?", "question_2": "Clean, safe public toilets are hard to find in parts of this ward — what will you do to provide and maintain them?", "question_3": "Getting across the city from this ward takes too long — how will you push for better public-transport and metro connectivity?", "question_4": "Young families need childcare and anganwadi centres close to home — how will you add and support more of them in this ward?", "question_5": "Children here have few safe places to play — will you commit to creating and maintaining playgrounds in this ward?"}, "geometry": {"type": "MultiPolygon", "coordinates": [[[[77.61861, 12.99324], [77.61678, 12.99575], [77.62018, 12.99996], [77.62543, 12.99555], [77.63178, 12.99381], [77.63084, 12.98967], [77.61931, 12.9872], [77.61861, 12.99324]]]]}}, {"type": "Feature", "properties": {"ward_name": "Vidyaranyapura", "ward_id": "10", "zone": "Byatarayanapura", "assembly": "152 - Byatarayanapura", "parliamentary": "Bangalore North", "bus_stops": 11, "bus_cov_pct": 100.1, "metro": 0, "metro_cov_pct": null, "parks": 7, "parks_cov_pct": 95.6, "playgrounds": 1, "schools": 14, "anganwadis": 1, "police": 1, "fire": 0, "public_toilets": 3, "toilet_cov_pct": 96.0, "lakes": 1, "ponds": 0, "flood_points": 0, "did_you_know_1": "Nearly all homes here are within a 15-minute walk of a bus stop.", "did_you_know_2": "This ward has 7 parks, and nearly all homes are within a 15-minute walk of one.", "did_you_know_3": "This ward has 14 schools and 1 anganwadi (child-care) centre.", "question_1": "How will you make sure emergency services like fire response can reach every corner of this ward quickly?", "question_2": "Young families need childcare and anganwadi centres close to home — how will you add and support more of them in this ward?", "question_3": "Children here have few safe places to play — will you commit to creating and maintaining playgrounds in this ward?", "question_4": "Our lakes and ponds are neglected or polluted — how will you clean up and protect the water bodies in this ward?", "question_5": "Getting across the city from this ward takes too long — how will you push for better public-transport and metro connectivity?"}, "geometry": {"type": "MultiPolygon", "coordinates": [[[[77.55105, 13.06349], [77.55204, 13.0632], [77.55537, 13.07018], [77.55182, 13.07168], [77.55352, 13.07551], [77.55718, 13.07394], [77.55972, 13.08151], [77.56167, 13.08121], [77.56033, 13.08402], [77.56306, 13.08619], [77.56483, 13.08419], [77.56258, 13.07985], [77.56398, 13.07708], [77.56764, 13.07535], [77.56678, 13.07339], [77.5656, 13.07196], [77.56217, 13.07134], [77.55996, 13.06562], [77.55655, 13.06627], [77.55567, 13.06195], [77.55115, 13.06213], [77.55105, 13.06349]]]]}}, {"type": "Feature", "properties": {"ward_name": "Sunkadakatte", "ward_id": "10", "zone": "Rajarajeshwarinagar", "assembly": "155 - Dasarahalli", "parliamentary": "Bangalore North", "bus_stops": 6, "bus_cov_pct": 100.1, "metro": 0, "metro_cov_pct": null, "parks": 0, "parks_cov_pct": 4.8, "playgrounds": 0, "schools": 21, "anganwadis": 3, "police": 0, "fire": 0, "public_toilets": 0, "toilet_cov_pct": 26.9, "lakes": 0, "ponds": 0, "flood_points": 0, "did_you_know_1": "Nearly all homes here are within a 15-minute walk of a bus stop.", "did_you_know_2": "This ward has 21 schools and 3 anganwadi (child-care) centres.", "did_you_know_3": "This ward is served by 6 bus stops.", "question_1": "Families here struggle to find a park or open ground to relax in or for children to play — how will you create and maintain more green, open spaces in this ward?", "question_2": "Clean, safe public toilets are hard to find in parts of this ward — what will you do to provide and maintain them?", "question_3": "Children here have few safe places to play — will you commit to creating and maintaining playgrounds in this ward?", "question_4": "Safety is a real worry in parts of this ward — how will you improve policing and make our streets safer, especially at night?", "question_5": "Our lakes and ponds are neglected or polluted — how will you clean up and protect the water bodies in this ward?"}, "geometry": {"type": "MultiPolygon", "coordinates": [[[[77.50382, 12.99025], [77.49699, 12.98857], [77.49694, 12.9895], [77.49924, 12.99131], [77.50148, 12.99689], [77.49503, 13.00041], [77.49546, 13.00174], [77.50603, 12.99883], [77.50404, 12.99499], [77.50572, 12.98967], [77.50382, 12.99025]]]]}}, {"type": "Feature", "properties": {"ward_name": "Old Baiyappanahalli", "ward_id": "11", "zone": "C.V. Raman Nagar", "assembly": "161 - C.V. Raman Nagar", "parliamentary": "Bangalore Central", "bus_stops": 5, "bus_cov_pct": 100.1, "metro": 1, "metro_cov_pct": 28.6, "parks": 0, "parks_cov_pct": 72.5, "playgrounds": 0, "schools": 5, "anganwadis": 6, "police": 0, "fire": 0, "public_toilets": 0, "toilet_cov_pct": null, "lakes": 0, "ponds": 0, "flood_points": 0, "did_you_know_1": "Nearly all homes here are within a 15-minute walk of a bus stop.", "did_you_know_2": "This ward has 5 schools and 6 anganwadi (child-care) centres.", "did_you_know_3": "This ward has 1 metro station.", "question_1": "Clean, safe public toilets are hard to find in parts of this ward — what will you do to provide and maintain them?", "question_2": "Children here have few safe places to play — will you commit to creating and maintaining playgrounds in this ward?", "question_3": "Safety is a real worry in parts of this ward — how will you improve policing and make our streets safer, especially at night?", "question_4": "Our lakes and ponds are neglected or polluted — how will you clean up and protect the water bodies in this ward?", "question_5": "How will you make sure emergency services like fire response can reach every corner of this ward quickly?"}, "geometry": {"type": "MultiPolygon", "coordinates": [[[[77.64566, 12.99435], [77.64813, 12.99084], [77.64656, 12.99101], [77.64713, 12.98861], [77.64544, 12.98847], [77.64612, 12.9861], [77.64244, 12.98476], [77.64355, 12.99154], [77.63734, 12.99268], [77.63794, 12.9951], [77.64268, 12.99586], [77.64417, 12.99352], [77.64566, 12.99435]]]]}}, {"type": "Feature", "properties": {"ward_name": "Krishnanagar", "ward_id": "11", "zone": "K.R. Pura", "assembly": "151 - K.R. Pura", "parliamentary": "Bangalore North", "bus_stops": 7, "bus_cov_pct": 100.1, "metro": 0, "metro_cov_pct": null, "parks": 0, "parks_cov_pct": 3.5, "playgrounds": 2, "schools": 11, "anganwadis": 3, "police": 0, "fire": 0, "public_toilets": 0, "toilet_cov_pct": 95.9, "lakes": 1, "ponds": 0, "flood_points": 0, "did_you_know_1": "Nearly all homes here are within a 15-minute walk of a bus stop.", "did_you_know_2": "This ward has 11 schools and 3 anganwadi (child-care) centres.", "did_you_know_3": "This ward has 1 lake.", "question_1": "Families here struggle to find a park or open ground to relax in or for children to play — how will you create and maintain more green, open spaces in this ward?", "question_2": "Safety is a real worry in parts of this ward — how will you improve policing and make our streets safer, especially at night?", "question_3": "How will you make sure emergency services like fire response can reach every corner of this ward quickly?", "question_4": "Our lakes and ponds are neglected or polluted — how will you clean up and protect the water bodies in this ward?", "question_5": "Getting across the city from this ward takes too long — how will you push for better public-transport and metro connectivity?"}, "geometry": {"type": "MultiPolygon", "coordinates": [[[[77.70596, 13.00433], [77.70471, 13.00784], [77.70187, 13.00803], [77.70222, 13.01058], [77.70982, 13.00973], [77.71001, 13.01113], [77.71374, 13.01126], [77.71449, 13.01299], [77.71703, 13.01417], [77.71711, 13.01223], [77.7185, 13.01228], [77.71781, 13.00991], [77.71942, 13.01021], [77.71972, 13.01008], [77.71829, 13.00455], [77.70596, 13.00433]]]]}}, {"type": "Feature", "properties": {"ward_name": "Jayanagar East", "ward_id": "11", "zone": "Jayanagar", "assembly": "173 - Jayanagar", "parliamentary": "Bangalore South", "bus_stops": 1, "bus_cov_pct": 100.1, "metro": 0, "metro_cov_pct": null, "parks": 3, "parks_cov_pct": 100.1, "playgrounds": 0, "schools": 12, "anganwadis": 3, "police": 0, "fire": 0, "public_toilets": 1, "toilet_cov_pct": 100.1, "lakes": 0, "ponds": 0, "flood_points": 0, "did_you_know_1": "Nearly all homes here are within a 15-minute walk of a bus stop.", "did_you_know_2": "This ward has 3 parks, and nearly all homes are within a 15-minute walk of one.", "did_you_know_3": "This ward has 12 schools and 3 anganwadi (child-care) centres.", "question_1": "Children here have few safe places to play — will you commit to creating and maintaining playgrounds in this ward?", "question_2": "Safety is a real worry in parts of this ward — how will you improve policing and make our streets safer, especially at night?", "question_3": "Our lakes and ponds are neglected or polluted — how will you clean up and protect the water bodies in this ward?", "question_4": "How will you make sure emergency services like fire response can reach every corner of this ward quickly?", "question_5": "Getting across the city from this ward takes too long — how will you push for better public-transport and metro connectivity?"}, "geometry": {"type": "MultiPolygon", "coordinates": [[[[77.60853, 12.92482], [77.60806, 12.92008], [77.60532, 12.92076], [77.60514, 12.91959], [77.60342, 12.91981], [77.60345, 12.91754], [77.60157, 12.92018], [77.60019, 12.92005], [77.6001, 12.91886], [77.59148, 12.91973], [77.59149, 12.92166], [77.59699, 12.9216], [77.59697, 12.92051], [77.60606, 12.9217], [77.60853, 12.92482]]]]}}, {"type": "Feature", "properties": {"ward_name": "Doddabommasandra", "ward_id": "11", "zone": "Byatarayanapura", "assembly": "152 - Byatarayanapura", "parliamentary": "Bangalore North", "bus_stops": 23, "bus_cov_pct": 94.1, "metro": 0, "metro_cov_pct": null, "parks": 0, "parks_cov_pct": 45.6, "playgrounds": 1, "schools": 20, "anganwadis": 2, "police": 0, "fire": 0, "public_toilets": 3, "toilet_cov_pct": 81.1, "lakes": 1, "ponds": 2, "flood_points": 0, "did_you_know_1": "About 9 in 10 homes here are within a 15-minute walk of a bus stop.", "did_you_know_2": "This ward has 20 schools and 2 anganwadi (child-care) centres.", "did_you_know_3": "This ward has 3 public toilets, and about 8 in 10 homes are within a 15-minute walk of one.", "question_1": "Safety is a real worry in parts of this ward — how will you improve policing and make our streets safer, especially at night?", "question_2": "Families here struggle to find a park or open ground to relax in or for children to play — how will you create and maintain more green, open spaces in this ward?", "question_3": "How will you make sure emergency services like fire response can reach every corner of this ward quickly?", "question_4": "Children here have few safe places to play — will you commit to creating and maintaining playgrounds in this ward?", "question_5": "Getting across the city from this ward takes too long — how will you push for better public-transport and metro connectivity?"}, "geometry": {"type": "MultiPolygon", "coordinates": [[[[77.55138, 13.05783], [77.55205, 13.0626], [77.55567, 13.06195], [77.55655, 13.06627], [77.55996, 13.06562], [77.56058, 13.06885], [77.56359, 13.06869], [77.56613, 13.06392], [77.57062, 13.0608], [77.57002, 13.05983], [77.57157, 13.05865], [77.56096, 13.04], [77.5571, 13.04267], [77.55393, 13.04942], [77.54799, 13.05565], [77.54805, 13.05755], [77.55138, 13.05783]]]]}}, {"type": "Feature", "properties": {"ward_name": "Dodda Bidarakallu", "ward_id": "11", "zone": "Rajarajeshwarinagar", "assembly": "153 - Yeshwanthapura", "parliamentary": "Bangalore North", "bus_stops": 23, "bus_cov_pct": 89.7, "metro": 0, "metro_cov_pct": 2.8, "parks": 1, "parks_cov_pct": 48.6, "playgrounds": 1, "schools": 19, "anganwadis": 8, "police": 0, "fire": 0, "public_toilets": 0, "toilet_cov_pct": 9.0, "lakes": 3, "ponds": 0, "flood_points": 2, "did_you_know_1": "About 9 in 10 homes here are within a 15-minute walk of a bus stop.", "did_you_know_2": "This ward has 1 park, and about 5 in 10 homes are within a 15-minute walk of one.", "did_you_know_3": "This ward has 19 schools and 8 anganwadi (child-care) centres.", "question_1": "Clean, safe public toilets are hard to find in parts of this ward — what will you do to provide and maintain them?", "question_2": "Safety is a real worry in parts of this ward — how will you improve policing and make our streets safer, especially at night?", "question_3": "Families here struggle to find a park or open ground to relax in or for children to play — how will you create and maintain more green, open spaces in this ward?", "question_4": "How will you make sure emergency services like fire response can reach every corner of this ward quickly?", "question_5": "Children here have few safe places to play — will you commit to creating and maintaining playgrounds in this ward?"}, "geometry": {"type": "MultiPolygon", "coordinates": [[[[77.48755, 13.02265], [77.48506, 13.01851], [77.48327, 13.01856], [77.48488, 13.02357], [77.48649, 13.02495], [77.48651, 13.02889], [77.48836, 13.02854], [77.48906, 13.03008], [77.4875, 13.03035], [77.48651, 13.03631], [77.48926, 13.03685], [77.48953, 13.03862], [77.48859, 13.04001], [77.48483, 13.03955], [77.48253, 13.04072], [77.47962, 13.04476], [77.48006, 13.04864], [77.49097, 13.0451], [77.49258, 13.05156], [77.49722, 13.05064], [77.49568, 13.04447], [77.49801, 13.04391], [77.49807, 13.04253], [77.49629, 13.04181], [77.49611, 13.03975], [77.4992, 13.03494], [77.4948, 13.02293], [77.49912, 13.01394], [77.4937, 13.01418], [77.49352, 13.01881], [77.49024, 13.0218], [77.48866, 13.0212], [77.48755, 13.02265]]]]}}, {"type": "Feature", "properties": {"ward_name": "Kasturi Nagar", "ward_id": "12", "zone": "C.V. Raman Nagar", "assembly": "161 - C.V. Raman Nagar", "parliamentary": "Bangalore Central", "bus_stops": 11, "bus_cov_pct": 76.3, "metro": 0, "metro_cov_pct": 12.3, "parks": 3, "parks_cov_pct": 45.7, "playgrounds": 1, "schools": 7, "anganwadis": 4, "police": 0, "fire": 0, "public_toilets": 0, "toilet_cov_pct": 10.7, "lakes": 1, "ponds": 2, "flood_points": 0, "did_you_know_1": "About 8 in 10 homes here are within a 15-minute walk of a bus stop.", "did_you_know_2": "This ward has 3 parks, and about 5 in 10 homes are within a 15-minute walk of one.", "did_you_know_3": "This ward has 7 schools and 4 anganwadi (child-care) centres.", "question_1": "Clean, safe public toilets are hard to find in parts of this ward — what will you do to provide and maintain them?", "question_2": "Safety is a real worry in parts of this ward — how will you improve policing and make our streets safer, especially at night?", "question_3": "Families here struggle to find a park or open ground to relax in or for children to play — how will you create and maintain more green, open spaces in this ward?", "question_4": "How will you make sure emergency services like fire response can reach every corner of this ward quickly?", "question_5": "Children here have few safe places to play — will you commit to creating and maintaining playgrounds in this ward?"}, "geometry": {"type": "MultiPolygon", "coordinates": [[[[77.64421, 12.99428], [77.63857, 13.00263], [77.63635, 13.00396], [77.63807, 13.00544], [77.64553, 13.00639], [77.6467, 13.00799], [77.65288, 13.00582], [77.6623, 13.01239], [77.66359, 12.99826], [77.66126, 12.99997], [77.65987, 12.99708], [77.65196, 12.9981], [77.65128, 12.99097], [77.64721, 12.99119], [77.64566, 12.99435], [77.64421, 12.99428]]]]}}, {"type": "Feature", "properties": {"ward_name": "Pattabhirama Nagara", "ward_id": "12", "zone": "Jayanagar", "assembly": "173 - Jayanagar", "parliamentary": "Bangalore South", "bus_stops": 23, "bus_cov_pct": 100.1, "metro": 1, "metro_cov_pct": 55.6, "parks": 8, "parks_cov_pct": 100.1, "playgrounds": 3, "schools": 11, "anganwadis": 0, "police": 0, "fire": 0, "public_toilets": 6, "toilet_cov_pct": 100.1, "lakes": 0, "ponds": 0, "flood_points": 0, "did_you_know_1": "Nearly all homes here are within a 15-minute walk of a bus stop.", "did_you_know_2": "This ward has 8 parks, and nearly all homes are within a 15-minute walk of one.", "did_you_know_3": "This ward has 11 schools.", "question_1": "Young families need childcare and anganwadi centres close to home — how will you add and support more of them in this ward?", "question_2": "Safety is a real worry in parts of this ward — how will you improve policing and make our streets safer, especially at night?", "question_3": "Our lakes and ponds are neglected or polluted — how will you clean up and protect the water bodies in this ward?", "question_4": "How will you make sure emergency services like fire response can reach every corner of this ward quickly?", "question_5": "Getting across the city from this ward takes too long — how will you push for better public-transport and metro connectivity?"}, "geometry": {"type": "MultiPolygon", "coordinates": [[[[77.59687, 12.91682], [77.59693, 12.91276], [77.59511, 12.9127], [77.59419, 12.9141], [77.59504, 12.91491], [77.59326, 12.91498], [77.59061, 12.91336], [77.58954, 12.92064], [77.5859, 12.92025], [77.58584, 12.9171], [77.57352, 12.91767], [77.5744, 12.92084], [77.57359, 12.92356], [77.58596, 12.92335], [77.58594, 12.92251], [77.59346, 12.92319], [77.59345, 12.92162], [77.59149, 12.92166], [77.59148, 12.91973], [77.59514, 12.91897], [77.59506, 12.91685], [77.59687, 12.91682]]]]}}, {"type": "Feature", "properties": {"ward_name": "Thindlu", "ward_id": "12", "zone": "Byatarayanapura", "assembly": "152 - Byatarayanapura", "parliamentary": "Bangalore North", "bus_stops": 14, "bus_cov_pct": 83.1, "metro": 0, "metro_cov_pct": null, "parks": 0, "parks_cov_pct": 24.5, "playgrounds": 10, "schools": 7, "anganwadis": 3, "police": 1, "fire": 0, "public_toilets": 2, "toilet_cov_pct": 36.4, "lakes": 0, "ponds": 5, "flood_points": 1, "did_you_know_1": "About 8 in 10 homes here are within a 15-minute walk of a bus stop.", "did_you_know_2": "This ward has 7 schools and 3 anganwadi (child-care) centres.", "did_you_know_3": "This ward has 2 public toilets, and about 4 in 10 homes are within a 15-minute walk of one.", "question_1": "Families here struggle to find a park or open ground to relax in or for children to play — how will you create and maintain more green, open spaces in this ward?", "question_2": "Clean, safe public toilets are hard to find in parts of this ward — what will you do to provide and maintain them?", "question_3": "How will you make sure emergency services like fire response can reach every corner of this ward quickly?", "question_4": "Getting across the city from this ward takes too long — how will you push for better public-transport and metro connectivity?", "question_5": "Many of us walk far or wait too long for a bus — what will you do to bring frequent, reliable bus service closer to every part of this ward?"}, "geometry": {"type": "MultiPolygon", "coordinates": [[[[77.56572, 13.06454], [77.56359, 13.06869], [77.56058, 13.06885], [77.56343, 13.07228], [77.5656, 13.07196], [77.56764, 13.07535], [77.56394, 13.07712], [77.56258, 13.07994], [77.56483, 13.08419], [77.56007, 13.088], [77.56285, 13.09778], [77.56984, 13.09808], [77.57029, 13.09231], [77.58021, 13.08909], [77.57917, 13.08514], [77.58446, 13.08363], [77.58291, 13.07818], [77.59009, 13.07607], [77.5867, 13.07025], [77.57414, 13.06179], [77.57157, 13.05865], [77.56841, 13.06309], [77.56572, 13.06454]]]]}}, {"type": "Feature", "properties": {"ward_name": "Devasandra", "ward_id": "12", "zone": "K.R. Pura", "assembly": "151 - K.R. Pura", "parliamentary": "Bangalore North", "bus_stops": 5, "bus_cov_pct": 100.1, "metro": 0, "metro_cov_pct": 47.0, "parks": 0, "parks_cov_pct": 33.2, "playgrounds": 2, "schools": 16, "anganwadis": 3, "police": 0, "fire": 1, "public_toilets": 1, "toilet_cov_pct": 91.1, "lakes": 0, "ponds": 1, "flood_points": 0, "did_you_know_1": "Nearly all homes here are within a 15-minute walk of a bus stop.", "did_you_know_2": "This ward has 16 schools and 3 anganwadi (child-care) centres.", "did_you_know_3": "This ward has 1 public toilet, and about 9 in 10 homes are within a 15-minute walk of one.", "question_1": "Families here struggle to find a park or open ground to relax in or for children to play — how will you create and maintain more green, open spaces in this ward?", "question_2": "Safety is a real worry in parts of this ward — how will you improve policing and make our streets safer, especially at night?", "question_3": "Our lakes and ponds are neglected or polluted — how will you clean up and protect the water bodies in this ward?", "question_4": "Getting across the city from this ward takes too long — how will you push for better public-transport and metro connectivity?", "question_5": "Children here have few safe places to play — will you commit to creating and maintaining playgrounds in this ward?"}, "geometry": {"type": "MultiPolygon", "coordinates": [[[[77.69861, 13.00927], [77.70222, 13.01058], [77.70187, 13.00803], [77.70575, 13.00719], [77.70521, 13.00451], [77.70713, 13.00429], [77.70605, 12.99928], [77.70424, 12.99953], [77.70225, 12.9938], [77.69375, 12.99612], [77.69413, 12.99994], [77.69933, 12.99982], [77.70019, 13.00622], [77.69816, 13.00713], [77.69861, 13.00927]]]]}}, {"type": "Feature", "properties": {"ward_name": "Andrahalli", "ward_id": "12", "zone": "Rajarajeshwarinagar", "assembly": "153 - Yeshwanthapura", "parliamentary": "Bangalore North", "bus_stops": 17, "bus_cov_pct": 99.7, "metro": 0, "metro_cov_pct": null, "parks": 4, "parks_cov_pct": 38.2, "playgrounds": 0, "schools": 27, "anganwadis": 7, "police": 0, "fire": 0, "public_toilets": 0, "toilet_cov_pct": 3.1, "lakes": 2, "ponds": 0, "flood_points": 0, "did_you_know_1": "Nearly all homes here are within a 15-minute walk of a bus stop.", "did_you_know_2": "This ward has 4 parks, and about 4 in 10 homes are within a 15-minute walk of one.", "did_you_know_3": "This ward has 27 schools and 7 anganwadi (child-care) centres.", "question_1": "Clean, safe public toilets are hard to find in parts of this ward — what will you do to provide and maintain them?", "question_2": "Children here have few safe places to play — will you commit to creating and maintaining playgrounds in this ward?", "question_3": "Safety is a real worry in parts of this ward — how will you improve policing and make our streets safer, especially at night?", "question_4": "Families here struggle to find a park or open ground to relax in or for children to play — how will you create and maintain more green, open spaces in this ward?", "question_5": "How will you make sure emergency services like fire response can reach every corner of this ward quickly?"}, "geometry": {"type": "MultiPolygon", "coordinates": [[[[77.4873, 13.02013], [77.48755, 13.02265], [77.48866, 13.0212], [77.49024, 13.0218], [77.49352, 13.01881], [77.4937, 13.01418], [77.49976, 13.01353], [77.4998, 13.00906], [77.49215, 13.01081], [77.48966, 13.00819], [77.48483, 13.00801], [77.48615, 13.00627], [77.48501, 13.00593], [77.48568, 13.00195], [77.48018, 13.00287], [77.47876, 12.99862], [77.47695, 13.00046], [77.47652, 12.99912], [77.47422, 12.99927], [77.4754, 13.00645], [77.47284, 13.00727], [77.4731, 13.00883], [77.47701, 13.01484], [77.47954, 13.02916], [77.47687, 13.03152], [77.48253, 13.04072], [77.48483, 13.03955], [77.48859, 13.04001], [77.48953, 13.03862], [77.48926, 13.03685], [77.48651, 13.03631], [77.4875, 13.03035], [77.48906, 13.03008], [77.48836, 13.02854], [77.48651, 13.02889], [77.48649, 13.02495], [77.48488, 13.02357], [77.48327, 13.01856], [77.4873, 13.02013]]]]}}, {"type": "Feature", "properties": {"ward_name": "Marenahalli South", "ward_id": "13", "zone": "Jayanagar", "assembly": "173 - Jayanagar", "parliamentary": "Bangalore South", "bus_stops": 7, "bus_cov_pct": 100.1, "metro": 0, "metro_cov_pct": 10.8, "parks": 3, "parks_cov_pct": 100.1, "playgrounds": 2, "schools": 8, "anganwadis": 2, "police": 1, "fire": 0, "public_toilets": 1, "toilet_cov_pct": 100.1, "lakes": 0, "ponds": 0, "flood_points": 1, "did_you_know_1": "Nearly all homes here are within a 15-minute walk of a bus stop.", "did_you_know_2": "This ward has 3 parks, and nearly all homes are within a 15-minute walk of one.", "did_you_know_3": "This ward has 8 schools and 2 anganwadi (child-care) centres.", "question_1": "Our lakes and ponds are neglected or polluted — how will you clean up and protect the water bodies in this ward?", "question_2": "How will you make sure emergency services like fire response can reach every corner of this ward quickly?", "question_3": "Getting across the city from this ward takes too long — how will you push for better public-transport and metro connectivity?", "question_4": "Young families need childcare and anganwadi centres close to home — how will you add and support more of them in this ward?", "question_5": "Children here have few safe places to play — will you commit to creating and maintaining playgrounds in this ward?"}, "geometry": {"type": "MultiPolygon", "coordinates": [[[[77.58954, 12.92064], [77.59077, 12.91696], [77.58942, 12.917], [77.59061, 12.91336], [77.59504, 12.91491], [77.59419, 12.9141], [77.5956, 12.91271], [77.5952, 12.91022], [77.5857, 12.91057], [77.5859, 12.92025], [77.58954, 12.92064]]]]}}, {"type": "Feature", "properties": {"ward_name": "Krishnaiahnapalya", "ward_id": "13", "zone": "C.V. Raman Nagar", "assembly": "161 - C.V. Raman Nagar", "parliamentary": "Bangalore Central", "bus_stops": 15, "bus_cov_pct": 94.8, "metro": 1, "metro_cov_pct": 50.0, "parks": 1, "parks_cov_pct": 66.8, "playgrounds": 0, "schools": 11, "anganwadis": 4, "police": 1, "fire": 0, "public_toilets": 0, "toilet_cov_pct": 25.8, "lakes": 0, "ponds": 0, "flood_points": 1, "did_you_know_1": "About 9 in 10 homes here are within a 15-minute walk of a bus stop.", "did_you_know_2": "This ward has 1 park, and about 7 in 10 homes are within a 15-minute walk of one.", "did_you_know_3": "This ward has 11 schools and 4 anganwadi (child-care) centres.", "question_1": "Clean, safe public toilets are hard to find in parts of this ward — what will you do to provide and maintain them?", "question_2": "Children here have few safe places to play — will you commit to creating and maintaining playgrounds in this ward?", "question_3": "Our lakes and ponds are neglected or polluted — how will you clean up and protect the water bodies in this ward?", "question_4": "How will you make sure emergency services like fire response can reach every corner of this ward quickly?", "question_5": "Families here struggle to find a park or open ground to relax in or for children to play — how will you create and maintain more green, open spaces in this ward?"}, "geometry": {"type": "MultiPolygon", "coordinates": [[[[77.64589, 12.98677], [77.64544, 12.98847], [77.64713, 12.98861], [77.64656, 12.99101], [77.65128, 12.99097], [77.65196, 12.9981], [77.65987, 12.99708], [77.66073, 12.99969], [77.66255, 12.99991], [77.66416, 12.99448], [77.64589, 12.98677]]]]}}, {"type": "Feature", "properties": {"ward_name": "Kodigehalli", "ward_id": "13", "zone": "Byatarayanapura", "assembly": "152 - Byatarayanapura", "parliamentary": "Bangalore North", "bus_stops": 16, "bus_cov_pct": 100.1, "metro": 0, "metro_cov_pct": null, "parks": 1, "parks_cov_pct": 90.6, "playgrounds": 1, "schools": 11, "anganwadis": 6, "police": 0, "fire": 0, "public_toilets": 3, "toilet_cov_pct": 92.7, "lakes": 0, "ponds": 0, "flood_points": 1, "did_you_know_1": "Nearly all homes here are within a 15-minute walk of a bus stop.", "did_you_know_2": "This ward has 1 park, and about 9 in 10 homes are within a 15-minute walk of one.", "did_you_know_3": "This ward has 11 schools and 6 anganwadi (child-care) centres.", "question_1": "Safety is a real worry in parts of this ward — how will you improve policing and make our streets safer, especially at night?", "question_2": "Our lakes and ponds are neglected or polluted — how will you clean up and protect the water bodies in this ward?", "question_3": "How will you make sure emergency services like fire response can reach every corner of this ward quickly?", "question_4": "Children here have few safe places to play — will you commit to creating and maintaining playgrounds in this ward?", "question_5": "Getting across the city from this ward takes too long — how will you push for better public-transport and metro connectivity?"}, "geometry": {"type": "MultiPolygon", "coordinates": [[[[77.57596, 13.04744], [77.56415, 13.04559], [77.57198, 13.0594], [77.57578, 13.06289], [77.57681, 13.05982], [77.58398, 13.05853], [77.58163, 13.05746], [77.57974, 13.05819], [77.57896, 13.05639], [77.57683, 13.05735], [77.57479, 13.05196], [77.57596, 13.04744]]]]}}, {"type": "Feature", "properties": {"ward_name": "Rajarajeshwari Temple ward", "ward_id": "13", "zone": "K.R. Pura", "assembly": "151 - K.R. Pura", "parliamentary": "Bangalore North", "bus_stops": 8, "bus_cov_pct": 85.3, "metro": 1, "metro_cov_pct": 26.4, "parks": 1, "parks_cov_pct": 54.9, "playgrounds": 2, "schools": 9, "anganwadis": 3, "police": 1, "fire": 0, "public_toilets": 4, "toilet_cov_pct": 82.1, "lakes": 0, "ponds": 0, "flood_points": 0, "did_you_know_1": "About 9 in 10 homes here are within a 15-minute walk of a bus stop.", "did_you_know_2": "This ward has 1 park, and about 5 in 10 homes are within a 15-minute walk of one.", "did_you_know_3": "This ward has 9 schools and 3 anganwadi (child-care) centres.", "question_1": "Our lakes and ponds are neglected or polluted — how will you clean up and protect the water bodies in this ward?", "question_2": "How will you make sure emergency services like fire response can reach every corner of this ward quickly?", "question_3": "Families here struggle to find a park or open ground to relax in or for children to play — how will you create and maintain more green, open spaces in this ward?", "question_4": "Children here have few safe places to play — will you commit to creating and maintaining playgrounds in this ward?", "question_5": "Clean, safe public toilets are hard to find in parts of this ward — what will you do to provide and maintain them?"}, "geometry": {"type": "MultiPolygon", "coordinates": [[[[77.69417, 12.99949], [77.69375, 12.99612], [77.6865, 13.00018], [77.68318, 13.00055], [77.68233, 13.00362], [77.69244, 13.00817], [77.69284, 13.00282], [77.69523, 13.00266], [77.69775, 13.00734], [77.70019, 13.00622], [77.69933, 12.99982], [77.69417, 12.99949]]]]}}, {"type": "Feature", "properties": {"ward_name": "Nada prabhu Kempegowda Nagara", "ward_id": "13", "zone": "Rajarajeshwarinagar", "assembly": "153 - Yeshwanthapura", "parliamentary": "Bangalore North", "bus_stops": 21, "bus_cov_pct": 99.2, "metro": 0, "metro_cov_pct": null, "parks": 3, "parks_cov_pct": 65.2, "playgrounds": 5, "schools": 23, "anganwadis": 1, "police": 0, "fire": 0, "public_toilets": 3, "toilet_cov_pct": 37.4, "lakes": 0, "ponds": 0, "flood_points": 1, "did_you_know_1": "Nearly all homes here are within a 15-minute walk of a bus stop.", "did_you_know_2": "This ward has 3 parks, and about 7 in 10 homes are within a 15-minute walk of one.", "did_you_know_3": "This ward has 23 schools and 1 anganwadi (child-care) centre.", "question_1": "Clean, safe public toilets are hard to find in parts of this ward — what will you do to provide and maintain them?", "question_2": "Safety is a real worry in parts of this ward — how will you improve policing and make our streets safer, especially at night?", "question_3": "Our lakes and ponds are neglected or polluted — how will you clean up and protect the water bodies in this ward?", "question_4": "How will you make sure emergency services like fire response can reach every corner of this ward quickly?", "question_5": "Young families need childcare and anganwadi centres close to home — how will you add and support more of them in this ward?"}, "geometry": {"type": "MultiPolygon", "coordinates": [[[[77.47695, 13.00046], [77.47876, 12.99862], [77.48018, 13.00287], [77.48568, 13.00195], [77.48501, 13.00593], [77.48615, 13.00627], [77.48483, 13.00801], [77.48966, 13.00819], [77.49249, 13.01086], [77.49839, 13.00903], [77.49757, 13.00386], [77.49574, 13.00433], [77.49306, 13.0007], [77.49512, 13.00039], [77.49325, 12.99817], [77.49486, 12.99776], [77.49303, 12.99609], [77.49461, 12.99348], [77.48799, 12.99442], [77.48763, 12.99157], [77.48522, 12.99209], [77.48512, 12.98528], [77.47865, 12.98587], [77.47006, 12.98988], [77.47357, 12.99887], [77.47652, 12.99912], [77.47695, 13.00046]]]]}}, {"type": "Feature", "properties": {"ward_name": "K.R Pura", "ward_id": "14", "zone": "K.R. Pura", "assembly": "151 - K.R. Pura", "parliamentary": "Bangalore North", "bus_stops": 6, "bus_cov_pct": 96.6, "metro": 0, "metro_cov_pct": null, "parks": 1, "parks_cov_pct": 79.2, "playgrounds": 0, "schools": 6, "anganwadis": 1, "police": 1, "fire": 0, "public_toilets": 3, "toilet_cov_pct": 61.4, "lakes": 3, "ponds": 0, "flood_points": 1, "did_you_know_1": "Nearly all homes here are within a 15-minute walk of a bus stop.", "did_you_know_2": "This ward has 1 park, and about 8 in 10 homes are within a 15-minute walk of one.", "did_you_know_3": "This ward has 6 schools and 1 anganwadi (child-care) centre.", "question_1": "Children here have few safe places to play — will you commit to creating and maintaining playgrounds in this ward?", "question_2": "How will you make sure emergency services like fire response can reach every corner of this ward quickly?", "question_3": "Young families need childcare and anganwadi centres close to home — how will you add and support more of them in this ward?", "question_4": "Getting across the city from this ward takes too long — how will you push for better public-transport and metro connectivity?", "question_5": "Clean, safe public toilets are hard to find in parts of this ward — what will you do to provide and maintain them?"}, "geometry": {"type": "MultiPolygon", "coordinates": [[[[77.70028, 13.0145], [77.69926, 13.01246], [77.70116, 13.0104], [77.69861, 13.00927], [77.69523, 13.00266], [77.69284, 13.00282], [77.69248, 13.00817], [77.69377, 13.01229], [77.69672, 13.01228], [77.69751, 13.01608], [77.69538, 13.01617], [77.6966, 13.01829], [77.70436, 13.01702], [77.70028, 13.0145]]]]}}, {"type": "Feature", "properties": {"ward_name": "J.P Nagar", "ward_id": "14", "zone": "Jayanagar", "assembly": "173 - Jayanagar", "parliamentary": "Bangalore South", "bus_stops": 19, "bus_cov_pct": 100.1, "metro": 0, "metro_cov_pct": null, "parks": 11, "parks_cov_pct": 100.1, "playgrounds": 4, "schools": 13, "anganwadis": 1, "police": 0, "fire": 0, "public_toilets": 7, "toilet_cov_pct": 100.1, "lakes": 1, "ponds": 0, "flood_points": 2, "did_you_know_1": "Nearly all homes here are within a 15-minute walk of a bus stop.", "did_you_know_2": "This ward has 11 parks, and nearly all homes are within a 15-minute walk of one.", "did_you_know_3": "This ward has 13 schools and 1 anganwadi (child-care) centre.", "question_1": "Safety is a real worry in parts of this ward — how will you improve policing and make our streets safer, especially at night?", "question_2": "How will you make sure emergency services like fire response can reach every corner of this ward quickly?", "question_3": "Young families need childcare and anganwadi centres close to home — how will you add and support more of them in this ward?", "question_4": "Our lakes and ponds are neglected or polluted — how will you clean up and protect the water bodies in this ward?", "question_5": "Getting across the city from this ward takes too long — how will you push for better public-transport and metro connectivity?"}, "geometry": {"type": "MultiPolygon", "coordinates": [[[[77.60413, 12.91994], [77.60514, 12.91959], [77.60532, 12.92076], [77.60807, 12.91977], [77.60723, 12.91655], [77.59999, 12.91673], [77.60146, 12.90351], [77.59899, 12.90357], [77.59947, 12.9011], [77.59399, 12.90266], [77.59515, 12.909], [77.59329, 12.90903], [77.59332, 12.91014], [77.5952, 12.91022], [77.5956, 12.91271], [77.59693, 12.91276], [77.59687, 12.91682], [77.59506, 12.91685], [77.59514, 12.91897], [77.6001, 12.91886], [77.60019, 12.92005], [77.60157, 12.92018], [77.60306, 12.91747], [77.60413, 12.91994]]]]}}, {"type": "Feature", "properties": {"ward_name": "Rajiv Gandhi Nagar", "ward_id": "14", "zone": "Byatarayanapura", "assembly": "152 - Byatarayanapura", "parliamentary": "Bangalore North", "bus_stops": 16, "bus_cov_pct": 87.2, "metro": 0, "metro_cov_pct": null, "parks": 5, "parks_cov_pct": 76.6, "playgrounds": 0, "schools": 11, "anganwadis": 4, "police": 0, "fire": 0, "public_toilets": 2, "toilet_cov_pct": 77.6, "lakes": 1, "ponds": 1, "flood_points": 1, "did_you_know_1": "About 9 in 10 homes here are within a 15-minute walk of a bus stop.", "did_you_know_2": "This ward has 5 parks, and about 8 in 10 homes are within a 15-minute walk of one.", "did_you_know_3": "This ward has 11 schools and 4 anganwadi (child-care) centres.", "question_1": "Children here have few safe places to play — will you commit to creating and maintaining playgrounds in this ward?", "question_2": "Safety is a real worry in parts of this ward — how will you improve policing and make our streets safer, especially at night?", "question_3": "How will you make sure emergency services like fire response can reach every corner of this ward quickly?", "question_4": "Getting across the city from this ward takes too long — how will you push for better public-transport and metro connectivity?", "question_5": "Families here struggle to find a park or open ground to relax in or for children to play — how will you create and maintain more green, open spaces in this ward?"}, "geometry": {"type": "MultiPolygon", "coordinates": [[[[77.58085, 13.04632], [77.57596, 13.04744], [77.5749, 13.05259], [77.57683, 13.05735], [77.57896, 13.05639], [77.57974, 13.05819], [77.5851, 13.05837], [77.58567, 13.06341], [77.58994, 13.05956], [77.59345, 13.0586], [77.59279, 13.0496], [77.59057, 13.04311], [77.58896, 13.04265], [77.58522, 13.04327], [77.58085, 13.04632]]]]}}, {"type": "Feature", "properties": {"ward_name": "Nagavarapalya", "ward_id": "14", "zone": "C.V. Raman Nagar", "assembly": "161 - C.V. Raman Nagar", "parliamentary": "Bangalore Central", "bus_stops": 18, "bus_cov_pct": 83.8, "metro": 0, "metro_cov_pct": null, "parks": 1, "parks_cov_pct": 72.2, "playgrounds": 0, "schools": 9, "anganwadis": 3, "police": 0, "fire": 0, "public_toilets": 0, "toilet_cov_pct": 16.0, "lakes": 0, "ponds": 0, "flood_points": 0, "did_you_know_1": "About 8 in 10 homes here are within a 15-minute walk of a bus stop.", "did_you_know_2": "This ward has 1 park, and about 7 in 10 homes are within a 15-minute walk of one.", "did_you_know_3": "This ward has 9 schools and 3 anganwadi (child-care) centres.", "question_1": "Clean, safe public toilets are hard to find in parts of this ward — what will you do to provide and maintain them?", "question_2": "Children here have few safe places to play — will you commit to creating and maintaining playgrounds in this ward?", "question_3": "Safety is a real worry in parts of this ward — how will you improve policing and make our streets safer, especially at night?", "question_4": "Our lakes and ponds are neglected or polluted — how will you clean up and protect the water bodies in this ward?", "question_5": "How will you make sure emergency services like fire response can reach every corner of this ward quickly?"}, "geometry": {"type": "MultiPolygon", "coordinates": [[[[77.66473, 12.98543], [77.66333, 12.98349], [77.66016, 12.98406], [77.65834, 12.98137], [77.65272, 12.97905], [77.64793, 12.98685], [77.66416, 12.99448], [77.66836, 12.99019], [77.66741, 12.98867], [77.66797, 12.98549], [77.66473, 12.98543]]]]}}, {"type": "Feature", "properties": {"ward_name": "Herohalli", "ward_id": "14", "zone": "Rajarajeshwarinagar", "assembly": "153 - Yeshwanthapura", "parliamentary": "Bangalore North", "bus_stops": 17, "bus_cov_pct": 100.1, "metro": 0, "metro_cov_pct": null, "parks": 1, "parks_cov_pct": 79.6, "playgrounds": 0, "schools": 16, "anganwadis": 3, "police": 0, "fire": 0, "public_toilets": 1, "toilet_cov_pct": 44.7, "lakes": 2, "ponds": 0, "flood_points": 1, "did_you_know_1": "Nearly all homes here are within a 15-minute walk of a bus stop.", "did_you_know_2": "This ward has 1 park, and about 8 in 10 homes are within a 15-minute walk of one.", "did_you_know_3": "This ward has 16 schools and 3 anganwadi (child-care) centres.", "question_1": "Children here have few safe places to play — will you commit to creating and maintaining playgrounds in this ward?", "question_2": "Safety is a real worry in parts of this ward — how will you improve policing and make our streets safer, especially at night?", "question_3": "Clean, safe public toilets are hard to find in parts of this ward — what will you do to provide and maintain them?", "question_4": "How will you make sure emergency services like fire response can reach every corner of this ward quickly?", "question_5": "Getting across the city from this ward takes too long — how will you push for better public-transport and metro connectivity?"}, "geometry": {"type": "MultiPolygon", "coordinates": [[[[77.48514, 12.98528], [77.48522, 12.99209], [77.48763, 12.99157], [77.48799, 12.99442], [77.49461, 12.99348], [77.49303, 12.99609], [77.49486, 12.99776], [77.49325, 12.99817], [77.49512, 13.00039], [77.50148, 12.99689], [77.49699, 12.98858], [77.48514, 12.98528]]]]}}, {"type": "Feature", "properties": {"ward_name": "Ramamurthy Nagara", "ward_id": "15", "zone": "K.R. Pura", "assembly": "151 - K.R. Pura", "parliamentary": "Bangalore North", "bus_stops": 8, "bus_cov_pct": 100.1, "metro": 0, "metro_cov_pct": null, "parks": 0, "parks_cov_pct": 54.8, "playgrounds": 1, "schools": 8, "anganwadis": 3, "police": 0, "fire": 0, "public_toilets": 1, "toilet_cov_pct": 97.7, "lakes": 1, "ponds": 0, "flood_points": 3, "did_you_know_1": "Nearly all homes here are within a 15-minute walk of a bus stop.", "did_you_know_2": "This ward has 8 schools and 3 anganwadi (child-care) centres.", "did_you_know_3": "This ward has 1 public toilet, and nearly all homes are within a 15-minute walk of one.", "question_1": "Safety is a real worry in parts of this ward — how will you improve policing and make our streets safer, especially at night?", "question_2": "How will you make sure emergency services like fire response can reach every corner of this ward quickly?", "question_3": "Children here have few safe places to play — will you commit to creating and maintaining playgrounds in this ward?", "question_4": "Families here struggle to find a park or open ground to relax in or for children to play — how will you create and maintain more green, open spaces in this ward?", "question_5": "Our lakes and ponds are neglected or polluted — how will you clean up and protect the water bodies in this ward?"}, "geometry": {"type": "MultiPolygon", "coordinates": [[[[77.67055, 13.01757], [77.67197, 13.01829], [77.67335, 13.01777], [77.67308, 13.01653], [77.6856, 13.01589], [77.68529, 13.01334], [77.68694, 13.01147], [77.67357, 13.01152], [77.67416, 13.01554], [77.67085, 13.01557], [77.67055, 13.01757]]]]}}, {"type": "Feature", "properties": {"ward_name": "Shakambarinagara", "ward_id": "15", "zone": "Jayanagar", "assembly": "173 - Jayanagar", "parliamentary": "Bangalore South", "bus_stops": 15, "bus_cov_pct": 100.1, "metro": 1, "metro_cov_pct": 39.9, "parks": 7, "parks_cov_pct": 95.7, "playgrounds": 8, "schools": 7, "anganwadis": 3, "police": 0, "fire": 0, "public_toilets": 3, "toilet_cov_pct": 100.1, "lakes": 0, "ponds": 0, "flood_points": 1, "did_you_know_1": "Nearly all homes here are within a 15-minute walk of a bus stop.", "did_you_know_2": "This ward has 7 parks, and nearly all homes are within a 15-minute walk of one.", "did_you_know_3": "This ward has 7 schools and 3 anganwadi (child-care) centres.", "question_1": "Safety is a real worry in parts of this ward — how will you improve policing and make our streets safer, especially at night?", "question_2": "Our lakes and ponds are neglected or polluted — how will you clean up and protect the water bodies in this ward?", "question_3": "How will you make sure emergency services like fire response can reach every corner of this ward quickly?", "question_4": "Every monsoon, the same spots in this ward flood — what concrete steps will you take to fix the drains and stop the flooding?", "question_5": "Do children in this ward have good government schools within easy reach — and what will you do to improve the ones we have?"}, "geometry": {"type": "MultiPolygon", "coordinates": [[[[77.57351, 12.91253], [77.57352, 12.91767], [77.58584, 12.9171], [77.5857, 12.91057], [77.59332, 12.91023], [77.59329, 12.90903], [77.59515, 12.909], [77.59495, 12.9039], [77.59385, 12.90393], [77.59356, 12.90557], [77.59023, 12.90571], [77.59005, 12.9048], [77.58645, 12.90558], [77.58644, 12.90464], [77.58173, 12.90557], [77.58175, 12.90374], [77.5803, 12.90413], [77.58039, 12.90643], [77.58305, 12.90636], [77.58203, 12.90845], [77.58061, 12.90856], [77.58179, 12.91062], [77.5791, 12.91086], [77.5791, 12.91216], [77.57351, 12.91253]]]]}}, {"type": "Feature", "properties": {"ward_name": "Byatarayanapura", "ward_id": "15", "zone": "Byatarayanapura", "assembly": "152 - Byatarayanapura", "parliamentary": "Bangalore North", "bus_stops": 38, "bus_cov_pct": 89.4, "metro": 0, "metro_cov_pct": null, "parks": 6, "parks_cov_pct": 70.4, "playgrounds": 13, "schools": 12, "anganwadis": 4, "police": 2, "fire": 0, "public_toilets": 5, "toilet_cov_pct": 53.2, "lakes": 0, "ponds": 0, "flood_points": 0, "did_you_know_1": "About 9 in 10 homes here are within a 15-minute walk of a bus stop.", "did_you_know_2": "This ward has 6 parks, and about 7 in 10 homes are within a 15-minute walk of one.", "did_you_know_3": "This ward has 12 schools and 4 anganwadi (child-care) centres.", "question_1": "Our lakes and ponds are neglected or polluted — how will you clean up and protect the water bodies in this ward?", "question_2": "How will you make sure emergency services like fire response can reach every corner of this ward quickly?", "question_3": "Clean, safe public toilets are hard to find in parts of this ward — what will you do to provide and maintain them?", "question_4": "Getting across the city from this ward takes too long — how will you push for better public-transport and metro connectivity?", "question_5": "Families here struggle to find a park or open ground to relax in or for children to play — how will you create and maintain more green, open spaces in this ward?"}, "geometry": {"type": "MultiPolygon", "coordinates": [[[[77.59461, 13.06634], [77.59468, 13.06449], [77.59639, 13.06407], [77.5962, 13.06122], [77.60004, 13.06013], [77.59846, 13.05729], [77.60073, 13.05673], [77.60211, 13.06022], [77.60363, 13.0609], [77.60339, 13.05838], [77.60438, 13.05818], [77.60258, 13.05388], [77.59799, 13.05352], [77.59694, 13.04918], [77.59279, 13.0496], [77.59345, 13.0586], [77.58994, 13.05956], [77.58567, 13.06341], [77.5851, 13.05837], [77.57681, 13.05982], [77.57578, 13.06289], [77.58795, 13.07153], [77.59397, 13.08738], [77.60253, 13.08613], [77.60132, 13.07293], [77.59865, 13.0728], [77.59744, 13.06871], [77.5985, 13.06802], [77.59824, 13.06606], [77.59461, 13.06634]]]]}}, {"type": "Feature", "properties": {"ward_name": "Byadarahalli", "ward_id": "15", "zone": "Rajarajeshwarinagar", "assembly": "153 - Yeshwanthapura", "parliamentary": "Bangalore North", "bus_stops": 30, "bus_cov_pct": 96.7, "metro": 0, "metro_cov_pct": null, "parks": 9, "parks_cov_pct": 90.1, "playgrounds": 3, "schools": 23, "anganwadis": 5, "police": 1, "fire": 0, "public_toilets": 3, "toilet_cov_pct": 61.0, "lakes": 1, "ponds": 1, "flood_points": 0, "did_you_know_1": "Nearly all homes here are within a 15-minute walk of a bus stop.", "did_you_know_2": "This ward has 9 parks, and about 9 in 10 homes are within a 15-minute walk of one.", "did_you_know_3": "This ward has 23 schools and 5 anganwadi (child-care) centres.", "question_1": "How will you make sure emergency services like fire response can reach every corner of this ward quickly?", "question_2": "Getting across the city from this ward takes too long — how will you push for better public-transport and metro connectivity?", "question_3": "Clean, safe public toilets are hard to find in parts of this ward — what will you do to provide and maintain them?", "question_4": "Our lakes and ponds are neglected or polluted — how will you clean up and protect the water bodies in this ward?", "question_5": "Safety is a real worry in parts of this ward — how will you improve policing and make our streets safer, especially at night?"}, "geometry": {"type": "MultiPolygon", "coordinates": [[[[77.48509, 12.96673], [77.48462, 12.97082], [77.48274, 12.9715], [77.48125, 12.97036], [77.47509, 12.9715], [77.47345, 12.98332], [77.46845, 12.9867], [77.47006, 12.98988], [77.48312, 12.98499], [77.49755, 12.98871], [77.4932, 12.97925], [77.49399, 12.97624], [77.49532, 12.97602], [77.49465, 12.9715], [77.49546, 12.97034], [77.49839, 12.97014], [77.49231, 12.96997], [77.4881, 12.97137], [77.48774, 12.96611], [77.48509, 12.96673]]]]}}, {"type": "Feature", "properties": {"ward_name": "Indiranagar", "ward_id": "15", "zone": "C.V. Raman Nagar", "assembly": "161 - C.V. Raman Nagar", "parliamentary": "Bangalore Central", "bus_stops": 26, "bus_cov_pct": 93.3, "metro": 0, "metro_cov_pct": 43.1, "parks": 3, "parks_cov_pct": 65.3, "playgrounds": 2, "schools": 17, "anganwadis": 1, "police": 1, "fire": 0, "public_toilets": 1, "toilet_cov_pct": 27.3, "lakes": 0, "ponds": 0, "flood_points": 1, "did_you_know_1": "About 9 in 10 homes here are within a 15-minute walk of a bus stop.", "did_you_know_2": "This ward has 3 parks, and about 7 in 10 homes are within a 15-minute walk of one.", "did_you_know_3": "This ward has 17 schools and 1 anganwadi (child-care) centre.", "question_1": "Clean, safe public toilets are hard to find in parts of this ward — what will you do to provide and maintain them?", "question_2": "Our lakes and ponds are neglected or polluted — how will you clean up and protect the water bodies in this ward?", "question_3": "How will you make sure emergency services like fire response can reach every corner of this ward quickly?", "question_4": "Young families need childcare and anganwadi centres close to home — how will you add and support more of them in this ward?", "question_5": "Getting across the city from this ward takes too long — how will you push for better public-transport and metro connectivity?"}, "geometry": {"type": "MultiPolygon", "coordinates": [[[[77.63779, 12.98203], [77.63481, 12.98247], [77.63462, 12.98421], [77.63676, 12.98747], [77.63407, 12.98697], [77.63281, 12.98912], [77.63102, 12.98874], [77.63178, 12.99381], [77.64355, 12.99154], [77.64244, 12.98476], [77.64805, 12.98677], [77.65085, 12.98112], [77.65441, 12.97729], [77.65131, 12.97523], [77.65009, 12.97662], [77.64956, 12.97439], [77.64685, 12.97502], [77.64697, 12.97312], [77.6507, 12.9725], [77.65043, 12.96842], [77.64776, 12.96887], [77.64744, 12.97045], [77.64123, 12.97019], [77.64078, 12.98001], [77.6379, 12.97997], [77.63779, 12.98203]]]]}}, {"type": "Feature", "properties": {"ward_name": "Kotthur", "ward_id": "16", "zone": "K.R. Pura", "assembly": "151 - K.R. Pura", "parliamentary": "Bangalore North", "bus_stops": 11, "bus_cov_pct": 100.1, "metro": 0, "metro_cov_pct": 9.3, "parks": 1, "parks_cov_pct": 71.1, "playgrounds": 1, "schools": 12, "anganwadis": 5, "police": 0, "fire": 0, "public_toilets": 1, "toilet_cov_pct": 100.1, "lakes": 1, "ponds": 0, "flood_points": 2, "did_you_know_1": "Nearly all homes here are within a 15-minute walk of a bus stop.", "did_you_know_2": "This ward has 1 park, and about 7 in 10 homes are within a 15-minute walk of one.", "did_you_know_3": "This ward has 12 schools and 5 anganwadi (child-care) centres.", "question_1": "Safety is a real worry in parts of this ward — how will you improve policing and make our streets safer, especially at night?", "question_2": "How will you make sure emergency services like fire response can reach every corner of this ward quickly?", "question_3": "Children here have few safe places to play — will you commit to creating and maintaining playgrounds in this ward?", "question_4": "Our lakes and ponds are neglected or polluted — how will you clean up and protect the water bodies in this ward?", "question_5": "Getting across the city from this ward takes too long — how will you push for better public-transport and metro connectivity?"}, "geometry": {"type": "MultiPolygon", "coordinates": [[[[77.67443, 13.00731], [77.67071, 13.00694], [77.67088, 13.00868], [77.66782, 13.01111], [77.68012, 13.01129], [77.68502, 13.00511], [77.68233, 13.00362], [77.68319, 13.00055], [77.67711, 13.00074], [77.6771, 13.00508], [77.67515, 13.00547], [77.67443, 13.00731]]]]}}, {"type": "Feature", "properties": {"ward_name": "Amruthahalli", "ward_id": "16", "zone": "Byatarayanapura", "assembly": "152 - Byatarayanapura", "parliamentary": "Bangalore North", "bus_stops": 16, "bus_cov_pct": 99.4, "metro": 0, "metro_cov_pct": null, "parks": 0, "parks_cov_pct": 92.7, "playgrounds": 0, "schools": 10, "anganwadis": 8, "police": 0, "fire": 0, "public_toilets": 0, "toilet_cov_pct": 62.3, "lakes": 1, "ponds": 0, "flood_points": 0, "did_you_know_1": "Nearly all homes here are within a 15-minute walk of a bus stop.", "did_you_know_2": "This ward has 10 schools and 8 anganwadi (child-care) centres.", "did_you_know_3": "This ward has 1 lake.", "question_1": "Children here have few safe places to play — will you commit to creating and maintaining playgrounds in this ward?", "question_2": "Safety is a real worry in parts of this ward — how will you improve policing and make our streets safer, especially at night?", "question_3": "How will you make sure emergency services like fire response can reach every corner of this ward quickly?", "question_4": "Our lakes and ponds are neglected or polluted — how will you clean up and protect the water bodies in this ward?", "question_5": "Getting across the city from this ward takes too long — how will you push for better public-transport and metro connectivity?"}, "geometry": {"type": "MultiPolygon", "coordinates": [[[[77.59422, 13.06551], [77.59482, 13.06692], [77.59824, 13.06606], [77.5985, 13.06802], [77.59744, 13.06871], [77.59865, 13.0728], [77.60186, 13.07285], [77.6015, 13.07121], [77.60384, 13.07141], [77.60389, 13.0645], [77.60667, 13.06462], [77.60674, 13.06762], [77.60977, 13.0666], [77.60928, 13.06342], [77.60211, 13.06022], [77.60073, 13.05673], [77.59846, 13.05729], [77.60004, 13.06013], [77.5962, 13.06122], [77.59639, 13.06407], [77.59422, 13.06551]]]]}}, {"type": "Feature", "properties": {"ward_name": "Sarakki", "ward_id": "16", "zone": "Jayanagar", "assembly": "173 - Jayanagar", "parliamentary": "Bangalore South", "bus_stops": 8, "bus_cov_pct": 100.1, "metro": 1, "metro_cov_pct": 99.4, "parks": 2, "parks_cov_pct": 99.6, "playgrounds": 1, "schools": 15, "anganwadis": 2, "police": 0, "fire": 0, "public_toilets": 4, "toilet_cov_pct": 100.1, "lakes": 0, "ponds": 0, "flood_points": 0, "did_you_know_1": "Nearly all homes here are within a 15-minute walk of a bus stop.", "did_you_know_2": "This ward has 2 parks, and nearly all homes are within a 15-minute walk of one.", "did_you_know_3": "This ward has 15 schools and 2 anganwadi (child-care) centres.", "question_1": "Safety is a real worry in parts of this ward — how will you improve policing and make our streets safer, especially at night?", "question_2": "Our lakes and ponds are neglected or polluted — how will you clean up and protect the water bodies in this ward?", "question_3": "How will you make sure emergency services like fire response can reach every corner of this ward quickly?", "question_4": "Children here have few safe places to play — will you commit to creating and maintaining playgrounds in this ward?", "question_5": "Young families need childcare and anganwadi centres close to home — how will you add and support more of them in this ward?"}, "geometry": {"type": "MultiPolygon", "coordinates": [[[[77.57327, 12.91344], [77.58179, 12.91062], [77.58061, 12.90856], [77.58203, 12.90845], [77.58305, 12.90636], [77.58039, 12.90643], [77.58033, 12.90436], [77.5787, 12.90537], [77.57691, 12.90532], [77.57724, 12.90387], [77.57612, 12.9044], [77.57549, 12.90646], [77.57326, 12.90648], [77.57327, 12.91344]]]]}}, {"type": "Feature", "properties": {"ward_name": "New Thippasandra", "ward_id": "16", "zone": "C.V. Raman Nagar", "assembly": "161 - C.V. Raman Nagar", "parliamentary": "Bangalore Central", "bus_stops": 15, "bus_cov_pct": 97.8, "metro": 0, "metro_cov_pct": 0.1, "parks": 2, "parks_cov_pct": 82.5, "playgrounds": 1, "schools": 7, "anganwadis": 1, "police": 0, "fire": 0, "public_toilets": 0, "toilet_cov_pct": 31.9, "lakes": 2, "ponds": 0, "flood_points": 1, "did_you_know_1": "Nearly all homes here are within a 15-minute walk of a bus stop.", "did_you_know_2": "This ward has 2 parks, and about 8 in 10 homes are within a 15-minute walk of one.", "did_you_know_3": "This ward has 7 schools and 1 anganwadi (child-care) centre.", "question_1": "Clean, safe public toilets are hard to find in parts of this ward — what will you do to provide and maintain them?", "question_2": "Safety is a real worry in parts of this ward — how will you improve policing and make our streets safer, especially at night?", "question_3": "How will you make sure emergency services like fire response can reach every corner of this ward quickly?", "question_4": "Young families need childcare and anganwadi centres close to home — how will you add and support more of them in this ward?", "question_5": "Children here have few safe places to play — will you commit to creating and maintaining playgrounds in this ward?"}, "geometry": {"type": "MultiPolygon", "coordinates": [[[[77.66563, 12.98151], [77.66914, 12.98138], [77.67007, 12.98003], [77.66644, 12.97799], [77.66603, 12.97517], [77.66359, 12.97469], [77.66152, 12.97162], [77.65775, 12.97078], [77.6574, 12.96897], [77.6562, 12.97038], [77.65218, 12.97054], [77.65159, 12.96814], [77.65043, 12.96842], [77.6507, 12.9725], [77.64697, 12.97312], [77.64685, 12.97502], [77.64956, 12.97439], [77.65009, 12.97662], [77.65131, 12.97523], [77.65441, 12.97729], [77.65272, 12.97905], [77.65834, 12.98137], [77.66016, 12.98406], [77.66398, 12.98373], [77.66563, 12.98151]]]]}}, {"type": "Feature", "properties": {"ward_name": "Ullal", "ward_id": "16", "zone": "Rajarajeshwarinagar", "assembly": "153 - Yeshwanthapura", "parliamentary": "Bangalore North", "bus_stops": 33, "bus_cov_pct": 98.8, "metro": 0, "metro_cov_pct": null, "parks": 3, "parks_cov_pct": 77.6, "playgrounds": 4, "schools": 24, "anganwadis": 15, "police": 0, "fire": 0, "public_toilets": 0, "toilet_cov_pct": 14.5, "lakes": 2, "ponds": 0, "flood_points": 3, "did_you_know_1": "Nearly all homes here are within a 15-minute walk of a bus stop.", "did_you_know_2": "This ward has 3 parks, and about 8 in 10 homes are within a 15-minute walk of one.", "did_you_know_3": "This ward has 24 schools and 15 anganwadi (child-care) centres.", "question_1": "Clean, safe public toilets are hard to find in parts of this ward — what will you do to provide and maintain them?", "question_2": "Safety is a real worry in parts of this ward — how will you improve policing and make our streets safer, especially at night?", "question_3": "How will you make sure emergency services like fire response can reach every corner of this ward quickly?", "question_4": "Getting across the city from this ward takes too long — how will you push for better public-transport and metro connectivity?", "question_5": "Every monsoon, the same spots in this ward flood — what concrete steps will you take to fix the drains and stop the flooding?"}, "geometry": {"type": "MultiPolygon", "coordinates": [[[[77.48462, 12.97082], [77.48509, 12.96673], [77.48774, 12.96611], [77.4881, 12.97137], [77.49851, 12.96957], [77.49678, 12.96771], [77.49693, 12.96465], [77.49518, 12.9622], [77.49256, 12.96278], [77.49219, 12.96075], [77.48653, 12.96148], [77.48441, 12.95691], [77.48562, 12.95496], [77.48494, 12.95142], [77.4889, 12.94948], [77.48484, 12.9421], [77.48323, 12.94201], [77.48461, 12.9401], [77.47961, 12.94037], [77.47836, 12.93756], [77.47325, 12.94033], [77.47628, 12.94882], [77.47106, 12.94959], [77.47251, 12.9516], [77.47155, 12.95224], [77.472, 12.95504], [77.47504, 12.96045], [77.47319, 12.9634], [77.4735, 12.96731], [77.47508, 12.97159], [77.48462, 12.97082]]]]}}, {"type": "Feature", "properties": {"ward_name": "Kaggadasapura", "ward_id": "17", "zone": "C.V. Raman Nagar", "assembly": "161 - C.V. Raman Nagar", "parliamentary": "Bangalore Central", "bus_stops": 6, "bus_cov_pct": 98.5, "metro": 0, "metro_cov_pct": null, "parks": 0, "parks_cov_pct": 24.6, "playgrounds": 0, "schools": 4, "anganwadis": 1, "police": 0, "fire": 0, "public_toilets": 0, "toilet_cov_pct": null, "lakes": 1, "ponds": 0, "flood_points": 0, "did_you_know_1": "Nearly all homes here are within a 15-minute walk of a bus stop.", "did_you_know_2": "This ward has 4 schools and 1 anganwadi (child-care) centre.", "did_you_know_3": "This ward has 1 lake.", "question_1": "Clean, safe public toilets are hard to find in parts of this ward — what will you do to provide and maintain them?", "question_2": "Families here struggle to find a park or open ground to relax in or for children to play — how will you create and maintain more green, open spaces in this ward?", "question_3": "Children here have few safe places to play — will you commit to creating and maintaining playgrounds in this ward?", "question_4": "Safety is a real worry in parts of this ward — how will you improve policing and make our streets safer, especially at night?", "question_5": "How will you make sure emergency services like fire response can reach every corner of this ward quickly?"}, "geometry": {"type": "MultiPolygon", "coordinates": [[[[77.6685, 12.98142], [77.66428, 12.9827], [77.66393, 12.98554], [77.67492, 12.98637], [77.68044, 12.98276], [77.67934, 12.97798], [77.67269, 12.97873], [77.67112, 12.97609], [77.66995, 12.97687], [77.67103, 12.97913], [77.6685, 12.98142]]]]}}, {"type": "Feature", "properties": {"ward_name": "Vijinapura", "ward_id": "17", "zone": "K.R. Pura", "assembly": "151 - K.R. Pura", "parliamentary": "Bangalore North", "bus_stops": 1, "bus_cov_pct": 100.1, "metro": 0, "metro_cov_pct": 11.4, "parks": 0, "parks_cov_pct": 22.6, "playgrounds": 1, "schools": 8, "anganwadis": 6, "police": 0, "fire": 0, "public_toilets": 0, "toilet_cov_pct": 100.1, "lakes": 0, "ponds": 0, "flood_points": 1, "did_you_know_1": "Nearly all homes here are within a 15-minute walk of a bus stop.", "did_you_know_2": "This ward has 8 schools and 6 anganwadi (child-care) centres.", "did_you_know_3": "There are 1 playground in this ward.", "question_1": "Families here struggle to find a park or open ground to relax in or for children to play — how will you create and maintain more green, open spaces in this ward?", "question_2": "Safety is a real worry in parts of this ward — how will you improve policing and make our streets safer, especially at night?", "question_3": "Our lakes and ponds are neglected or polluted — how will you clean up and protect the water bodies in this ward?", "question_4": "How will you make sure emergency services like fire response can reach every corner of this ward quickly?", "question_5": "Children here have few safe places to play — will you commit to creating and maintaining playgrounds in this ward?"}, "geometry": {"type": "MultiPolygon", "coordinates": [[[[77.67152, 13.00688], [77.67443, 13.00731], [77.67515, 13.00547], [77.6771, 13.00508], [77.67711, 13.00074], [77.67563, 13.00075], [77.67546, 13.00236], [77.67009, 13.00375], [77.67152, 13.00688]]]]}}, {"type": "Feature", "properties": {"ward_name": "N.S Palya", "ward_id": "17", "zone": "Bommanahalli", "assembly": "172 - B.T.M Layout", "parliamentary": "Bangalore South", "bus_stops": 4, "bus_cov_pct": 100.1, "metro": 0, "metro_cov_pct": null, "parks": 3, "parks_cov_pct": 100.1, "playgrounds": 1, "schools": 17, "anganwadis": 4, "police": 1, "fire": 0, "public_toilets": 1, "toilet_cov_pct": 100.1, "lakes": 0, "ponds": 0, "flood_points": 0, "did_you_know_1": "Nearly all homes here are within a 15-minute walk of a bus stop.", "did_you_know_2": "This ward has 3 parks, and nearly all homes are within a 15-minute walk of one.", "did_you_know_3": "This ward has 17 schools and 4 anganwadi (child-care) centres.", "question_1": "Our lakes and ponds are neglected or polluted — how will you clean up and protect the water bodies in this ward?", "question_2": "How will you make sure emergency services like fire response can reach every corner of this ward quickly?", "question_3": "Children here have few safe places to play — will you commit to creating and maintaining playgrounds in this ward?", "question_4": "Getting across the city from this ward takes too long — how will you push for better public-transport and metro connectivity?", "question_5": "Safety is a real worry in parts of this ward — how will you improve policing and make our streets safer, especially at night?"}, "geometry": {"type": "MultiPolygon", "coordinates": [[[[77.61318, 12.90995], [77.61504, 12.90891], [77.61264, 12.90461], [77.60931, 12.90503], [77.60385, 12.90581], [77.60402, 12.9087], [77.60023, 12.90853], [77.59993, 12.91173], [77.60491, 12.91083], [77.60639, 12.91168], [77.60649, 12.91038], [77.60892, 12.90931], [77.61318, 12.90995]]]]}}, {"type": "Feature", "properties": {"ward_name": "Jakkur", "ward_id": "17", "zone": "Byatarayanapura", "assembly": "152 - Byatarayanapura", "parliamentary": "Bangalore North", "bus_stops": 39, "bus_cov_pct": 93.6, "metro": 0, "metro_cov_pct": null, "parks": 2, "parks_cov_pct": 41.8, "playgrounds": 7, "schools": 27, "anganwadis": 6, "police": 0, "fire": 0, "public_toilets": 0, "toilet_cov_pct": 1.1, "lakes": 2, "ponds": 2, "flood_points": 1, "did_you_know_1": "About 9 in 10 homes here are within a 15-minute walk of a bus stop.", "did_you_know_2": "This ward has 2 parks, and about 4 in 10 homes are within a 15-minute walk of one.", "did_you_know_3": "This ward has 27 schools and 6 anganwadi (child-care) centres.", "question_1": "Clean, safe public toilets are hard to find in parts of this ward — what will you do to provide and maintain them?", "question_2": "Safety is a real worry in parts of this ward — how will you improve policing and make our streets safer, especially at night?", "question_3": "Families here struggle to find a park or open ground to relax in or for children to play — how will you create and maintain more green, open spaces in this ward?", "question_4": "How will you make sure emergency services like fire response can reach every corner of this ward quickly?", "question_5": "Getting across the city from this ward takes too long — how will you push for better public-transport and metro connectivity?"}, "geometry": {"type": "MultiPolygon", "coordinates": [[[[77.60667, 13.06462], [77.60389, 13.0645], [77.60384, 13.07141], [77.6015, 13.07121], [77.60128, 13.07303], [77.60253, 13.08613], [77.60804, 13.08837], [77.60598, 13.09345], [77.60786, 13.09445], [77.61254, 13.08752], [77.61485, 13.08023], [77.61186, 13.08206], [77.61048, 13.079], [77.61885, 13.07194], [77.61889, 13.07356], [77.6227, 13.07316], [77.62312, 13.07469], [77.63005, 13.07199], [77.63111, 13.06785], [77.63363, 13.06759], [77.6336, 13.06397], [77.63283, 13.05945], [77.62799, 13.06373], [77.62755, 13.06237], [77.62553, 13.06291], [77.62428, 13.06164], [77.62399, 13.05878], [77.62623, 13.05758], [77.62528, 13.05515], [77.61985, 13.0558], [77.61871, 13.05417], [77.61543, 13.05322], [77.60709, 13.0544], [77.60699, 13.05199], [77.60258, 13.05388], [77.60438, 13.05818], [77.60339, 13.05838], [77.60367, 13.06099], [77.60928, 13.06342], [77.60977, 13.0666], [77.60674, 13.06762], [77.60667, 13.06462]]]]}}, {"type": "Feature", "properties": {"ward_name": "Nagadevanahalli", "ward_id": "17", "zone": "Rajarajeshwarinagar", "assembly": "153 - Yeshwanthapura", "parliamentary": "Bangalore North", "bus_stops": 20, "bus_cov_pct": 100.1, "metro": 0, "metro_cov_pct": null, "parks": 6, "parks_cov_pct": 100.1, "playgrounds": 6, "schools": 22, "anganwadis": 6, "police": 0, "fire": 0, "public_toilets": 7, "toilet_cov_pct": 100.1, "lakes": 0, "ponds": 0, "flood_points": 0, "did_you_know_1": "Nearly all homes here are within a 15-minute walk of a bus stop.", "did_you_know_2": "This ward has 6 parks, and nearly all homes are within a 15-minute walk of one.", "did_you_know_3": "This ward has 22 schools and 6 anganwadi (child-care) centres.", "question_1": "Safety is a real worry in parts of this ward — how will you improve policing and make our streets safer, especially at night?", "question_2": "Our lakes and ponds are neglected or polluted — how will you clean up and protect the water bodies in this ward?", "question_3": "How will you make sure emergency services like fire response can reach every corner of this ward quickly?", "question_4": "Getting across the city from this ward takes too long — how will you push for better public-transport and metro connectivity?", "question_5": "Many of us walk far or wait too long for a bus — what will you do to bring frequent, reliable bus service closer to every part of this ward?"}, "geometry": {"type": "MultiPolygon", "coordinates": [[[[77.4904, 12.9323], [77.48603, 12.93374], [77.4869, 12.93951], [77.48313, 12.9411], [77.48484, 12.9421], [77.48861, 12.94906], [77.4906, 12.94735], [77.50074, 12.94666], [77.49719, 12.94005], [77.49968, 12.93803], [77.49914, 12.9308], [77.49425, 12.93292], [77.49307, 12.93162], [77.49142, 12.93201], [77.49136, 12.93338], [77.4904, 12.9323]]]]}}, {"type": "Feature", "properties": {"ward_name": "Viswamanava Kuvempu Ward", "ward_id": "18", "zone": "Bommanahalli", "assembly": "172 - B.T.M Layout", "parliamentary": "Bangalore South", "bus_stops": 9, "bus_cov_pct": 100.1, "metro": 0, "metro_cov_pct": null, "parks": 6, "parks_cov_pct": 100.1, "playgrounds": 3, "schools": 7, "anganwadis": 4, "police": 0, "fire": 0, "public_toilets": 2, "toilet_cov_pct": 100.1, "lakes": 0, "ponds": 0, "flood_points": 1, "did_you_know_1": "Nearly all homes here are within a 15-minute walk of a bus stop.", "did_you_know_2": "This ward has 6 parks, and nearly all homes are within a 15-minute walk of one.", "did_you_know_3": "This ward has 7 schools and 4 anganwadi (child-care) centres.", "question_1": "Safety is a real worry in parts of this ward — how will you improve policing and make our streets safer, especially at night?", "question_2": "Our lakes and ponds are neglected or polluted — how will you clean up and protect the water bodies in this ward?", "question_3": "How will you make sure emergency services like fire response can reach every corner of this ward quickly?", "question_4": "Getting across the city from this ward takes too long — how will you push for better public-transport and metro connectivity?", "question_5": "Every monsoon, the same spots in this ward flood — what concrete steps will you take to fix the drains and stop the flooding?"}, "geometry": {"type": "MultiPolygon", "coordinates": [[[[77.61504, 12.90891], [77.6081, 12.90943], [77.60639, 12.91168], [77.60491, 12.91083], [77.59993, 12.91173], [77.59999, 12.91673], [77.61891, 12.91625], [77.62262, 12.91727], [77.62085, 12.91264], [77.61894, 12.91284], [77.61656, 12.91532], [77.61504, 12.90891]]]]}}, {"type": "Feature", "properties": {"ward_name": "Kempapura", "ward_id": "18", "zone": "Byatarayanapura", "assembly": "152 - Byatarayanapura", "parliamentary": "Bangalore North", "bus_stops": 31, "bus_cov_pct": 96.0, "metro": 0, "metro_cov_pct": null, "parks": 1, "parks_cov_pct": 38.9, "playgrounds": 5, "schools": 19, "anganwadis": 4, "police": 0, "fire": 1, "public_toilets": 4, "toilet_cov_pct": 38.6, "lakes": 1, "ponds": 1, "flood_points": 6, "did_you_know_1": "Nearly all homes here are within a 15-minute walk of a bus stop.", "did_you_know_2": "This ward has 1 park, and about 4 in 10 homes are within a 15-minute walk of one.", "did_you_know_3": "This ward has 19 schools and 4 anganwadi (child-care) centres.", "question_1": "Safety is a real worry in parts of this ward — how will you improve policing and make our streets safer, especially at night?", "question_2": "Clean, safe public toilets are hard to find in parts of this ward — what will you do to provide and maintain them?", "question_3": "Families here struggle to find a park or open ground to relax in or for children to play — how will you create and maintain more green, open spaces in this ward?", "question_4": "Every monsoon, the same spots in this ward flood — what concrete steps will you take to fix the drains and stop the flooding?", "question_5": "Getting across the city from this ward takes too long — how will you push for better public-transport and metro connectivity?"}, "geometry": {"type": "MultiPolygon", "coordinates": [[[[77.59279, 13.0496], [77.59694, 13.04918], [77.59909, 13.05409], [77.60699, 13.05199], [77.60709, 13.0544], [77.61543, 13.05322], [77.61871, 13.05417], [77.61985, 13.0558], [77.62528, 13.05515], [77.62623, 13.05758], [77.62763, 13.05729], [77.62505, 13.05234], [77.62641, 13.05201], [77.62608, 13.05087], [77.62844, 13.05068], [77.62682, 13.04815], [77.62745, 13.04546], [77.62353, 13.03832], [77.612, 13.04253], [77.61028, 13.03821], [77.60737, 13.04085], [77.59002, 13.04161], [77.59279, 13.0496]]]]}}, {"type": "Feature", "properties": {"ward_name": "Dooravaninagar", "ward_id": "18", "zone": "K.R. Pura", "assembly": "151 - K.R. Pura", "parliamentary": "Bangalore North", "bus_stops": 7, "bus_cov_pct": 94.3, "metro": 0, "metro_cov_pct": null, "parks": 0, "parks_cov_pct": 46.1, "playgrounds": 0, "schools": 7, "anganwadis": 3, "police": 1, "fire": 0, "public_toilets": 1, "toilet_cov_pct": 93.1, "lakes": 0, "ponds": 0, "flood_points": 0, "did_you_know_1": "About 9 in 10 homes here are within a 15-minute walk of a bus stop.", "did_you_know_2": "This ward has 7 schools and 3 anganwadi (child-care) centres.", "did_you_know_3": "This ward has 1 public toilet, and about 9 in 10 homes are within a 15-minute walk of one.", "question_1": "Children here have few safe places to play — will you commit to creating and maintaining playgrounds in this ward?", "question_2": "Our lakes and ponds are neglected or polluted — how will you clean up and protect the water bodies in this ward?", "question_3": "Families here struggle to find a park or open ground to relax in or for children to play — how will you create and maintain more green, open spaces in this ward?", "question_4": "How will you make sure emergency services like fire response can reach every corner of this ward quickly?", "question_5": "Getting across the city from this ward takes too long — how will you push for better public-transport and metro connectivity?"}, "geometry": {"type": "MultiPolygon", "coordinates": [[[[77.66404, 12.99753], [77.66228, 13.01327], [77.6669, 13.01535], [77.6701, 13.01494], [77.66943, 13.01087], [77.66768, 13.01023], [77.67088, 13.00868], [77.67083, 13.00308], [77.66801, 13.00338], [77.66765, 12.9997], [77.66404, 12.99753]]]]}}, {"type": "Feature", "properties": {"ward_name": "G.M Palya", "ward_id": "18", "zone": "C.V. Raman Nagar", "assembly": "161 - C.V. Raman Nagar", "parliamentary": "Bangalore Central", "bus_stops": 7, "bus_cov_pct": 100.1, "metro": 0, "metro_cov_pct": null, "parks": 0, "parks_cov_pct": 53.2, "playgrounds": 3, "schools": 10, "anganwadis": 1, "police": 0, "fire": 0, "public_toilets": 0, "toilet_cov_pct": 5.7, "lakes": 0, "ponds": 0, "flood_points": 0, "did_you_know_1": "Nearly all homes here are within a 15-minute walk of a bus stop.", "did_you_know_2": "This ward has 10 schools and 1 anganwadi (child-care) centre.", "did_you_know_3": "There are 3 playgrounds in this ward.", "question_1": "Clean, safe public toilets are hard to find in parts of this ward — what will you do to provide and maintain them?", "question_2": "Safety is a real worry in parts of this ward — how will you improve policing and make our streets safer, especially at night?", "question_3": "Our lakes and ponds are neglected or polluted — how will you clean up and protect the water bodies in this ward?", "question_4": "How will you make sure emergency services like fire response can reach every corner of this ward quickly?", "question_5": "Families here struggle to find a park or open ground to relax in or for children to play — how will you create and maintain more green, open spaces in this ward?"}, "geometry": {"type": "MultiPolygon", "coordinates": [[[[77.66995, 12.97687], [77.67167, 12.97631], [77.67269, 12.97873], [77.67934, 12.97798], [77.67812, 12.97271], [77.66731, 12.97557], [77.66616, 12.97145], [77.66157, 12.97198], [77.66359, 12.97469], [77.66603, 12.97517], [77.66644, 12.97799], [77.67007, 12.98003], [77.67103, 12.97913], [77.66995, 12.97687]]]]}}, {"type": "Feature", "properties": {"ward_name": "Kengal Hanumanthaiah West", "ward_id": "18", "zone": "Rajarajeshwarinagar", "assembly": "153 - Yeshwanthapura", "parliamentary": "Bangalore North", "bus_stops": 18, "bus_cov_pct": 97.7, "metro": 0, "metro_cov_pct": 10.5, "parks": 7, "parks_cov_pct": 80.4, "playgrounds": 0, "schools": 17, "anganwadis": 3, "police": 0, "fire": 0, "public_toilets": 3, "toilet_cov_pct": 81.7, "lakes": 1, "ponds": 0, "flood_points": 0, "did_you_know_1": "Nearly all homes here are within a 15-minute walk of a bus stop.", "did_you_know_2": "This ward has 7 parks, and about 8 in 10 homes are within a 15-minute walk of one.", "did_you_know_3": "This ward has 17 schools and 3 anganwadi (child-care) centres.", "question_1": "Children here have few safe places to play — will you commit to creating and maintaining playgrounds in this ward?", "question_2": "Safety is a real worry in parts of this ward — how will you improve policing and make our streets safer, especially at night?", "question_3": "How will you make sure emergency services like fire response can reach every corner of this ward quickly?", "question_4": "Our lakes and ponds are neglected or polluted — how will you clean up and protect the water bodies in this ward?", "question_5": "Getting across the city from this ward takes too long — how will you push for better public-transport and metro connectivity?"}, "geometry": {"type": "MultiPolygon", "coordinates": [[[[77.47326, 12.91483], [77.47298, 12.91747], [77.47096, 12.91866], [77.47339, 12.92664], [77.4796, 12.92592], [77.47912, 12.92723], [77.48099, 12.92741], [77.48323, 12.93069], [77.48424, 12.93692], [77.47884, 12.93751], [77.47954, 12.94029], [77.4869, 12.93951], [77.48603, 12.93374], [77.48817, 12.93282], [77.48501, 12.92404], [77.48282, 12.92477], [77.48241, 12.92359], [77.47953, 12.92349], [77.47865, 12.91995], [77.47986, 12.91946], [77.48119, 12.92207], [77.48393, 12.92105], [77.48019, 12.91058], [77.47796, 12.91171], [77.47713, 12.91465], [77.47326, 12.91483]]]]}}, {"type": "Feature", "properties": {"ward_name": "K.S. Nissar Ahmed Ward", "ward_id": "19", "zone": "K.R. Pura", "assembly": "151 - K.R. Pura", "parliamentary": "Bangalore North", "bus_stops": 4, "bus_cov_pct": 100.0, "metro": 0, "metro_cov_pct": 18.3, "parks": 1, "parks_cov_pct": 61.9, "playgrounds": 0, "schools": 5, "anganwadis": 3, "police": 0, "fire": 0, "public_toilets": 2, "toilet_cov_pct": 100.0, "lakes": 0, "ponds": 0, "flood_points": 1, "did_you_know_1": "Nearly all homes here are within a 15-minute walk of a bus stop.", "did_you_know_2": "This ward has 1 park, and about 6 in 10 homes are within a 15-minute walk of one.", "did_you_know_3": "This ward has 5 schools and 3 anganwadi (child-care) centres.", "question_1": "Children here have few safe places to play — will you commit to creating and maintaining playgrounds in this ward?", "question_2": "Safety is a real worry in parts of this ward — how will you improve policing and make our streets safer, especially at night?", "question_3": "Our lakes and ponds are neglected or polluted — how will you clean up and protect the water bodies in this ward?", "question_4": "How will you make sure emergency services like fire response can reach every corner of this ward quickly?", "question_5": "Getting across the city from this ward takes too long — how will you push for better public-transport and metro connectivity?"}, "geometry": {"type": "MultiPolygon", "coordinates": [[[[77.6682, 12.99568], [77.66907, 12.99381], [77.66831, 12.99023], [77.66279, 12.99676], [77.66759, 12.99963], [77.66801, 13.00338], [77.67272, 13.00337], [77.67711, 13.00074], [77.6682, 12.99568]]]]}}, {"type": "Feature", "properties": {"ward_name": "New Tavarekere", "ward_id": "19", "zone": "Bommanahalli", "assembly": "172 - B.T.M Layout", "parliamentary": "Bangalore South", "bus_stops": 9, "bus_cov_pct": 100.1, "metro": 0, "metro_cov_pct": null, "parks": 2, "parks_cov_pct": 100.1, "playgrounds": 0, "schools": 6, "anganwadis": 4, "police": 0, "fire": 0, "public_toilets": 2, "toilet_cov_pct": 100.1, "lakes": 0, "ponds": 0, "flood_points": 1, "did_you_know_1": "Nearly all homes here are within a 15-minute walk of a bus stop.", "did_you_know_2": "This ward has 2 parks, and nearly all homes are within a 15-minute walk of one.", "did_you_know_3": "This ward has 6 schools and 4 anganwadi (child-care) centres.", "question_1": "Children here have few safe places to play — will you commit to creating and maintaining playgrounds in this ward?", "question_2": "Safety is a real worry in parts of this ward — how will you improve policing and make our streets safer, especially at night?", "question_3": "Our lakes and ponds are neglected or polluted — how will you clean up and protect the water bodies in this ward?", "question_4": "How will you make sure emergency services like fire response can reach every corner of this ward quickly?", "question_5": "Getting across the city from this ward takes too long — how will you push for better public-transport and metro connectivity?"}, "geometry": {"type": "MultiPolygon", "coordinates": [[[[77.609, 12.92499], [77.61541, 12.92316], [77.61489, 12.92065], [77.61355, 12.92127], [77.61206, 12.91907], [77.61433, 12.91783], [77.61427, 12.91645], [77.60723, 12.91655], [77.609, 12.92499]]]]}}, {"type": "Feature", "properties": {"ward_name": "Thanisandra", "ward_id": "19", "zone": "Byatarayanapura", "assembly": "152 - Byatarayanapura", "parliamentary": "Bangalore North", "bus_stops": 16, "bus_cov_pct": 99.8, "metro": 0, "metro_cov_pct": null, "parks": 0, "parks_cov_pct": 0.1, "playgrounds": 1, "schools": 28, "anganwadis": 3, "police": 0, "fire": 0, "public_toilets": 0, "toilet_cov_pct": 13.5, "lakes": 0, "ponds": 0, "flood_points": 0, "did_you_know_1": "Nearly all homes here are within a 15-minute walk of a bus stop.", "did_you_know_2": "This ward has 28 schools and 3 anganwadi (child-care) centres.", "did_you_know_3": "There are 1 playground in this ward.", "question_1": "Families here struggle to find a park or open ground to relax in or for children to play — how will you create and maintain more green, open spaces in this ward?", "question_2": "Clean, safe public toilets are hard to find in parts of this ward — what will you do to provide and maintain them?", "question_3": "Safety is a real worry in parts of this ward — how will you improve policing and make our streets safer, especially at night?", "question_4": "Our lakes and ponds are neglected or polluted — how will you clean up and protect the water bodies in this ward?", "question_5": "How will you make sure emergency services like fire response can reach every corner of this ward quickly?"}, "geometry": {"type": "MultiPolygon", "coordinates": [[[[77.6382, 13.06153], [77.63833, 13.05006], [77.63674, 13.04103], [77.63534, 13.04101], [77.63464, 13.04258], [77.6286, 13.04234], [77.62682, 13.04815], [77.62844, 13.05068], [77.62608, 13.05087], [77.62641, 13.05201], [77.62505, 13.05234], [77.62763, 13.05729], [77.62399, 13.05878], [77.62428, 13.06164], [77.62553, 13.06291], [77.62755, 13.06237], [77.62799, 13.06373], [77.63283, 13.05945], [77.63347, 13.06262], [77.6382, 13.06153]]]]}}, {"type": "Feature", "properties": {"ward_name": "Jeevan Bhimanagar", "ward_id": "19", "zone": "C.V. Raman Nagar", "assembly": "161 - C.V. Raman Nagar", "parliamentary": "Bangalore Central", "bus_stops": 9, "bus_cov_pct": 67.7, "metro": 0, "metro_cov_pct": null, "parks": 2, "parks_cov_pct": 56.0, "playgrounds": 2, "schools": 17, "anganwadis": 4, "police": 1, "fire": 0, "public_toilets": 0, "toilet_cov_pct": 26.1, "lakes": 0, "ponds": 0, "flood_points": 1, "did_you_know_1": "About 7 in 10 homes here are within a 15-minute walk of a bus stop.", "did_you_know_2": "This ward has 2 parks, and about 6 in 10 homes are within a 15-minute walk of one.", "did_you_know_3": "This ward has 17 schools and 4 anganwadi (child-care) centres.", "question_1": "Clean, safe public toilets are hard to find in parts of this ward — what will you do to provide and maintain them?", "question_2": "Our lakes and ponds are neglected or polluted — how will you clean up and protect the water bodies in this ward?", "question_3": "How will you make sure emergency services like fire response can reach every corner of this ward quickly?", "question_4": "Families here struggle to find a park or open ground to relax in or for children to play — how will you create and maintain more green, open spaces in this ward?", "question_5": "Getting across the city from this ward takes too long — how will you push for better public-transport and metro connectivity?"}, "geometry": {"type": "MultiPolygon", "coordinates": [[[[77.64851, 12.95561], [77.65218, 12.97054], [77.6562, 12.97038], [77.65846, 12.96719], [77.66196, 12.96631], [77.66055, 12.96496], [77.66171, 12.9629], [77.65997, 12.96169], [77.65967, 12.9592], [77.65429, 12.95943], [77.65301, 12.95444], [77.64851, 12.95561]]]]}}, {"type": "Feature", "properties": {"ward_name": "Shivanapalya", "ward_id": "19", "zone": "Rajarajeshwarinagar", "assembly": "153 - Yeshwanthapura", "parliamentary": "Bangalore North", "bus_stops": 14, "bus_cov_pct": 100.1, "metro": 0, "metro_cov_pct": 1.1, "parks": 3, "parks_cov_pct": 100.1, "playgrounds": 2, "schools": 12, "anganwadis": 3, "police": 0, "fire": 0, "public_toilets": 1, "toilet_cov_pct": 86.5, "lakes": 1, "ponds": 0, "flood_points": 0, "did_you_know_1": "Nearly all homes here are within a 15-minute walk of a bus stop.", "did_you_know_2": "This ward has 3 parks, and nearly all homes are within a 15-minute walk of one.", "did_you_know_3": "This ward has 12 schools and 3 anganwadi (child-care) centres.", "question_1": "Safety is a real worry in parts of this ward — how will you improve policing and make our streets safer, especially at night?", "question_2": "How will you make sure emergency services like fire response can reach every corner of this ward quickly?", "question_3": "Our lakes and ponds are neglected or polluted — how will you clean up and protect the water bodies in this ward?", "question_4": "Getting across the city from this ward takes too long — how will you push for better public-transport and metro connectivity?", "question_5": "Children here have few safe places to play — will you commit to creating and maintaining playgrounds in this ward?"}, "geometry": {"type": "MultiPolygon", "coordinates": [[[[77.48203, 12.91398], [77.48393, 12.92105], [77.48119, 12.92207], [77.47986, 12.91946], [77.47865, 12.91995], [77.47946, 12.9233], [77.48241, 12.92359], [77.48282, 12.92477], [77.48501, 12.92404], [77.48803, 12.93273], [77.49046, 12.9323], [77.49136, 12.93338], [77.49142, 12.93201], [77.49307, 12.93162], [77.49425, 12.93292], [77.49862, 12.93091], [77.4989, 12.92599], [77.48502, 12.91958], [77.48203, 12.91398]]]]}}, {"type": "Feature", "properties": {"ward_name": "Kengeri Kote ward", "ward_id": "20", "zone": "Rajarajeshwarinagar", "assembly": "153 - Yeshwanthapura", "parliamentary": "Bangalore North", "bus_stops": 48, "bus_cov_pct": 80.3, "metro": 1, "metro_cov_pct": 12.3, "parks": 0, "parks_cov_pct": 8.4, "playgrounds": 8, "schools": 40, "anganwadis": 8, "police": 0, "fire": 0, "public_toilets": 3, "toilet_cov_pct": 24.2, "lakes": 4, "ponds": 2, "flood_points": 1, "did_you_know_1": "About 8 in 10 homes here are within a 15-minute walk of a bus stop.", "did_you_know_2": "This ward has 40 schools and 8 anganwadi (child-care) centres.", "did_you_know_3": "This ward has 3 public toilets, and about 2 in 10 homes are within a 15-minute walk of one.", "question_1": "Families here struggle to find a park or open ground to relax in or for children to play — how will you create and maintain more green, open spaces in this ward?", "question_2": "Clean, safe public toilets are hard to find in parts of this ward — what will you do to provide and maintain them?", "question_3": "Safety is a real worry in parts of this ward — how will you improve policing and make our streets safer, especially at night?", "question_4": "How will you make sure emergency services like fire response can reach every corner of this ward quickly?", "question_5": "Many of us walk far or wait too long for a bus — what will you do to bring frequent, reliable bus service closer to every part of this ward?"}, "geometry": {"type": "MultiPolygon", "coordinates": [[[[77.47326, 12.91483], [77.47713, 12.91465], [77.47796, 12.91171], [77.48028, 12.90976], [77.48433, 12.91062], [77.48519, 12.91279], [77.48737, 12.90836], [77.48983, 12.90868], [77.49057, 12.91025], [77.5071, 12.9038], [77.51109, 12.90403], [77.51133, 12.90229], [77.51415, 12.90206], [77.51263, 12.90025], [77.51438, 12.89414], [77.51068, 12.88957], [77.49812, 12.88165], [77.4893, 12.87199], [77.48474, 12.87165], [77.48312, 12.87438], [77.48088, 12.87429], [77.48169, 12.8781], [77.47567, 12.87838], [77.47482, 12.88005], [77.4789, 12.88445], [77.47877, 12.88612], [77.48297, 12.88629], [77.48184, 12.88956], [77.47931, 12.88979], [77.47907, 12.89217], [77.47552, 12.89434], [77.47727, 12.89641], [77.47344, 12.89843], [77.47012, 12.89399], [77.46849, 12.88832], [77.46022, 12.89821], [77.46008, 12.90663], [77.46667, 12.90688], [77.4665, 12.91015], [77.47008, 12.91519], [77.47096, 12.91866], [77.47298, 12.91747], [77.47326, 12.91483]]]]}}, {"type": "Feature", "properties": {"ward_name": "Madiwala", "ward_id": "20", "zone": "Bommanahalli", "assembly": "172 - B.T.M Layout", "parliamentary": "Bangalore South", "bus_stops": 9, "bus_cov_pct": 100.1, "metro": 0, "metro_cov_pct": null, "parks": 1, "parks_cov_pct": 100.1, "playgrounds": 0, "schools": 13, "anganwadis": 3, "police": 0, "fire": 0, "public_toilets": 0, "toilet_cov_pct": 100.1, "lakes": 0, "ponds": 0, "flood_points": 0, "did_you_know_1": "Nearly all homes here are within a 15-minute walk of a bus stop.", "did_you_know_2": "This ward has 1 park, and nearly all homes are within a 15-minute walk of one.", "did_you_know_3": "This ward has 13 schools and 3 anganwadi (child-care) centres.", "question_1": "Children here have few safe places to play — will you commit to creating and maintaining playgrounds in this ward?", "question_2": "Safety is a real worry in parts of this ward — how will you improve policing and make our streets safer, especially at night?", "question_3": "Our lakes and ponds are neglected or polluted — how will you clean up and protect the water bodies in this ward?", "question_4": "How will you make sure emergency services like fire response can reach every corner of this ward quickly?", "question_5": "Getting across the city from this ward takes too long — how will you push for better public-transport and metro connectivity?"}, "geometry": {"type": "MultiPolygon", "coordinates": [[[[77.62274, 12.9173], [77.61647, 12.91624], [77.61265, 12.91787], [77.61217, 12.91968], [77.61622, 12.92245], [77.61475, 12.92377], [77.61544, 12.92741], [77.62274, 12.9173]]]]}}, {"type": "Feature", "properties": {"ward_name": "Sampigehalli", "ward_id": "20", "zone": "Byatarayanapura", "assembly": "152 - Byatarayanapura", "parliamentary": "Bangalore North", "bus_stops": 26, "bus_cov_pct": 87.8, "metro": 0, "metro_cov_pct": null, "parks": 0, "parks_cov_pct": 11.2, "playgrounds": 11, "schools": 40, "anganwadis": 10, "police": 1, "fire": 0, "public_toilets": 3, "toilet_cov_pct": 34.4, "lakes": 4, "ponds": 10, "flood_points": 0, "did_you_know_1": "About 9 in 10 homes here are within a 15-minute walk of a bus stop.", "did_you_know_2": "This ward has 40 schools and 10 anganwadi (child-care) centres.", "did_you_know_3": "This ward has 3 public toilets, and about 3 in 10 homes are within a 15-minute walk of one.", "question_1": "Families here struggle to find a park or open ground to relax in or for children to play — how will you create and maintain more green, open spaces in this ward?", "question_2": "Clean, safe public toilets are hard to find in parts of this ward — what will you do to provide and maintain them?", "question_3": "How will you make sure emergency services like fire response can reach every corner of this ward quickly?", "question_4": "Getting across the city from this ward takes too long — how will you push for better public-transport and metro connectivity?", "question_5": "Many of us walk far or wait too long for a bus — what will you do to bring frequent, reliable bus service closer to every part of this ward?"}, "geometry": {"type": "MultiPolygon", "coordinates": [[[[77.63347, 13.06262], [77.63363, 13.06759], [77.63111, 13.06785], [77.63005, 13.07199], [77.62312, 13.07469], [77.6227, 13.07316], [77.61889, 13.07356], [77.61885, 13.07194], [77.61048, 13.079], [77.61186, 13.08206], [77.61485, 13.08023], [77.61254, 13.08752], [77.60786, 13.09445], [77.60753, 13.09819], [77.62528, 13.09811], [77.62922, 13.09886], [77.62976, 13.10004], [77.63199, 13.09914], [77.6315, 13.09799], [77.63346, 13.09702], [77.63297, 13.09566], [77.63458, 13.09523], [77.63518, 13.09683], [77.63594, 13.09601], [77.63464, 13.08394], [77.64184, 13.08189], [77.64258, 13.08343], [77.64451, 13.08224], [77.64215, 13.07783], [77.63831, 13.07516], [77.63949, 13.07494], [77.63953, 13.06969], [77.63822, 13.06181], [77.63347, 13.06262]]]]}}, {"type": "Feature", "properties": {"ward_name": "A Narayanapura", "ward_id": "20", "zone": "K.R. Pura", "assembly": "151 - K.R. Pura", "parliamentary": "Bangalore North", "bus_stops": 10, "bus_cov_pct": 100.1, "metro": 1, "metro_cov_pct": 82.7, "parks": 0, "parks_cov_pct": 49.6, "playgrounds": 1, "schools": 10, "anganwadis": 3, "police": 0, "fire": 0, "public_toilets": 3, "toilet_cov_pct": 96.0, "lakes": 1, "ponds": 0, "flood_points": 0, "did_you_know_1": "Nearly all homes here are within a 15-minute walk of a bus stop.", "did_you_know_2": "This ward has 10 schools and 3 anganwadi (child-care) centres.", "did_you_know_3": "This ward has 3 public toilets, and nearly all homes are within a 15-minute walk of one.", "question_1": "Safety is a real worry in parts of this ward — how will you improve policing and make our streets safer, especially at night?", "question_2": "Families here struggle to find a park or open ground to relax in or for children to play — how will you create and maintain more green, open spaces in this ward?", "question_3": "How will you make sure emergency services like fire response can reach every corner of this ward quickly?", "question_4": "Children here have few safe places to play — will you commit to creating and maintaining playgrounds in this ward?", "question_5": "Our lakes and ponds are neglected or polluted — how will you clean up and protect the water bodies in this ward?"}, "geometry": {"type": "MultiPolygon", "coordinates": [[[[77.67217, 12.9962], [77.66836, 12.99374], [77.66784, 12.99616], [77.67711, 13.00074], [77.6865, 13.00018], [77.69068, 12.99728], [77.68743, 12.9912], [77.68365, 12.99633], [77.68253, 12.99482], [77.67673, 12.99447], [77.67217, 12.9962]]]]}}, {"type": "Feature", "properties": {"ward_name": "Kodihalli", "ward_id": "20", "zone": "C.V. Raman Nagar", "assembly": "161 - C.V. Raman Nagar", "parliamentary": "Bangalore Central", "bus_stops": 9, "bus_cov_pct": 93.7, "metro": 0, "metro_cov_pct": 1.3, "parks": 1, "parks_cov_pct": 93.0, "playgrounds": 0, "schools": 9, "anganwadis": 4, "police": 0, "fire": 0, "public_toilets": 0, "toilet_cov_pct": 87.9, "lakes": 0, "ponds": 0, "flood_points": 2, "did_you_know_1": "About 9 in 10 homes here are within a 15-minute walk of a bus stop.", "did_you_know_2": "This ward has 1 park, and about 9 in 10 homes are within a 15-minute walk of one.", "did_you_know_3": "This ward has 9 schools and 4 anganwadi (child-care) centres.", "question_1": "Children here have few safe places to play — will you commit to creating and maintaining playgrounds in this ward?", "question_2": "Safety is a real worry in parts of this ward — how will you improve policing and make our streets safer, especially at night?", "question_3": "Our lakes and ponds are neglected or polluted — how will you clean up and protect the water bodies in this ward?", "question_4": "How will you make sure emergency services like fire response can reach every corner of this ward quickly?", "question_5": "Getting across the city from this ward takes too long — how will you push for better public-transport and metro connectivity?"}, "geometry": {"type": "MultiPolygon", "coordinates": [[[[77.65227, 12.96802], [77.65045, 12.95963], [77.64921, 12.95977], [77.64795, 12.95744], [77.64362, 12.95698], [77.64167, 12.96057], [77.64123, 12.97022], [77.64744, 12.97045], [77.64776, 12.96887], [77.65227, 12.96802]]]]}}, {"type": "Feature", "properties": {"ward_name": "Kogilu", "ward_id": "21", "zone": "Byatarayanapura", "assembly": "152 - Byatarayanapura", "parliamentary": "Bangalore North", "bus_stops": 33, "bus_cov_pct": 83.6, "metro": 0, "metro_cov_pct": null, "parks": 0, "parks_cov_pct": null, "playgrounds": 3, "schools": 38, "anganwadis": 16, "police": 0, "fire": 0, "public_toilets": 8, "toilet_cov_pct": 59.8, "lakes": 5, "ponds": 23, "flood_points": 0, "did_you_know_1": "About 8 in 10 homes here are within a 15-minute walk of a bus stop.", "did_you_know_2": "This ward has 38 schools and 16 anganwadi (child-care) centres.", "did_you_know_3": "This ward has 8 public toilets, and about 6 in 10 homes are within a 15-minute walk of one.", "question_1": "Families here struggle to find a park or open ground to relax in or for children to play — how will you create and maintain more green, open spaces in this ward?", "question_2": "Safety is a real worry in parts of this ward — how will you improve policing and make our streets safer, especially at night?", "question_3": "How will you make sure emergency services like fire response can reach every corner of this ward quickly?", "question_4": "Clean, safe public toilets are hard to find in parts of this ward — what will you do to provide and maintain them?", "question_5": "Getting across the city from this ward takes too long — how will you push for better public-transport and metro connectivity?"}, "geometry": {"type": "MultiPolygon", "coordinates": [[[[77.60753, 13.09819], [77.60829, 13.102], [77.61248, 13.10606], [77.61133, 13.10807], [77.61203, 13.11114], [77.61033, 13.11114], [77.61221, 13.12097], [77.61578, 13.13121], [77.6184, 13.1316], [77.6306, 13.12594], [77.63862, 13.11342], [77.63702, 13.10627], [77.65032, 13.10466], [77.6427, 13.08689], [77.64652, 13.08628], [77.6466, 13.08515], [77.64451, 13.08224], [77.64258, 13.08343], [77.64184, 13.08189], [77.63464, 13.08394], [77.63594, 13.09601], [77.63518, 13.09683], [77.63458, 13.09523], [77.63297, 13.09566], [77.63346, 13.09702], [77.6315, 13.09799], [77.63199, 13.09914], [77.62976, 13.10004], [77.62922, 13.09886], [77.62528, 13.09811], [77.61133, 13.09742], [77.60753, 13.09819]]]]}}, {"type": "Feature", "properties": {"ward_name": "Chikka Adugodi", "ward_id": "21", "zone": "Bommanahalli", "assembly": "172 - B.T.M Layout", "parliamentary": "Bangalore South", "bus_stops": 9, "bus_cov_pct": 100.1, "metro": 0, "metro_cov_pct": null, "parks": 1, "parks_cov_pct": 100.1, "playgrounds": 1, "schools": 3, "anganwadis": 2, "police": 0, "fire": 0, "public_toilets": 3, "toilet_cov_pct": 100.1, "lakes": 1, "ponds": 0, "flood_points": 0, "did_you_know_1": "Nearly all homes here are within a 15-minute walk of a bus stop.", "did_you_know_2": "This ward has 1 park, and nearly all homes are within a 15-minute walk of one.", "did_you_know_3": "This ward has 3 schools and 2 anganwadi (child-care) centres.", "question_1": "Safety is a real worry in parts of this ward — how will you improve policing and make our streets safer, especially at night?", "question_2": "How will you make sure emergency services like fire response can reach every corner of this ward quickly?", "question_3": "Children here have few safe places to play — will you commit to creating and maintaining playgrounds in this ward?", "question_4": "Do children in this ward have good government schools within easy reach — and what will you do to improve the ones we have?", "question_5": "Our lakes and ponds are neglected or polluted — how will you clean up and protect the water bodies in this ward?"}, "geometry": {"type": "MultiPolygon", "coordinates": [[[[77.61357, 12.93208], [77.61614, 12.92776], [77.61483, 12.92529], [77.61475, 12.92377], [77.61636, 12.92296], [77.61523, 12.9213], [77.61541, 12.92316], [77.60896, 12.92493], [77.60914, 12.92757], [77.60796, 12.92757], [77.60734, 12.93224], [77.61006, 12.93271], [77.60968, 12.93476], [77.61357, 12.93208]]]]}}, {"type": "Feature", "properties": {"ward_name": "Uday Nagar", "ward_id": "21", "zone": "K.R. Pura", "assembly": "151 - K.R. Pura", "parliamentary": "Bangalore North", "bus_stops": 3, "bus_cov_pct": 100.1, "metro": 0, "metro_cov_pct": 33.4, "parks": 0, "parks_cov_pct": 85.3, "playgrounds": 0, "schools": 8, "anganwadis": 0, "police": 0, "fire": 0, "public_toilets": 0, "toilet_cov_pct": 76.7, "lakes": 0, "ponds": 1, "flood_points": 0, "did_you_know_1": "Nearly all homes here are within a 15-minute walk of a bus stop.", "did_you_know_2": "This ward has 8 schools.", "did_you_know_3": "This ward has 1 pond.", "question_1": "Young families need childcare and anganwadi centres close to home — how will you add and support more of them in this ward?", "question_2": "Children here have few safe places to play — will you commit to creating and maintaining playgrounds in this ward?", "question_3": "Safety is a real worry in parts of this ward — how will you improve policing and make our streets safer, especially at night?", "question_4": "How will you make sure emergency services like fire response can reach every corner of this ward quickly?", "question_5": "Our lakes and ponds are neglected or polluted — how will you clean up and protect the water bodies in this ward?"}, "geometry": {"type": "MultiPolygon", "coordinates": [[[[77.67668, 12.9917], [77.67504, 12.99137], [77.67492, 12.98637], [77.66753, 12.98594], [77.66907, 12.99381], [77.67207, 12.99512], [77.672, 12.99617], [77.67673, 12.99447], [77.6758, 12.99318], [77.67668, 12.9917]]]]}}, {"type": "Feature", "properties": {"ward_name": "Kengeri", "ward_id": "21", "zone": "Rajarajeshwarinagar", "assembly": "153 - Yeshwanthapura", "parliamentary": "Bangalore North", "bus_stops": 37, "bus_cov_pct": 93.5, "metro": 2, "metro_cov_pct": 32.2, "parks": 2, "parks_cov_pct": 49.5, "playgrounds": 5, "schools": 12, "anganwadis": 3, "police": 1, "fire": 0, "public_toilets": 7, "toilet_cov_pct": 64.2, "lakes": 1, "ponds": 3, "flood_points": 4, "did_you_know_1": "About 9 in 10 homes here are within a 15-minute walk of a bus stop.", "did_you_know_2": "This ward has 2 parks, and about 5 in 10 homes are within a 15-minute walk of one.", "did_you_know_3": "This ward has 12 schools and 3 anganwadi (child-care) centres.", "question_1": "Families here struggle to find a park or open ground to relax in or for children to play — how will you create and maintain more green, open spaces in this ward?", "question_2": "How will you make sure emergency services like fire response can reach every corner of this ward quickly?", "question_3": "Every monsoon, the same spots in this ward flood — what concrete steps will you take to fix the drains and stop the flooding?", "question_4": "Clean, safe public toilets are hard to find in parts of this ward — what will you do to provide and maintain them?", "question_5": "Safety is a real worry in parts of this ward — how will you improve policing and make our streets safer, especially at night?"}, "geometry": {"type": "MultiPolygon", "coordinates": [[[[77.48028, 12.90976], [77.48579, 12.92009], [77.49894, 12.92601], [77.49921, 12.92523], [77.5028, 12.92813], [77.50515, 12.92554], [77.51144, 12.92368], [77.51197, 12.91366], [77.51356, 12.91084], [77.51202, 12.90801], [77.51231, 12.90403], [77.5071, 12.9038], [77.49057, 12.91025], [77.48983, 12.90868], [77.48737, 12.90836], [77.48519, 12.91279], [77.48433, 12.91062], [77.48028, 12.90976]]], [[[77.50932, 12.93298], [77.51097, 12.93245], [77.51097, 12.9289], [77.50537, 12.92966], [77.50932, 12.93298]]]]}}, {"type": "Feature", "properties": {"ward_name": "Konena Agrahara", "ward_id": "21", "zone": "C.V. Raman Nagar", "assembly": "161 - C.V. Raman Nagar", "parliamentary": "Bangalore Central", "bus_stops": 8, "bus_cov_pct": 90.4, "metro": 0, "metro_cov_pct": null, "parks": 0, "parks_cov_pct": 19.4, "playgrounds": 0, "schools": 9, "anganwadis": 4, "police": 0, "fire": 0, "public_toilets": 0, "toilet_cov_pct": 3.7, "lakes": 1, "ponds": 0, "flood_points": 1, "did_you_know_1": "About 9 in 10 homes here are within a 15-minute walk of a bus stop.", "did_you_know_2": "This ward has 9 schools and 4 anganwadi (child-care) centres.", "did_you_know_3": "This ward has 1 lake.", "question_1": "Clean, safe public toilets are hard to find in parts of this ward — what will you do to provide and maintain them?", "question_2": "Families here struggle to find a park or open ground to relax in or for children to play — how will you create and maintain more green, open spaces in this ward?", "question_3": "Children here have few safe places to play — will you commit to creating and maintaining playgrounds in this ward?", "question_4": "Safety is a real worry in parts of this ward — how will you improve policing and make our streets safer, especially at night?", "question_5": "How will you make sure emergency services like fire response can reach every corner of this ward quickly?"}, "geometry": {"type": "MultiPolygon", "coordinates": [[[[77.64921, 12.95977], [77.64851, 12.95561], [77.65108, 12.95486], [77.65301, 12.95444], [77.65429, 12.95943], [77.66358, 12.95889], [77.66337, 12.95572], [77.66091, 12.95567], [77.6624, 12.95478], [77.66099, 12.95433], [77.66098, 12.95287], [77.65252, 12.95252], [77.64926, 12.94907], [77.64903, 12.94601], [77.6454, 12.9494], [77.64425, 12.95333], [77.64077, 12.95329], [77.64129, 12.9547], [77.64333, 12.95466], [77.64362, 12.95698], [77.64795, 12.95744], [77.64921, 12.95977]]]]}}, {"type": "Feature", "properties": {"ward_name": "Bangarappa Nagara", "ward_id": "22", "zone": "Rajarajeshwarinagar", "assembly": "154 - Rajarajeshwarinagar", "parliamentary": "Bangalore Rural", "bus_stops": 33, "bus_cov_pct": 96.2, "metro": 2, "metro_cov_pct": 15.6, "parks": 2, "parks_cov_pct": 62.0, "playgrounds": 7, "schools": 22, "anganwadis": 5, "police": 0, "fire": 0, "public_toilets": 4, "toilet_cov_pct": 50.3, "lakes": 4, "ponds": 1, "flood_points": 2, "did_you_know_1": "Nearly all homes here are within a 15-minute walk of a bus stop.", "did_you_know_2": "This ward has 2 parks, and about 6 in 10 homes are within a 15-minute walk of one.", "did_you_know_3": "This ward has 22 schools and 5 anganwadi (child-care) centres.", "question_1": "Safety is a real worry in parts of this ward — how will you improve policing and make our streets safer, especially at night?", "question_2": "How will you make sure emergency services like fire response can reach every corner of this ward quickly?", "question_3": "Clean, safe public toilets are hard to find in parts of this ward — what will you do to provide and maintain them?", "question_4": "Families here struggle to find a park or open ground to relax in or for children to play — how will you create and maintain more green, open spaces in this ward?", "question_5": "Every monsoon, the same spots in this ward flood — what concrete steps will you take to fix the drains and stop the flooding?"}, "geometry": {"type": "MultiPolygon", "coordinates": [[[[77.51573, 12.89363], [77.51576, 12.89241], [77.51396, 12.89298], [77.51453, 12.89556], [77.51263, 12.90025], [77.51415, 12.90206], [77.51133, 12.90229], [77.51109, 12.90403], [77.52131, 12.90285], [77.5207, 12.91488], [77.52296, 12.91476], [77.52469, 12.92092], [77.52223, 12.92205], [77.52312, 12.92529], [77.52003, 12.92658], [77.5209, 12.92993], [77.51769, 12.93222], [77.51782, 12.93474], [77.51834, 12.93639], [77.52288, 12.93899], [77.52826, 12.94517], [77.5343, 12.93647], [77.5331, 12.93509], [77.53507, 12.92732], [77.53689, 12.92677], [77.53674, 12.92368], [77.53887, 12.92473], [77.54024, 12.92324], [77.53836, 12.9181], [77.53643, 12.91925], [77.53178, 12.91779], [77.53109, 12.9131], [77.52587, 12.9043], [77.52608, 12.90121], [77.52432, 12.89747], [77.52113, 12.89784], [77.52099, 12.89384], [77.51982, 12.89306], [77.51573, 12.89363]]]]}}, {"type": "Feature", "properties": {"ward_name": "S.G Palya", "ward_id": "22", "zone": "Bommanahalli", "assembly": "172 - B.T.M Layout", "parliamentary": "Bangalore South", "bus_stops": 7, "bus_cov_pct": 100.1, "metro": 0, "metro_cov_pct": null, "parks": 2, "parks_cov_pct": 98.4, "playgrounds": 2, "schools": 14, "anganwadis": 4, "police": 1, "fire": 0, "public_toilets": 0, "toilet_cov_pct": 92.6, "lakes": 0, "ponds": 0, "flood_points": 1, "did_you_know_1": "Nearly all homes here are within a 15-minute walk of a bus stop.", "did_you_know_2": "This ward has 2 parks, and nearly all homes are within a 15-minute walk of one.", "did_you_know_3": "This ward has 14 schools and 4 anganwadi (child-care) centres.", "question_1": "Our lakes and ponds are neglected or polluted — how will you clean up and protect the water bodies in this ward?", "question_2": "How will you make sure emergency services like fire response can reach every corner of this ward quickly?", "question_3": "Getting across the city from this ward takes too long — how will you push for better public-transport and metro connectivity?", "question_4": "Children here have few safe places to play — will you commit to creating and maintaining playgrounds in this ward?", "question_5": "Every monsoon, the same spots in this ward flood — what concrete steps will you take to fix the drains and stop the flooding?"}, "geometry": {"type": "MultiPolygon", "coordinates": [[[[77.60846, 12.93923], [77.61007, 12.93278], [77.60734, 12.93224], [77.60796, 12.92757], [77.60914, 12.92757], [77.60881, 12.92509], [77.60494, 12.92514], [77.60492, 12.92804], [77.60043, 12.92661], [77.60197, 12.93871], [77.60095, 12.93964], [77.60266, 12.94058], [77.60846, 12.93923]]]]}}, {"type": "Feature", "properties": {"ward_name": "Nagavara", "ward_id": "22", "zone": "Byatarayanapura", "assembly": "160 - Sarvagnanagar", "parliamentary": "Bangalore Central", "bus_stops": 7, "bus_cov_pct": 100.1, "metro": 0, "metro_cov_pct": null, "parks": 0, "parks_cov_pct": 55.1, "playgrounds": 3, "schools": 16, "anganwadis": 6, "police": 1, "fire": 0, "public_toilets": 0, "toilet_cov_pct": 9.3, "lakes": 0, "ponds": 0, "flood_points": 1, "did_you_know_1": "Nearly all homes here are within a 15-minute walk of a bus stop.", "did_you_know_2": "This ward has 16 schools and 6 anganwadi (child-care) centres.", "did_you_know_3": "This ward has 1 police station.", "question_1": "Clean, safe public toilets are hard to find in parts of this ward — what will you do to provide and maintain them?", "question_2": "Our lakes and ponds are neglected or polluted — how will you clean up and protect the water bodies in this ward?", "question_3": "How will you make sure emergency services like fire response can reach every corner of this ward quickly?", "question_4": "Families here struggle to find a park or open ground to relax in or for children to play — how will you create and maintain more green, open spaces in this ward?", "question_5": "Getting across the city from this ward takes too long — how will you push for better public-transport and metro connectivity?"}, "geometry": {"type": "MultiPolygon", "coordinates": [[[[77.62123, 13.03503], [77.62281, 13.03459], [77.62182, 13.03203], [77.61449, 13.0343], [77.61315, 13.0334], [77.6137, 13.03581], [77.6107, 13.03641], [77.61028, 13.03821], [77.612, 13.04253], [77.62353, 13.03832], [77.62123, 13.03503]]]]}}, {"type": "Feature", "properties": {"ward_name": "Mahadevapura", "ward_id": "22", "zone": "K.R. Pura", "assembly": "151 - K.R. Pura", "parliamentary": "Bangalore North", "bus_stops": 13, "bus_cov_pct": 89.6, "metro": 0, "metro_cov_pct": 10.9, "parks": 2, "parks_cov_pct": 33.8, "playgrounds": 4, "schools": 11, "anganwadis": 2, "police": 0, "fire": 0, "public_toilets": 1, "toilet_cov_pct": 59.3, "lakes": 2, "ponds": 1, "flood_points": 1, "did_you_know_1": "About 9 in 10 homes here are within a 15-minute walk of a bus stop.", "did_you_know_2": "This ward has 2 parks, and about 3 in 10 homes are within a 15-minute walk of one.", "did_you_know_3": "This ward has 11 schools and 2 anganwadi (child-care) centres.", "question_1": "Families here struggle to find a park or open ground to relax in or for children to play — how will you create and maintain more green, open spaces in this ward?", "question_2": "Safety is a real worry in parts of this ward — how will you improve policing and make our streets safer, especially at night?", "question_3": "How will you make sure emergency services like fire response can reach every corner of this ward quickly?", "question_4": "Clean, safe public toilets are hard to find in parts of this ward — what will you do to provide and maintain them?", "question_5": "Getting across the city from this ward takes too long — how will you push for better public-transport and metro connectivity?"}, "geometry": {"type": "MultiPolygon", "coordinates": [[[[77.67629, 12.99134], [77.67581, 12.99327], [77.6771, 12.99505], [77.68253, 12.99482], [77.68365, 12.99633], [77.68743, 12.9912], [77.68849, 12.99207], [77.69556, 12.99028], [77.69518, 12.98112], [77.69018, 12.9818], [77.68882, 12.97851], [77.67446, 12.98673], [77.67504, 12.99137], [77.67629, 12.99134]]]]}}, {"type": "Feature", "properties": {"ward_name": "Domluru", "ward_id": "22", "zone": "C.V. Raman Nagar", "assembly": "163 - Shanthinagar", "parliamentary": "Bangalore Central", "bus_stops": 11, "bus_cov_pct": 100.0, "metro": 0, "metro_cov_pct": 0.0, "parks": 4, "parks_cov_pct": 98.7, "playgrounds": 1, "schools": 5, "anganwadis": 0, "police": 0, "fire": 0, "public_toilets": 1, "toilet_cov_pct": 90.3, "lakes": 0, "ponds": 1, "flood_points": 1, "did_you_know_1": "Nearly all homes here are within a 15-minute walk of a bus stop.", "did_you_know_2": "This ward has 4 parks, and nearly all homes are within a 15-minute walk of one.", "did_you_know_3": "This ward has 5 schools.", "question_1": "Young families need childcare and anganwadi centres close to home — how will you add and support more of them in this ward?", "question_2": "Safety is a real worry in parts of this ward — how will you improve policing and make our streets safer, especially at night?", "question_3": "How will you make sure emergency services like fire response can reach every corner of this ward quickly?", "question_4": "Children here have few safe places to play — will you commit to creating and maintaining playgrounds in this ward?", "question_5": "Our lakes and ponds are neglected or polluted — how will you clean up and protect the water bodies in this ward?"}, "geometry": {"type": "MultiPolygon", "coordinates": [[[[77.63634, 12.95658], [77.6382, 12.95775], [77.63584, 12.95795], [77.63427, 12.96171], [77.63522, 12.9625], [77.63428, 12.96542], [77.63709, 12.9668], [77.63731, 12.9683], [77.64132, 12.96861], [77.64167, 12.96057], [77.64375, 12.95791], [77.64333, 12.95466], [77.64129, 12.9547], [77.63977, 12.9515], [77.63667, 12.95522], [77.63634, 12.95658]]]]}}, {"type": "Feature", "properties": {"ward_name": "Lakkasandra", "ward_id": "23", "zone": "Bommanahalli", "assembly": "172 - B.T.M Layout", "parliamentary": "Bangalore South", "bus_stops": 10, "bus_cov_pct": 100.1, "metro": 0, "metro_cov_pct": null, "parks": 1, "parks_cov_pct": 100.1, "playgrounds": 0, "schools": 2, "anganwadis": 3, "police": 0, "fire": 0, "public_toilets": 3, "toilet_cov_pct": 100.1, "lakes": 0, "ponds": 0, "flood_points": 0, "did_you_know_1": "Nearly all homes here are within a 15-minute walk of a bus stop.", "did_you_know_2": "This ward has 1 park, and nearly all homes are within a 15-minute walk of one.", "did_you_know_3": "This ward has 2 schools and 3 anganwadi (child-care) centres.", "question_1": "Children here have few safe places to play — will you commit to creating and maintaining playgrounds in this ward?", "question_2": "Safety is a real worry in parts of this ward — how will you improve policing and make our streets safer, especially at night?", "question_3": "Our lakes and ponds are neglected or polluted — how will you clean up and protect the water bodies in this ward?", "question_4": "Do children in this ward have good government schools within easy reach — and what will you do to improve the ones we have?", "question_5": "How will you make sure emergency services like fire response can reach every corner of this ward quickly?"}, "geometry": {"type": "MultiPolygon", "coordinates": [[[[77.60868, 12.93544], [77.60846, 12.93923], [77.60388, 12.94049], [77.60095, 12.93964], [77.60166, 12.93712], [77.59938, 12.93761], [77.59726, 12.94319], [77.60263, 12.94214], [77.60277, 12.94446], [77.60622, 12.944], [77.60602, 12.9423], [77.60802, 12.94256], [77.61352, 12.93202], [77.60868, 12.93544]]]]}}, {"type": "Feature", "properties": {"ward_name": "Hennur", "ward_id": "23", "zone": "Byatarayanapura", "assembly": "160 - Sarvagnanagar", "parliamentary": "Bangalore Central", "bus_stops": 17, "bus_cov_pct": 100.1, "metro": 0, "metro_cov_pct": null, "parks": 0, "parks_cov_pct": 43.3, "playgrounds": 1, "schools": 29, "anganwadis": 3, "police": 0, "fire": 0, "public_toilets": 1, "toilet_cov_pct": 40.8, "lakes": 0, "ponds": 1, "flood_points": 2, "did_you_know_1": "Nearly all homes here are within a 15-minute walk of a bus stop.", "did_you_know_2": "This ward has 29 schools and 3 anganwadi (child-care) centres.", "did_you_know_3": "This ward has 1 public toilet, and about 4 in 10 homes are within a 15-minute walk of one.", "question_1": "Safety is a real worry in parts of this ward — how will you improve policing and make our streets safer, especially at night?", "question_2": "Clean, safe public toilets are hard to find in parts of this ward — what will you do to provide and maintain them?", "question_3": "Families here struggle to find a park or open ground to relax in or for children to play — how will you create and maintain more green, open spaces in this ward?", "question_4": "How will you make sure emergency services like fire response can reach every corner of this ward quickly?", "question_5": "Children here have few safe places to play — will you commit to creating and maintaining playgrounds in this ward?"}, "geometry": {"type": "MultiPolygon", "coordinates": [[[[77.62183, 13.03205], [77.62281, 13.03459], [77.62145, 13.03593], [77.62337, 13.03746], [77.62749, 13.04551], [77.62868, 13.04232], [77.63464, 13.04258], [77.63606, 13.04072], [77.63801, 13.04322], [77.64139, 13.04242], [77.64118, 13.037], [77.63592, 13.03165], [77.6327, 13.0344], [77.63013, 13.0319], [77.62589, 13.03804], [77.6243, 13.03371], [77.62566, 13.03329], [77.62507, 13.03085], [77.62183, 13.03205]]]]}}, {"type": "Feature", "properties": {"ward_name": "Sangama Ward", "ward_id": "23", "zone": "K.R. Pura", "assembly": "151 - K.R. Pura", "parliamentary": "Bangalore North", "bus_stops": 6, "bus_cov_pct": 100.1, "metro": 0, "metro_cov_pct": null, "parks": 1, "parks_cov_pct": 38.3, "playgrounds": 1, "schools": 9, "anganwadis": 1, "police": 1, "fire": 0, "public_toilets": 0, "toilet_cov_pct": 62.3, "lakes": 0, "ponds": 0, "flood_points": 0, "did_you_know_1": "Nearly all homes here are within a 15-minute walk of a bus stop.", "did_you_know_2": "This ward has 1 park, and about 4 in 10 homes are within a 15-minute walk of one.", "did_you_know_3": "This ward has 9 schools and 1 anganwadi (child-care) centre.", "question_1": "Families here struggle to find a park or open ground to relax in or for children to play — how will you create and maintain more green, open spaces in this ward?", "question_2": "Our lakes and ponds are neglected or polluted — how will you clean up and protect the water bodies in this ward?", "question_3": "How will you make sure emergency services like fire response can reach every corner of this ward quickly?", "question_4": "Young families need childcare and anganwadi centres close to home — how will you add and support more of them in this ward?", "question_5": "Children here have few safe places to play — will you commit to creating and maintaining playgrounds in this ward?"}, "geometry": {"type": "MultiPolygon", "coordinates": [[[[77.68299, 12.96582], [77.68211, 12.97687], [77.67934, 12.97792], [77.6798, 12.98367], [77.68722, 12.97948], [77.684, 12.97595], [77.68682, 12.97322], [77.68609, 12.9703], [77.6884, 12.96701], [77.68964, 12.95542], [77.67986, 12.95442], [77.68299, 12.96582]]]]}}, {"type": "Feature", "properties": {"ward_name": "Jogpalya", "ward_id": "23", "zone": "C.V. Raman Nagar", "assembly": "163 - Shanthinagar", "parliamentary": "Bangalore Central", "bus_stops": 3, "bus_cov_pct": 100.1, "metro": 0, "metro_cov_pct": 96.2, "parks": 3, "parks_cov_pct": 100.1, "playgrounds": 2, "schools": 20, "anganwadis": 2, "police": 0, "fire": 0, "public_toilets": 0, "toilet_cov_pct": 4.7, "lakes": 0, "ponds": 0, "flood_points": 3, "did_you_know_1": "Nearly all homes here are within a 15-minute walk of a bus stop.", "did_you_know_2": "This ward has 3 parks, and nearly all homes are within a 15-minute walk of one.", "did_you_know_3": "This ward has 20 schools and 2 anganwadi (child-care) centres.", "question_1": "Clean, safe public toilets are hard to find in parts of this ward — what will you do to provide and maintain them?", "question_2": "Safety is a real worry in parts of this ward — how will you improve policing and make our streets safer, especially at night?", "question_3": "Our lakes and ponds are neglected or polluted — how will you clean up and protect the water bodies in this ward?", "question_4": "How will you make sure emergency services like fire response can reach every corner of this ward quickly?", "question_5": "Getting across the city from this ward takes too long — how will you push for better public-transport and metro connectivity?"}, "geometry": {"type": "MultiPolygon", "coordinates": [[[[77.63709, 12.9668], [77.636, 12.97167], [77.63391, 12.97089], [77.633, 12.96878], [77.62657, 12.96816], [77.62558, 12.97215], [77.6281, 12.9738], [77.62698, 12.97451], [77.62782, 12.97572], [77.63048, 12.97344], [77.63275, 12.97319], [77.6334, 12.9759], [77.64095, 12.9761], [77.64132, 12.96861], [77.63731, 12.9683], [77.63709, 12.9668]]]]}}, {"type": "Feature", "properties": {"ward_name": "Rajarajeshwari Nagara", "ward_id": "23", "zone": "Rajarajeshwarinagar", "assembly": "154 - Rajarajeshwarinagar", "parliamentary": "Bangalore Rural", "bus_stops": 37, "bus_cov_pct": 99.8, "metro": 0, "metro_cov_pct": 20.4, "parks": 11, "parks_cov_pct": 97.3, "playgrounds": 3, "schools": 15, "anganwadis": 2, "police": 1, "fire": 0, "public_toilets": 5, "toilet_cov_pct": 96.0, "lakes": 1, "ponds": 0, "flood_points": 10, "did_you_know_1": "Nearly all homes here are within a 15-minute walk of a bus stop.", "did_you_know_2": "This ward has 11 parks, and nearly all homes are within a 15-minute walk of one.", "did_you_know_3": "This ward has 15 schools and 2 anganwadi (child-care) centres.", "question_1": "Every monsoon, the same spots in this ward flood — what concrete steps will you take to fix the drains and stop the flooding?", "question_2": "How will you make sure emergency services like fire response can reach every corner of this ward quickly?", "question_3": "Our lakes and ponds are neglected or polluted — how will you clean up and protect the water bodies in this ward?", "question_4": "Getting across the city from this ward takes too long — how will you push for better public-transport and metro connectivity?", "question_5": "Young families need childcare and anganwadi centres close to home — how will you add and support more of them in this ward?"}, "geometry": {"type": "MultiPolygon", "coordinates": [[[[77.50537, 12.92966], [77.51097, 12.9289], [77.51097, 12.93245], [77.5091, 12.93325], [77.51235, 12.93535], [77.51834, 12.93639], [77.51769, 12.93222], [77.5209, 12.92993], [77.52003, 12.92658], [77.52312, 12.92529], [77.52223, 12.92205], [77.52471, 12.92129], [77.52296, 12.91476], [77.5207, 12.91488], [77.52131, 12.90285], [77.51231, 12.90403], [77.51202, 12.90801], [77.51356, 12.91084], [77.51197, 12.91366], [77.51144, 12.92368], [77.50515, 12.92554], [77.5028, 12.92813], [77.50537, 12.92966]]]]}}, {"type": "Feature", "properties": {"ward_name": "Agaram", "ward_id": "24", "zone": "C.V. Raman Nagar", "assembly": "163 - Shanthinagar", "parliamentary": "Bangalore Central", "bus_stops": 26, "bus_cov_pct": 60.5, "metro": 0, "metro_cov_pct": 7.4, "parks": 2, "parks_cov_pct": 38.1, "playgrounds": 14, "schools": 18, "anganwadis": 2, "police": 1, "fire": 0, "public_toilets": 1, "toilet_cov_pct": 16.6, "lakes": 0, "ponds": 7, "flood_points": 0, "did_you_know_1": "About 6 in 10 homes here are within a 15-minute walk of a bus stop.", "did_you_know_2": "This ward has 2 parks, and about 4 in 10 homes are within a 15-minute walk of one.", "did_you_know_3": "This ward has 18 schools and 2 anganwadi (child-care) centres.", "question_1": "Clean, safe public toilets are hard to find in parts of this ward — what will you do to provide and maintain them?", "question_2": "Families here struggle to find a park or open ground to relax in or for children to play — how will you create and maintain more green, open spaces in this ward?", "question_3": "How will you make sure emergency services like fire response can reach every corner of this ward quickly?", "question_4": "Getting across the city from this ward takes too long — how will you push for better public-transport and metro connectivity?", "question_5": "Many of us walk far or wait too long for a bus — what will you do to bring frequent, reliable bus service closer to every part of this ward?"}, "geometry": {"type": "MultiPolygon", "coordinates": [[[[77.63807, 12.95743], [77.63634, 12.95658], [77.63667, 12.95522], [77.64372, 12.9478], [77.65024, 12.94247], [77.65806, 12.93985], [77.65814, 12.9379], [77.66043, 12.93827], [77.65507, 12.93491], [77.65912, 12.92942], [77.66108, 12.92983], [77.66302, 12.92833], [77.66116, 12.92161], [77.66279, 12.9212], [77.66035, 12.91634], [77.65466, 12.92045], [77.6515, 12.92118], [77.65174, 12.92422], [77.63929, 12.92406], [77.63917, 12.92584], [77.64132, 12.92616], [77.6419, 12.92926], [77.63958, 12.92969], [77.6333, 12.93734], [77.62602, 12.95214], [77.62094, 12.95592], [77.62115, 12.95783], [77.61767, 12.96532], [77.62052, 12.96667], [77.61932, 12.97248], [77.62457, 12.9746], [77.6285, 12.97813], [77.63179, 12.97637], [77.63316, 12.97325], [77.63048, 12.97344], [77.62782, 12.97572], [77.62698, 12.97451], [77.6281, 12.9738], [77.62558, 12.97215], [77.62657, 12.96816], [77.633, 12.96878], [77.63391, 12.97089], [77.636, 12.97167], [77.63705, 12.96687], [77.63428, 12.96542], [77.63522, 12.9625], [77.63427, 12.96171], [77.63584, 12.95795], [77.63807, 12.95743]]]]}}, {"type": "Feature", "properties": {"ward_name": "HBR Layout", "ward_id": "24", "zone": "Byatarayanapura", "assembly": "160 - Sarvagnanagar", "parliamentary": "Bangalore Central", "bus_stops": 12, "bus_cov_pct": 100.1, "metro": 0, "metro_cov_pct": null, "parks": 4, "parks_cov_pct": 87.5, "playgrounds": 2, "schools": 13, "anganwadis": 5, "police": 1, "fire": 0, "public_toilets": 0, "toilet_cov_pct": 4.6, "lakes": 0, "ponds": 2, "flood_points": 0, "did_you_know_1": "Nearly all homes here are within a 15-minute walk of a bus stop.", "did_you_know_2": "This ward has 4 parks, and about 9 in 10 homes are within a 15-minute walk of one.", "did_you_know_3": "This ward has 13 schools and 5 anganwadi (child-care) centres.", "question_1": "Clean, safe public toilets are hard to find in parts of this ward — what will you do to provide and maintain them?", "question_2": "How will you make sure emergency services like fire response can reach every corner of this ward quickly?", "question_3": "Getting across the city from this ward takes too long — how will you push for better public-transport and metro connectivity?", "question_4": "Children here have few safe places to play — will you commit to creating and maintaining playgrounds in this ward?", "question_5": "Our lakes and ponds are neglected or polluted — how will you clean up and protect the water bodies in this ward?"}, "geometry": {"type": "MultiPolygon", "coordinates": [[[[77.62628, 13.0212], [77.62335, 13.02122], [77.62006, 13.0262], [77.62183, 13.03205], [77.62507, 13.03085], [77.62566, 13.03329], [77.6243, 13.03371], [77.62589, 13.03804], [77.63013, 13.0319], [77.6327, 13.0344], [77.63592, 13.03165], [77.64118, 13.037], [77.64146, 13.03951], [77.64377, 13.03897], [77.64494, 13.03588], [77.64323, 13.03591], [77.64337, 13.03387], [77.64103, 13.03426], [77.63761, 13.02799], [77.6335, 13.02869], [77.63272, 13.02777], [77.62888, 13.02992], [77.62628, 13.0212]]]]}}, {"type": "Feature", "properties": {"ward_name": "A Adugodi", "ward_id": "24", "zone": "Bommanahalli", "assembly": "172 - B.T.M Layout", "parliamentary": "Bangalore South", "bus_stops": 16, "bus_cov_pct": 100.1, "metro": 0, "metro_cov_pct": null, "parks": 12, "parks_cov_pct": 83.6, "playgrounds": 3, "schools": 19, "anganwadis": 4, "police": 2, "fire": 0, "public_toilets": 3, "toilet_cov_pct": 98.7, "lakes": 0, "ponds": 0, "flood_points": 0, "did_you_know_1": "Nearly all homes here are within a 15-minute walk of a bus stop.", "did_you_know_2": "This ward has 12 parks, and about 8 in 10 homes are within a 15-minute walk of one.", "did_you_know_3": "This ward has 19 schools and 4 anganwadi (child-care) centres.", "question_1": "Our lakes and ponds are neglected or polluted — how will you clean up and protect the water bodies in this ward?", "question_2": "How will you make sure emergency services like fire response can reach every corner of this ward quickly?", "question_3": "Getting across the city from this ward takes too long — how will you push for better public-transport and metro connectivity?", "question_4": "Families here struggle to find a park or open ground to relax in or for children to play — how will you create and maintain more green, open spaces in this ward?", "question_5": "Safety is a real worry in parts of this ward — how will you improve policing and make our streets safer, especially at night?"}, "geometry": {"type": "MultiPolygon", "coordinates": [[[[77.60981, 12.94372], [77.6083, 12.94195], [77.60602, 12.9423], [77.60622, 12.944], [77.60277, 12.94446], [77.60344, 12.95051], [77.617, 12.94915], [77.61609, 12.94662], [77.61777, 12.94465], [77.61742, 12.94222], [77.62287, 12.94188], [77.62225, 12.93961], [77.6238, 12.93795], [77.62198, 12.93575], [77.6238, 12.93463], [77.62343, 12.93356], [77.6166, 12.93413], [77.61529, 12.93585], [77.61731, 12.93632], [77.61798, 12.93925], [77.61512, 12.94036], [77.61518, 12.94208], [77.60981, 12.94372]]]]}}, {"type": "Feature", "properties": {"ward_name": "Vignananagara", "ward_id": "24", "zone": "K.R. Pura", "assembly": "151 - K.R. Pura", "parliamentary": "Bangalore North", "bus_stops": 12, "bus_cov_pct": 92.9, "metro": 0, "metro_cov_pct": null, "parks": 1, "parks_cov_pct": 79.0, "playgrounds": 1, "schools": 7, "anganwadis": 0, "police": 0, "fire": 0, "public_toilets": 2, "toilet_cov_pct": 60.3, "lakes": 1, "ponds": 1, "flood_points": 1, "did_you_know_1": "About 9 in 10 homes here are within a 15-minute walk of a bus stop.", "did_you_know_2": "This ward has 1 park, and about 8 in 10 homes are within a 15-minute walk of one.", "did_you_know_3": "This ward has 7 schools.", "question_1": "Young families need childcare and anganwadi centres close to home — how will you add and support more of them in this ward?", "question_2": "Safety is a real worry in parts of this ward — how will you improve policing and make our streets safer, especially at night?", "question_3": "How will you make sure emergency services like fire response can reach every corner of this ward quickly?", "question_4": "Children here have few safe places to play — will you commit to creating and maintaining playgrounds in this ward?", "question_5": "Getting across the city from this ward takes too long — how will you push for better public-transport and metro connectivity?"}, "geometry": {"type": "MultiPolygon", "coordinates": [[[[77.67035, 12.97109], [77.66665, 12.97073], [77.66652, 12.97533], [77.67812, 12.97271], [77.67934, 12.97792], [77.68143, 12.97767], [77.6829, 12.96556], [77.68211, 12.96412], [77.68068, 12.96431], [77.67897, 12.96499], [77.67924, 12.96609], [77.67507, 12.96688], [77.67511, 12.96485], [77.67257, 12.96449], [77.67451, 12.97004], [77.67165, 12.97103], [77.67028, 12.96952], [77.67035, 12.97109]]]]}}, {"type": "Feature", "properties": {"ward_name": "Jnana Bharathi Ward", "ward_id": "24", "zone": "Rajarajeshwarinagar", "assembly": "154 - Rajarajeshwarinagar", "parliamentary": "Bangalore Rural", "bus_stops": 49, "bus_cov_pct": 83.7, "metro": 1, "metro_cov_pct": 11.5, "parks": 4, "parks_cov_pct": 71.9, "playgrounds": 10, "schools": 22, "anganwadis": 0, "police": 1, "fire": 1, "public_toilets": 3, "toilet_cov_pct": 50.4, "lakes": 0, "ponds": 2, "flood_points": 0, "did_you_know_1": "About 8 in 10 homes here are within a 15-minute walk of a bus stop.", "did_you_know_2": "This ward has 4 parks, and about 7 in 10 homes are within a 15-minute walk of one.", "did_you_know_3": "This ward has 22 schools.", "question_1": "Young families need childcare and anganwadi centres close to home — how will you add and support more of them in this ward?", "question_2": "Clean, safe public toilets are hard to find in parts of this ward — what will you do to provide and maintain them?", "question_3": "Families here struggle to find a park or open ground to relax in or for children to play — how will you create and maintain more green, open spaces in this ward?", "question_4": "Our lakes and ponds are neglected or polluted — how will you clean up and protect the water bodies in this ward?", "question_5": "Many of us walk far or wait too long for a bus — what will you do to bring frequent, reliable bus service closer to every part of this ward?"}, "geometry": {"type": "MultiPolygon", "coordinates": [[[[77.49715, 12.96066], [77.49601, 12.95902], [77.49702, 12.95847], [77.50004, 12.95762], [77.50051, 12.95884], [77.5118, 12.95542], [77.51106, 12.95004], [77.51701, 12.94449], [77.51272, 12.93821], [77.51383, 12.93579], [77.51116, 12.9349], [77.49921, 12.92523], [77.49862, 12.93091], [77.50008, 12.93537], [77.49914, 12.93571], [77.49968, 12.93803], [77.49719, 12.94005], [77.50074, 12.94666], [77.49046, 12.94741], [77.48494, 12.95142], [77.48562, 12.95496], [77.48437, 12.9562], [77.48653, 12.96148], [77.49219, 12.96075], [77.49304, 12.96285], [77.49629, 12.96232], [77.49715, 12.96066]]]]}}, {"type": "Feature", "properties": {"ward_name": "Vinayaka Layout", "ward_id": "25", "zone": "Rajarajeshwarinagar", "assembly": "154 - Rajarajeshwarinagar", "parliamentary": "Bangalore Rural", "bus_stops": 32, "bus_cov_pct": 100.1, "metro": 0, "metro_cov_pct": null, "parks": 15, "parks_cov_pct": 100.1, "playgrounds": 2, "schools": 11, "anganwadis": 0, "police": 1, "fire": 0, "public_toilets": 4, "toilet_cov_pct": 98.8, "lakes": 1, "ponds": 0, "flood_points": 3, "did_you_know_1": "Nearly all homes here are within a 15-minute walk of a bus stop.", "did_you_know_2": "This ward has 15 parks, and nearly all homes are within a 15-minute walk of one.", "did_you_know_3": "This ward has 11 schools.", "question_1": "Young families need childcare and anganwadi centres close to home — how will you add and support more of them in this ward?", "question_2": "How will you make sure emergency services like fire response can reach every corner of this ward quickly?", "question_3": "Our lakes and ponds are neglected or polluted — how will you clean up and protect the water bodies in this ward?", "question_4": "Getting across the city from this ward takes too long — how will you push for better public-transport and metro connectivity?", "question_5": "Every monsoon, the same spots in this ward flood — what concrete steps will you take to fix the drains and stop the flooding?"}, "geometry": {"type": "MultiPolygon", "coordinates": [[[[77.51174, 12.9554], [77.5033, 12.95788], [77.50497, 12.96632], [77.50947, 12.97507], [77.51099, 12.98102], [77.51607, 12.9801], [77.51346, 12.97466], [77.51512, 12.97397], [77.51437, 12.971], [77.51774, 12.9699], [77.51739, 12.96629], [77.51847, 12.96534], [77.51776, 12.96196], [77.51606, 12.9618], [77.51448, 12.95771], [77.51166, 12.95926], [77.51174, 12.9554]]]]}}, {"type": "Feature", "properties": {"ward_name": "L.B Shastri Nagar", "ward_id": "25", "zone": "K.R. Pura", "assembly": "151 - K.R. Pura", "parliamentary": "Bangalore North", "bus_stops": 2, "bus_cov_pct": 100.1, "metro": 0, "metro_cov_pct": null, "parks": 0, "parks_cov_pct": 100.0, "playgrounds": 0, "schools": 6, "anganwadis": 6, "police": 0, "fire": 0, "public_toilets": 0, "toilet_cov_pct": 10.4, "lakes": 0, "ponds": 0, "flood_points": 0, "did_you_know_1": "Nearly all homes here are within a 15-minute walk of a bus stop.", "did_you_know_2": "This ward has 6 schools and 6 anganwadi (child-care) centres.", "did_you_know_3": "This ward is served by 2 bus stops.", "question_1": "Clean, safe public toilets are hard to find in parts of this ward — what will you do to provide and maintain them?", "question_2": "Children here have few safe places to play — will you commit to creating and maintaining playgrounds in this ward?", "question_3": "Safety is a real worry in parts of this ward — how will you improve policing and make our streets safer, especially at night?", "question_4": "Our lakes and ponds are neglected or polluted — how will you clean up and protect the water bodies in this ward?", "question_5": "How will you make sure emergency services like fire response can reach every corner of this ward quickly?"}, "geometry": {"type": "MultiPolygon", "coordinates": [[[[77.67451, 12.97004], [77.67216, 12.96116], [77.66817, 12.96128], [77.66857, 12.96596], [77.66976, 12.96615], [77.67165, 12.97103], [77.67451, 12.97004]]]]}}, {"type": "Feature", "properties": {"ward_name": "Govindapura", "ward_id": "25", "zone": "Byatarayanapura", "assembly": "160 - Sarvagnanagar", "parliamentary": "Bangalore Central", "bus_stops": 4, "bus_cov_pct": 100.1, "metro": 0, "metro_cov_pct": null, "parks": 0, "parks_cov_pct": 98.6, "playgrounds": 0, "schools": 18, "anganwadis": 6, "police": 0, "fire": 0, "public_toilets": 0, "toilet_cov_pct": 1.0, "lakes": 0, "ponds": 0, "flood_points": 0, "did_you_know_1": "Nearly all homes here are within a 15-minute walk of a bus stop.", "did_you_know_2": "This ward has 18 schools and 6 anganwadi (child-care) centres.", "did_you_know_3": "This ward is served by 4 bus stops.", "question_1": "Clean, safe public toilets are hard to find in parts of this ward — what will you do to provide and maintain them?", "question_2": "Children here have few safe places to play — will you commit to creating and maintaining playgrounds in this ward?", "question_3": "Safety is a real worry in parts of this ward — how will you improve policing and make our streets safer, especially at night?", "question_4": "Our lakes and ponds are neglected or polluted — how will you clean up and protect the water bodies in this ward?", "question_5": "How will you make sure emergency services like fire response can reach every corner of this ward quickly?"}, "geometry": {"type": "MultiPolygon", "coordinates": [[[[77.61587, 13.02866], [77.61156, 13.03411], [77.61083, 13.03668], [77.6137, 13.03581], [77.61315, 13.0334], [77.61449, 13.0343], [77.62182, 13.03203], [77.62006, 13.0262], [77.61587, 13.02866]]]]}}, {"type": "Feature", "properties": {"ward_name": "National Games Village", "ward_id": "25", "zone": "Bommanahalli", "assembly": "172 - B.T.M Layout", "parliamentary": "Bangalore South", "bus_stops": 8, "bus_cov_pct": 100.1, "metro": 0, "metro_cov_pct": null, "parks": 1, "parks_cov_pct": 98.1, "playgrounds": 1, "schools": 5, "anganwadis": 9, "police": 0, "fire": 0, "public_toilets": 2, "toilet_cov_pct": 96.7, "lakes": 0, "ponds": 0, "flood_points": 1, "did_you_know_1": "Nearly all homes here are within a 15-minute walk of a bus stop.", "did_you_know_2": "This ward has 1 park, and nearly all homes are within a 15-minute walk of one.", "did_you_know_3": "This ward has 5 schools and 9 anganwadi (child-care) centres.", "question_1": "Safety is a real worry in parts of this ward — how will you improve policing and make our streets safer, especially at night?", "question_2": "Our lakes and ponds are neglected or polluted — how will you clean up and protect the water bodies in this ward?", "question_3": "How will you make sure emergency services like fire response can reach every corner of this ward quickly?", "question_4": "Children here have few safe places to play — will you commit to creating and maintaining playgrounds in this ward?", "question_5": "Getting across the city from this ward takes too long — how will you push for better public-transport and metro connectivity?"}, "geometry": {"type": "MultiPolygon", "coordinates": [[[[77.61796, 12.94496], [77.61614, 12.94617], [77.61698, 12.94912], [77.61932, 12.94745], [77.6203, 12.94927], [77.62106, 12.94816], [77.622, 12.9488], [77.62626, 12.94514], [77.627, 12.94076], [77.62542, 12.93988], [77.61857, 12.94588], [77.61796, 12.94496]]]]}}, {"type": "Feature", "properties": {"ward_name": "Ashokanagar", "ward_id": "25", "zone": "C.V. Raman Nagar", "assembly": "163 - Shanthinagar", "parliamentary": "Bangalore Central", "bus_stops": 45, "bus_cov_pct": 100.1, "metro": 1, "metro_cov_pct": 52.8, "parks": 4, "parks_cov_pct": 80.6, "playgrounds": 15, "schools": 44, "anganwadis": 0, "police": 3, "fire": 1, "public_toilets": 2, "toilet_cov_pct": 75.8, "lakes": 0, "ponds": 0, "flood_points": 4, "did_you_know_1": "Nearly all homes here are within a 15-minute walk of a bus stop.", "did_you_know_2": "This ward has 4 parks, and about 8 in 10 homes are within a 15-minute walk of one.", "did_you_know_3": "This ward has 44 schools.", "question_1": "Young families need childcare and anganwadi centres close to home — how will you add and support more of them in this ward?", "question_2": "Our lakes and ponds are neglected or polluted — how will you clean up and protect the water bodies in this ward?", "question_3": "Every monsoon, the same spots in this ward flood — what concrete steps will you take to fix the drains and stop the flooding?", "question_4": "Clean, safe public toilets are hard to find in parts of this ward — what will you do to provide and maintain them?", "question_5": "Families here struggle to find a park or open ground to relax in or for children to play — how will you create and maintain more green, open spaces in this ward?"}, "geometry": {"type": "MultiPolygon", "coordinates": [[[[77.60248, 12.95979], [77.60264, 12.96564], [77.5964, 12.96489], [77.59507, 12.96657], [77.59395, 12.97202], [77.59932, 12.97666], [77.59776, 12.98075], [77.61439, 12.9753], [77.61385, 12.97373], [77.61953, 12.97222], [77.62052, 12.96667], [77.61767, 12.96532], [77.61893, 12.96246], [77.61271, 12.96163], [77.60877, 12.96667], [77.6068, 12.96625], [77.60598, 12.95803], [77.60248, 12.95979]]]]}}, {"type": "Feature", "properties": {"ward_name": "Ejipura", "ward_id": "26", "zone": "Bommanahalli", "assembly": "172 - B.T.M Layout", "parliamentary": "Bangalore South", "bus_stops": 4, "bus_cov_pct": 100.1, "metro": 0, "metro_cov_pct": null, "parks": 0, "parks_cov_pct": 100.1, "playgrounds": 0, "schools": 6, "anganwadis": 2, "police": 0, "fire": 0, "public_toilets": 1, "toilet_cov_pct": 75.1, "lakes": 0, "ponds": 0, "flood_points": 0, "did_you_know_1": "Nearly all homes here are within a 15-minute walk of a bus stop.", "did_you_know_2": "This ward has 6 schools and 2 anganwadi (child-care) centres.", "did_you_know_3": "This ward has 1 public toilet, and about 8 in 10 homes are within a 15-minute walk of one.", "question_1": "Children here have few safe places to play — will you commit to creating and maintaining playgrounds in this ward?", "question_2": "Safety is a real worry in parts of this ward — how will you improve policing and make our streets safer, especially at night?", "question_3": "Our lakes and ponds are neglected or polluted — how will you clean up and protect the water bodies in this ward?", "question_4": "How will you make sure emergency services like fire response can reach every corner of this ward quickly?", "question_5": "Getting across the city from this ward takes too long — how will you push for better public-transport and metro connectivity?"}, "geometry": {"type": "MultiPolygon", "coordinates": [[[[77.63057, 12.9431], [77.62617, 12.94172], [77.62626, 12.94514], [77.6203, 12.94927], [77.6215, 12.95166], [77.62765, 12.94859], [77.63057, 12.9431]]]]}}, {"type": "Feature", "properties": {"ward_name": "Vannarpet", "ward_id": "26", "zone": "C.V. Raman Nagar", "assembly": "163 - Shanthinagar", "parliamentary": "Bangalore Central", "bus_stops": 6, "bus_cov_pct": 100.1, "metro": 0, "metro_cov_pct": null, "parks": 1, "parks_cov_pct": 95.7, "playgrounds": 1, "schools": 15, "anganwadis": 3, "police": 0, "fire": 0, "public_toilets": 0, "toilet_cov_pct": 60.8, "lakes": 0, "ponds": 0, "flood_points": 1, "did_you_know_1": "Nearly all homes here are within a 15-minute walk of a bus stop.", "did_you_know_2": "This ward has 1 park, and nearly all homes are within a 15-minute walk of one.", "did_you_know_3": "This ward has 15 schools and 3 anganwadi (child-care) centres.", "question_1": "Safety is a real worry in parts of this ward — how will you improve policing and make our streets safer, especially at night?", "question_2": "Our lakes and ponds are neglected or polluted — how will you clean up and protect the water bodies in this ward?", "question_3": "How will you make sure emergency services like fire response can reach every corner of this ward quickly?", "question_4": "Children here have few safe places to play — will you commit to creating and maintaining playgrounds in this ward?", "question_5": "Getting across the city from this ward takes too long — how will you push for better public-transport and metro connectivity?"}, "geometry": {"type": "MultiPolygon", "coordinates": [[[[77.62583, 12.95215], [77.61786, 12.95277], [77.61622, 12.96164], [77.61893, 12.96246], [77.62094, 12.95592], [77.62583, 12.95215]]]]}}, {"type": "Feature", "properties": {"ward_name": "Jagadish Nagar", "ward_id": "26", "zone": "K.R. Pura", "assembly": "151 - K.R. Pura", "parliamentary": "Bangalore North", "bus_stops": 13, "bus_cov_pct": 100.1, "metro": 0, "metro_cov_pct": null, "parks": 1, "parks_cov_pct": 89.3, "playgrounds": 0, "schools": 17, "anganwadis": 5, "police": 0, "fire": 0, "public_toilets": 0, "toilet_cov_pct": 5.6, "lakes": 0, "ponds": 0, "flood_points": 0, "did_you_know_1": "Nearly all homes here are within a 15-minute walk of a bus stop.", "did_you_know_2": "This ward has 1 park, and about 9 in 10 homes are within a 15-minute walk of one.", "did_you_know_3": "This ward has 17 schools and 5 anganwadi (child-care) centres.", "question_1": "Clean, safe public toilets are hard to find in parts of this ward — what will you do to provide and maintain them?", "question_2": "Children here have few safe places to play — will you commit to creating and maintaining playgrounds in this ward?", "question_3": "Safety is a real worry in parts of this ward — how will you improve policing and make our streets safer, especially at night?", "question_4": "Our lakes and ponds are neglected or polluted — how will you clean up and protect the water bodies in this ward?", "question_5": "How will you make sure emergency services like fire response can reach every corner of this ward quickly?"}, "geometry": {"type": "MultiPolygon", "coordinates": [[[[77.65977, 12.96103], [77.66145, 12.96214], [77.66179, 12.96427], [77.66053, 12.9649], [77.66196, 12.96631], [77.65727, 12.96824], [77.65775, 12.97078], [77.66157, 12.97198], [77.67035, 12.97109], [77.66976, 12.96615], [77.66857, 12.96596], [77.66794, 12.95815], [77.65966, 12.95906], [77.65977, 12.96103]]]]}}, {"type": "Feature", "properties": {"ward_name": "Mallathahalli", "ward_id": "26", "zone": "Rajarajeshwarinagar", "assembly": "154 - Rajarajeshwarinagar", "parliamentary": "Bangalore Rural", "bus_stops": 22, "bus_cov_pct": 100.1, "metro": 0, "metro_cov_pct": null, "parks": 4, "parks_cov_pct": 100.1, "playgrounds": 0, "schools": 9, "anganwadis": 3, "police": 0, "fire": 0, "public_toilets": 1, "toilet_cov_pct": 70.3, "lakes": 0, "ponds": 0, "flood_points": 0, "did_you_know_1": "Nearly all homes here are within a 15-minute walk of a bus stop.", "did_you_know_2": "This ward has 4 parks, and nearly all homes are within a 15-minute walk of one.", "did_you_know_3": "This ward has 9 schools and 3 anganwadi (child-care) centres.", "question_1": "Children here have few safe places to play — will you commit to creating and maintaining playgrounds in this ward?", "question_2": "Safety is a real worry in parts of this ward — how will you improve policing and make our streets safer, especially at night?", "question_3": "Our lakes and ponds are neglected or polluted — how will you clean up and protect the water bodies in this ward?", "question_4": "How will you make sure emergency services like fire response can reach every corner of this ward quickly?", "question_5": "Getting across the city from this ward takes too long — how will you push for better public-transport and metro connectivity?"}, "geometry": {"type": "MultiPolygon", "coordinates": [[[[77.50004, 12.95762], [77.49601, 12.95902], [77.49731, 12.96165], [77.49528, 12.96252], [77.49851, 12.96957], [77.49465, 12.9715], [77.49532, 12.97602], [77.49399, 12.97624], [77.4932, 12.97925], [77.49575, 12.97917], [77.497, 12.98177], [77.50207, 12.97982], [77.50159, 12.97828], [77.50383, 12.97702], [77.50955, 12.97526], [77.50497, 12.96632], [77.50318, 12.95761], [77.50051, 12.95884], [77.50004, 12.95762]]]]}}, {"type": "Feature", "properties": {"ward_name": "Samadhana Nagar", "ward_id": "26", "zone": "Byatarayanapura", "assembly": "160 - Sarvagnanagar", "parliamentary": "Bangalore Central", "bus_stops": 4, "bus_cov_pct": 100.1, "metro": 0, "metro_cov_pct": null, "parks": 0, "parks_cov_pct": 78.1, "playgrounds": 0, "schools": 11, "anganwadis": 4, "police": 0, "fire": 0, "public_toilets": 0, "toilet_cov_pct": 60.9, "lakes": 0, "ponds": 0, "flood_points": 0, "did_you_know_1": "Nearly all homes here are within a 15-minute walk of a bus stop.", "did_you_know_2": "This ward has 11 schools and 4 anganwadi (child-care) centres.", "did_you_know_3": "This ward is served by 4 bus stops.", "question_1": "Children here have few safe places to play — will you commit to creating and maintaining playgrounds in this ward?", "question_2": "Safety is a real worry in parts of this ward — how will you improve policing and make our streets safer, especially at night?", "question_3": "Our lakes and ponds are neglected or polluted — how will you clean up and protect the water bodies in this ward?", "question_4": "How will you make sure emergency services like fire response can reach every corner of this ward quickly?", "question_5": "Getting across the city from this ward takes too long — how will you push for better public-transport and metro connectivity?"}, "geometry": {"type": "MultiPolygon", "coordinates": [[[[77.62042, 13.02055], [77.61276, 13.02039], [77.61256, 13.02361], [77.61612, 13.02784], [77.61576, 13.0288], [77.62006, 13.0262], [77.61965, 13.02484], [77.62138, 13.02283], [77.62042, 13.02055]]]]}}, {"type": "Feature", "properties": {"ward_name": "Sri Lakshmi Devi Ward", "ward_id": "27", "zone": "Bommanahalli", "assembly": "172 - B.T.M Layout", "parliamentary": "Bangalore South", "bus_stops": 6, "bus_cov_pct": 100.1, "metro": 0, "metro_cov_pct": null, "parks": 2, "parks_cov_pct": 100.1, "playgrounds": 0, "schools": 6, "anganwadis": 2, "police": 0, "fire": 0, "public_toilets": 3, "toilet_cov_pct": 96.5, "lakes": 0, "ponds": 0, "flood_points": 3, "did_you_know_1": "Nearly all homes here are within a 15-minute walk of a bus stop.", "did_you_know_2": "This ward has 2 parks, and nearly all homes are within a 15-minute walk of one.", "did_you_know_3": "This ward has 6 schools and 2 anganwadi (child-care) centres.", "question_1": "Children here have few safe places to play — will you commit to creating and maintaining playgrounds in this ward?", "question_2": "Safety is a real worry in parts of this ward — how will you improve policing and make our streets safer, especially at night?", "question_3": "Our lakes and ponds are neglected or polluted — how will you clean up and protect the water bodies in this ward?", "question_4": "How will you make sure emergency services like fire response can reach every corner of this ward quickly?", "question_5": "Getting across the city from this ward takes too long — how will you push for better public-transport and metro connectivity?"}, "geometry": {"type": "MultiPolygon", "coordinates": [[[[77.61726, 12.94526], [77.61857, 12.94588], [77.62542, 12.93988], [77.627, 12.94076], [77.62631, 12.94166], [77.63057, 12.9431], [77.63289, 12.93798], [77.63168, 12.93837], [77.63017, 12.93487], [77.62869, 12.93836], [77.6238, 12.93463], [77.62198, 12.93575], [77.6238, 12.93795], [77.62225, 12.93961], [77.62287, 12.94188], [77.61742, 12.94222], [77.61726, 12.94526]]]]}}, {"type": "Feature", "properties": {"ward_name": "Ambedkarnagar", "ward_id": "27", "zone": "C.V. Raman Nagar", "assembly": "163 - Shanthinagar", "parliamentary": "Bangalore Central", "bus_stops": 11, "bus_cov_pct": 100.1, "metro": 0, "metro_cov_pct": null, "parks": 1, "parks_cov_pct": 80.3, "playgrounds": 1, "schools": 6, "anganwadis": 6, "police": 1, "fire": 0, "public_toilets": 0, "toilet_cov_pct": 73.8, "lakes": 0, "ponds": 0, "flood_points": 2, "did_you_know_1": "Nearly all homes here are within a 15-minute walk of a bus stop.", "did_you_know_2": "This ward has 1 park, and about 8 in 10 homes are within a 15-minute walk of one.", "did_you_know_3": "This ward has 6 schools and 6 anganwadi (child-care) centres.", "question_1": "Our lakes and ponds are neglected or polluted — how will you clean up and protect the water bodies in this ward?", "question_2": "How will you make sure emergency services like fire response can reach every corner of this ward quickly?", "question_3": "Children here have few safe places to play — will you commit to creating and maintaining playgrounds in this ward?", "question_4": "Getting across the city from this ward takes too long — how will you push for better public-transport and metro connectivity?", "question_5": "Clean, safe public toilets are hard to find in parts of this ward — what will you do to provide and maintain them?"}, "geometry": {"type": "MultiPolygon", "coordinates": [[[[77.62031, 12.95324], [77.62602, 12.95214], [77.62712, 12.94965], [77.6215, 12.95166], [77.61932, 12.94745], [77.61686, 12.94925], [77.61104, 12.94897], [77.60574, 12.94997], [77.61122, 12.94938], [77.61748, 12.95076], [77.62031, 12.95324]]]]}}, {"type": "Feature", "properties": {"ward_name": "Vibhootipura", "ward_id": "27", "zone": "K.R. Pura", "assembly": "151 - K.R. Pura", "parliamentary": "Bangalore North", "bus_stops": 13, "bus_cov_pct": 28.0, "metro": 0, "metro_cov_pct": null, "parks": 0, "parks_cov_pct": 10.7, "playgrounds": 0, "schools": 12, "anganwadis": 3, "police": 0, "fire": 0, "public_toilets": 0, "toilet_cov_pct": 10.4, "lakes": 0, "ponds": 1, "flood_points": 1, "did_you_know_1": "About 3 in 10 homes here are within a 15-minute walk of a bus stop.", "did_you_know_2": "This ward has 12 schools and 3 anganwadi (child-care) centres.", "did_you_know_3": "This ward has 1 pond.", "question_1": "Clean, safe public toilets are hard to find in parts of this ward — what will you do to provide and maintain them?", "question_2": "Families here struggle to find a park or open ground to relax in or for children to play — how will you create and maintain more green, open spaces in this ward?", "question_3": "Many of us walk far or wait too long for a bus — what will you do to bring frequent, reliable bus service closer to every part of this ward?", "question_4": "Children here have few safe places to play — will you commit to creating and maintaining playgrounds in this ward?", "question_5": "Safety is a real worry in parts of this ward — how will you improve policing and make our streets safer, especially at night?"}, "geometry": {"type": "MultiPolygon", "coordinates": [[[[77.67924, 12.96609], [77.67897, 12.96499], [77.68214, 12.96411], [77.67986, 12.95442], [77.68758, 12.95501], [77.68939, 12.95304], [77.68867, 12.94929], [77.6709, 12.94785], [77.66475, 12.94587], [77.66416, 12.94445], [77.66254, 12.94449], [77.66248, 12.94665], [77.65996, 12.94756], [77.64909, 12.94775], [77.65252, 12.95252], [77.66098, 12.95287], [77.66099, 12.95433], [77.6624, 12.95478], [77.66091, 12.95567], [77.66337, 12.95572], [77.66356, 12.95893], [77.66794, 12.95815], [77.66817, 12.96128], [77.67216, 12.96116], [77.67334, 12.96464], [77.67511, 12.96485], [77.67507, 12.96688], [77.67924, 12.96609]]]]}}, {"type": "Feature", "properties": {"ward_name": "Srigandada Kaval", "ward_id": "27", "zone": "Rajarajeshwarinagar", "assembly": "154 - Rajarajeshwarinagar", "parliamentary": "Bangalore Rural", "bus_stops": 23, "bus_cov_pct": 83.1, "metro": 0, "metro_cov_pct": null, "parks": 2, "parks_cov_pct": 68.3, "playgrounds": 4, "schools": 24, "anganwadis": 5, "police": 0, "fire": 0, "public_toilets": 0, "toilet_cov_pct": 49.3, "lakes": 1, "ponds": 0, "flood_points": 0, "did_you_know_1": "About 8 in 10 homes here are within a 15-minute walk of a bus stop.", "did_you_know_2": "This ward has 2 parks, and about 7 in 10 homes are within a 15-minute walk of one.", "did_you_know_3": "This ward has 24 schools and 5 anganwadi (child-care) centres.", "question_1": "Safety is a real worry in parts of this ward — how will you improve policing and make our streets safer, especially at night?", "question_2": "Clean, safe public toilets are hard to find in parts of this ward — what will you do to provide and maintain them?", "question_3": "How will you make sure emergency services like fire response can reach every corner of this ward quickly?", "question_4": "Our lakes and ponds are neglected or polluted — how will you clean up and protect the water bodies in this ward?", "question_5": "Getting across the city from this ward takes too long — how will you push for better public-transport and metro connectivity?"}, "geometry": {"type": "MultiPolygon", "coordinates": [[[[77.50526, 12.99375], [77.50842, 12.99471], [77.50765, 12.98913], [77.51228, 12.9879], [77.51074, 12.9846], [77.50955, 12.97526], [77.50383, 12.97702], [77.50159, 12.97828], [77.50207, 12.97982], [77.497, 12.98177], [77.49575, 12.97917], [77.49336, 12.97999], [77.49755, 12.98871], [77.50572, 12.98967], [77.50469, 12.99183], [77.50652, 12.99359], [77.50526, 12.99375]]]]}}, {"type": "Feature", "properties": {"ward_name": "K.G.Halli", "ward_id": "27", "zone": "Byatarayanapura", "assembly": "160 - Sarvagnanagar", "parliamentary": "Bangalore Central", "bus_stops": 2, "bus_cov_pct": 100.1, "metro": 0, "metro_cov_pct": null, "parks": 0, "parks_cov_pct": 100.1, "playgrounds": 0, "schools": 17, "anganwadis": 3, "police": 0, "fire": 0, "public_toilets": 0, "toilet_cov_pct": 29.0, "lakes": 0, "ponds": 0, "flood_points": 0, "did_you_know_1": "Nearly all homes here are within a 15-minute walk of a bus stop.", "did_you_know_2": "This ward has 17 schools and 3 anganwadi (child-care) centres.", "did_you_know_3": "This ward is served by 2 bus stops.", "question_1": "Clean, safe public toilets are hard to find in parts of this ward — what will you do to provide and maintain them?", "question_2": "Children here have few safe places to play — will you commit to creating and maintaining playgrounds in this ward?", "question_3": "Safety is a real worry in parts of this ward — how will you improve policing and make our streets safer, especially at night?", "question_4": "Our lakes and ponds are neglected or polluted — how will you clean up and protect the water bodies in this ward?", "question_5": "How will you make sure emergency services like fire response can reach every corner of this ward quickly?"}, "geometry": {"type": "MultiPolygon", "coordinates": [[[[77.62153, 13.01507], [77.6177, 13.01575], [77.61903, 13.02064], [77.62042, 13.02055], [77.62138, 13.02283], [77.61965, 13.02484], [77.62006, 13.0262], [77.62277, 13.0231], [77.62345, 13.01887], [77.62153, 13.01507]]]]}}, {"type": "Feature", "properties": {"ward_name": "Kottegepalya", "ward_id": "28", "zone": "Rajarajeshwarinagar", "assembly": "154 - Rajarajeshwarinagar", "parliamentary": "Bangalore Rural", "bus_stops": 20, "bus_cov_pct": 87.6, "metro": 0, "metro_cov_pct": null, "parks": 2, "parks_cov_pct": 61.3, "playgrounds": 0, "schools": 7, "anganwadis": 5, "police": 0, "fire": 0, "public_toilets": 5, "toilet_cov_pct": 93.1, "lakes": 0, "ponds": 0, "flood_points": 1, "did_you_know_1": "About 9 in 10 homes here are within a 15-minute walk of a bus stop.", "did_you_know_2": "This ward has 2 parks, and about 6 in 10 homes are within a 15-minute walk of one.", "did_you_know_3": "This ward has 7 schools and 5 anganwadi (child-care) centres.", "question_1": "Children here have few safe places to play — will you commit to creating and maintaining playgrounds in this ward?", "question_2": "Safety is a real worry in parts of this ward — how will you improve policing and make our streets safer, especially at night?", "question_3": "Our lakes and ponds are neglected or polluted — how will you clean up and protect the water bodies in this ward?", "question_4": "How will you make sure emergency services like fire response can reach every corner of this ward quickly?", "question_5": "Getting across the city from this ward takes too long — how will you push for better public-transport and metro connectivity?"}, "geometry": {"type": "MultiPolygon", "coordinates": [[[[77.51228, 12.9879], [77.50765, 12.98913], [77.50821, 12.9927], [77.52615, 12.99837], [77.52171, 12.99214], [77.51824, 12.98247], [77.51973, 12.97959], [77.51734, 12.9737], [77.51794, 12.96982], [77.51437, 12.971], [77.51512, 12.97397], [77.51346, 12.97466], [77.51607, 12.9801], [77.51099, 12.98102], [77.51074, 12.9846], [77.51228, 12.9879]]]]}}, {"type": "Feature", "properties": {"ward_name": "Byrathi", "ward_id": "28", "zone": "Mahadevapura", "assembly": "174 - Mahadevapura", "parliamentary": "Bangalore Central", "bus_stops": 25, "bus_cov_pct": 94.2, "metro": 0, "metro_cov_pct": null, "parks": 0, "parks_cov_pct": 5.7, "playgrounds": 2, "schools": 22, "anganwadis": 5, "police": 0, "fire": 0, "public_toilets": 0, "toilet_cov_pct": 16.7, "lakes": 1, "ponds": 10, "flood_points": 0, "did_you_know_1": "About 9 in 10 homes here are within a 15-minute walk of a bus stop.", "did_you_know_2": "This ward has 22 schools and 5 anganwadi (child-care) centres.", "did_you_know_3": "This ward has 1 lake and 10 ponds.", "question_1": "Families here struggle to find a park or open ground to relax in or for children to play — how will you create and maintain more green, open spaces in this ward?", "question_2": "Clean, safe public toilets are hard to find in parts of this ward — what will you do to provide and maintain them?", "question_3": "Safety is a real worry in parts of this ward — how will you improve policing and make our streets safer, especially at night?", "question_4": "How will you make sure emergency services like fire response can reach every corner of this ward quickly?", "question_5": "Getting across the city from this ward takes too long — how will you push for better public-transport and metro connectivity?"}, "geometry": {"type": "MultiPolygon", "coordinates": [[[[77.69387, 13.02623], [77.68859, 13.02198], [77.68383, 13.0229], [77.68352, 13.03321], [77.69091, 13.03249], [77.69387, 13.02623]]], [[[77.67961, 13.06197], [77.6784, 13.05244], [77.67565, 13.05255], [77.67378, 13.05079], [77.67156, 13.05124], [77.66932, 13.04993], [77.66425, 13.05081], [77.6656, 13.06064], [77.6673, 13.06405], [77.67003, 13.06578], [77.67719, 13.06503], [77.67667, 13.06288], [77.67961, 13.06197]]], [[[77.65485, 13.04889], [77.65614, 13.04684], [77.65287, 13.04656], [77.64744, 13.04806], [77.64705, 13.04951], [77.64802, 13.05092], [77.64691, 13.05727], [77.64889, 13.05771], [77.64907, 13.05883], [77.65161, 13.0587], [77.65196, 13.06075], [77.65117, 13.07479], [77.64959, 13.08136], [77.65472, 13.08199], [77.65649, 13.07461], [77.65485, 13.04889]]]]}}, {"type": "Feature", "properties": {"ward_name": "Kormangala East", "ward_id": "28", "zone": "Bommanahalli", "assembly": "172 - B.T.M Layout", "parliamentary": "Bangalore South", "bus_stops": 18, "bus_cov_pct": 100.1, "metro": 0, "metro_cov_pct": null, "parks": 8, "parks_cov_pct": 99.9, "playgrounds": 4, "schools": 13, "anganwadis": 0, "police": 0, "fire": 0, "public_toilets": 1, "toilet_cov_pct": 75.7, "lakes": 1, "ponds": 0, "flood_points": 3, "did_you_know_1": "Nearly all homes here are within a 15-minute walk of a bus stop.", "did_you_know_2": "This ward has 8 parks, and nearly all homes are within a 15-minute walk of one.", "did_you_know_3": "This ward has 13 schools.", "question_1": "Young families need childcare and anganwadi centres close to home — how will you add and support more of them in this ward?", "question_2": "Safety is a real worry in parts of this ward — how will you improve policing and make our streets safer, especially at night?", "question_3": "How will you make sure emergency services like fire response can reach every corner of this ward quickly?", "question_4": "Our lakes and ponds are neglected or polluted — how will you clean up and protect the water bodies in this ward?", "question_5": "Getting across the city from this ward takes too long — how will you push for better public-transport and metro connectivity?"}, "geometry": {"type": "MultiPolygon", "coordinates": [[[[77.62101, 12.92753], [77.62405, 12.93498], [77.62869, 12.93836], [77.63017, 12.93487], [77.63168, 12.93837], [77.63289, 12.93798], [77.63958, 12.92969], [77.6419, 12.92926], [77.64132, 12.92616], [77.63917, 12.92584], [77.63928, 12.92414], [77.63669, 12.92532], [77.62902, 12.9242], [77.62101, 12.92753]]]]}}, {"type": "Feature", "properties": {"ward_name": "Venkateshpuram", "ward_id": "28", "zone": "Byatarayanapura", "assembly": "160 - Sarvagnanagar", "parliamentary": "Bangalore Central", "bus_stops": 5, "bus_cov_pct": 100.1, "metro": 0, "metro_cov_pct": null, "parks": 2, "parks_cov_pct": 100.1, "playgrounds": 0, "schools": 18, "anganwadis": 2, "police": 0, "fire": 0, "public_toilets": 0, "toilet_cov_pct": 99.5, "lakes": 0, "ponds": 0, "flood_points": 0, "did_you_know_1": "Nearly all homes here are within a 15-minute walk of a bus stop.", "did_you_know_2": "This ward has 2 parks, and nearly all homes are within a 15-minute walk of one.", "did_you_know_3": "This ward has 18 schools and 2 anganwadi (child-care) centres.", "question_1": "Children here have few safe places to play — will you commit to creating and maintaining playgrounds in this ward?", "question_2": "Safety is a real worry in parts of this ward — how will you improve policing and make our streets safer, especially at night?", "question_3": "Our lakes and ponds are neglected or polluted — how will you clean up and protect the water bodies in this ward?", "question_4": "How will you make sure emergency services like fire response can reach every corner of this ward quickly?", "question_5": "Getting across the city from this ward takes too long — how will you push for better public-transport and metro connectivity?"}, "geometry": {"type": "MultiPolygon", "coordinates": [[[[77.62026, 13.00919], [77.61534, 13.01076], [77.6177, 13.01575], [77.62153, 13.01507], [77.6226, 13.01708], [77.62026, 13.00919]]]]}}, {"type": "Feature", "properties": {"ward_name": "Neelasandra", "ward_id": "28", "zone": "C.V. Raman Nagar", "assembly": "163 - Shanthinagar", "parliamentary": "Bangalore Central", "bus_stops": 0, "bus_cov_pct": 100.1, "metro": 0, "metro_cov_pct": null, "parks": 0, "parks_cov_pct": 47.4, "playgrounds": 0, "schools": 4, "anganwadis": 0, "police": 0, "fire": 0, "public_toilets": 0, "toilet_cov_pct": 99.3, "lakes": 0, "ponds": 0, "flood_points": 0, "did_you_know_1": "Nearly all homes here are within a 15-minute walk of a bus stop.", "did_you_know_2": "This ward has 4 schools.", "did_you_know_3": "", "question_1": "Young families need childcare and anganwadi centres close to home — how will you add and support more of them in this ward?", "question_2": "Children here have few safe places to play — will you commit to creating and maintaining playgrounds in this ward?", "question_3": "Safety is a real worry in parts of this ward — how will you improve policing and make our streets safer, especially at night?", "question_4": "Our lakes and ponds are neglected or polluted — how will you clean up and protect the water bodies in this ward?", "question_5": "Families here struggle to find a park or open ground to relax in or for children to play — how will you create and maintain more green, open spaces in this ward?"}, "geometry": {"type": "MultiPolygon", "coordinates": [[[[77.61177, 12.94987], [77.6125, 12.95388], [77.61372, 12.95359], [77.6141, 12.95508], [77.61852, 12.95224], [77.61748, 12.95076], [77.61177, 12.94987]]]]}}, {"type": "Feature", "properties": {"ward_name": "Lingarajpura", "ward_id": "29", "zone": "Byatarayanapura", "assembly": "160 - Sarvagnanagar", "parliamentary": "Bangalore Central", "bus_stops": 9, "bus_cov_pct": 100.1, "metro": 0, "metro_cov_pct": null, "parks": 0, "parks_cov_pct": 66.5, "playgrounds": 3, "schools": 19, "anganwadis": 3, "police": 0, "fire": 0, "public_toilets": 0, "toilet_cov_pct": 30.1, "lakes": 0, "ponds": 1, "flood_points": 0, "did_you_know_1": "Nearly all homes here are within a 15-minute walk of a bus stop.", "did_you_know_2": "This ward has 19 schools and 3 anganwadi (child-care) centres.", "did_you_know_3": "This ward has 1 pond.", "question_1": "Clean, safe public toilets are hard to find in parts of this ward — what will you do to provide and maintain them?", "question_2": "Safety is a real worry in parts of this ward — how will you improve policing and make our streets safer, especially at night?", "question_3": "How will you make sure emergency services like fire response can reach every corner of this ward quickly?", "question_4": "Our lakes and ponds are neglected or polluted — how will you clean up and protect the water bodies in this ward?", "question_5": "Getting across the city from this ward takes too long — how will you push for better public-transport and metro connectivity?"}, "geometry": {"type": "MultiPolygon", "coordinates": [[[[77.62852, 13.01493], [77.62868, 13.01198], [77.63145, 13.00918], [77.63047, 13.00764], [77.62741, 13.00824], [77.62709, 13.01176], [77.62564, 13.01209], [77.6226, 13.00829], [77.62115, 13.00933], [77.6207, 13.01149], [77.62319, 13.01742], [77.62335, 13.02122], [77.62865, 13.0211], [77.62721, 13.01456], [77.62852, 13.01493]]]]}}, {"type": "Feature", "properties": {"ward_name": "Kormangala West", "ward_id": "29", "zone": "Bommanahalli", "assembly": "172 - B.T.M Layout", "parliamentary": "Bangalore South", "bus_stops": 25, "bus_cov_pct": 100.1, "metro": 0, "metro_cov_pct": null, "parks": 6, "parks_cov_pct": 93.8, "playgrounds": 13, "schools": 11, "anganwadis": 6, "police": 2, "fire": 0, "public_toilets": 3, "toilet_cov_pct": 81.1, "lakes": 0, "ponds": 1, "flood_points": 1, "did_you_know_1": "Nearly all homes here are within a 15-minute walk of a bus stop.", "did_you_know_2": "This ward has 6 parks, and about 9 in 10 homes are within a 15-minute walk of one.", "did_you_know_3": "This ward has 11 schools and 6 anganwadi (child-care) centres.", "question_1": "How will you make sure emergency services like fire response can reach every corner of this ward quickly?", "question_2": "Our lakes and ponds are neglected or polluted — how will you clean up and protect the water bodies in this ward?", "question_3": "Getting across the city from this ward takes too long — how will you push for better public-transport and metro connectivity?", "question_4": "Clean, safe public toilets are hard to find in parts of this ward — what will you do to provide and maintain them?", "question_5": "Every monsoon, the same spots in this ward flood — what concrete steps will you take to fix the drains and stop the flooding?"}, "geometry": {"type": "MultiPolygon", "coordinates": [[[[77.60886, 12.94373], [77.61526, 12.94204], [77.61512, 12.94036], [77.61798, 12.93925], [77.61731, 12.93632], [77.61529, 12.93585], [77.6166, 12.93413], [77.62343, 12.93356], [77.62101, 12.92753], [77.62902, 12.9242], [77.63402, 12.92492], [77.6321, 12.91864], [77.62884, 12.91958], [77.62858, 12.91801], [77.6241, 12.91905], [77.62224, 12.91808], [77.6083, 12.94195], [77.60886, 12.94373]]]]}}, {"type": "Feature", "properties": {"ward_name": "Chowdeshwari Nagar", "ward_id": "29", "zone": "Rajarajeshwarinagar", "assembly": "154 - Rajarajeshwarinagar", "parliamentary": "Bangalore Rural", "bus_stops": 4, "bus_cov_pct": 97.4, "metro": 0, "metro_cov_pct": null, "parks": 1, "parks_cov_pct": 11.5, "playgrounds": 1, "schools": 17, "anganwadis": 6, "police": 0, "fire": 0, "public_toilets": 0, "toilet_cov_pct": 85.9, "lakes": 0, "ponds": 0, "flood_points": 1, "did_you_know_1": "Nearly all homes here are within a 15-minute walk of a bus stop.", "did_you_know_2": "This ward has 1 park, and about 1 in 10 homes are within a 15-minute walk of one.", "did_you_know_3": "This ward has 17 schools and 6 anganwadi (child-care) centres.", "question_1": "Families here struggle to find a park or open ground to relax in or for children to play — how will you create and maintain more green, open spaces in this ward?", "question_2": "Safety is a real worry in parts of this ward — how will you improve policing and make our streets safer, especially at night?", "question_3": "Our lakes and ponds are neglected or polluted — how will you clean up and protect the water bodies in this ward?", "question_4": "How will you make sure emergency services like fire response can reach every corner of this ward quickly?", "question_5": "Children here have few safe places to play — will you commit to creating and maintaining playgrounds in this ward?"}, "geometry": {"type": "MultiPolygon", "coordinates": [[[[77.50842, 12.99471], [77.50529, 12.99419], [77.50644, 12.99314], [77.50469, 12.99183], [77.50408, 12.99522], [77.50604, 12.99889], [77.51279, 12.99795], [77.5133, 13.0001], [77.51479, 13.00058], [77.5177, 12.99868], [77.51744, 12.99715], [77.51907, 12.99742], [77.51793, 13.00214], [77.52018, 13.00341], [77.5237, 13.00246], [77.5282, 12.99909], [77.51154, 12.99345], [77.50821, 12.9927], [77.50842, 12.99471]]]]}}, {"type": "Feature", "properties": {"ward_name": "Hoodi", "ward_id": "29", "zone": "Mahadevapura", "assembly": "174 - Mahadevapura", "parliamentary": "Bangalore Central", "bus_stops": 12, "bus_cov_pct": 89.5, "metro": 0, "metro_cov_pct": 25.2, "parks": 0, "parks_cov_pct": null, "playgrounds": 6, "schools": 7, "anganwadis": 2, "police": 0, "fire": 0, "public_toilets": 2, "toilet_cov_pct": 56.3, "lakes": 1, "ponds": 2, "flood_points": 0, "did_you_know_1": "About 9 in 10 homes here are within a 15-minute walk of a bus stop.", "did_you_know_2": "This ward has 7 schools and 2 anganwadi (child-care) centres.", "did_you_know_3": "This ward has 2 public toilets, and about 6 in 10 homes are within a 15-minute walk of one.", "question_1": "Families here struggle to find a park or open ground to relax in or for children to play — how will you create and maintain more green, open spaces in this ward?", "question_2": "Safety is a real worry in parts of this ward — how will you improve policing and make our streets safer, especially at night?", "question_3": "How will you make sure emergency services like fire response can reach every corner of this ward quickly?", "question_4": "Clean, safe public toilets are hard to find in parts of this ward — what will you do to provide and maintain them?", "question_5": "Getting across the city from this ward takes too long — how will you push for better public-transport and metro connectivity?"}, "geometry": {"type": "MultiPolygon", "coordinates": [[[[77.73419, 12.98783], [77.71957, 12.99219], [77.70907, 12.99284], [77.70826, 12.99673], [77.70935, 12.99785], [77.70587, 12.99931], [77.70713, 13.00431], [77.71829, 13.00455], [77.7197, 13.01009], [77.73623, 13.01076], [77.73495, 13.00603], [77.72349, 13.0036], [77.71988, 12.99592], [77.73155, 12.99661], [77.73419, 12.98783]]]]}}, {"type": "Feature", "properties": {"ward_name": "Austin Town", "ward_id": "29", "zone": "C.V. Raman Nagar", "assembly": "163 - Shanthinagar", "parliamentary": "Bangalore Central", "bus_stops": 9, "bus_cov_pct": 100.1, "metro": 0, "metro_cov_pct": null, "parks": 0, "parks_cov_pct": 100.1, "playgrounds": 2, "schools": 12, "anganwadis": 2, "police": 0, "fire": 0, "public_toilets": 0, "toilet_cov_pct": 40.9, "lakes": 0, "ponds": 0, "flood_points": 0, "did_you_know_1": "Nearly all homes here are within a 15-minute walk of a bus stop.", "did_you_know_2": "This ward has 12 schools and 2 anganwadi (child-care) centres.", "did_you_know_3": "There are 2 playgrounds in this ward.", "question_1": "Safety is a real worry in parts of this ward — how will you improve policing and make our streets safer, especially at night?", "question_2": "Our lakes and ponds are neglected or polluted — how will you clean up and protect the water bodies in this ward?", "question_3": "Clean, safe public toilets are hard to find in parts of this ward — what will you do to provide and maintain them?", "question_4": "How will you make sure emergency services like fire response can reach every corner of this ward quickly?", "question_5": "Getting across the city from this ward takes too long — how will you push for better public-transport and metro connectivity?"}, "geometry": {"type": "MultiPolygon", "coordinates": [[[[77.61622, 12.96164], [77.61758, 12.95367], [77.6141, 12.95508], [77.61372, 12.95359], [77.61153, 12.95438], [77.61247, 12.96178], [77.61622, 12.96164]]]]}}, {"type": "Feature", "properties": {"ward_name": "Kacharakanahalli", "ward_id": "30", "zone": "Byatarayanapura", "assembly": "160 - Sarvagnanagar", "parliamentary": "Bangalore Central", "bus_stops": 28, "bus_cov_pct": 100.1, "metro": 0, "metro_cov_pct": null, "parks": 4, "parks_cov_pct": 100.1, "playgrounds": 0, "schools": 19, "anganwadis": 1, "police": 0, "fire": 0, "public_toilets": 0, "toilet_cov_pct": 2.2, "lakes": 0, "ponds": 0, "flood_points": 1, "did_you_know_1": "Nearly all homes here are within a 15-minute walk of a bus stop.", "did_you_know_2": "This ward has 4 parks, and nearly all homes are within a 15-minute walk of one.", "did_you_know_3": "This ward has 19 schools and 1 anganwadi (child-care) centre.", "question_1": "Clean, safe public toilets are hard to find in parts of this ward — what will you do to provide and maintain them?", "question_2": "Children here have few safe places to play — will you commit to creating and maintaining playgrounds in this ward?", "question_3": "Safety is a real worry in parts of this ward — how will you improve policing and make our streets safer, especially at night?", "question_4": "Our lakes and ponds are neglected or polluted — how will you clean up and protect the water bodies in this ward?", "question_5": "How will you make sure emergency services like fire response can reach every corner of this ward quickly?"}, "geometry": {"type": "MultiPolygon", "coordinates": [[[[77.62981, 13.01773], [77.62721, 13.01456], [77.62865, 13.0211], [77.62625, 13.02117], [77.62888, 13.02992], [77.63994, 13.02577], [77.64005, 13.02181], [77.63722, 13.02277], [77.63592, 13.01512], [77.63528, 13.01634], [77.62981, 13.01773]]]]}}, {"type": "Feature", "properties": {"ward_name": "Vinayakanagar", "ward_id": "30", "zone": "C.V. Raman Nagar", "assembly": "163 - Shanthinagar", "parliamentary": "Bangalore Central", "bus_stops": 15, "bus_cov_pct": 100.1, "metro": 0, "metro_cov_pct": 1.9, "parks": 0, "parks_cov_pct": 71.6, "playgrounds": 5, "schools": 15, "anganwadis": 2, "police": 0, "fire": 0, "public_toilets": 0, "toilet_cov_pct": 21.1, "lakes": 0, "ponds": 0, "flood_points": 2, "did_you_know_1": "Nearly all homes here are within a 15-minute walk of a bus stop.", "did_you_know_2": "This ward has 15 schools and 2 anganwadi (child-care) centres.", "did_you_know_3": "There are 5 playgrounds in this ward.", "question_1": "Clean, safe public toilets are hard to find in parts of this ward — what will you do to provide and maintain them?", "question_2": "Safety is a real worry in parts of this ward — how will you improve policing and make our streets safer, especially at night?", "question_3": "Our lakes and ponds are neglected or polluted — how will you clean up and protect the water bodies in this ward?", "question_4": "How will you make sure emergency services like fire response can reach every corner of this ward quickly?", "question_5": "Getting across the city from this ward takes too long — how will you push for better public-transport and metro connectivity?"}, "geometry": {"type": "MultiPolygon", "coordinates": [[[[77.60071, 12.94982], [77.59971, 12.95144], [77.60048, 12.95349], [77.60378, 12.95146], [77.60517, 12.9528], [77.6068, 12.96625], [77.60877, 12.96667], [77.61248, 12.96177], [77.6115, 12.94987], [77.60071, 12.94982]]]]}}, {"type": "Feature", "properties": {"ward_name": "Jakkasandra", "ward_id": "30", "zone": "Bommanahalli", "assembly": "172 - B.T.M Layout", "parliamentary": "Bangalore South", "bus_stops": 7, "bus_cov_pct": 100.1, "metro": 0, "metro_cov_pct": null, "parks": 3, "parks_cov_pct": 100.1, "playgrounds": 0, "schools": 12, "anganwadis": 2, "police": 0, "fire": 0, "public_toilets": 0, "toilet_cov_pct": 98.1, "lakes": 0, "ponds": 0, "flood_points": 0, "did_you_know_1": "Nearly all homes here are within a 15-minute walk of a bus stop.", "did_you_know_2": "This ward has 3 parks, and nearly all homes are within a 15-minute walk of one.", "did_you_know_3": "This ward has 12 schools and 2 anganwadi (child-care) centres.", "question_1": "Children here have few safe places to play — will you commit to creating and maintaining playgrounds in this ward?", "question_2": "Safety is a real worry in parts of this ward — how will you improve policing and make our streets safer, especially at night?", "question_3": "Our lakes and ponds are neglected or polluted — how will you clean up and protect the water bodies in this ward?", "question_4": "How will you make sure emergency services like fire response can reach every corner of this ward quickly?", "question_5": "Getting across the city from this ward takes too long — how will you push for better public-transport and metro connectivity?"}, "geometry": {"type": "MultiPolygon", "coordinates": [[[[77.6321, 12.91864], [77.63402, 12.92492], [77.63692, 12.92532], [77.63992, 12.92383], [77.63817, 12.91595], [77.62224, 12.91808], [77.6241, 12.91905], [77.62858, 12.91801], [77.62884, 12.91958], [77.6321, 12.91864]]]]}}, {"type": "Feature", "properties": {"ward_name": "Belathur", "ward_id": "30", "zone": "Mahadevapura", "assembly": "174 - Mahadevapura", "parliamentary": "Bangalore Central", "bus_stops": 25, "bus_cov_pct": 81.4, "metro": 3, "metro_cov_pct": 35.4, "parks": 0, "parks_cov_pct": 12.9, "playgrounds": 2, "schools": 18, "anganwadis": 5, "police": 1, "fire": 0, "public_toilets": 0, "toilet_cov_pct": 1.9, "lakes": 1, "ponds": 4, "flood_points": 0, "did_you_know_1": "About 8 in 10 homes here are within a 15-minute walk of a bus stop.", "did_you_know_2": "This ward has 18 schools and 5 anganwadi (child-care) centres.", "did_you_know_3": "This ward has 1 lake and 4 ponds.", "question_1": "Clean, safe public toilets are hard to find in parts of this ward — what will you do to provide and maintain them?", "question_2": "Families here struggle to find a park or open ground to relax in or for children to play — how will you create and maintain more green, open spaces in this ward?", "question_3": "How will you make sure emergency services like fire response can reach every corner of this ward quickly?", "question_4": "Children here have few safe places to play — will you commit to creating and maintaining playgrounds in this ward?", "question_5": "Many of us walk far or wait too long for a bus — what will you do to bring frequent, reliable bus service closer to every part of this ward?"}, "geometry": {"type": "MultiPolygon", "coordinates": [[[[77.73155, 12.99661], [77.71988, 12.99592], [77.72349, 13.0036], [77.7343, 13.00581], [77.7366, 13.00788], [77.74709, 13.00682], [77.74788, 13.01273], [77.75474, 13.00884], [77.75601, 13.01007], [77.76349, 13.00271], [77.75981, 12.99937], [77.75982, 12.99654], [77.75841, 12.99675], [77.75483, 12.99004], [77.74875, 12.98862], [77.74877, 12.98585], [77.74764, 12.98536], [77.74014, 12.98761], [77.73419, 12.98783], [77.73155, 12.99661]]]]}}, {"type": "Feature", "properties": {"ward_name": "Kempegowda Layout", "ward_id": "30", "zone": "Rajarajeshwarinagar", "assembly": "154 - Rajarajeshwarinagar", "parliamentary": "Bangalore Rural", "bus_stops": 7, "bus_cov_pct": 100.1, "metro": 0, "metro_cov_pct": null, "parks": 0, "parks_cov_pct": 49.0, "playgrounds": 1, "schools": 12, "anganwadis": 6, "police": 0, "fire": 0, "public_toilets": 0, "toilet_cov_pct": 84.3, "lakes": 0, "ponds": 0, "flood_points": 2, "did_you_know_1": "Nearly all homes here are within a 15-minute walk of a bus stop.", "did_you_know_2": "This ward has 12 schools and 6 anganwadi (child-care) centres.", "did_you_know_3": "There are 1 playground in this ward.", "question_1": "Safety is a real worry in parts of this ward — how will you improve policing and make our streets safer, especially at night?", "question_2": "Our lakes and ponds are neglected or polluted — how will you clean up and protect the water bodies in this ward?", "question_3": "Families here struggle to find a park or open ground to relax in or for children to play — how will you create and maintain more green, open spaces in this ward?", "question_4": "How will you make sure emergency services like fire response can reach every corner of this ward quickly?", "question_5": "Children here have few safe places to play — will you commit to creating and maintaining playgrounds in this ward?"}, "geometry": {"type": "MultiPolygon", "coordinates": [[[[77.52783, 12.99968], [77.52103, 13.00358], [77.51798, 13.00227], [77.5175, 13.00636], [77.52322, 13.00608], [77.52318, 13.00704], [77.52677, 13.00612], [77.52792, 13.0077], [77.52988, 13.00605], [77.52783, 12.99968]]]]}}, {"type": "Feature", "properties": {"ward_name": "Kasavanahalli", "ward_id": "31", "zone": "Bommanahalli", "assembly": "174 - Mahadevapura", "parliamentary": "Bangalore Central", "bus_stops": 15, "bus_cov_pct": 81.6, "metro": 0, "metro_cov_pct": null, "parks": 1, "parks_cov_pct": 20.9, "playgrounds": 4, "schools": 14, "anganwadis": 4, "police": 1, "fire": 0, "public_toilets": 1, "toilet_cov_pct": 18.5, "lakes": 6, "ponds": 2, "flood_points": 0, "did_you_know_1": "About 8 in 10 homes here are within a 15-minute walk of a bus stop.", "did_you_know_2": "This ward has 1 park, and about 2 in 10 homes are within a 15-minute walk of one.", "did_you_know_3": "This ward has 14 schools and 4 anganwadi (child-care) centres.", "question_1": "Clean, safe public toilets are hard to find in parts of this ward — what will you do to provide and maintain them?", "question_2": "Families here struggle to find a park or open ground to relax in or for children to play — how will you create and maintain more green, open spaces in this ward?", "question_3": "How will you make sure emergency services like fire response can reach every corner of this ward quickly?", "question_4": "Getting across the city from this ward takes too long — how will you push for better public-transport and metro connectivity?", "question_5": "Many of us walk far or wait too long for a bus — what will you do to bring frequent, reliable bus service closer to every part of this ward?"}, "geometry": {"type": "MultiPolygon", "coordinates": [[[[77.66498, 12.9206], [77.67276, 12.9173], [77.6758, 12.91449], [77.70289, 12.90409], [77.69157, 12.904], [77.69093, 12.90553], [77.68726, 12.90654], [77.68731, 12.90473], [77.68572, 12.90444], [77.68747, 12.90256], [77.68255, 12.90141], [77.67735, 12.89426], [77.67377, 12.89314], [77.65391, 12.8945], [77.6545, 12.89665], [77.65698, 12.89868], [77.6547, 12.9018], [77.65655, 12.90919], [77.65995, 12.9099], [77.66004, 12.91515], [77.66498, 12.9206]]]]}}, {"type": "Feature", "properties": {"ward_name": "Shanthinagar", "ward_id": "31", "zone": "C.V. Raman Nagar", "assembly": "163 - Shanthinagar", "parliamentary": "Bangalore Central", "bus_stops": 9, "bus_cov_pct": 100.1, "metro": 0, "metro_cov_pct": null, "parks": 1, "parks_cov_pct": 92.4, "playgrounds": 5, "schools": 17, "anganwadis": 5, "police": 0, "fire": 0, "public_toilets": 0, "toilet_cov_pct": 59.1, "lakes": 0, "ponds": 0, "flood_points": 3, "did_you_know_1": "Nearly all homes here are within a 15-minute walk of a bus stop.", "did_you_know_2": "This ward has 1 park, and about 9 in 10 homes are within a 15-minute walk of one.", "did_you_know_3": "This ward has 17 schools and 5 anganwadi (child-care) centres.", "question_1": "Safety is a real worry in parts of this ward — how will you improve policing and make our streets safer, especially at night?", "question_2": "Our lakes and ponds are neglected or polluted — how will you clean up and protect the water bodies in this ward?", "question_3": "How will you make sure emergency services like fire response can reach every corner of this ward quickly?", "question_4": "Clean, safe public toilets are hard to find in parts of this ward — what will you do to provide and maintain them?", "question_5": "Getting across the city from this ward takes too long — how will you push for better public-transport and metro connectivity?"}, "geometry": {"type": "MultiPolygon", "coordinates": [[[[77.60048, 12.95349], [77.60054, 12.94974], [77.59223, 12.95605], [77.59692, 12.96485], [77.60264, 12.96564], [77.60246, 12.95976], [77.60598, 12.95803], [77.60517, 12.9528], [77.60378, 12.95146], [77.60048, 12.95349]]]]}}, {"type": "Feature", "properties": {"ward_name": "Kadugodi", "ward_id": "31", "zone": "Mahadevapura", "assembly": "174 - Mahadevapura", "parliamentary": "Bangalore Central", "bus_stops": 14, "bus_cov_pct": 73.3, "metro": 1, "metro_cov_pct": 18.6, "parks": 1, "parks_cov_pct": 23.8, "playgrounds": 5, "schools": 15, "anganwadis": 5, "police": 0, "fire": 0, "public_toilets": 0, "toilet_cov_pct": null, "lakes": 0, "ponds": 15, "flood_points": 0, "did_you_know_1": "About 7 in 10 homes here are within a 15-minute walk of a bus stop.", "did_you_know_2": "This ward has 1 park, and about 2 in 10 homes are within a 15-minute walk of one.", "did_you_know_3": "This ward has 15 schools and 5 anganwadi (child-care) centres.", "question_1": "Clean, safe public toilets are hard to find in parts of this ward — what will you do to provide and maintain them?", "question_2": "Families here struggle to find a park or open ground to relax in or for children to play — how will you create and maintain more green, open spaces in this ward?", "question_3": "Safety is a real worry in parts of this ward — how will you improve policing and make our streets safer, especially at night?", "question_4": "How will you make sure emergency services like fire response can reach every corner of this ward quickly?", "question_5": "Many of us walk far or wait too long for a bus — what will you do to bring frequent, reliable bus service closer to every part of this ward?"}, "geometry": {"type": "MultiPolygon", "coordinates": [[[[77.76805, 12.9834], [77.76761, 12.98549], [77.76455, 12.98618], [77.76329, 12.98266], [77.75786, 12.98247], [77.74764, 12.98536], [77.74877, 12.98585], [77.74875, 12.98862], [77.75483, 12.99004], [77.75841, 12.99675], [77.75982, 12.99654], [77.75981, 12.99937], [77.76269, 13.00131], [77.76412, 13.00407], [77.76858, 13.00265], [77.77172, 13.01524], [77.77414, 13.01316], [77.77335, 13.0064], [77.77576, 13.00587], [77.77571, 13.00464], [77.77478, 13.00297], [77.77256, 13.00253], [77.77475, 13.00112], [77.77411, 12.99198], [77.76911, 12.99139], [77.77146, 12.9839], [77.76805, 12.9834]]]]}}, {"type": "Feature", "properties": {"ward_name": "Freedom Fighter Ward", "ward_id": "31", "zone": "Rajarajeshwarinagar", "assembly": "154 - Rajarajeshwarinagar", "parliamentary": "Bangalore Rural", "bus_stops": 5, "bus_cov_pct": 100.1, "metro": 0, "metro_cov_pct": null, "parks": 0, "parks_cov_pct": 72.1, "playgrounds": 0, "schools": 10, "anganwadis": 4, "police": 0, "fire": 0, "public_toilets": 0, "toilet_cov_pct": 62.0, "lakes": 0, "ponds": 0, "flood_points": 0, "did_you_know_1": "Nearly all homes here are within a 15-minute walk of a bus stop.", "did_you_know_2": "This ward has 10 schools and 4 anganwadi (child-care) centres.", "did_you_know_3": "This ward is served by 5 bus stops.", "question_1": "Children here have few safe places to play — will you commit to creating and maintaining playgrounds in this ward?", "question_2": "Safety is a real worry in parts of this ward — how will you improve policing and make our streets safer, especially at night?", "question_3": "Our lakes and ponds are neglected or polluted — how will you clean up and protect the water bodies in this ward?", "question_4": "How will you make sure emergency services like fire response can reach every corner of this ward quickly?", "question_5": "Getting across the city from this ward takes too long — how will you push for better public-transport and metro connectivity?"}, "geometry": {"type": "MultiPolygon", "coordinates": [[[[77.52642, 13.01155], [77.5303, 13.00881], [77.52988, 13.00605], [77.52792, 13.0077], [77.52677, 13.00612], [77.52318, 13.00704], [77.52322, 13.00608], [77.51741, 13.00635], [77.5188, 13.01008], [77.52483, 13.00925], [77.52505, 13.01035], [77.52645, 13.01004], [77.52642, 13.01155]]]]}}, {"type": "Feature", "properties": {"ward_name": "Kalyan Nagar", "ward_id": "31", "zone": "Byatarayanapura", "assembly": "160 - Sarvagnanagar", "parliamentary": "Bangalore Central", "bus_stops": 20, "bus_cov_pct": 100.1, "metro": 0, "metro_cov_pct": null, "parks": 3, "parks_cov_pct": 88.7, "playgrounds": 0, "schools": 12, "anganwadis": 1, "police": 1, "fire": 1, "public_toilets": 0, "toilet_cov_pct": 3.7, "lakes": 0, "ponds": 0, "flood_points": 1, "did_you_know_1": "Nearly all homes here are within a 15-minute walk of a bus stop.", "did_you_know_2": "This ward has 3 parks, and about 9 in 10 homes are within a 15-minute walk of one.", "did_you_know_3": "This ward has 12 schools and 1 anganwadi (child-care) centre.", "question_1": "Clean, safe public toilets are hard to find in parts of this ward — what will you do to provide and maintain them?", "question_2": "Children here have few safe places to play — will you commit to creating and maintaining playgrounds in this ward?", "question_3": "Our lakes and ponds are neglected or polluted — how will you clean up and protect the water bodies in this ward?", "question_4": "Young families need childcare and anganwadi centres close to home — how will you add and support more of them in this ward?", "question_5": "Getting across the city from this ward takes too long — how will you push for better public-transport and metro connectivity?"}, "geometry": {"type": "MultiPolygon", "coordinates": [[[[77.64179, 13.01409], [77.6393, 13.01404], [77.6394, 13.01612], [77.63631, 13.01721], [77.63722, 13.02277], [77.64005, 13.02181], [77.63994, 13.02577], [77.64521, 13.02347], [77.64484, 13.01498], [77.64902, 13.01433], [77.64712, 13.01205], [77.65088, 13.00885], [77.65001, 13.00733], [77.6467, 13.00799], [77.64553, 13.00639], [77.6434, 13.0063], [77.64305, 13.00894], [77.64189, 13.00827], [77.64179, 13.01409]]]]}}, {"type": "Feature", "properties": {"ward_name": "Kudlu", "ward_id": "32", "zone": "Bommanahalli", "assembly": "177 - Anekal", "parliamentary": "Bangalore Rural", "bus_stops": 13, "bus_cov_pct": 93.0, "metro": 0, "metro_cov_pct": null, "parks": 0, "parks_cov_pct": 13.4, "playgrounds": 4, "schools": 8, "anganwadis": 4, "police": 0, "fire": 0, "public_toilets": 0, "toilet_cov_pct": 15.0, "lakes": 2, "ponds": 1, "flood_points": 1, "did_you_know_1": "About 9 in 10 homes here are within a 15-minute walk of a bus stop.", "did_you_know_2": "This ward has 8 schools and 4 anganwadi (child-care) centres.", "did_you_know_3": "This ward has 2 lakes and 1 pond.", "question_1": "Families here struggle to find a park or open ground to relax in or for children to play — how will you create and maintain more green, open spaces in this ward?", "question_2": "Clean, safe public toilets are hard to find in parts of this ward — what will you do to provide and maintain them?", "question_3": "Safety is a real worry in parts of this ward — how will you improve policing and make our streets safer, especially at night?", "question_4": "How will you make sure emergency services like fire response can reach every corner of this ward quickly?", "question_5": "Getting across the city from this ward takes too long — how will you push for better public-transport and metro connectivity?"}, "geometry": {"type": "MultiPolygon", "coordinates": [[[[77.64122, 12.88706], [77.64361, 12.88764], [77.6439, 12.89138], [77.64903, 12.89092], [77.65261, 12.89473], [77.67377, 12.89315], [77.67233, 12.88465], [77.66783, 12.8855], [77.66816, 12.88362], [77.65652, 12.88494], [77.65491, 12.8801], [77.64949, 12.88343], [77.64939, 12.88618], [77.64616, 12.88551], [77.64489, 12.8867], [77.64263, 12.8847], [77.64122, 12.88706]]]]}}, {"type": "Feature", "properties": {"ward_name": "Banaswadi", "ward_id": "32", "zone": "Byatarayanapura", "assembly": "160 - Sarvagnanagar", "parliamentary": "Bangalore Central", "bus_stops": 27, "bus_cov_pct": 100.1, "metro": 0, "metro_cov_pct": null, "parks": 3, "parks_cov_pct": 99.7, "playgrounds": 1, "schools": 9, "anganwadis": 4, "police": 0, "fire": 0, "public_toilets": 0, "toilet_cov_pct": 33.1, "lakes": 1, "ponds": 0, "flood_points": 0, "did_you_know_1": "Nearly all homes here are within a 15-minute walk of a bus stop.", "did_you_know_2": "This ward has 3 parks, and nearly all homes are within a 15-minute walk of one.", "did_you_know_3": "This ward has 9 schools and 4 anganwadi (child-care) centres.", "question_1": "Clean, safe public toilets are hard to find in parts of this ward — what will you do to provide and maintain them?", "question_2": "Safety is a real worry in parts of this ward — how will you improve policing and make our streets safer, especially at night?", "question_3": "How will you make sure emergency services like fire response can reach every corner of this ward quickly?", "question_4": "Children here have few safe places to play — will you commit to creating and maintaining playgrounds in this ward?", "question_5": "Our lakes and ponds are neglected or polluted — how will you clean up and protect the water bodies in this ward?"}, "geometry": {"type": "MultiPolygon", "coordinates": [[[[77.64521, 13.02347], [77.66171, 13.01641], [77.66233, 13.01241], [77.65288, 13.00582], [77.65126, 13.00608], [77.65001, 13.00733], [77.65088, 13.00885], [77.64712, 13.01205], [77.64902, 13.01433], [77.64484, 13.01498], [77.64521, 13.02347]]]]}}, {"type": "Feature", "properties": {"ward_name": "Channasandra", "ward_id": "32", "zone": "Mahadevapura", "assembly": "174 - Mahadevapura", "parliamentary": "Bangalore Central", "bus_stops": 3, "bus_cov_pct": 82.7, "metro": 0, "metro_cov_pct": null, "parks": 0, "parks_cov_pct": null, "playgrounds": 3, "schools": 7, "anganwadis": 4, "police": 0, "fire": 0, "public_toilets": 0, "toilet_cov_pct": null, "lakes": 0, "ponds": 14, "flood_points": 0, "did_you_know_1": "About 8 in 10 homes here are within a 15-minute walk of a bus stop.", "did_you_know_2": "This ward has 7 schools and 4 anganwadi (child-care) centres.", "did_you_know_3": "This ward has 14 ponds.", "question_1": "Families here struggle to find a park or open ground to relax in or for children to play — how will you create and maintain more green, open spaces in this ward?", "question_2": "Clean, safe public toilets are hard to find in parts of this ward — what will you do to provide and maintain them?", "question_3": "Safety is a real worry in parts of this ward — how will you improve policing and make our streets safer, especially at night?", "question_4": "How will you make sure emergency services like fire response can reach every corner of this ward quickly?", "question_5": "Getting across the city from this ward takes too long — how will you push for better public-transport and metro connectivity?"}, "geometry": {"type": "MultiPolygon", "coordinates": [[[[77.76391, 12.98271], [77.76455, 12.98618], [77.76761, 12.98549], [77.76805, 12.9834], [77.77146, 12.9839], [77.76911, 12.99139], [77.77507, 12.99195], [77.77691, 12.98519], [77.77467, 12.98046], [77.77815, 12.97843], [77.77846, 12.97679], [77.77044, 12.97716], [77.77069, 12.97441], [77.75707, 12.97671], [77.75824, 12.98249], [77.76391, 12.98271]]]]}}, {"type": "Feature", "properties": {"ward_name": "SilverJubilee Park Ward", "ward_id": "32", "zone": "Gandhinagara", "assembly": "169 - Chickpet", "parliamentary": "Bangalore South", "bus_stops": 5, "bus_cov_pct": 100.1, "metro": 0, "metro_cov_pct": 17.3, "parks": 0, "parks_cov_pct": 100.1, "playgrounds": 0, "schools": 6, "anganwadis": 4, "police": 1, "fire": 0, "public_toilets": 2, "toilet_cov_pct": 100.1, "lakes": 0, "ponds": 0, "flood_points": 4, "did_you_know_1": "Nearly all homes here are within a 15-minute walk of a bus stop.", "did_you_know_2": "This ward has 6 schools and 4 anganwadi (child-care) centres.", "did_you_know_3": "This ward has 2 public toilets, and nearly all homes are within a 15-minute walk of one.", "question_1": "Children here have few safe places to play — will you commit to creating and maintaining playgrounds in this ward?", "question_2": "Our lakes and ponds are neglected or polluted — how will you clean up and protect the water bodies in this ward?", "question_3": "How will you make sure emergency services like fire response can reach every corner of this ward quickly?", "question_4": "Every monsoon, the same spots in this ward flood — what concrete steps will you take to fix the drains and stop the flooding?", "question_5": "Getting across the city from this ward takes too long — how will you push for better public-transport and metro connectivity?"}, "geometry": {"type": "MultiPolygon", "coordinates": [[[[77.58964, 12.95677], [77.58736, 12.95757], [77.58837, 12.95858], [77.58233, 12.95915], [77.58313, 12.96062], [77.57967, 12.9619], [77.57981, 12.96361], [77.58524, 12.96384], [77.5841, 12.96149], [77.58827, 12.96104], [77.58713, 12.95955], [77.58937, 12.95904], [77.58989, 12.96081], [77.59136, 12.96065], [77.59117, 12.96258], [77.59483, 12.96234], [77.59144, 12.95381], [77.58914, 12.95458], [77.58964, 12.95677]]]]}}, {"type": "Feature", "properties": {"ward_name": "Laggere", "ward_id": "32", "zone": "Rajarajeshwarinagar", "assembly": "154 - Rajarajeshwarinagar", "parliamentary": "Bangalore Rural", "bus_stops": 5, "bus_cov_pct": 100.1, "metro": 0, "metro_cov_pct": null, "parks": 0, "parks_cov_pct": 100.1, "playgrounds": 0, "schools": 8, "anganwadis": 6, "police": 0, "fire": 0, "public_toilets": 0, "toilet_cov_pct": 97.1, "lakes": 0, "ponds": 0, "flood_points": 0, "did_you_know_1": "Nearly all homes here are within a 15-minute walk of a bus stop.", "did_you_know_2": "This ward has 8 schools and 6 anganwadi (child-care) centres.", "did_you_know_3": "This ward is served by 5 bus stops.", "question_1": "Children here have few safe places to play — will you commit to creating and maintaining playgrounds in this ward?", "question_2": "Safety is a real worry in parts of this ward — how will you improve policing and make our streets safer, especially at night?", "question_3": "Our lakes and ponds are neglected or polluted — how will you clean up and protect the water bodies in this ward?", "question_4": "How will you make sure emergency services like fire response can reach every corner of this ward quickly?", "question_5": "Getting across the city from this ward takes too long — how will you push for better public-transport and metro connectivity?"}, "geometry": {"type": "MultiPolygon", "coordinates": [[[[77.52658, 13.01686], [77.52645, 13.01004], [77.52505, 13.01035], [77.52483, 13.00925], [77.51881, 13.01005], [77.51855, 13.01267], [77.52303, 13.01293], [77.52198, 13.01793], [77.52276, 13.01888], [77.52658, 13.01686]]]]}}, {"type": "Feature", "properties": {"ward_name": "Naganathapura", "ward_id": "33", "zone": "Jayanagar", "assembly": "176 - Bangalore South", "parliamentary": "Bangalore Rural", "bus_stops": 9, "bus_cov_pct": 92.0, "metro": 0, "metro_cov_pct": null, "parks": 0, "parks_cov_pct": 9.4, "playgrounds": 1, "schools": 11, "anganwadis": 3, "police": 1, "fire": 0, "public_toilets": 1, "toilet_cov_pct": 43.0, "lakes": 2, "ponds": 0, "flood_points": 0, "did_you_know_1": "About 9 in 10 homes here are within a 15-minute walk of a bus stop.", "did_you_know_2": "This ward has 11 schools and 3 anganwadi (child-care) centres.", "did_you_know_3": "This ward has 1 public toilet, and about 4 in 10 homes are within a 15-minute walk of one.", "question_1": "Families here struggle to find a park or open ground to relax in or for children to play — how will you create and maintain more green, open spaces in this ward?", "question_2": "Clean, safe public toilets are hard to find in parts of this ward — what will you do to provide and maintain them?", "question_3": "How will you make sure emergency services like fire response can reach every corner of this ward quickly?", "question_4": "Children here have few safe places to play — will you commit to creating and maintaining playgrounds in this ward?", "question_5": "Getting across the city from this ward takes too long — how will you push for better public-transport and metro connectivity?"}, "geometry": {"type": "MultiPolygon", "coordinates": [[[[77.6603, 12.87621], [77.65475, 12.87712], [77.65652, 12.88494], [77.66816, 12.88362], [77.66797, 12.88552], [77.67375, 12.88437], [77.67397, 12.87985], [77.67138, 12.88027], [77.67532, 12.87258], [77.67289, 12.86825], [77.66657, 12.86596], [77.65869, 12.87027], [77.6603, 12.87621]]]]}}, {"type": "Feature", "properties": {"ward_name": "Dharmaraya Swamy Temple Ward", "ward_id": "33", "zone": "Gandhinagara", "assembly": "169 - Chickpet", "parliamentary": "Bangalore South", "bus_stops": 10, "bus_cov_pct": 100.1, "metro": 0, "metro_cov_pct": 55.7, "parks": 4, "parks_cov_pct": 100.1, "playgrounds": 1, "schools": 14, "anganwadis": 2, "police": 1, "fire": 0, "public_toilets": 7, "toilet_cov_pct": 100.1, "lakes": 0, "ponds": 0, "flood_points": 1, "did_you_know_1": "Nearly all homes here are within a 15-minute walk of a bus stop.", "did_you_know_2": "This ward has 4 parks, and nearly all homes are within a 15-minute walk of one.", "did_you_know_3": "This ward has 14 schools and 2 anganwadi (child-care) centres.", "question_1": "Our lakes and ponds are neglected or polluted — how will you clean up and protect the water bodies in this ward?", "question_2": "How will you make sure emergency services like fire response can reach every corner of this ward quickly?", "question_3": "Children here have few safe places to play — will you commit to creating and maintaining playgrounds in this ward?", "question_4": "Getting across the city from this ward takes too long — how will you push for better public-transport and metro connectivity?", "question_5": "Young families need childcare and anganwadi centres close to home — how will you add and support more of them in this ward?"}, "geometry": {"type": "MultiPolygon", "coordinates": [[[[77.58524, 12.96384], [77.57685, 12.96416], [77.57798, 12.96658], [77.57868, 12.96798], [77.5813, 12.96651], [77.58287, 12.97184], [77.58436, 12.9687], [77.58744, 12.96681], [77.58673, 12.96551], [77.59157, 12.96138], [77.58989, 12.96081], [77.58937, 12.95904], [77.58713, 12.95955], [77.58827, 12.96104], [77.5841, 12.96149], [77.58524, 12.96384]]]]}}, {"type": "Feature", "properties": {"ward_name": "Lakshmi Devi Nagar", "ward_id": "33", "zone": "Rajarajeshwarinagar", "assembly": "154 - Rajarajeshwarinagar", "parliamentary": "Bangalore Rural", "bus_stops": 5, "bus_cov_pct": 100.1, "metro": 0, "metro_cov_pct": null, "parks": 0, "parks_cov_pct": 100.1, "playgrounds": 0, "schools": 14, "anganwadis": 14, "police": 0, "fire": 0, "public_toilets": 1, "toilet_cov_pct": 100.1, "lakes": 0, "ponds": 0, "flood_points": 0, "did_you_know_1": "Nearly all homes here are within a 15-minute walk of a bus stop.", "did_you_know_2": "This ward has 14 schools and 14 anganwadi (child-care) centres.", "did_you_know_3": "This ward has 1 public toilet, and nearly all homes are within a 15-minute walk of one.", "question_1": "Children here have few safe places to play — will you commit to creating and maintaining playgrounds in this ward?", "question_2": "Safety is a real worry in parts of this ward — how will you improve policing and make our streets safer, especially at night?", "question_3": "Our lakes and ponds are neglected or polluted — how will you clean up and protect the water bodies in this ward?", "question_4": "How will you make sure emergency services like fire response can reach every corner of this ward quickly?", "question_5": "Getting across the city from this ward takes too long — how will you push for better public-transport and metro connectivity?"}, "geometry": {"type": "MultiPolygon", "coordinates": [[[[77.52679, 13.02152], [77.53167, 13.01825], [77.5304, 13.01412], [77.52764, 13.01068], [77.52634, 13.01198], [77.52658, 13.01686], [77.52276, 13.01888], [77.52679, 13.02152]]]]}}, {"type": "Feature", "properties": {"ward_name": "HRBR Layout", "ward_id": "33", "zone": "Byatarayanapura", "assembly": "160 - Sarvagnanagar", "parliamentary": "Bangalore Central", "bus_stops": 6, "bus_cov_pct": 100.1, "metro": 0, "metro_cov_pct": null, "parks": 1, "parks_cov_pct": 100.1, "playgrounds": 0, "schools": 17, "anganwadis": 0, "police": 0, "fire": 0, "public_toilets": 0, "toilet_cov_pct": null, "lakes": 0, "ponds": 0, "flood_points": 0, "did_you_know_1": "Nearly all homes here are within a 15-minute walk of a bus stop.", "did_you_know_2": "This ward has 1 park, and nearly all homes are within a 15-minute walk of one.", "did_you_know_3": "This ward has 17 schools.", "question_1": "Clean, safe public toilets are hard to find in parts of this ward — what will you do to provide and maintain them?", "question_2": "Young families need childcare and anganwadi centres close to home — how will you add and support more of them in this ward?", "question_3": "Children here have few safe places to play — will you commit to creating and maintaining playgrounds in this ward?", "question_4": "Safety is a real worry in parts of this ward — how will you improve policing and make our streets safer, especially at night?", "question_5": "Our lakes and ponds are neglected or polluted — how will you clean up and protect the water bodies in this ward?"}, "geometry": {"type": "MultiPolygon", "coordinates": [[[[77.62868, 13.01198], [77.62981, 13.01773], [77.63528, 13.01634], [77.63592, 13.01512], [77.63631, 13.01721], [77.63853, 13.01662], [77.6393, 13.01404], [77.64179, 13.01409], [77.64193, 13.01183], [77.63869, 13.01067], [77.6329, 13.01175], [77.63187, 13.01055], [77.63171, 13.01298], [77.62868, 13.01198]]]]}}, {"type": "Feature", "properties": {"ward_name": "S.M Krishna Ward", "ward_id": "33", "zone": "Mahadevapura", "assembly": "174 - Mahadevapura", "parliamentary": "Bangalore Central", "bus_stops": 17, "bus_cov_pct": 98.9, "metro": 0, "metro_cov_pct": 32.3, "parks": 0, "parks_cov_pct": 11.4, "playgrounds": 3, "schools": 14, "anganwadis": 4, "police": 2, "fire": 1, "public_toilets": 0, "toilet_cov_pct": 0.1, "lakes": 3, "ponds": 6, "flood_points": 2, "did_you_know_1": "Nearly all homes here are within a 15-minute walk of a bus stop.", "did_you_know_2": "This ward has 14 schools and 4 anganwadi (child-care) centres.", "did_you_know_3": "This ward has 3 lakes and 6 ponds.", "question_1": "Clean, safe public toilets are hard to find in parts of this ward — what will you do to provide and maintain them?", "question_2": "Families here struggle to find a park or open ground to relax in or for children to play — how will you create and maintain more green, open spaces in this ward?", "question_3": "Getting across the city from this ward takes too long — how will you push for better public-transport and metro connectivity?", "question_4": "Every monsoon, the same spots in this ward flood — what concrete steps will you take to fix the drains and stop the flooding?", "question_5": "Safety is a real worry in parts of this ward — how will you improve policing and make our streets safer, especially at night?"}, "geometry": {"type": "MultiPolygon", "coordinates": [[[[77.75707, 12.97671], [77.75336, 12.9733], [77.75046, 12.97392], [77.75028, 12.97217], [77.74728, 12.97333], [77.746, 12.97541], [77.74133, 12.97604], [77.73862, 12.97129], [77.73891, 12.96918], [77.73561, 12.96935], [77.73386, 12.96732], [77.73312, 12.96354], [77.7306, 12.96415], [77.73163, 12.97028], [77.72685, 12.9715], [77.72784, 12.98201], [77.73186, 12.98656], [77.73176, 12.98814], [77.74014, 12.98761], [77.75824, 12.98249], [77.75707, 12.97671]]]]}}, {"type": "Feature", "properties": {"ward_name": "Subbayanapalya", "ward_id": "34", "zone": "Byatarayanapura", "assembly": "160 - Sarvagnanagar", "parliamentary": "Bangalore Central", "bus_stops": 13, "bus_cov_pct": 100.1, "metro": 0, "metro_cov_pct": null, "parks": 0, "parks_cov_pct": 86.3, "playgrounds": 0, "schools": 5, "anganwadis": 2, "police": 0, "fire": 0, "public_toilets": 0, "toilet_cov_pct": null, "lakes": 1, "ponds": 0, "flood_points": 1, "did_you_know_1": "Nearly all homes here are within a 15-minute walk of a bus stop.", "did_you_know_2": "This ward has 5 schools and 2 anganwadi (child-care) centres.", "did_you_know_3": "This ward has 1 lake.", "question_1": "Clean, safe public toilets are hard to find in parts of this ward — what will you do to provide and maintain them?", "question_2": "Children here have few safe places to play — will you commit to creating and maintaining playgrounds in this ward?", "question_3": "Safety is a real worry in parts of this ward — how will you improve policing and make our streets safer, especially at night?", "question_4": "How will you make sure emergency services like fire response can reach every corner of this ward quickly?", "question_5": "Our lakes and ponds are neglected or polluted — how will you clean up and protect the water bodies in this ward?"}, "geometry": {"type": "MultiPolygon", "coordinates": [[[[77.63618, 13.00416], [77.63517, 13.01088], [77.64193, 13.01183], [77.64189, 13.00827], [77.64305, 13.00894], [77.6434, 13.0063], [77.63618, 13.00416]]]]}}, {"type": "Feature", "properties": {"ward_name": "Chikkathoguru", "ward_id": "34", "zone": "Jayanagar", "assembly": "176 - Bangalore South", "parliamentary": "Bangalore Rural", "bus_stops": 11, "bus_cov_pct": 88.6, "metro": 0, "metro_cov_pct": null, "parks": 0, "parks_cov_pct": 10.2, "playgrounds": 0, "schools": 14, "anganwadis": 2, "police": 0, "fire": 0, "public_toilets": 0, "toilet_cov_pct": 5.3, "lakes": 3, "ponds": 13, "flood_points": 0, "did_you_know_1": "About 9 in 10 homes here are within a 15-minute walk of a bus stop.", "did_you_know_2": "This ward has 14 schools and 2 anganwadi (child-care) centres.", "did_you_know_3": "This ward has 3 lakes and 13 ponds.", "question_1": "Clean, safe public toilets are hard to find in parts of this ward — what will you do to provide and maintain them?", "question_2": "Families here struggle to find a park or open ground to relax in or for children to play — how will you create and maintain more green, open spaces in this ward?", "question_3": "Children here have few safe places to play — will you commit to creating and maintaining playgrounds in this ward?", "question_4": "Safety is a real worry in parts of this ward — how will you improve policing and make our streets safer, especially at night?", "question_5": "How will you make sure emergency services like fire response can reach every corner of this ward quickly?"}, "geometry": {"type": "MultiPolygon", "coordinates": [[[[77.65493, 12.87713], [77.6603, 12.87621], [77.65869, 12.87027], [77.66657, 12.86596], [77.66128, 12.85868], [77.6574, 12.85855], [77.6559, 12.85611], [77.64987, 12.85363], [77.65007, 12.85215], [77.64956, 12.85307], [77.64309, 12.85058], [77.6429, 12.85945], [77.64121, 12.86501], [77.63456, 12.86276], [77.6308, 12.86012], [77.62922, 12.85712], [77.61959, 12.85795], [77.62044, 12.86074], [77.62588, 12.86438], [77.6302, 12.86649], [77.63647, 12.86729], [77.6368, 12.86974], [77.63904, 12.87072], [77.63931, 12.87251], [77.65767, 12.86898], [77.65766, 12.87081], [77.65415, 12.87366], [77.65493, 12.87713]]]]}}, {"type": "Feature", "properties": {"ward_name": "D.V Gundappa Ward", "ward_id": "34", "zone": "Gandhinagara", "assembly": "169 - Chickpet", "parliamentary": "Bangalore South", "bus_stops": 7, "bus_cov_pct": 100.1, "metro": 0, "metro_cov_pct": 84.0, "parks": 0, "parks_cov_pct": 100.1, "playgrounds": 0, "schools": 12, "anganwadis": 9, "police": 1, "fire": 0, "public_toilets": 7, "toilet_cov_pct": 100.1, "lakes": 0, "ponds": 0, "flood_points": 0, "did_you_know_1": "Nearly all homes here are within a 15-minute walk of a bus stop.", "did_you_know_2": "This ward has 12 schools and 9 anganwadi (child-care) centres.", "did_you_know_3": "This ward has 7 public toilets, and nearly all homes are within a 15-minute walk of one.", "question_1": "Children here have few safe places to play — will you commit to creating and maintaining playgrounds in this ward?", "question_2": "Our lakes and ponds are neglected or polluted — how will you clean up and protect the water bodies in this ward?", "question_3": "How will you make sure emergency services like fire response can reach every corner of this ward quickly?", "question_4": "Getting across the city from this ward takes too long — how will you push for better public-transport and metro connectivity?", "question_5": "Safety is a real worry in parts of this ward — how will you improve policing and make our streets safer, especially at night?"}, "geometry": {"type": "MultiPolygon", "coordinates": [[[[77.57962, 12.95524], [77.57353, 12.95736], [77.57685, 12.96416], [77.57981, 12.96361], [77.57967, 12.9619], [77.58313, 12.96062], [77.58233, 12.95915], [77.58676, 12.95906], [77.58572, 12.95556], [77.58369, 12.95631], [77.58346, 12.95462], [77.58243, 12.95478], [77.58272, 12.9574], [77.58014, 12.95896], [77.57962, 12.95524]]]]}}, {"type": "Feature", "properties": {"ward_name": "Peenya", "ward_id": "34", "zone": "Rajarajeshwarinagar", "assembly": "154 - Rajarajeshwarinagar", "parliamentary": "Bangalore Rural", "bus_stops": 22, "bus_cov_pct": 99.6, "metro": 3, "metro_cov_pct": 38.6, "parks": 7, "parks_cov_pct": 68.3, "playgrounds": 2, "schools": 27, "anganwadis": 6, "police": 1, "fire": 1, "public_toilets": 4, "toilet_cov_pct": 84.9, "lakes": 0, "ponds": 0, "flood_points": 2, "did_you_know_1": "Nearly all homes here are within a 15-minute walk of a bus stop.", "did_you_know_2": "This ward has 7 parks, and about 7 in 10 homes are within a 15-minute walk of one.", "did_you_know_3": "This ward has 27 schools and 6 anganwadi (child-care) centres.", "question_1": "Our lakes and ponds are neglected or polluted — how will you clean up and protect the water bodies in this ward?", "question_2": "Families here struggle to find a park or open ground to relax in or for children to play — how will you create and maintain more green, open spaces in this ward?", "question_3": "Children here have few safe places to play — will you commit to creating and maintaining playgrounds in this ward?", "question_4": "Every monsoon, the same spots in this ward flood — what concrete steps will you take to fix the drains and stop the flooding?", "question_5": "Clean, safe public toilets are hard to find in parts of this ward — what will you do to provide and maintain them?"}, "geometry": {"type": "MultiPolygon", "coordinates": [[[[77.53761, 13.02605], [77.53497, 13.02649], [77.53411, 13.02499], [77.53102, 13.02667], [77.52846, 13.021], [77.52165, 13.0238], [77.51784, 13.03388], [77.5185, 13.04015], [77.52219, 13.0459], [77.54075, 13.0325], [77.53942, 13.02719], [77.53861, 13.02764], [77.53761, 13.02605]]]]}}, {"type": "Feature", "properties": {"ward_name": "Kaveri Nagara", "ward_id": "34", "zone": "Mahadevapura", "assembly": "174 - Mahadevapura", "parliamentary": "Bangalore Central", "bus_stops": 13, "bus_cov_pct": 92.2, "metro": 2, "metro_cov_pct": 63.8, "parks": 0, "parks_cov_pct": null, "playgrounds": 3, "schools": 13, "anganwadis": 3, "police": 0, "fire": 0, "public_toilets": 1, "toilet_cov_pct": 30.0, "lakes": 1, "ponds": 0, "flood_points": 1, "did_you_know_1": "About 9 in 10 homes here are within a 15-minute walk of a bus stop.", "did_you_know_2": "This ward has 13 schools and 3 anganwadi (child-care) centres.", "did_you_know_3": "This ward has 1 public toilet, and about 3 in 10 homes are within a 15-minute walk of one.", "question_1": "Families here struggle to find a park or open ground to relax in or for children to play — how will you create and maintain more green, open spaces in this ward?", "question_2": "Clean, safe public toilets are hard to find in parts of this ward — what will you do to provide and maintain them?", "question_3": "Safety is a real worry in parts of this ward — how will you improve policing and make our streets safer, especially at night?", "question_4": "How will you make sure emergency services like fire response can reach every corner of this ward quickly?", "question_5": "Our lakes and ponds are neglected or polluted — how will you clean up and protect the water bodies in this ward?"}, "geometry": {"type": "MultiPolygon", "coordinates": [[[[77.73176, 12.98814], [77.73186, 12.98656], [77.72889, 12.98403], [77.72744, 12.98022], [77.71602, 12.98094], [77.71235, 12.98391], [77.71352, 12.98649], [77.71191, 12.98683], [77.71229, 12.98862], [77.71019, 12.98813], [77.71007, 12.98483], [77.70829, 12.98426], [77.70575, 12.99296], [77.70225, 12.9938], [77.70261, 12.99581], [77.70424, 12.99953], [77.70817, 12.99886], [77.70935, 12.99785], [77.70826, 12.99673], [77.70907, 12.99284], [77.71957, 12.99219], [77.73176, 12.98814]]]]}}, {"type": "Feature", "properties": {"ward_name": "Kammanahalli", "ward_id": "35", "zone": "Byatarayanapura", "assembly": "160 - Sarvagnanagar", "parliamentary": "Bangalore Central", "bus_stops": 2, "bus_cov_pct": 100.1, "metro": 0, "metro_cov_pct": null, "parks": 0, "parks_cov_pct": 100.1, "playgrounds": 0, "schools": 6, "anganwadis": 4, "police": 0, "fire": 0, "public_toilets": 0, "toilet_cov_pct": null, "lakes": 1, "ponds": 0, "flood_points": 0, "did_you_know_1": "Nearly all homes here are within a 15-minute walk of a bus stop.", "did_you_know_2": "This ward has 6 schools and 4 anganwadi (child-care) centres.", "did_you_know_3": "This ward has 1 lake.", "question_1": "Clean, safe public toilets are hard to find in parts of this ward — what will you do to provide and maintain them?", "question_2": "Children here have few safe places to play — will you commit to creating and maintaining playgrounds in this ward?", "question_3": "Safety is a real worry in parts of this ward — how will you improve policing and make our streets safer, especially at night?", "question_4": "How will you make sure emergency services like fire response can reach every corner of this ward quickly?", "question_5": "Our lakes and ponds are neglected or polluted — how will you clean up and protect the water bodies in this ward?"}, "geometry": {"type": "MultiPolygon", "coordinates": [[[[77.63618, 13.00416], [77.62749, 13.00623], [77.62949, 13.00641], [77.62905, 13.00779], [77.63047, 13.00764], [77.63145, 13.00918], [77.6301, 13.01002], [77.63027, 13.01292], [77.63171, 13.01298], [77.63187, 13.01055], [77.63521, 13.01187], [77.63618, 13.00416]]]]}}, {"type": "Feature", "properties": {"ward_name": "Goraguntepalya", "ward_id": "35", "zone": "Rajarajeshwarinagar", "assembly": "154 - Rajarajeshwarinagar", "parliamentary": "Bangalore Rural", "bus_stops": 17, "bus_cov_pct": 99.6, "metro": 2, "metro_cov_pct": 50.2, "parks": 1, "parks_cov_pct": 62.9, "playgrounds": 0, "schools": 6, "anganwadis": 4, "police": 1, "fire": 0, "public_toilets": 11, "toilet_cov_pct": 65.8, "lakes": 0, "ponds": 1, "flood_points": 1, "did_you_know_1": "Nearly all homes here are within a 15-minute walk of a bus stop.", "did_you_know_2": "This ward has 1 park, and about 6 in 10 homes are within a 15-minute walk of one.", "did_you_know_3": "This ward has 6 schools and 4 anganwadi (child-care) centres.", "question_1": "Children here have few safe places to play — will you commit to creating and maintaining playgrounds in this ward?", "question_2": "How will you make sure emergency services like fire response can reach every corner of this ward quickly?", "question_3": "Our lakes and ponds are neglected or polluted — how will you clean up and protect the water bodies in this ward?", "question_4": "Families here struggle to find a park or open ground to relax in or for children to play — how will you create and maintain more green, open spaces in this ward?", "question_5": "Clean, safe public toilets are hard to find in parts of this ward — what will you do to provide and maintain them?"}, "geometry": {"type": "MultiPolygon", "coordinates": [[[[77.53497, 13.02649], [77.53942, 13.02719], [77.54295, 13.03929], [77.55586, 13.01581], [77.55402, 13.01488], [77.55152, 13.02216], [77.54426, 13.02637], [77.53981, 13.01904], [77.53263, 13.02215], [77.53167, 13.01825], [77.52743, 13.02065], [77.53102, 13.02667], [77.53411, 13.02499], [77.53497, 13.02649]]]]}}, {"type": "Feature", "properties": {"ward_name": "Vishwapriya Nagara", "ward_id": "35", "zone": "Jayanagar", "assembly": "176 - Bangalore South", "parliamentary": "Bangalore Rural", "bus_stops": 9, "bus_cov_pct": 97.9, "metro": 0, "metro_cov_pct": null, "parks": 0, "parks_cov_pct": null, "playgrounds": 0, "schools": 10, "anganwadis": 4, "police": 0, "fire": 0, "public_toilets": 1, "toilet_cov_pct": 75.3, "lakes": 0, "ponds": 0, "flood_points": 1, "did_you_know_1": "Nearly all homes here are within a 15-minute walk of a bus stop.", "did_you_know_2": "This ward has 10 schools and 4 anganwadi (child-care) centres.", "did_you_know_3": "This ward has 1 public toilet, and about 8 in 10 homes are within a 15-minute walk of one.", "question_1": "Families here struggle to find a park or open ground to relax in or for children to play — how will you create and maintain more green, open spaces in this ward?", "question_2": "Children here have few safe places to play — will you commit to creating and maintaining playgrounds in this ward?", "question_3": "Safety is a real worry in parts of this ward — how will you improve policing and make our streets safer, especially at night?", "question_4": "Our lakes and ponds are neglected or polluted — how will you clean up and protect the water bodies in this ward?", "question_5": "How will you make sure emergency services like fire response can reach every corner of this ward quickly?"}, "geometry": {"type": "MultiPolygon", "coordinates": [[[[77.63289, 12.87802], [77.6269, 12.87782], [77.62777, 12.88164], [77.62476, 12.88198], [77.6256, 12.88839], [77.62863, 12.88812], [77.63022, 12.89276], [77.6328, 12.89241], [77.63287, 12.88941], [77.63147, 12.88926], [77.63233, 12.8861], [77.6352, 12.88638], [77.63517, 12.88782], [77.63893, 12.88522], [77.63696, 12.87996], [77.6397, 12.87602], [77.64024, 12.8725], [77.6368, 12.86974], [77.63647, 12.86729], [77.6302, 12.86649], [77.63393, 12.87423], [77.63289, 12.87802]]]]}}, {"type": "Feature", "properties": {"ward_name": "Garudachar Palya", "ward_id": "35", "zone": "Mahadevapura", "assembly": "174 - Mahadevapura", "parliamentary": "Bangalore Central", "bus_stops": 6, "bus_cov_pct": 100.0, "metro": 1, "metro_cov_pct": 23.5, "parks": 0, "parks_cov_pct": null, "playgrounds": 1, "schools": 10, "anganwadis": 2, "police": 0, "fire": 0, "public_toilets": 1, "toilet_cov_pct": 77.0, "lakes": 1, "ponds": 0, "flood_points": 1, "did_you_know_1": "Nearly all homes here are within a 15-minute walk of a bus stop.", "did_you_know_2": "This ward has 10 schools and 2 anganwadi (child-care) centres.", "did_you_know_3": "This ward has 1 public toilet, and about 8 in 10 homes are within a 15-minute walk of one.", "question_1": "Families here struggle to find a park or open ground to relax in or for children to play — how will you create and maintain more green, open spaces in this ward?", "question_2": "Safety is a real worry in parts of this ward — how will you improve policing and make our streets safer, especially at night?", "question_3": "How will you make sure emergency services like fire response can reach every corner of this ward quickly?", "question_4": "Children here have few safe places to play — will you commit to creating and maintaining playgrounds in this ward?", "question_5": "Our lakes and ponds are neglected or polluted — how will you clean up and protect the water bodies in this ward?"}, "geometry": {"type": "MultiPolygon", "coordinates": [[[[77.69989, 12.98955], [77.69774, 12.98444], [77.70071, 12.98391], [77.70079, 12.98273], [77.69585, 12.98392], [77.69556, 12.99028], [77.68851, 12.99205], [77.69067, 12.99726], [77.70575, 12.99296], [77.70728, 12.98799], [77.69989, 12.98955]]]]}}, {"type": "Feature", "properties": {"ward_name": "Hombegowda Nagara", "ward_id": "35", "zone": "Gandhinagara", "assembly": "169 - Chickpet", "parliamentary": "Bangalore South", "bus_stops": 13, "bus_cov_pct": 100.1, "metro": 0, "metro_cov_pct": null, "parks": 2, "parks_cov_pct": 100.1, "playgrounds": 1, "schools": 21, "anganwadis": 5, "police": 1, "fire": 0, "public_toilets": 7, "toilet_cov_pct": 100.1, "lakes": 0, "ponds": 0, "flood_points": 2, "did_you_know_1": "Nearly all homes here are within a 15-minute walk of a bus stop.", "did_you_know_2": "This ward has 2 parks, and nearly all homes are within a 15-minute walk of one.", "did_you_know_3": "This ward has 21 schools and 5 anganwadi (child-care) centres.", "question_1": "Our lakes and ponds are neglected or polluted — how will you clean up and protect the water bodies in this ward?", "question_2": "How will you make sure emergency services like fire response can reach every corner of this ward quickly?", "question_3": "Children here have few safe places to play — will you commit to creating and maintaining playgrounds in this ward?", "question_4": "Getting across the city from this ward takes too long — how will you push for better public-transport and metro connectivity?", "question_5": "Every monsoon, the same spots in this ward flood — what concrete steps will you take to fix the drains and stop the flooding?"}, "geometry": {"type": "MultiPolygon", "coordinates": [[[[77.58954, 12.95594], [77.58914, 12.95458], [77.59144, 12.95381], [77.59229, 12.956], [77.60024, 12.94978], [77.60346, 12.95055], [77.60263, 12.94836], [77.60026, 12.9489], [77.5993, 12.94624], [77.59624, 12.94688], [77.59558, 12.94591], [77.59179, 12.95106], [77.58346, 12.95462], [77.58369, 12.95631], [77.58572, 12.95556], [77.58676, 12.95906], [77.58837, 12.95858], [77.58736, 12.95757], [77.58954, 12.95594]]]]}}, {"type": "Feature", "properties": {"ward_name": "Beguru", "ward_id": "36", "zone": "Jayanagar", "assembly": "176 - Bangalore South", "parliamentary": "Bangalore Rural", "bus_stops": 15, "bus_cov_pct": 87.9, "metro": 0, "metro_cov_pct": null, "parks": 0, "parks_cov_pct": 16.3, "playgrounds": 1, "schools": 7, "anganwadis": 5, "police": 1, "fire": 0, "public_toilets": 1, "toilet_cov_pct": 60.6, "lakes": 1, "ponds": 1, "flood_points": 0, "did_you_know_1": "About 9 in 10 homes here are within a 15-minute walk of a bus stop.", "did_you_know_2": "This ward has 7 schools and 5 anganwadi (child-care) centres.", "did_you_know_3": "This ward has 1 public toilet, and about 6 in 10 homes are within a 15-minute walk of one.", "question_1": "Families here struggle to find a park or open ground to relax in or for children to play — how will you create and maintain more green, open spaces in this ward?", "question_2": "How will you make sure emergency services like fire response can reach every corner of this ward quickly?", "question_3": "Children here have few safe places to play — will you commit to creating and maintaining playgrounds in this ward?", "question_4": "Getting across the city from this ward takes too long — how will you push for better public-transport and metro connectivity?", "question_5": "Clean, safe public toilets are hard to find in parts of this ward — what will you do to provide and maintain them?"}, "geometry": {"type": "MultiPolygon", "coordinates": [[[[77.62218, 12.86952], [77.6224, 12.87451], [77.62407, 12.87402], [77.62479, 12.87728], [77.61923, 12.87798], [77.6176, 12.8767], [77.61871, 12.88123], [77.61762, 12.88169], [77.61785, 12.88475], [77.6199, 12.88887], [77.62556, 12.88856], [77.62476, 12.88198], [77.62777, 12.88164], [77.6269, 12.87782], [77.63248, 12.87854], [77.63393, 12.87423], [77.6302, 12.86649], [77.61936, 12.86006], [77.61697, 12.86033], [77.61665, 12.86383], [77.62218, 12.86952]]]]}}, {"type": "Feature", "properties": {"ward_name": "Someshwara Nagara", "ward_id": "36", "zone": "Gandhinagara", "assembly": "169 - Chickpet", "parliamentary": "Bangalore South", "bus_stops": 3, "bus_cov_pct": 100.1, "metro": 0, "metro_cov_pct": null, "parks": 1, "parks_cov_pct": 91.2, "playgrounds": 0, "schools": 10, "anganwadis": 3, "police": 1, "fire": 0, "public_toilets": 2, "toilet_cov_pct": 100.1, "lakes": 0, "ponds": 0, "flood_points": 0, "did_you_know_1": "Nearly all homes here are within a 15-minute walk of a bus stop.", "did_you_know_2": "This ward has 1 park, and about 9 in 10 homes are within a 15-minute walk of one.", "did_you_know_3": "This ward has 10 schools and 3 anganwadi (child-care) centres.", "question_1": "Children here have few safe places to play — will you commit to creating and maintaining playgrounds in this ward?", "question_2": "Our lakes and ponds are neglected or polluted — how will you clean up and protect the water bodies in this ward?", "question_3": "How will you make sure emergency services like fire response can reach every corner of this ward quickly?", "question_4": "Getting across the city from this ward takes too long — how will you push for better public-transport and metro connectivity?", "question_5": "Safety is a real worry in parts of this ward — how will you improve policing and make our streets safer, especially at night?"}, "geometry": {"type": "MultiPolygon", "coordinates": [[[[77.59767, 12.93994], [77.59254, 12.93852], [77.59521, 12.94537], [77.59322, 12.9468], [77.59768, 12.94592], [77.5993, 12.94624], [77.60026, 12.9489], [77.60263, 12.94836], [77.60263, 12.94214], [77.59726, 12.94319], [77.59767, 12.93994]]]]}}, {"type": "Feature", "properties": {"ward_name": "Maruthi Seva Nagara", "ward_id": "36", "zone": "Byatarayanapura", "assembly": "160 - Sarvagnanagar", "parliamentary": "Bangalore Central", "bus_stops": 5, "bus_cov_pct": 100.1, "metro": 0, "metro_cov_pct": null, "parks": 3, "parks_cov_pct": 100.1, "playgrounds": 0, "schools": 19, "anganwadis": 2, "police": 0, "fire": 0, "public_toilets": 0, "toilet_cov_pct": 64.0, "lakes": 0, "ponds": 0, "flood_points": 0, "did_you_know_1": "Nearly all homes here are within a 15-minute walk of a bus stop.", "did_you_know_2": "This ward has 3 parks, and nearly all homes are within a 15-minute walk of one.", "did_you_know_3": "This ward has 19 schools and 2 anganwadi (child-care) centres.", "question_1": "Children here have few safe places to play — will you commit to creating and maintaining playgrounds in this ward?", "question_2": "Safety is a real worry in parts of this ward — how will you improve policing and make our streets safer, especially at night?", "question_3": "Our lakes and ponds are neglected or polluted — how will you clean up and protect the water bodies in this ward?", "question_4": "How will you make sure emergency services like fire response can reach every corner of this ward quickly?", "question_5": "Getting across the city from this ward takes too long — how will you push for better public-transport and metro connectivity?"}, "geometry": {"type": "MultiPolygon", "coordinates": [[[[77.63415, 13.00237], [77.6224, 12.998], [77.62018, 12.99996], [77.62074, 13.00229], [77.61955, 13.00377], [77.62564, 13.01209], [77.62709, 13.01176], [77.62741, 13.00824], [77.62983, 13.00714], [77.62749, 13.00623], [77.63665, 13.00423], [77.63415, 13.00237]]]]}}, {"type": "Feature", "properties": {"ward_name": "Bharath Aikya Ward", "ward_id": "36", "zone": "Mahadevapura", "assembly": "174 - Mahadevapura", "parliamentary": "Bangalore Central", "bus_stops": 15, "bus_cov_pct": 93.8, "metro": 3, "metro_cov_pct": 51.7, "parks": 0, "parks_cov_pct": 29.1, "playgrounds": 3, "schools": 7, "anganwadis": 1, "police": 0, "fire": 0, "public_toilets": 0, "toilet_cov_pct": 3.2, "lakes": 2, "ponds": 0, "flood_points": 0, "did_you_know_1": "About 9 in 10 homes here are within a 15-minute walk of a bus stop.", "did_you_know_2": "This ward has 7 schools and 1 anganwadi (child-care) centre.", "did_you_know_3": "This ward has 2 lakes.", "question_1": "Clean, safe public toilets are hard to find in parts of this ward — what will you do to provide and maintain them?", "question_2": "Families here struggle to find a park or open ground to relax in or for children to play — how will you create and maintain more green, open spaces in this ward?", "question_3": "Safety is a real worry in parts of this ward — how will you improve policing and make our streets safer, especially at night?", "question_4": "How will you make sure emergency services like fire response can reach every corner of this ward quickly?", "question_5": "Young families need childcare and anganwadi centres close to home — how will you add and support more of them in this ward?"}, "geometry": {"type": "MultiPolygon", "coordinates": [[[[77.70485, 12.96831], [77.70215, 12.96582], [77.69869, 12.97302], [77.70714, 12.97429], [77.70827, 12.97579], [77.70678, 12.98048], [77.7053, 12.97952], [77.70084, 12.98266], [77.70071, 12.98391], [77.69774, 12.98444], [77.69739, 12.98586], [77.69911, 12.98676], [77.69989, 12.98955], [77.70728, 12.98799], [77.70829, 12.98426], [77.71007, 12.98483], [77.71019, 12.98813], [77.71229, 12.98862], [77.71191, 12.98683], [77.71352, 12.98649], [77.71235, 12.98391], [77.715, 12.98144], [77.72744, 12.98022], [77.72722, 12.97647], [77.71826, 12.97729], [77.71795, 12.97326], [77.71561, 12.9733], [77.71542, 12.9696], [77.71715, 12.96944], [77.71694, 12.96731], [77.71407, 12.9677], [77.71364, 12.96476], [77.70837, 12.96374], [77.70724, 12.96765], [77.70485, 12.96831]]]]}}, {"type": "Feature", "properties": {"ward_name": "Nalwadi Krishnaraja Wadiyar Ward", "ward_id": "36", "zone": "Rajarajeshwarinagar", "assembly": "156 - Mahalakshmi Layout", "parliamentary": "Bangalore North", "bus_stops": 8, "bus_cov_pct": 100.1, "metro": 1, "metro_cov_pct": 52.2, "parks": 2, "parks_cov_pct": 100.1, "playgrounds": 1, "schools": 16, "anganwadis": 11, "police": 0, "fire": 1, "public_toilets": 5, "toilet_cov_pct": 100.1, "lakes": 0, "ponds": 0, "flood_points": 0, "did_you_know_1": "Nearly all homes here are within a 15-minute walk of a bus stop.", "did_you_know_2": "This ward has 2 parks, and nearly all homes are within a 15-minute walk of one.", "did_you_know_3": "This ward has 16 schools and 11 anganwadi (child-care) centres.", "question_1": "Safety is a real worry in parts of this ward — how will you improve policing and make our streets safer, especially at night?", "question_2": "Our lakes and ponds are neglected or polluted — how will you clean up and protect the water bodies in this ward?", "question_3": "Children here have few safe places to play — will you commit to creating and maintaining playgrounds in this ward?", "question_4": "How will you make sure emergency services like fire response can reach every corner of this ward quickly?", "question_5": "Getting across the city from this ward takes too long — how will you push for better public-transport and metro connectivity?"}, "geometry": {"type": "MultiPolygon", "coordinates": [[[[77.54402, 13.01439], [77.54158, 13.01531], [77.54046, 13.01403], [77.54153, 13.01804], [77.53979, 13.01901], [77.54426, 13.02637], [77.55152, 13.02216], [77.55407, 13.01403], [77.54948, 13.01008], [77.54726, 13.01062], [77.547, 13.00926], [77.54427, 13.00884], [77.54388, 13.01064], [77.54767, 13.01229], [77.54842, 13.01496], [77.54725, 13.01576], [77.5468, 13.01304], [77.54401, 13.01226], [77.54402, 13.01439]]]]}}, {"type": "Feature", "properties": {"ward_name": "Yelenahalli", "ward_id": "37", "zone": "Jayanagar", "assembly": "176 - Bangalore South", "parliamentary": "Bangalore Rural", "bus_stops": 15, "bus_cov_pct": 89.0, "metro": 0, "metro_cov_pct": null, "parks": 0, "parks_cov_pct": 18.6, "playgrounds": 0, "schools": 20, "anganwadis": 2, "police": 0, "fire": 0, "public_toilets": 3, "toilet_cov_pct": 32.9, "lakes": 2, "ponds": 5, "flood_points": 1, "did_you_know_1": "About 9 in 10 homes here are within a 15-minute walk of a bus stop.", "did_you_know_2": "This ward has 20 schools and 2 anganwadi (child-care) centres.", "did_you_know_3": "This ward has 3 public toilets, and about 3 in 10 homes are within a 15-minute walk of one.", "question_1": "Families here struggle to find a park or open ground to relax in or for children to play — how will you create and maintain more green, open spaces in this ward?", "question_2": "Children here have few safe places to play — will you commit to creating and maintaining playgrounds in this ward?", "question_3": "Clean, safe public toilets are hard to find in parts of this ward — what will you do to provide and maintain them?", "question_4": "Safety is a real worry in parts of this ward — how will you improve policing and make our streets safer, especially at night?", "question_5": "How will you make sure emergency services like fire response can reach every corner of this ward quickly?"}, "geometry": {"type": "MultiPolygon", "coordinates": [[[[77.58538, 12.86016], [77.58556, 12.86687], [77.59295, 12.87272], [77.59602, 12.87278], [77.59806, 12.86677], [77.60263, 12.86665], [77.60351, 12.86466], [77.60643, 12.86991], [77.60802, 12.86967], [77.60838, 12.867], [77.61111, 12.86742], [77.6128, 12.86541], [77.61358, 12.8713], [77.61528, 12.87162], [77.61492, 12.87626], [77.61753, 12.87606], [77.61923, 12.87798], [77.62479, 12.87728], [77.62407, 12.87402], [77.6224, 12.87451], [77.62172, 12.87342], [77.62218, 12.86952], [77.61665, 12.86383], [77.61697, 12.86033], [77.62044, 12.86074], [77.61959, 12.85795], [77.61684, 12.85753], [77.61275, 12.85175], [77.60895, 12.85127], [77.60953, 12.85487], [77.60459, 12.85385], [77.60627, 12.86092], [77.59972, 12.86169], [77.5982, 12.86569], [77.59699, 12.86186], [77.59519, 12.86364], [77.59341, 12.86329], [77.59554, 12.867], [77.5945, 12.8678], [77.59255, 12.86827], [77.59059, 12.86234], [77.59409, 12.86189], [77.59329, 12.85891], [77.58903, 12.85851], [77.58885, 12.8564], [77.5864, 12.85689], [77.58515, 12.85567], [77.5855, 12.85949], [77.58398, 12.85819], [77.58132, 12.85828], [77.58159, 12.85986], [77.58538, 12.86016]]]]}}, {"type": "Feature", "properties": {"ward_name": "Jeevanahalli", "ward_id": "37", "zone": "Byatarayanapura", "assembly": "160 - Sarvagnanagar", "parliamentary": "Bangalore Central", "bus_stops": 10, "bus_cov_pct": 96.1, "metro": 0, "metro_cov_pct": null, "parks": 2, "parks_cov_pct": 85.9, "playgrounds": 0, "schools": 10, "anganwadis": 2, "police": 0, "fire": 0, "public_toilets": 0, "toilet_cov_pct": 4.1, "lakes": 0, "ponds": 0, "flood_points": 0, "did_you_know_1": "Nearly all homes here are within a 15-minute walk of a bus stop.", "did_you_know_2": "This ward has 2 parks, and about 9 in 10 homes are within a 15-minute walk of one.", "did_you_know_3": "This ward has 10 schools and 2 anganwadi (child-care) centres.", "question_1": "Clean, safe public toilets are hard to find in parts of this ward — what will you do to provide and maintain them?", "question_2": "Children here have few safe places to play — will you commit to creating and maintaining playgrounds in this ward?", "question_3": "Safety is a real worry in parts of this ward — how will you improve policing and make our streets safer, especially at night?", "question_4": "Our lakes and ponds are neglected or polluted — how will you clean up and protect the water bodies in this ward?", "question_5": "How will you make sure emergency services like fire response can reach every corner of this ward quickly?"}, "geometry": {"type": "MultiPolygon", "coordinates": [[[[77.62709, 12.9949], [77.6224, 12.998], [77.62707, 13.00099], [77.63415, 13.00237], [77.63635, 13.00396], [77.63857, 13.00263], [77.64272, 12.9958], [77.63794, 12.9951], [77.63734, 12.99268], [77.62709, 12.9949]]]]}}, {"type": "Feature", "properties": {"ward_name": "Kundalahalli", "ward_id": "37", "zone": "Mahadevapura", "assembly": "174 - Mahadevapura", "parliamentary": "Bangalore Central", "bus_stops": 14, "bus_cov_pct": 87.2, "metro": 0, "metro_cov_pct": 17.9, "parks": 1, "parks_cov_pct": 19.1, "playgrounds": 7, "schools": 10, "anganwadis": 3, "police": 0, "fire": 0, "public_toilets": 0, "toilet_cov_pct": null, "lakes": 2, "ponds": 15, "flood_points": 1, "did_you_know_1": "About 9 in 10 homes here are within a 15-minute walk of a bus stop.", "did_you_know_2": "This ward has 1 park, and about 2 in 10 homes are within a 15-minute walk of one.", "did_you_know_3": "This ward has 10 schools and 3 anganwadi (child-care) centres.", "question_1": "Clean, safe public toilets are hard to find in parts of this ward — what will you do to provide and maintain them?", "question_2": "Families here struggle to find a park or open ground to relax in or for children to play — how will you create and maintain more green, open spaces in this ward?", "question_3": "Safety is a real worry in parts of this ward — how will you improve policing and make our streets safer, especially at night?", "question_4": "How will you make sure emergency services like fire response can reach every corner of this ward quickly?", "question_5": "Getting across the city from this ward takes too long — how will you push for better public-transport and metro connectivity?"}, "geometry": {"type": "MultiPolygon", "coordinates": [[[[77.71835, 12.96511], [77.71715, 12.96944], [77.71542, 12.9696], [77.71561, 12.9733], [77.71795, 12.97326], [77.71826, 12.97729], [77.72709, 12.97645], [77.72685, 12.9715], [77.73206, 12.96968], [77.7306, 12.96415], [77.73312, 12.96354], [77.73099, 12.95617], [77.7366, 12.95698], [77.73546, 12.95225], [77.73729, 12.95263], [77.73758, 12.95123], [77.73245, 12.94824], [77.72516, 12.94641], [77.72222, 12.94696], [77.71687, 12.94428], [77.71667, 12.94681], [77.71519, 12.94692], [77.71476, 12.9557], [77.71835, 12.96511]]]]}}, {"type": "Feature", "properties": {"ward_name": "BHEL Ward", "ward_id": "37", "zone": "Gandhinagara", "assembly": "169 - Chickpet", "parliamentary": "Bangalore South", "bus_stops": 7, "bus_cov_pct": 100.1, "metro": 0, "metro_cov_pct": null, "parks": 0, "parks_cov_pct": 90.8, "playgrounds": 1, "schools": 6, "anganwadis": 4, "police": 0, "fire": 1, "public_toilets": 0, "toilet_cov_pct": 93.4, "lakes": 1, "ponds": 0, "flood_points": 2, "did_you_know_1": "Nearly all homes here are within a 15-minute walk of a bus stop.", "did_you_know_2": "This ward has 6 schools and 4 anganwadi (child-care) centres.", "did_you_know_3": "This ward has 1 lake.", "question_1": "Safety is a real worry in parts of this ward — how will you improve policing and make our streets safer, especially at night?", "question_2": "Children here have few safe places to play — will you commit to creating and maintaining playgrounds in this ward?", "question_3": "Our lakes and ponds are neglected or polluted — how will you clean up and protect the water bodies in this ward?", "question_4": "Getting across the city from this ward takes too long — how will you push for better public-transport and metro connectivity?", "question_5": "Every monsoon, the same spots in this ward flood — what concrete steps will you take to fix the drains and stop the flooding?"}, "geometry": {"type": "MultiPolygon", "coordinates": [[[[77.59251, 12.92879], [77.59254, 12.93852], [77.59767, 12.93994], [77.59909, 12.93778], [77.6017, 12.93709], [77.6005, 12.92829], [77.59251, 12.92879]]]]}}, {"type": "Feature", "properties": {"ward_name": "Dr. Puneeth Rajkumar Ward", "ward_id": "37", "zone": "Rajarajeshwarinagar", "assembly": "156 - Mahalakshmi Layout", "parliamentary": "Bangalore North", "bus_stops": 12, "bus_cov_pct": 100.1, "metro": 0, "metro_cov_pct": 11.2, "parks": 6, "parks_cov_pct": 100.1, "playgrounds": 2, "schools": 22, "anganwadis": 10, "police": 0, "fire": 0, "public_toilets": 1, "toilet_cov_pct": 100.1, "lakes": 0, "ponds": 0, "flood_points": 0, "did_you_know_1": "Nearly all homes here are within a 15-minute walk of a bus stop.", "did_you_know_2": "This ward has 6 parks, and nearly all homes are within a 15-minute walk of one.", "did_you_know_3": "This ward has 22 schools and 10 anganwadi (child-care) centres.", "question_1": "Safety is a real worry in parts of this ward — how will you improve policing and make our streets safer, especially at night?", "question_2": "Our lakes and ponds are neglected or polluted — how will you clean up and protect the water bodies in this ward?", "question_3": "How will you make sure emergency services like fire response can reach every corner of this ward quickly?", "question_4": "Getting across the city from this ward takes too long — how will you push for better public-transport and metro connectivity?", "question_5": "Children here have few safe places to play — will you commit to creating and maintaining playgrounds in this ward?"}, "geometry": {"type": "MultiPolygon", "coordinates": [[[[77.54158, 13.01531], [77.54399, 13.01487], [77.54401, 13.01226], [77.53988, 13.01251], [77.53666, 13.01526], [77.53726, 13.01762], [77.53161, 13.01799], [77.53263, 13.02215], [77.54153, 13.01804], [77.54046, 13.01403], [77.54158, 13.01531]]]]}}, {"type": "Feature", "properties": {"ward_name": "Doddakammanahalli", "ward_id": "38", "zone": "Jayanagar", "assembly": "176 - Bangalore South", "parliamentary": "Bangalore Rural", "bus_stops": 31, "bus_cov_pct": 84.6, "metro": 0, "metro_cov_pct": null, "parks": 1, "parks_cov_pct": 22.8, "playgrounds": 0, "schools": 13, "anganwadis": 6, "police": 0, "fire": 0, "public_toilets": 1, "toilet_cov_pct": 43.3, "lakes": 5, "ponds": 0, "flood_points": 0, "did_you_know_1": "About 8 in 10 homes here are within a 15-minute walk of a bus stop.", "did_you_know_2": "This ward has 1 park, and about 2 in 10 homes are within a 15-minute walk of one.", "did_you_know_3": "This ward has 13 schools and 6 anganwadi (child-care) centres.", "question_1": "Families here struggle to find a park or open ground to relax in or for children to play — how will you create and maintain more green, open spaces in this ward?", "question_2": "Children here have few safe places to play — will you commit to creating and maintaining playgrounds in this ward?", "question_3": "Safety is a real worry in parts of this ward — how will you improve policing and make our streets safer, especially at night?", "question_4": "Clean, safe public toilets are hard to find in parts of this ward — what will you do to provide and maintain them?", "question_5": "How will you make sure emergency services like fire response can reach every corner of this ward quickly?"}, "geometry": {"type": "MultiPolygon", "coordinates": [[[[77.595, 12.86371], [77.59699, 12.86186], [77.5982, 12.86569], [77.59972, 12.86169], [77.60627, 12.86092], [77.60459, 12.85385], [77.60953, 12.85487], [77.60922, 12.84607], [77.60447, 12.84817], [77.59561, 12.84919], [77.59399, 12.84036], [77.59153, 12.83458], [77.58967, 12.83547], [77.58702, 12.83349], [77.5788, 12.83828], [77.58346, 12.84445], [77.58815, 12.84713], [77.58903, 12.85851], [77.59329, 12.85891], [77.59408, 12.8606], [77.59409, 12.86189], [77.59059, 12.86234], [77.59255, 12.86827], [77.59554, 12.867], [77.59341, 12.86329], [77.595, 12.86371]]]]}}, {"type": "Feature", "properties": {"ward_name": "Kanakanapalya", "ward_id": "38", "zone": "Gandhinagara", "assembly": "169 - Chickpet", "parliamentary": "Bangalore South", "bus_stops": 5, "bus_cov_pct": 100.1, "metro": 0, "metro_cov_pct": 35.3, "parks": 3, "parks_cov_pct": 98.9, "playgrounds": 0, "schools": 12, "anganwadis": 0, "police": 0, "fire": 0, "public_toilets": 3, "toilet_cov_pct": 100.1, "lakes": 0, "ponds": 0, "flood_points": 0, "did_you_know_1": "Nearly all homes here are within a 15-minute walk of a bus stop.", "did_you_know_2": "This ward has 3 parks, and nearly all homes are within a 15-minute walk of one.", "did_you_know_3": "This ward has 12 schools.", "question_1": "Young families need childcare and anganwadi centres close to home — how will you add and support more of them in this ward?", "question_2": "Children here have few safe places to play — will you commit to creating and maintaining playgrounds in this ward?", "question_3": "Safety is a real worry in parts of this ward — how will you improve policing and make our streets safer, especially at night?", "question_4": "Our lakes and ponds are neglected or polluted — how will you clean up and protect the water bodies in this ward?", "question_5": "How will you make sure emergency services like fire response can reach every corner of this ward quickly?"}, "geometry": {"type": "MultiPolygon", "coordinates": [[[[77.59183, 12.94426], [77.59474, 12.94357], [77.59249, 12.94049], [77.5927, 12.93621], [77.58775, 12.93517], [77.584, 12.93666], [77.58445, 12.94282], [77.58285, 12.94371], [77.58527, 12.9436], [77.58581, 12.94534], [77.588, 12.94616], [77.58983, 12.94577], [77.59068, 12.94277], [77.59183, 12.94426]]]]}}, {"type": "Feature", "properties": {"ward_name": "Shampura", "ward_id": "38", "zone": "Byatarayanapura", "assembly": "159 - Pulakeshinagar", "parliamentary": "Bangalore North", "bus_stops": 10, "bus_cov_pct": 100.1, "metro": 0, "metro_cov_pct": null, "parks": 3, "parks_cov_pct": 100.1, "playgrounds": 1, "schools": 15, "anganwadis": 3, "police": 0, "fire": 0, "public_toilets": 0, "toilet_cov_pct": 86.6, "lakes": 0, "ponds": 0, "flood_points": 0, "did_you_know_1": "Nearly all homes here are within a 15-minute walk of a bus stop.", "did_you_know_2": "This ward has 3 parks, and nearly all homes are within a 15-minute walk of one.", "did_you_know_3": "This ward has 15 schools and 3 anganwadi (child-care) centres.", "question_1": "Safety is a real worry in parts of this ward — how will you improve policing and make our streets safer, especially at night?", "question_2": "Our lakes and ponds are neglected or polluted — how will you clean up and protect the water bodies in this ward?", "question_3": "How will you make sure emergency services like fire response can reach every corner of this ward quickly?", "question_4": "Children here have few safe places to play — will you commit to creating and maintaining playgrounds in this ward?", "question_5": "Getting across the city from this ward takes too long — how will you push for better public-transport and metro connectivity?"}, "geometry": {"type": "MultiPolygon", "coordinates": [[[[77.61262, 13.02376], [77.60825, 13.02415], [77.60896, 13.0259], [77.60755, 13.02626], [77.60696, 13.02485], [77.60342, 13.02474], [77.60429, 13.02742], [77.60645, 13.02685], [77.61028, 13.03821], [77.61156, 13.03411], [77.61616, 13.028], [77.61262, 13.02376]]]]}}, {"type": "Feature", "properties": {"ward_name": "Nandini Layout", "ward_id": "38", "zone": "Rajarajeshwarinagar", "assembly": "156 - Mahalakshmi Layout", "parliamentary": "Bangalore North", "bus_stops": 9, "bus_cov_pct": 100.1, "metro": 0, "metro_cov_pct": null, "parks": 1, "parks_cov_pct": 100.1, "playgrounds": 2, "schools": 8, "anganwadis": 6, "police": 0, "fire": 0, "public_toilets": 0, "toilet_cov_pct": 100.1, "lakes": 0, "ponds": 0, "flood_points": 0, "did_you_know_1": "Nearly all homes here are within a 15-minute walk of a bus stop.", "did_you_know_2": "This ward has 1 park, and nearly all homes are within a 15-minute walk of one.", "did_you_know_3": "This ward has 8 schools and 6 anganwadi (child-care) centres.", "question_1": "Safety is a real worry in parts of this ward — how will you improve policing and make our streets safer, especially at night?", "question_2": "Our lakes and ponds are neglected or polluted — how will you clean up and protect the water bodies in this ward?", "question_3": "How will you make sure emergency services like fire response can reach every corner of this ward quickly?", "question_4": "Getting across the city from this ward takes too long — how will you push for better public-transport and metro connectivity?", "question_5": "Children here have few safe places to play — will you commit to creating and maintaining playgrounds in this ward?"}, "geometry": {"type": "MultiPolygon", "coordinates": [[[[77.5338, 13.01282], [77.53528, 13.00917], [77.53432, 13.00753], [77.5316, 13.00871], [77.5331, 13.01114], [77.53304, 13.01345], [77.53047, 13.01428], [77.53161, 13.01799], [77.53726, 13.01762], [77.53666, 13.01526], [77.53462, 13.01463], [77.53531, 13.01369], [77.5338, 13.01282]]]]}}, {"type": "Feature", "properties": {"ward_name": "Whitefield", "ward_id": "38", "zone": "Mahadevapura", "assembly": "174 - Mahadevapura", "parliamentary": "Bangalore Central", "bus_stops": 13, "bus_cov_pct": 91.3, "metro": 0, "metro_cov_pct": null, "parks": 1, "parks_cov_pct": 24.4, "playgrounds": 3, "schools": 10, "anganwadis": 2, "police": 0, "fire": 0, "public_toilets": 0, "toilet_cov_pct": null, "lakes": 1, "ponds": 6, "flood_points": 3, "did_you_know_1": "About 9 in 10 homes here are within a 15-minute walk of a bus stop.", "did_you_know_2": "This ward has 1 park, and about 2 in 10 homes are within a 15-minute walk of one.", "did_you_know_3": "This ward has 10 schools and 2 anganwadi (child-care) centres.", "question_1": "Clean, safe public toilets are hard to find in parts of this ward — what will you do to provide and maintain them?", "question_2": "Families here struggle to find a park or open ground to relax in or for children to play — how will you create and maintain more green, open spaces in this ward?", "question_3": "Safety is a real worry in parts of this ward — how will you improve policing and make our streets safer, especially at night?", "question_4": "How will you make sure emergency services like fire response can reach every corner of this ward quickly?", "question_5": "Getting across the city from this ward takes too long — how will you push for better public-transport and metro connectivity?"}, "geometry": {"type": "MultiPolygon", "coordinates": [[[[77.75336, 12.9733], [77.75707, 12.97671], [77.7634, 12.97537], [77.7631, 12.96671], [77.75015, 12.97103], [77.74763, 12.96137], [77.75051, 12.96308], [77.74904, 12.95829], [77.74622, 12.95859], [77.74489, 12.9567], [77.74351, 12.95695], [77.74431, 12.9564], [77.74299, 12.95382], [77.73753, 12.95153], [77.73729, 12.95263], [77.73546, 12.95225], [77.7366, 12.95698], [77.73099, 12.95617], [77.73386, 12.96732], [77.73561, 12.96935], [77.73891, 12.96918], [77.73862, 12.97129], [77.74133, 12.97604], [77.746, 12.97541], [77.74728, 12.97333], [77.75028, 12.97217], [77.75046, 12.97392], [77.75336, 12.9733]]]]}}, {"type": "Feature", "properties": {"ward_name": "Gottigere", "ward_id": "39", "zone": "Jayanagar", "assembly": "176 - Bangalore South", "parliamentary": "Bangalore Rural", "bus_stops": 15, "bus_cov_pct": 98.4, "metro": 0, "metro_cov_pct": null, "parks": 0, "parks_cov_pct": 33.3, "playgrounds": 0, "schools": 8, "anganwadis": 2, "police": 0, "fire": 0, "public_toilets": 0, "toilet_cov_pct": 51.4, "lakes": 0, "ponds": 0, "flood_points": 0, "did_you_know_1": "Nearly all homes here are within a 15-minute walk of a bus stop.", "did_you_know_2": "This ward has 8 schools and 2 anganwadi (child-care) centres.", "did_you_know_3": "This ward is served by 15 bus stops.", "question_1": "Children here have few safe places to play — will you commit to creating and maintaining playgrounds in this ward?", "question_2": "Families here struggle to find a park or open ground to relax in or for children to play — how will you create and maintain more green, open spaces in this ward?", "question_3": "Safety is a real worry in parts of this ward — how will you improve policing and make our streets safer, especially at night?", "question_4": "Our lakes and ponds are neglected or polluted — how will you clean up and protect the water bodies in this ward?", "question_5": "How will you make sure emergency services like fire response can reach every corner of this ward quickly?"}, "geometry": {"type": "MultiPolygon", "coordinates": [[[[77.5788, 12.83828], [77.57344, 12.83987], [77.57657, 12.84986], [77.57904, 12.85054], [77.5808, 12.85495], [77.58006, 12.85837], [77.58398, 12.85819], [77.5855, 12.85949], [77.58502, 12.85576], [77.5864, 12.85689], [77.58885, 12.8564], [77.58815, 12.84713], [77.58346, 12.84445], [77.5788, 12.83828]]]]}}, {"type": "Feature", "properties": {"ward_name": "Hagaduru", "ward_id": "39", "zone": "Mahadevapura", "assembly": "174 - Mahadevapura", "parliamentary": "Bangalore Central", "bus_stops": 14, "bus_cov_pct": 73.7, "metro": 0, "metro_cov_pct": null, "parks": 0, "parks_cov_pct": 2.0, "playgrounds": 3, "schools": 9, "anganwadis": 4, "police": 0, "fire": 0, "public_toilets": 0, "toilet_cov_pct": null, "lakes": 0, "ponds": 37, "flood_points": 0, "did_you_know_1": "About 7 in 10 homes here are within a 15-minute walk of a bus stop.", "did_you_know_2": "This ward has 9 schools and 4 anganwadi (child-care) centres.", "did_you_know_3": "This ward has 37 ponds.", "question_1": "Clean, safe public toilets are hard to find in parts of this ward — what will you do to provide and maintain them?", "question_2": "Families here struggle to find a park or open ground to relax in or for children to play — how will you create and maintain more green, open spaces in this ward?", "question_3": "Safety is a real worry in parts of this ward — how will you improve policing and make our streets safer, especially at night?", "question_4": "How will you make sure emergency services like fire response can reach every corner of this ward quickly?", "question_5": "Getting across the city from this ward takes too long — how will you push for better public-transport and metro connectivity?"}, "geometry": {"type": "MultiPolygon", "coordinates": [[[[77.75015, 12.97103], [77.7631, 12.96671], [77.7634, 12.97537], [77.77069, 12.97441], [77.77044, 12.97716], [77.77648, 12.9776], [77.77846, 12.97679], [77.7762, 12.97514], [77.7788, 12.97281], [77.77863, 12.97058], [77.7832, 12.9709], [77.78406, 12.96673], [77.77879, 12.96681], [77.77763, 12.96816], [77.77209, 12.96593], [77.7672, 12.95953], [77.76496, 12.95993], [77.7645, 12.95593], [77.75879, 12.95243], [77.74991, 12.94283], [77.7484, 12.95231], [77.75088, 12.95302], [77.75246, 12.95715], [77.74791, 12.95579], [77.74724, 12.95819], [77.74904, 12.95829], [77.74909, 12.9606], [77.75048, 12.96152], [77.75051, 12.96308], [77.74763, 12.96137], [77.75015, 12.97103]]]]}}, {"type": "Feature", "properties": {"ward_name": "Kaval Byrasandra", "ward_id": "39", "zone": "Byatarayanapura", "assembly": "159 - Pulakeshinagar", "parliamentary": "Bangalore North", "bus_stops": 6, "bus_cov_pct": 100.1, "metro": 0, "metro_cov_pct": null, "parks": 0, "parks_cov_pct": 69.0, "playgrounds": 1, "schools": 24, "anganwadis": 6, "police": 0, "fire": 0, "public_toilets": 2, "toilet_cov_pct": 100.1, "lakes": 0, "ponds": 0, "flood_points": 0, "did_you_know_1": "Nearly all homes here are within a 15-minute walk of a bus stop.", "did_you_know_2": "This ward has 24 schools and 6 anganwadi (child-care) centres.", "did_you_know_3": "This ward has 2 public toilets, and nearly all homes are within a 15-minute walk of one.", "question_1": "Safety is a real worry in parts of this ward — how will you improve policing and make our streets safer, especially at night?", "question_2": "Our lakes and ponds are neglected or polluted — how will you clean up and protect the water bodies in this ward?", "question_3": "How will you make sure emergency services like fire response can reach every corner of this ward quickly?", "question_4": "Children here have few safe places to play — will you commit to creating and maintaining playgrounds in this ward?", "question_5": "Getting across the city from this ward takes too long — how will you push for better public-transport and metro connectivity?"}, "geometry": {"type": "MultiPolygon", "coordinates": [[[[77.61269, 13.01887], [77.60523, 13.0174], [77.60471, 13.02151], [77.60242, 13.02215], [77.60342, 13.02474], [77.60696, 13.02485], [77.60755, 13.02626], [77.60896, 13.0259], [77.60825, 13.02415], [77.61262, 13.02376], [77.61269, 13.01887]]]]}}, {"type": "Feature", "properties": {"ward_name": "Venkat Reddy Nagara", "ward_id": "39", "zone": "Gandhinagara", "assembly": "169 - Chickpet", "parliamentary": "Bangalore South", "bus_stops": 2, "bus_cov_pct": 100.1, "metro": 0, "metro_cov_pct": null, "parks": 0, "parks_cov_pct": 71.4, "playgrounds": 0, "schools": 8, "anganwadis": 8, "police": 0, "fire": 0, "public_toilets": 1, "toilet_cov_pct": 100.1, "lakes": 0, "ponds": 0, "flood_points": 2, "did_you_know_1": "Nearly all homes here are within a 15-minute walk of a bus stop.", "did_you_know_2": "This ward has 8 schools and 8 anganwadi (child-care) centres.", "did_you_know_3": "This ward has 1 public toilet, and nearly all homes are within a 15-minute walk of one.", "question_1": "Children here have few safe places to play — will you commit to creating and maintaining playgrounds in this ward?", "question_2": "Safety is a real worry in parts of this ward — how will you improve policing and make our streets safer, especially at night?", "question_3": "Our lakes and ponds are neglected or polluted — how will you clean up and protect the water bodies in this ward?", "question_4": "How will you make sure emergency services like fire response can reach every corner of this ward quickly?", "question_5": "Getting across the city from this ward takes too long — how will you push for better public-transport and metro connectivity?"}, "geometry": {"type": "MultiPolygon", "coordinates": [[[[77.59521, 12.94537], [77.59068, 12.94277], [77.58983, 12.94577], [77.588, 12.94616], [77.5935, 12.94874], [77.59418, 12.94742], [77.59309, 12.94662], [77.59521, 12.94537]]]]}}, {"type": "Feature", "properties": {"ward_name": "Jai Maruthi Nagar", "ward_id": "39", "zone": "Rajarajeshwarinagar", "assembly": "156 - Mahalakshmi Layout", "parliamentary": "Bangalore North", "bus_stops": 9, "bus_cov_pct": 100.1, "metro": 0, "metro_cov_pct": 13.7, "parks": 8, "parks_cov_pct": 100.1, "playgrounds": 1, "schools": 16, "anganwadis": 8, "police": 1, "fire": 0, "public_toilets": 2, "toilet_cov_pct": 100.1, "lakes": 0, "ponds": 0, "flood_points": 5, "did_you_know_1": "Nearly all homes here are within a 15-minute walk of a bus stop.", "did_you_know_2": "This ward has 8 parks, and nearly all homes are within a 15-minute walk of one.", "did_you_know_3": "This ward has 16 schools and 8 anganwadi (child-care) centres.", "question_1": "Our lakes and ponds are neglected or polluted — how will you clean up and protect the water bodies in this ward?", "question_2": "Every monsoon, the same spots in this ward flood — what concrete steps will you take to fix the drains and stop the flooding?", "question_3": "How will you make sure emergency services like fire response can reach every corner of this ward quickly?", "question_4": "Children here have few safe places to play — will you commit to creating and maintaining playgrounds in this ward?", "question_5": "Getting across the city from this ward takes too long — how will you push for better public-transport and metro connectivity?"}, "geometry": {"type": "MultiPolygon", "coordinates": [[[[77.5353, 13.00537], [77.53452, 13.00719], [77.5299, 13.00574], [77.5303, 13.00881], [77.52764, 13.01068], [77.53047, 13.01428], [77.53304, 13.01345], [77.5316, 13.00871], [77.53432, 13.00753], [77.53528, 13.00917], [77.53349, 13.01158], [77.53531, 13.01369], [77.53462, 13.01463], [77.53819, 13.01488], [77.54048, 13.01256], [77.54006, 13.00986], [77.54114, 13.00875], [77.53935, 13.009], [77.53869, 13.00684], [77.53604, 13.00678], [77.5353, 13.00537]]]]}}, {"type": "Feature", "properties": {"ward_name": "Anjanapura", "ward_id": "40", "zone": "Jayanagar", "assembly": "176 - Bangalore South", "parliamentary": "Bangalore Rural", "bus_stops": 38, "bus_cov_pct": 85.5, "metro": 0, "metro_cov_pct": 13.8, "parks": 4, "parks_cov_pct": 37.3, "playgrounds": 2, "schools": 14, "anganwadis": 9, "police": 0, "fire": 1, "public_toilets": 3, "toilet_cov_pct": 37.7, "lakes": 2, "ponds": 2, "flood_points": 0, "did_you_know_1": "About 9 in 10 homes here are within a 15-minute walk of a bus stop.", "did_you_know_2": "This ward has 4 parks, and about 4 in 10 homes are within a 15-minute walk of one.", "did_you_know_3": "This ward has 14 schools and 9 anganwadi (child-care) centres.", "question_1": "Families here struggle to find a park or open ground to relax in or for children to play — how will you create and maintain more green, open spaces in this ward?", "question_2": "Clean, safe public toilets are hard to find in parts of this ward — what will you do to provide and maintain them?", "question_3": "Safety is a real worry in parts of this ward — how will you improve policing and make our streets safer, especially at night?", "question_4": "Getting across the city from this ward takes too long — how will you push for better public-transport and metro connectivity?", "question_5": "Children here have few safe places to play — will you commit to creating and maintaining playgrounds in this ward?"}, "geometry": {"type": "MultiPolygon", "coordinates": [[[[77.57456, 12.83746], [77.57187, 12.8392], [77.56256, 12.83897], [77.56268, 12.84027], [77.55741, 12.84184], [77.55735, 12.84419], [77.55449, 12.84803], [77.55302, 12.84716], [77.54437, 12.84807], [77.54565, 12.84965], [77.54479, 12.85117], [77.54645, 12.85545], [77.54639, 12.85828], [77.54505, 12.85963], [77.54831, 12.86439], [77.54826, 12.86693], [77.5503, 12.86781], [77.55002, 12.87167], [77.552, 12.87681], [77.55089, 12.88112], [77.5469, 12.88455], [77.54403, 12.88], [77.5413, 12.88397], [77.54126, 12.88877], [77.54267, 12.89202], [77.53645, 12.89417], [77.53705, 12.89541], [77.5428, 12.89393], [77.54408, 12.88997], [77.54562, 12.88937], [77.54533, 12.88482], [77.54873, 12.88762], [77.54752, 12.88828], [77.54992, 12.8919], [77.55305, 12.89241], [77.55093, 12.88996], [77.55235, 12.88951], [77.55188, 12.88755], [77.55458, 12.8869], [77.55524, 12.88948], [77.55746, 12.88896], [77.55666, 12.88591], [77.5509, 12.88412], [77.55462, 12.88372], [77.55531, 12.88151], [77.55677, 12.88138], [77.55733, 12.88377], [77.5635, 12.88962], [77.56557, 12.88683], [77.56417, 12.88425], [77.56247, 12.88444], [77.56488, 12.8828], [77.5645, 12.88], [77.56159, 12.88034], [77.56207, 12.87824], [77.56365, 12.8779], [77.55609, 12.8702], [77.56202, 12.86956], [77.56304, 12.8718], [77.56448, 12.87142], [77.56619, 12.86902], [77.5644, 12.86251], [77.56625, 12.86243], [77.56693, 12.8637], [77.57167, 12.86362], [77.57098, 12.86072], [77.58006, 12.85837], [77.5808, 12.85495], [77.57904, 12.85054], [77.57657, 12.84986], [77.57344, 12.83987], [77.57523, 12.83874], [77.57456, 12.83746]]]]}}, {"type": "Feature", "properties": {"ward_name": "Varthur", "ward_id": "40", "zone": "Mahadevapura", "assembly": "174 - Mahadevapura", "parliamentary": "Bangalore Central", "bus_stops": 23, "bus_cov_pct": 61.5, "metro": 0, "metro_cov_pct": null, "parks": 0, "parks_cov_pct": null, "playgrounds": 1, "schools": 17, "anganwadis": 3, "police": 1, "fire": 0, "public_toilets": 0, "toilet_cov_pct": null, "lakes": 0, "ponds": 31, "flood_points": 1, "did_you_know_1": "About 6 in 10 homes here are within a 15-minute walk of a bus stop.", "did_you_know_2": "This ward has 17 schools and 3 anganwadi (child-care) centres.", "did_you_know_3": "This ward has 31 ponds.", "question_1": "Families here struggle to find a park or open ground to relax in or for children to play — how will you create and maintain more green, open spaces in this ward?", "question_2": "Clean, safe public toilets are hard to find in parts of this ward — what will you do to provide and maintain them?", "question_3": "How will you make sure emergency services like fire response can reach every corner of this ward quickly?", "question_4": "Children here have few safe places to play — will you commit to creating and maintaining playgrounds in this ward?", "question_5": "Getting across the city from this ward takes too long — how will you push for better public-transport and metro connectivity?"}, "geometry": {"type": "MultiPolygon", "coordinates": [[[[77.7466, 12.93801], [77.73718, 12.92518], [77.71804, 12.92799], [77.71879, 12.9294], [77.72523, 12.93139], [77.72999, 12.93037], [77.73033, 12.93543], [77.73399, 12.93704], [77.7316, 12.94262], [77.72862, 12.94358], [77.71821, 12.94264], [77.71694, 12.94468], [77.72222, 12.94696], [77.72516, 12.94641], [77.73245, 12.94824], [77.74299, 12.95382], [77.74431, 12.9564], [77.74351, 12.95695], [77.74489, 12.9567], [77.74622, 12.95859], [77.74791, 12.95579], [77.75246, 12.95715], [77.75088, 12.95302], [77.7484, 12.95231], [77.74991, 12.94283], [77.75879, 12.95243], [77.7645, 12.95593], [77.76641, 12.93496], [77.76506, 12.93014], [77.7466, 12.93801]]]]}}, {"type": "Feature", "properties": {"ward_name": "Ashoka Pillar", "ward_id": "40", "zone": "Gandhinagara", "assembly": "169 - Chickpet", "parliamentary": "Bangalore South", "bus_stops": 11, "bus_cov_pct": 94.0, "metro": 0, "metro_cov_pct": 58.4, "parks": 1, "parks_cov_pct": 89.3, "playgrounds": 0, "schools": 17, "anganwadis": 1, "police": 0, "fire": 0, "public_toilets": 4, "toilet_cov_pct": 93.9, "lakes": 0, "ponds": 0, "flood_points": 1, "did_you_know_1": "About 9 in 10 homes here are within a 15-minute walk of a bus stop.", "did_you_know_2": "This ward has 1 park, and about 9 in 10 homes are within a 15-minute walk of one.", "did_you_know_3": "This ward has 17 schools and 1 anganwadi (child-care) centre.", "question_1": "Children here have few safe places to play — will you commit to creating and maintaining playgrounds in this ward?", "question_2": "Safety is a real worry in parts of this ward — how will you improve policing and make our streets safer, especially at night?", "question_3": "Our lakes and ponds are neglected or polluted — how will you clean up and protect the water bodies in this ward?", "question_4": "How will you make sure emergency services like fire response can reach every corner of this ward quickly?", "question_5": "Young families need childcare and anganwadi centres close to home — how will you add and support more of them in this ward?"}, "geometry": {"type": "MultiPolygon", "coordinates": [[[[77.584, 12.93666], [77.58004, 12.93677], [77.57927, 12.94058], [77.58009, 12.95515], [77.59179, 12.95106], [77.5935, 12.94874], [77.58609, 12.94553], [77.58527, 12.9436], [77.58285, 12.94371], [77.58445, 12.94282], [77.584, 12.93666]]]]}}, {"type": "Feature", "properties": {"ward_name": "Shakthi Nagar", "ward_id": "40", "zone": "Byatarayanapura", "assembly": "159 - Pulakeshinagar", "parliamentary": "Bangalore North", "bus_stops": 3, "bus_cov_pct": 100.1, "metro": 0, "metro_cov_pct": null, "parks": 0, "parks_cov_pct": 91.4, "playgrounds": 1, "schools": 17, "anganwadis": 5, "police": 0, "fire": 0, "public_toilets": 0, "toilet_cov_pct": 100.1, "lakes": 0, "ponds": 0, "flood_points": 0, "did_you_know_1": "Nearly all homes here are within a 15-minute walk of a bus stop.", "did_you_know_2": "This ward has 17 schools and 5 anganwadi (child-care) centres.", "did_you_know_3": "There are 1 playground in this ward.", "question_1": "Safety is a real worry in parts of this ward — how will you improve policing and make our streets safer, especially at night?", "question_2": "Our lakes and ponds are neglected or polluted — how will you clean up and protect the water bodies in this ward?", "question_3": "How will you make sure emergency services like fire response can reach every corner of this ward quickly?", "question_4": "Children here have few safe places to play — will you commit to creating and maintaining playgrounds in this ward?", "question_5": "Getting across the city from this ward takes too long — how will you push for better public-transport and metro connectivity?"}, "geometry": {"type": "MultiPolygon", "coordinates": [[[[77.61433, 13.01801], [77.6123, 13.01531], [77.61348, 13.01942], [77.61276, 13.02039], [77.61911, 13.0213], [77.61712, 13.01443], [77.61484, 13.01514], [77.61433, 13.01801]]]]}}, {"type": "Feature", "properties": {"ward_name": "Mahalakshmipuram", "ward_id": "40", "zone": "Rajarajeshwarinagar", "assembly": "156 - Mahalakshmi Layout", "parliamentary": "Bangalore North", "bus_stops": 6, "bus_cov_pct": 100.1, "metro": 0, "metro_cov_pct": 71.8, "parks": 11, "parks_cov_pct": 100.1, "playgrounds": 1, "schools": 7, "anganwadis": 5, "police": 0, "fire": 0, "public_toilets": 1, "toilet_cov_pct": 100.1, "lakes": 0, "ponds": 0, "flood_points": 0, "did_you_know_1": "Nearly all homes here are within a 15-minute walk of a bus stop.", "did_you_know_2": "This ward has 11 parks, and nearly all homes are within a 15-minute walk of one.", "did_you_know_3": "This ward has 7 schools and 5 anganwadi (child-care) centres.", "question_1": "Safety is a real worry in parts of this ward — how will you improve policing and make our streets safer, especially at night?", "question_2": "Our lakes and ponds are neglected or polluted — how will you clean up and protect the water bodies in this ward?", "question_3": "How will you make sure emergency services like fire response can reach every corner of this ward quickly?", "question_4": "Children here have few safe places to play — will you commit to creating and maintaining playgrounds in this ward?", "question_5": "Getting across the city from this ward takes too long — how will you push for better public-transport and metro connectivity?"}, "geometry": {"type": "MultiPolygon", "coordinates": [[[[77.53501, 13.00596], [77.53869, 13.00684], [77.53935, 13.009], [77.54114, 13.00875], [77.54006, 13.00986], [77.54048, 13.01256], [77.54279, 13.01193], [77.5468, 13.01304], [77.54725, 13.01576], [77.54842, 13.01496], [77.54767, 13.01229], [77.54388, 13.01064], [77.54086, 13.00419], [77.53812, 13.00508], [77.53589, 13.00347], [77.53337, 13.00634], [77.53452, 13.00719], [77.53501, 13.00596]]]]}}, {"type": "Feature", "properties": {"ward_name": "V.V Puram", "ward_id": "41", "zone": "Gandhinagara", "assembly": "169 - Chickpet", "parliamentary": "Bangalore South", "bus_stops": 19, "bus_cov_pct": 100.1, "metro": 1, "metro_cov_pct": 99.8, "parks": 5, "parks_cov_pct": 100.1, "playgrounds": 0, "schools": 17, "anganwadis": 0, "police": 0, "fire": 0, "public_toilets": 3, "toilet_cov_pct": 100.1, "lakes": 0, "ponds": 0, "flood_points": 1, "did_you_know_1": "Nearly all homes here are within a 15-minute walk of a bus stop.", "did_you_know_2": "This ward has 5 parks, and nearly all homes are within a 15-minute walk of one.", "did_you_know_3": "This ward has 17 schools.", "question_1": "Young families need childcare and anganwadi centres close to home — how will you add and support more of them in this ward?", "question_2": "Children here have few safe places to play — will you commit to creating and maintaining playgrounds in this ward?", "question_3": "Safety is a real worry in parts of this ward — how will you improve policing and make our streets safer, especially at night?", "question_4": "Our lakes and ponds are neglected or polluted — how will you clean up and protect the water bodies in this ward?", "question_5": "How will you make sure emergency services like fire response can reach every corner of this ward quickly?"}, "geometry": {"type": "MultiPolygon", "coordinates": [[[[77.57886, 12.94366], [77.5738, 12.94455], [77.57353, 12.95736], [77.57962, 12.95524], [77.58014, 12.95896], [77.58272, 12.9574], [77.58243, 12.95478], [77.58009, 12.95515], [77.57927, 12.94058], [77.57778, 12.94058], [77.57886, 12.94366]]]]}}, {"type": "Feature", "properties": {"ward_name": "Periyar Nagar", "ward_id": "41", "zone": "Byatarayanapura", "assembly": "159 - Pulakeshinagar", "parliamentary": "Bangalore North", "bus_stops": 0, "bus_cov_pct": 100.1, "metro": 0, "metro_cov_pct": null, "parks": 0, "parks_cov_pct": 100.1, "playgrounds": 0, "schools": 10, "anganwadis": 13, "police": 0, "fire": 0, "public_toilets": 0, "toilet_cov_pct": 100.1, "lakes": 0, "ponds": 0, "flood_points": 0, "did_you_know_1": "Nearly all homes here are within a 15-minute walk of a bus stop.", "did_you_know_2": "This ward has 10 schools and 13 anganwadi (child-care) centres.", "did_you_know_3": "", "question_1": "Children here have few safe places to play — will you commit to creating and maintaining playgrounds in this ward?", "question_2": "Safety is a real worry in parts of this ward — how will you improve policing and make our streets safer, especially at night?", "question_3": "Our lakes and ponds are neglected or polluted — how will you clean up and protect the water bodies in this ward?", "question_4": "How will you make sure emergency services like fire response can reach every corner of this ward quickly?", "question_5": "Getting across the city from this ward takes too long — how will you push for better public-transport and metro connectivity?"}, "geometry": {"type": "MultiPolygon", "coordinates": [[[[77.61277, 13.01481], [77.6145, 13.01864], [77.61505, 13.01591], [77.61331, 13.01479], [77.6132, 13.00849], [77.60948, 13.01095], [77.61121, 13.01478], [77.61277, 13.01481]]]]}}, {"type": "Feature", "properties": {"ward_name": "Kothanur", "ward_id": "41", "zone": "Jayanagar", "assembly": "176 - Bangalore South", "parliamentary": "Bangalore Rural", "bus_stops": 23, "bus_cov_pct": 99.9, "metro": 0, "metro_cov_pct": null, "parks": 2, "parks_cov_pct": 90.5, "playgrounds": 1, "schools": 18, "anganwadis": 4, "police": 0, "fire": 0, "public_toilets": 0, "toilet_cov_pct": 27.6, "lakes": 3, "ponds": 0, "flood_points": 0, "did_you_know_1": "Nearly all homes here are within a 15-minute walk of a bus stop.", "did_you_know_2": "This ward has 2 parks, and about 9 in 10 homes are within a 15-minute walk of one.", "did_you_know_3": "This ward has 18 schools and 4 anganwadi (child-care) centres.", "question_1": "Clean, safe public toilets are hard to find in parts of this ward — what will you do to provide and maintain them?", "question_2": "Safety is a real worry in parts of this ward — how will you improve policing and make our streets safer, especially at night?", "question_3": "How will you make sure emergency services like fire response can reach every corner of this ward quickly?", "question_4": "Children here have few safe places to play — will you commit to creating and maintaining playgrounds in this ward?", "question_5": "Getting across the city from this ward takes too long — how will you push for better public-transport and metro connectivity?"}, "geometry": {"type": "MultiPolygon", "coordinates": [[[[77.58556, 12.86687], [77.58538, 12.86016], [77.58159, 12.85986], [77.58132, 12.85828], [77.57098, 12.86072], [77.57167, 12.86362], [77.56693, 12.8637], [77.56625, 12.86243], [77.5644, 12.86251], [77.56616, 12.86944], [77.57372, 12.86743], [77.57531, 12.8708], [77.57946, 12.87115], [77.58147, 12.87522], [77.57741, 12.87609], [77.57578, 12.88142], [77.57651, 12.88194], [77.57902, 12.88191], [77.57941, 12.88086], [77.58377, 12.8815], [77.58395, 12.87761], [77.59061, 12.88136], [77.58959, 12.87693], [77.58608, 12.87404], [77.58883, 12.87265], [77.58889, 12.86984], [77.58556, 12.86687]]]]}}, {"type": "Feature", "properties": {"ward_name": "Munnenkolalu", "ward_id": "41", "zone": "Mahadevapura", "assembly": "174 - Mahadevapura", "parliamentary": "Bangalore Central", "bus_stops": 7, "bus_cov_pct": 97.4, "metro": 0, "metro_cov_pct": null, "parks": 0, "parks_cov_pct": 2.5, "playgrounds": 4, "schools": 11, "anganwadis": 1, "police": 0, "fire": 0, "public_toilets": 0, "toilet_cov_pct": 35.9, "lakes": 0, "ponds": 2, "flood_points": 1, "did_you_know_1": "Nearly all homes here are within a 15-minute walk of a bus stop.", "did_you_know_2": "This ward has 11 schools and 1 anganwadi (child-care) centre.", "did_you_know_3": "This ward has 2 ponds.", "question_1": "Families here struggle to find a park or open ground to relax in or for children to play — how will you create and maintain more green, open spaces in this ward?", "question_2": "Clean, safe public toilets are hard to find in parts of this ward — what will you do to provide and maintain them?", "question_3": "Safety is a real worry in parts of this ward — how will you improve policing and make our streets safer, especially at night?", "question_4": "How will you make sure emergency services like fire response can reach every corner of this ward quickly?", "question_5": "Young families need childcare and anganwadi centres close to home — how will you add and support more of them in this ward?"}, "geometry": {"type": "MultiPolygon", "coordinates": [[[[77.70768, 12.94103], [77.70342, 12.94516], [77.69842, 12.94595], [77.70021, 12.95344], [77.70433, 12.95309], [77.70467, 12.95667], [77.71476, 12.95588], [77.71519, 12.94692], [77.71667, 12.94681], [77.71821, 12.94264], [77.70768, 12.94103]]]]}}, {"type": "Feature", "properties": {"ward_name": "Nagapura", "ward_id": "41", "zone": "Rajarajeshwarinagar", "assembly": "156 - Mahalakshmi Layout", "parliamentary": "Bangalore North", "bus_stops": 11, "bus_cov_pct": 100.1, "metro": 1, "metro_cov_pct": 88.5, "parks": 12, "parks_cov_pct": 100.1, "playgrounds": 0, "schools": 17, "anganwadis": 4, "police": 1, "fire": 0, "public_toilets": 5, "toilet_cov_pct": 100.1, "lakes": 0, "ponds": 0, "flood_points": 0, "did_you_know_1": "Nearly all homes here are within a 15-minute walk of a bus stop.", "did_you_know_2": "This ward has 12 parks, and nearly all homes are within a 15-minute walk of one.", "did_you_know_3": "This ward has 17 schools and 4 anganwadi (child-care) centres.", "question_1": "Children here have few safe places to play — will you commit to creating and maintaining playgrounds in this ward?", "question_2": "Our lakes and ponds are neglected or polluted — how will you clean up and protect the water bodies in this ward?", "question_3": "How will you make sure emergency services like fire response can reach every corner of this ward quickly?", "question_4": "Safety is a real worry in parts of this ward — how will you improve policing and make our streets safer, especially at night?", "question_5": "Getting across the city from this ward takes too long — how will you push for better public-transport and metro connectivity?"}, "geometry": {"type": "MultiPolygon", "coordinates": [[[[77.54234, 13.00073], [77.5411, 13.00242], [77.53659, 13.00124], [77.53582, 13.00372], [77.53812, 13.00508], [77.54086, 13.00419], [77.54315, 13.00867], [77.547, 13.00926], [77.5478, 13.01049], [77.5473, 13.00794], [77.54875, 13.0077], [77.54989, 12.99948], [77.54639, 12.99899], [77.54628, 12.99995], [77.54234, 13.00073]]]]}}, {"type": "Feature", "properties": {"ward_name": "RBI Layout", "ward_id": "42", "zone": "Jayanagar", "assembly": "176 - Bangalore South", "parliamentary": "Bangalore Rural", "bus_stops": 6, "bus_cov_pct": 100.1, "metro": 0, "metro_cov_pct": null, "parks": 11, "parks_cov_pct": 99.5, "playgrounds": 6, "schools": 13, "anganwadis": 0, "police": 0, "fire": 0, "public_toilets": 1, "toilet_cov_pct": 80.3, "lakes": 0, "ponds": 0, "flood_points": 0, "did_you_know_1": "Nearly all homes here are within a 15-minute walk of a bus stop.", "did_you_know_2": "This ward has 11 parks, and nearly all homes are within a 15-minute walk of one.", "did_you_know_3": "This ward has 13 schools.", "question_1": "Young families need childcare and anganwadi centres close to home — how will you add and support more of them in this ward?", "question_2": "Safety is a real worry in parts of this ward — how will you improve policing and make our streets safer, especially at night?", "question_3": "Our lakes and ponds are neglected or polluted — how will you clean up and protect the water bodies in this ward?", "question_4": "How will you make sure emergency services like fire response can reach every corner of this ward quickly?", "question_5": "Getting across the city from this ward takes too long — how will you push for better public-transport and metro connectivity?"}, "geometry": {"type": "MultiPolygon", "coordinates": [[[[77.59061, 12.88133], [77.58395, 12.87761], [77.58377, 12.8815], [77.57941, 12.88086], [77.57902, 12.88191], [77.57578, 12.88142], [77.57134, 12.88314], [77.57558, 12.88353], [77.57552, 12.88537], [77.57753, 12.88564], [77.57565, 12.88953], [77.57797, 12.89269], [77.57546, 12.89515], [77.57923, 12.89725], [77.58252, 12.89051], [77.5918, 12.8883], [77.59061, 12.88133]]]]}}, {"type": "Feature", "properties": {"ward_name": "Priyadarshini Ward", "ward_id": "42", "zone": "Mahadevapura", "assembly": "174 - Mahadevapura", "parliamentary": "Bangalore Central", "bus_stops": 5, "bus_cov_pct": 100.1, "metro": 0, "metro_cov_pct": null, "parks": 3, "parks_cov_pct": 90.6, "playgrounds": 6, "schools": 5, "anganwadis": 1, "police": 0, "fire": 0, "public_toilets": 0, "toilet_cov_pct": 33.9, "lakes": 2, "ponds": 1, "flood_points": 1, "did_you_know_1": "Nearly all homes here are within a 15-minute walk of a bus stop.", "did_you_know_2": "This ward has 3 parks, and about 9 in 10 homes are within a 15-minute walk of one.", "did_you_know_3": "This ward has 5 schools and 1 anganwadi (child-care) centre.", "question_1": "Clean, safe public toilets are hard to find in parts of this ward — what will you do to provide and maintain them?", "question_2": "Safety is a real worry in parts of this ward — how will you improve policing and make our streets safer, especially at night?", "question_3": "How will you make sure emergency services like fire response can reach every corner of this ward quickly?", "question_4": "Young families need childcare and anganwadi centres close to home — how will you add and support more of them in this ward?", "question_5": "Getting across the city from this ward takes too long — how will you push for better public-transport and metro connectivity?"}, "geometry": {"type": "MultiPolygon", "coordinates": [[[[77.70215, 12.96582], [77.70524, 12.96857], [77.70566, 12.96743], [77.70724, 12.96765], [77.70837, 12.96374], [77.71364, 12.96476], [77.71407, 12.9677], [77.71721, 12.96718], [77.71838, 12.96546], [77.71475, 12.95588], [77.70488, 12.95665], [77.70403, 12.96228], [77.70162, 12.96189], [77.70215, 12.96582]]]]}}, {"type": "Feature", "properties": {"ward_name": "Aruna Asif Ali Ward", "ward_id": "42", "zone": "Byatarayanapura", "assembly": "159 - Pulakeshinagar", "parliamentary": "Bangalore North", "bus_stops": 0, "bus_cov_pct": 100.1, "metro": 0, "metro_cov_pct": null, "parks": 0, "parks_cov_pct": 50.1, "playgrounds": 0, "schools": 19, "anganwadis": 19, "police": 0, "fire": 0, "public_toilets": 0, "toilet_cov_pct": 100.1, "lakes": 0, "ponds": 0, "flood_points": 0, "did_you_know_1": "Nearly all homes here are within a 15-minute walk of a bus stop.", "did_you_know_2": "This ward has 19 schools and 19 anganwadi (child-care) centres.", "did_you_know_3": "", "question_1": "Children here have few safe places to play — will you commit to creating and maintaining playgrounds in this ward?", "question_2": "Safety is a real worry in parts of this ward — how will you improve policing and make our streets safer, especially at night?", "question_3": "Our lakes and ponds are neglected or polluted — how will you clean up and protect the water bodies in this ward?", "question_4": "How will you make sure emergency services like fire response can reach every corner of this ward quickly?", "question_5": "Families here struggle to find a park or open ground to relax in or for children to play — how will you create and maintain more green, open spaces in this ward?"}, "geometry": {"type": "MultiPolygon", "coordinates": [[[[77.61181, 13.01578], [77.6121, 13.01405], [77.61121, 13.01478], [77.60948, 13.01095], [77.60814, 13.01118], [77.60741, 13.01438], [77.60575, 13.01519], [77.60729, 13.01522], [77.60684, 13.01713], [77.61184, 13.01805], [77.61276, 13.01986], [77.61339, 13.01901], [77.61181, 13.01578]]]]}}, {"type": "Feature", "properties": {"ward_name": "Sunkenahalli", "ward_id": "42", "zone": "Gandhinagara", "assembly": "169 - Chickpet", "parliamentary": "Bangalore South", "bus_stops": 22, "bus_cov_pct": 100.1, "metro": 2, "metro_cov_pct": 86.1, "parks": 9, "parks_cov_pct": 100.1, "playgrounds": 4, "schools": 31, "anganwadis": 0, "police": 2, "fire": 0, "public_toilets": 8, "toilet_cov_pct": 100.1, "lakes": 0, "ponds": 0, "flood_points": 0, "did_you_know_1": "Nearly all homes here are within a 15-minute walk of a bus stop.", "did_you_know_2": "This ward has 9 parks, and nearly all homes are within a 15-minute walk of one.", "did_you_know_3": "This ward has 31 schools.", "question_1": "Young families need childcare and anganwadi centres close to home — how will you add and support more of them in this ward?", "question_2": "Our lakes and ponds are neglected or polluted — how will you clean up and protect the water bodies in this ward?", "question_3": "How will you make sure emergency services like fire response can reach every corner of this ward quickly?", "question_4": "Safety is a real worry in parts of this ward — how will you improve policing and make our streets safer, especially at night?", "question_5": "Getting across the city from this ward takes too long — how will you push for better public-transport and metro connectivity?"}, "geometry": {"type": "MultiPolygon", "coordinates": [[[[77.56783, 12.9436], [77.56591, 12.93933], [77.56397, 12.9393], [77.5651, 12.94175], [77.56422, 12.94729], [77.56777, 12.94733], [77.56767, 12.95064], [77.56636, 12.95077], [77.56661, 12.95279], [77.56759, 12.95282], [77.5674, 12.95709], [77.57353, 12.95736], [77.5738, 12.94455], [77.57886, 12.94366], [77.57778, 12.94058], [77.58007, 12.94058], [77.58009, 12.93677], [77.57776, 12.9406], [77.57379, 12.94069], [77.57378, 12.94368], [77.56783, 12.9436]]]]}}, {"type": "Feature", "properties": {"ward_name": "Raja Mayura Varma Ward", "ward_id": "42", "zone": "Rajarajeshwarinagar", "assembly": "156 - Mahalakshmi Layout", "parliamentary": "Bangalore North", "bus_stops": 0, "bus_cov_pct": 100.1, "metro": 0, "metro_cov_pct": null, "parks": 0, "parks_cov_pct": 100.1, "playgrounds": 0, "schools": 17, "anganwadis": 13, "police": 0, "fire": 0, "public_toilets": 1, "toilet_cov_pct": 100.1, "lakes": 0, "ponds": 0, "flood_points": 4, "did_you_know_1": "Nearly all homes here are within a 15-minute walk of a bus stop.", "did_you_know_2": "This ward has 17 schools and 13 anganwadi (child-care) centres.", "did_you_know_3": "This ward has 1 public toilet, and nearly all homes are within a 15-minute walk of one.", "question_1": "Children here have few safe places to play — will you commit to creating and maintaining playgrounds in this ward?", "question_2": "Safety is a real worry in parts of this ward — how will you improve policing and make our streets safer, especially at night?", "question_3": "Our lakes and ponds are neglected or polluted — how will you clean up and protect the water bodies in this ward?", "question_4": "How will you make sure emergency services like fire response can reach every corner of this ward quickly?", "question_5": "Every monsoon, the same spots in this ward flood — what concrete steps will you take to fix the drains and stop the flooding?"}, "geometry": {"type": "MultiPolygon", "coordinates": [[[[77.53363, 13.00617], [77.53589, 13.00347], [77.53678, 12.99995], [77.53438, 13.0007], [77.52844, 12.99889], [77.52783, 13.00136], [77.52918, 13.00228], [77.5299, 13.00574], [77.53363, 13.00617]]]]}}, {"type": "Feature", "properties": {"ward_name": "Bheereshwara Nagar", "ward_id": "43", "zone": "Jayanagar", "assembly": "176 - Bangalore South", "parliamentary": "Bangalore Rural", "bus_stops": 7, "bus_cov_pct": 100.1, "metro": 0, "metro_cov_pct": null, "parks": 0, "parks_cov_pct": 100.1, "playgrounds": 1, "schools": 9, "anganwadis": 3, "police": 0, "fire": 0, "public_toilets": 0, "toilet_cov_pct": 91.3, "lakes": 1, "ponds": 0, "flood_points": 0, "did_you_know_1": "Nearly all homes here are within a 15-minute walk of a bus stop.", "did_you_know_2": "This ward has 9 schools and 3 anganwadi (child-care) centres.", "did_you_know_3": "This ward has 1 lake.", "question_1": "Safety is a real worry in parts of this ward — how will you improve policing and make our streets safer, especially at night?", "question_2": "How will you make sure emergency services like fire response can reach every corner of this ward quickly?", "question_3": "Children here have few safe places to play — will you commit to creating and maintaining playgrounds in this ward?", "question_4": "Our lakes and ponds are neglected or polluted — how will you clean up and protect the water bodies in this ward?", "question_5": "Getting across the city from this ward takes too long — how will you push for better public-transport and metro connectivity?"}, "geometry": {"type": "MultiPolygon", "coordinates": [[[[77.56993, 12.8837], [77.57064, 12.88612], [77.56881, 12.88633], [77.56934, 12.89054], [77.57172, 12.89071], [77.57188, 12.89449], [77.57675, 12.89477], [77.57797, 12.89269], [77.57565, 12.88953], [77.57753, 12.88564], [77.57552, 12.88537], [77.57558, 12.88353], [77.57432, 12.88307], [77.56993, 12.8837]]]]}}, {"type": "Feature", "properties": {"ward_name": "Varalakshmi Nagar", "ward_id": "43", "zone": "Byatarayanapura", "assembly": "159 - Pulakeshinagar", "parliamentary": "Bangalore North", "bus_stops": 9, "bus_cov_pct": 94.6, "metro": 0, "metro_cov_pct": null, "parks": 1, "parks_cov_pct": 64.3, "playgrounds": 3, "schools": 14, "anganwadis": 15, "police": 0, "fire": 0, "public_toilets": 1, "toilet_cov_pct": 93.0, "lakes": 0, "ponds": 0, "flood_points": 0, "did_you_know_1": "About 9 in 10 homes here are within a 15-minute walk of a bus stop.", "did_you_know_2": "This ward has 1 park, and about 6 in 10 homes are within a 15-minute walk of one.", "did_you_know_3": "This ward has 14 schools and 15 anganwadi (child-care) centres.", "question_1": "Safety is a real worry in parts of this ward — how will you improve policing and make our streets safer, especially at night?", "question_2": "Our lakes and ponds are neglected or polluted — how will you clean up and protect the water bodies in this ward?", "question_3": "How will you make sure emergency services like fire response can reach every corner of this ward quickly?", "question_4": "Getting across the city from this ward takes too long — how will you push for better public-transport and metro connectivity?", "question_5": "Families here struggle to find a park or open ground to relax in or for children to play — how will you create and maintain more green, open spaces in this ward?"}, "geometry": {"type": "MultiPolygon", "coordinates": [[[[77.59539, 13.01138], [77.60094, 13.02299], [77.5999, 13.02351], [77.60067, 13.02622], [77.5997, 13.02786], [77.60426, 13.02736], [77.60242, 13.02215], [77.60471, 13.02151], [77.60523, 13.0174], [77.60684, 13.01713], [77.60729, 13.01522], [77.60458, 13.01521], [77.60376, 13.0125], [77.6071, 13.01135], [77.60652, 13.00946], [77.61079, 13.00885], [77.61133, 13.00593], [77.6102, 13.00418], [77.60836, 13.0049], [77.59539, 13.01138]]]]}}, {"type": "Feature", "properties": {"ward_name": "Dodda Nekkundi", "ward_id": "43", "zone": "Mahadevapura", "assembly": "174 - Mahadevapura", "parliamentary": "Bangalore Central", "bus_stops": 8, "bus_cov_pct": 90.0, "metro": 0, "metro_cov_pct": 5.2, "parks": 3, "parks_cov_pct": 60.6, "playgrounds": 6, "schools": 7, "anganwadis": 1, "police": 0, "fire": 0, "public_toilets": 0, "toilet_cov_pct": 10.2, "lakes": 1, "ponds": 1, "flood_points": 1, "did_you_know_1": "About 9 in 10 homes here are within a 15-minute walk of a bus stop.", "did_you_know_2": "This ward has 3 parks, and about 6 in 10 homes are within a 15-minute walk of one.", "did_you_know_3": "This ward has 7 schools and 1 anganwadi (child-care) centre.", "question_1": "Clean, safe public toilets are hard to find in parts of this ward — what will you do to provide and maintain them?", "question_2": "Safety is a real worry in parts of this ward — how will you improve policing and make our streets safer, especially at night?", "question_3": "How will you make sure emergency services like fire response can reach every corner of this ward quickly?", "question_4": "Young families need childcare and anganwadi centres close to home — how will you add and support more of them in this ward?", "question_5": "Getting across the city from this ward takes too long — how will you push for better public-transport and metro connectivity?"}, "geometry": {"type": "MultiPolygon", "coordinates": [[[[77.69585, 12.98392], [77.7063, 12.97924], [77.70678, 12.98048], [77.70827, 12.97579], [77.70714, 12.97429], [77.69869, 12.97302], [77.70209, 12.96524], [77.69498, 12.96139], [77.69065, 12.96125], [77.6902, 12.96362], [77.69176, 12.96399], [77.69339, 12.96831], [77.68779, 12.96727], [77.68781, 12.96907], [77.68609, 12.9703], [77.68682, 12.97322], [77.684, 12.97595], [77.6849, 12.97803], [77.68681, 12.97951], [77.68882, 12.97851], [77.69018, 12.9818], [77.69518, 12.98112], [77.69585, 12.98392]]]]}}, {"type": "Feature", "properties": {"ward_name": "Devaraj Urs Ward", "ward_id": "43", "zone": "Gandhinagara", "assembly": "169 - Chickpet", "parliamentary": "Bangalore South", "bus_stops": 5, "bus_cov_pct": 100.1, "metro": 0, "metro_cov_pct": 25.2, "parks": 3, "parks_cov_pct": 100.1, "playgrounds": 2, "schools": 4, "anganwadis": 0, "police": 1, "fire": 0, "public_toilets": 2, "toilet_cov_pct": 100.1, "lakes": 0, "ponds": 0, "flood_points": 0, "did_you_know_1": "Nearly all homes here are within a 15-minute walk of a bus stop.", "did_you_know_2": "This ward has 3 parks, and nearly all homes are within a 15-minute walk of one.", "did_you_know_3": "This ward has 4 schools.", "question_1": "Young families need childcare and anganwadi centres close to home — how will you add and support more of them in this ward?", "question_2": "Our lakes and ponds are neglected or polluted — how will you clean up and protect the water bodies in this ward?", "question_3": "How will you make sure emergency services like fire response can reach every corner of this ward quickly?", "question_4": "Getting across the city from this ward takes too long — how will you push for better public-transport and metro connectivity?", "question_5": "Do children in this ward have good government schools within easy reach — and what will you do to improve the ones we have?"}, "geometry": {"type": "MultiPolygon", "coordinates": [[[[77.56422, 12.94729], [77.5615, 12.94936], [77.56335, 12.95699], [77.5674, 12.95709], [77.56759, 12.95282], [77.56661, 12.95279], [77.56636, 12.95077], [77.56767, 12.95064], [77.56777, 12.94733], [77.56422, 12.94729]]]]}}, {"type": "Feature", "properties": {"ward_name": "Kethamaranahalli", "ward_id": "43", "zone": "Rajarajeshwarinagar", "assembly": "156 - Mahalakshmi Layout", "parliamentary": "Bangalore North", "bus_stops": 30, "bus_cov_pct": 100.1, "metro": 1, "metro_cov_pct": 48.7, "parks": 9, "parks_cov_pct": 100.1, "playgrounds": 0, "schools": 29, "anganwadis": 2, "police": 0, "fire": 0, "public_toilets": 9, "toilet_cov_pct": 100.1, "lakes": 0, "ponds": 0, "flood_points": 0, "did_you_know_1": "Nearly all homes here are within a 15-minute walk of a bus stop.", "did_you_know_2": "This ward has 9 parks, and nearly all homes are within a 15-minute walk of one.", "did_you_know_3": "This ward has 29 schools and 2 anganwadi (child-care) centres.", "question_1": "Children here have few safe places to play — will you commit to creating and maintaining playgrounds in this ward?", "question_2": "Safety is a real worry in parts of this ward — how will you improve policing and make our streets safer, especially at night?", "question_3": "Our lakes and ponds are neglected or polluted — how will you clean up and protect the water bodies in this ward?", "question_4": "How will you make sure emergency services like fire response can reach every corner of this ward quickly?", "question_5": "Young families need childcare and anganwadi centres close to home — how will you add and support more of them in this ward?"}, "geometry": {"type": "MultiPolygon", "coordinates": [[[[77.53686, 12.99735], [77.53854, 13.00007], [77.53572, 13.00103], [77.54067, 13.00243], [77.5415, 13.00084], [77.54628, 12.99995], [77.54639, 12.99899], [77.54989, 12.99948], [77.54875, 13.0077], [77.5473, 13.00794], [77.5478, 13.01049], [77.54948, 13.01008], [77.55407, 13.01403], [77.55308, 12.99819], [77.54539, 12.99745], [77.54116, 12.99939], [77.53845, 12.99158], [77.53593, 12.99199], [77.53816, 12.99332], [77.53846, 12.99531], [77.53543, 12.9949], [77.53422, 12.99655], [77.53686, 12.99735]]]]}}, {"type": "Feature", "properties": {"ward_name": "Harinagar", "ward_id": "44", "zone": "Jayanagar", "assembly": "176 - Bangalore South", "parliamentary": "Bangalore Rural", "bus_stops": 16, "bus_cov_pct": 100.1, "metro": 0, "metro_cov_pct": null, "parks": 0, "parks_cov_pct": 84.0, "playgrounds": 1, "schools": 14, "anganwadis": 4, "police": 0, "fire": 0, "public_toilets": 0, "toilet_cov_pct": 10.3, "lakes": 1, "ponds": 0, "flood_points": 0, "did_you_know_1": "Nearly all homes here are within a 15-minute walk of a bus stop.", "did_you_know_2": "This ward has 14 schools and 4 anganwadi (child-care) centres.", "did_you_know_3": "This ward has 1 lake.", "question_1": "Clean, safe public toilets are hard to find in parts of this ward — what will you do to provide and maintain them?", "question_2": "Safety is a real worry in parts of this ward — how will you improve policing and make our streets safer, especially at night?", "question_3": "How will you make sure emergency services like fire response can reach every corner of this ward quickly?", "question_4": "Children here have few safe places to play — will you commit to creating and maintaining playgrounds in this ward?", "question_5": "Our lakes and ponds are neglected or polluted — how will you clean up and protect the water bodies in this ward?"}, "geometry": {"type": "MultiPolygon", "coordinates": [[[[77.56993, 12.8837], [77.57559, 12.88194], [77.57741, 12.87609], [77.5815, 12.87509], [77.57946, 12.87115], [77.57531, 12.8708], [77.57372, 12.86743], [77.56605, 12.8698], [77.56741, 12.87904], [77.56993, 12.8837]]]]}}, {"type": "Feature", "properties": {"ward_name": "Doddanna Nagar", "ward_id": "44", "zone": "Byatarayanapura", "assembly": "159 - Pulakeshinagar", "parliamentary": "Bangalore North", "bus_stops": 5, "bus_cov_pct": 99.7, "metro": 0, "metro_cov_pct": null, "parks": 0, "parks_cov_pct": 61.3, "playgrounds": 2, "schools": 20, "anganwadis": 9, "police": 1, "fire": 0, "public_toilets": 1, "toilet_cov_pct": 100.0, "lakes": 0, "ponds": 0, "flood_points": 1, "did_you_know_1": "Nearly all homes here are within a 15-minute walk of a bus stop.", "did_you_know_2": "This ward has 20 schools and 9 anganwadi (child-care) centres.", "did_you_know_3": "This ward has 1 public toilet, and nearly all homes are within a 15-minute walk of one.", "question_1": "Our lakes and ponds are neglected or polluted — how will you clean up and protect the water bodies in this ward?", "question_2": "How will you make sure emergency services like fire response can reach every corner of this ward quickly?", "question_3": "Getting across the city from this ward takes too long — how will you push for better public-transport and metro connectivity?", "question_4": "Families here struggle to find a park or open ground to relax in or for children to play — how will you create and maintain more green, open spaces in this ward?", "question_5": "Children here have few safe places to play — will you commit to creating and maintaining playgrounds in this ward?"}, "geometry": {"type": "MultiPolygon", "coordinates": [[[[77.60846, 13.0051], [77.6102, 13.00418], [77.61133, 13.00593], [77.61079, 13.00885], [77.60652, 13.00946], [77.6071, 13.01135], [77.60376, 13.0125], [77.60458, 13.01521], [77.60741, 13.01438], [77.60814, 13.01118], [77.61291, 13.00887], [77.61213, 13.0016], [77.61043, 13.00067], [77.60927, 13.00145], [77.60846, 13.0051]]]]}}, {"type": "Feature", "properties": {"ward_name": "Ashwath Nagar", "ward_id": "44", "zone": "Mahadevapura", "assembly": "174 - Mahadevapura", "parliamentary": "Bangalore Central", "bus_stops": 14, "bus_cov_pct": 89.6, "metro": 0, "metro_cov_pct": null, "parks": 0, "parks_cov_pct": 28.0, "playgrounds": 3, "schools": 10, "anganwadis": 3, "police": 0, "fire": 0, "public_toilets": 2, "toilet_cov_pct": 65.1, "lakes": 0, "ponds": 0, "flood_points": 0, "did_you_know_1": "About 9 in 10 homes here are within a 15-minute walk of a bus stop.", "did_you_know_2": "This ward has 10 schools and 3 anganwadi (child-care) centres.", "did_you_know_3": "This ward has 2 public toilets, and about 7 in 10 homes are within a 15-minute walk of one.", "question_1": "Families here struggle to find a park or open ground to relax in or for children to play — how will you create and maintain more green, open spaces in this ward?", "question_2": "Safety is a real worry in parts of this ward — how will you improve policing and make our streets safer, especially at night?", "question_3": "Our lakes and ponds are neglected or polluted — how will you clean up and protect the water bodies in this ward?", "question_4": "How will you make sure emergency services like fire response can reach every corner of this ward quickly?", "question_5": "Getting across the city from this ward takes too long — how will you push for better public-transport and metro connectivity?"}, "geometry": {"type": "MultiPolygon", "coordinates": [[[[77.69445, 12.96123], [77.70209, 12.96524], [77.70162, 12.96189], [77.70403, 12.96228], [77.70488, 12.95665], [77.6988, 12.95705], [77.68964, 12.95542], [77.68838, 12.96724], [77.69339, 12.96831], [77.69176, 12.96399], [77.6902, 12.96362], [77.69065, 12.96125], [77.69445, 12.96123]]]]}}, {"type": "Feature", "properties": {"ward_name": "Chamarajpet", "ward_id": "44", "zone": "Gandhinagara", "assembly": "168 - Chamrajapet", "parliamentary": "Bangalore Central", "bus_stops": 14, "bus_cov_pct": 100.1, "metro": 0, "metro_cov_pct": 44.7, "parks": 1, "parks_cov_pct": 100.1, "playgrounds": 2, "schools": 35, "anganwadis": 3, "police": 1, "fire": 0, "public_toilets": 2, "toilet_cov_pct": 98.4, "lakes": 0, "ponds": 0, "flood_points": 2, "did_you_know_1": "Nearly all homes here are within a 15-minute walk of a bus stop.", "did_you_know_2": "This ward has 1 park, and nearly all homes are within a 15-minute walk of one.", "did_you_know_3": "This ward has 35 schools and 3 anganwadi (child-care) centres.", "question_1": "Our lakes and ponds are neglected or polluted — how will you clean up and protect the water bodies in this ward?", "question_2": "How will you make sure emergency services like fire response can reach every corner of this ward quickly?", "question_3": "Getting across the city from this ward takes too long — how will you push for better public-transport and metro connectivity?", "question_4": "Children here have few safe places to play — will you commit to creating and maintaining playgrounds in this ward?", "question_5": "Every monsoon, the same spots in this ward flood — what concrete steps will you take to fix the drains and stop the flooding?"}, "geometry": {"type": "MultiPolygon", "coordinates": [[[[77.56343, 12.95395], [77.55653, 12.95326], [77.55929, 12.95688], [77.55922, 12.96072], [77.56328, 12.96079], [77.56482, 12.96241], [77.56491, 12.96039], [77.57451, 12.95977], [77.57338, 12.95727], [77.56335, 12.95699], [77.56343, 12.95395]]]]}}, {"type": "Feature", "properties": {"ward_name": "Shankar Mutt", "ward_id": "44", "zone": "Rajarajeshwarinagar", "assembly": "156 - Mahalakshmi Layout", "parliamentary": "Bangalore North", "bus_stops": 4, "bus_cov_pct": 100.1, "metro": 0, "metro_cov_pct": null, "parks": 4, "parks_cov_pct": 100.1, "playgrounds": 0, "schools": 14, "anganwadis": 6, "police": 0, "fire": 0, "public_toilets": 2, "toilet_cov_pct": 100.1, "lakes": 0, "ponds": 0, "flood_points": 0, "did_you_know_1": "Nearly all homes here are within a 15-minute walk of a bus stop.", "did_you_know_2": "This ward has 4 parks, and nearly all homes are within a 15-minute walk of one.", "did_you_know_3": "This ward has 14 schools and 6 anganwadi (child-care) centres.", "question_1": "Children here have few safe places to play — will you commit to creating and maintaining playgrounds in this ward?", "question_2": "Safety is a real worry in parts of this ward — how will you improve policing and make our streets safer, especially at night?", "question_3": "Our lakes and ponds are neglected or polluted — how will you clean up and protect the water bodies in this ward?", "question_4": "How will you make sure emergency services like fire response can reach every corner of this ward quickly?", "question_5": "Getting across the city from this ward takes too long — how will you push for better public-transport and metro connectivity?"}, "geometry": {"type": "MultiPolygon", "coordinates": [[[[77.53854, 13.00007], [77.53686, 12.99735], [77.53422, 12.99703], [77.53543, 12.9949], [77.53127, 12.9971], [77.53017, 12.99433], [77.52897, 12.99414], [77.52804, 12.99454], [77.5285, 12.99669], [77.52547, 12.99749], [77.52599, 12.99854], [77.53438, 13.0007], [77.53854, 13.00007]]]]}}, {"type": "Feature", "properties": {"ward_name": "Marathahalli", "ward_id": "45", "zone": "Mahadevapura", "assembly": "174 - Mahadevapura", "parliamentary": "Bangalore Central", "bus_stops": 6, "bus_cov_pct": 96.8, "metro": 0, "metro_cov_pct": null, "parks": 0, "parks_cov_pct": null, "playgrounds": 1, "schools": 7, "anganwadis": 2, "police": 0, "fire": 0, "public_toilets": 2, "toilet_cov_pct": 92.1, "lakes": 0, "ponds": 0, "flood_points": 1, "did_you_know_1": "Nearly all homes here are within a 15-minute walk of a bus stop.", "did_you_know_2": "This ward has 7 schools and 2 anganwadi (child-care) centres.", "did_you_know_3": "This ward has 2 public toilets, and about 9 in 10 homes are within a 15-minute walk of one.", "question_1": "Families here struggle to find a park or open ground to relax in or for children to play — how will you create and maintain more green, open spaces in this ward?", "question_2": "Safety is a real worry in parts of this ward — how will you improve policing and make our streets safer, especially at night?", "question_3": "Our lakes and ponds are neglected or polluted — how will you clean up and protect the water bodies in this ward?", "question_4": "How will you make sure emergency services like fire response can reach every corner of this ward quickly?", "question_5": "Children here have few safe places to play — will you commit to creating and maintaining playgrounds in this ward?"}, "geometry": {"type": "MultiPolygon", "coordinates": [[[[77.69624, 12.94564], [77.6924, 12.94706], [77.69264, 12.94993], [77.69101, 12.95106], [77.69097, 12.95398], [77.68964, 12.95542], [77.6988, 12.95705], [77.70467, 12.95667], [77.70433, 12.95309], [77.69805, 12.95434], [77.69744, 12.94867], [77.69636, 12.9491], [77.69624, 12.94564]]]]}}, {"type": "Feature", "properties": {"ward_name": "Konanakunte", "ward_id": "45", "zone": "Jayanagar", "assembly": "176 - Bangalore South", "parliamentary": "Bangalore Rural", "bus_stops": 21, "bus_cov_pct": 99.9, "metro": 0, "metro_cov_pct": 5.4, "parks": 1, "parks_cov_pct": 93.5, "playgrounds": 0, "schools": 12, "anganwadis": 3, "police": 1, "fire": 0, "public_toilets": 0, "toilet_cov_pct": 35.8, "lakes": 1, "ponds": 3, "flood_points": 0, "did_you_know_1": "Nearly all homes here are within a 15-minute walk of a bus stop.", "did_you_know_2": "This ward has 1 park, and about 9 in 10 homes are within a 15-minute walk of one.", "did_you_know_3": "This ward has 12 schools and 3 anganwadi (child-care) centres.", "question_1": "Children here have few safe places to play — will you commit to creating and maintaining playgrounds in this ward?", "question_2": "Clean, safe public toilets are hard to find in parts of this ward — what will you do to provide and maintain them?", "question_3": "How will you make sure emergency services like fire response can reach every corner of this ward quickly?", "question_4": "Getting across the city from this ward takes too long — how will you push for better public-transport and metro connectivity?", "question_5": "Safety is a real worry in parts of this ward — how will you improve policing and make our streets safer, especially at night?"}, "geometry": {"type": "MultiPolygon", "coordinates": [[[[77.56515, 12.88706], [77.5635, 12.88962], [77.56841, 12.89412], [77.57188, 12.89426], [77.57172, 12.89071], [77.56934, 12.89054], [77.56963, 12.88854], [77.56872, 12.8886], [77.56881, 12.88633], [77.57063, 12.88602], [77.56741, 12.87904], [77.56616, 12.86944], [77.56304, 12.8718], [77.56202, 12.86956], [77.55609, 12.8702], [77.56365, 12.8779], [77.56207, 12.87824], [77.56244, 12.87983], [77.56149, 12.87989], [77.5645, 12.88], [77.56488, 12.8828], [77.56247, 12.88444], [77.56417, 12.88425], [77.56515, 12.88706]]]]}}, {"type": "Feature", "properties": {"ward_name": "Kushal Nagar", "ward_id": "45", "zone": "Byatarayanapura", "assembly": "159 - Pulakeshinagar", "parliamentary": "Bangalore North", "bus_stops": 6, "bus_cov_pct": 100.1, "metro": 0, "metro_cov_pct": null, "parks": 0, "parks_cov_pct": 100.1, "playgrounds": 0, "schools": 18, "anganwadis": 1, "police": 0, "fire": 0, "public_toilets": 2, "toilet_cov_pct": 100.1, "lakes": 0, "ponds": 0, "flood_points": 0, "did_you_know_1": "Nearly all homes here are within a 15-minute walk of a bus stop.", "did_you_know_2": "This ward has 18 schools and 1 anganwadi (child-care) centre.", "did_you_know_3": "This ward has 2 public toilets, and nearly all homes are within a 15-minute walk of one.", "question_1": "Children here have few safe places to play — will you commit to creating and maintaining playgrounds in this ward?", "question_2": "Safety is a real worry in parts of this ward — how will you improve policing and make our streets safer, especially at night?", "question_3": "Our lakes and ponds are neglected or polluted — how will you clean up and protect the water bodies in this ward?", "question_4": "How will you make sure emergency services like fire response can reach every corner of this ward quickly?", "question_5": "Young families need childcare and anganwadi centres close to home — how will you add and support more of them in this ward?"}, "geometry": {"type": "MultiPolygon", "coordinates": [[[[77.61214, 13.00821], [77.6132, 13.00849], [77.61331, 13.01479], [77.61712, 13.01443], [77.61471, 13.01005], [77.61657, 13.00939], [77.61622, 13.00822], [77.61345, 13.00648], [77.61214, 13.00821]]]]}}, {"type": "Feature", "properties": {"ward_name": "K.R Market", "ward_id": "45", "zone": "Gandhinagara", "assembly": "168 - Chamrajapet", "parliamentary": "Bangalore Central", "bus_stops": 9, "bus_cov_pct": 100.1, "metro": 2, "metro_cov_pct": 96.6, "parks": 0, "parks_cov_pct": 96.6, "playgrounds": 1, "schools": 22, "anganwadis": 9, "police": 2, "fire": 0, "public_toilets": 1, "toilet_cov_pct": 97.4, "lakes": 0, "ponds": 0, "flood_points": 0, "did_you_know_1": "Nearly all homes here are within a 15-minute walk of a bus stop.", "did_you_know_2": "This ward has 22 schools and 9 anganwadi (child-care) centres.", "did_you_know_3": "This ward has 1 public toilet, and nearly all homes are within a 15-minute walk of one.", "question_1": "Our lakes and ponds are neglected or polluted — how will you clean up and protect the water bodies in this ward?", "question_2": "How will you make sure emergency services like fire response can reach every corner of this ward quickly?", "question_3": "Children here have few safe places to play — will you commit to creating and maintaining playgrounds in this ward?", "question_4": "Safety is a real worry in parts of this ward — how will you improve policing and make our streets safer, especially at night?", "question_5": "Getting across the city from this ward takes too long — how will you push for better public-transport and metro connectivity?"}, "geometry": {"type": "MultiPolygon", "coordinates": [[[[77.56549, 12.96039], [77.56482, 12.96241], [77.57003, 12.96419], [77.57022, 12.96796], [77.57386, 12.96639], [77.57488, 12.96835], [77.57805, 12.96674], [77.5745, 12.95974], [77.56549, 12.96039]]]]}}, {"type": "Feature", "properties": {"ward_name": "Shakthi Ganapathi Nagara", "ward_id": "45", "zone": "Rajarajeshwarinagar", "assembly": "156 - Mahalakshmi Layout", "parliamentary": "Bangalore North", "bus_stops": 8, "bus_cov_pct": 100.1, "metro": 0, "metro_cov_pct": null, "parks": 3, "parks_cov_pct": 100.1, "playgrounds": 0, "schools": 10, "anganwadis": 6, "police": 0, "fire": 0, "public_toilets": 0, "toilet_cov_pct": 100.1, "lakes": 0, "ponds": 0, "flood_points": 0, "did_you_know_1": "Nearly all homes here are within a 15-minute walk of a bus stop.", "did_you_know_2": "This ward has 3 parks, and nearly all homes are within a 15-minute walk of one.", "did_you_know_3": "This ward has 10 schools and 6 anganwadi (child-care) centres.", "question_1": "Children here have few safe places to play — will you commit to creating and maintaining playgrounds in this ward?", "question_2": "Safety is a real worry in parts of this ward — how will you improve policing and make our streets safer, especially at night?", "question_3": "Our lakes and ponds are neglected or polluted — how will you clean up and protect the water bodies in this ward?", "question_4": "How will you make sure emergency services like fire response can reach every corner of this ward quickly?", "question_5": "Getting across the city from this ward takes too long — how will you push for better public-transport and metro connectivity?"}, "geometry": {"type": "MultiPolygon", "coordinates": [[[[77.52975, 12.99236], [77.52673, 12.99415], [77.5282, 12.99676], [77.52897, 12.99414], [77.53017, 12.99433], [77.53127, 12.9971], [77.53354, 12.99678], [77.53352, 12.99525], [77.53846, 12.99531], [77.53816, 12.99332], [77.53593, 12.99199], [77.52975, 12.99236]]]]}}, {"type": "Feature", "properties": {"ward_name": "Yamalur", "ward_id": "46", "zone": "Mahadevapura", "assembly": "174 - Mahadevapura", "parliamentary": "Bangalore Central", "bus_stops": 7, "bus_cov_pct": 48.8, "metro": 0, "metro_cov_pct": null, "parks": 0, "parks_cov_pct": 1.2, "playgrounds": 4, "schools": 8, "anganwadis": 7, "police": 0, "fire": 0, "public_toilets": 0, "toilet_cov_pct": 4.2, "lakes": 0, "ponds": 2, "flood_points": 0, "did_you_know_1": "About 5 in 10 homes here are within a 15-minute walk of a bus stop.", "did_you_know_2": "This ward has 8 schools and 7 anganwadi (child-care) centres.", "did_you_know_3": "This ward has 2 ponds.", "question_1": "Families here struggle to find a park or open ground to relax in or for children to play — how will you create and maintain more green, open spaces in this ward?", "question_2": "Clean, safe public toilets are hard to find in parts of this ward — what will you do to provide and maintain them?", "question_3": "Safety is a real worry in parts of this ward — how will you improve policing and make our streets safer, especially at night?", "question_4": "Many of us walk far or wait too long for a bus — what will you do to bring frequent, reliable bus service closer to every part of this ward?", "question_5": "How will you make sure emergency services like fire response can reach every corner of this ward quickly?"}, "geometry": {"type": "MultiPolygon", "coordinates": [[[[77.69264, 12.94993], [77.6924, 12.94706], [77.69548, 12.94599], [77.68532, 12.9395], [77.67971, 12.93848], [77.6791, 12.93615], [77.68105, 12.93132], [77.67624, 12.93001], [77.67558, 12.93195], [77.66692, 12.9312], [77.66376, 12.92804], [77.66108, 12.92983], [77.65912, 12.92942], [77.65507, 12.93491], [77.66041, 12.9383], [77.65814, 12.9379], [77.65806, 12.93985], [77.65024, 12.94247], [77.63974, 12.95144], [77.64251, 12.95396], [77.64425, 12.95333], [77.6454, 12.9494], [77.64903, 12.94601], [77.64937, 12.9474], [77.65996, 12.94756], [77.66248, 12.94665], [77.66261, 12.94444], [77.67523, 12.94866], [77.68867, 12.94929], [77.68939, 12.95304], [77.68753, 12.95506], [77.68964, 12.95542], [77.69097, 12.95398], [77.69101, 12.95106], [77.69264, 12.94993]]]]}}, {"type": "Feature", "properties": {"ward_name": "Yelachenahalli", "ward_id": "46", "zone": "Jayanagar", "assembly": "176 - Bangalore South", "parliamentary": "Bangalore Rural", "bus_stops": 3, "bus_cov_pct": 100.1, "metro": 1, "metro_cov_pct": 100.1, "parks": 0, "parks_cov_pct": 96.1, "playgrounds": 2, "schools": 15, "anganwadis": 3, "police": 0, "fire": 0, "public_toilets": 0, "toilet_cov_pct": 100.1, "lakes": 1, "ponds": 0, "flood_points": 0, "did_you_know_1": "Nearly all homes here are within a 15-minute walk of a bus stop.", "did_you_know_2": "This ward has 15 schools and 3 anganwadi (child-care) centres.", "did_you_know_3": "This ward has 1 lake.", "question_1": "Safety is a real worry in parts of this ward — how will you improve policing and make our streets safer, especially at night?", "question_2": "How will you make sure emergency services like fire response can reach every corner of this ward quickly?", "question_3": "Our lakes and ponds are neglected or polluted — how will you clean up and protect the water bodies in this ward?", "question_4": "Children here have few safe places to play — will you commit to creating and maintaining playgrounds in this ward?", "question_5": "Getting across the city from this ward takes too long — how will you push for better public-transport and metro connectivity?"}, "geometry": {"type": "MultiPolygon", "coordinates": [[[[77.56511, 12.89871], [77.56646, 12.90341], [77.56876, 12.90358], [77.56843, 12.90483], [77.57122, 12.90743], [77.57326, 12.90648], [77.57284, 12.89961], [77.56905, 12.89477], [77.56816, 12.89384], [77.56148, 12.89393], [77.56166, 12.89679], [77.56665, 12.89574], [77.56757, 12.89838], [77.56511, 12.89871]]]]}}, {"type": "Feature", "properties": {"ward_name": "Sagayapuram", "ward_id": "46", "zone": "Byatarayanapura", "assembly": "159 - Pulakeshinagar", "parliamentary": "Bangalore North", "bus_stops": 10, "bus_cov_pct": 100.1, "metro": 0, "metro_cov_pct": null, "parks": 2, "parks_cov_pct": 100.1, "playgrounds": 3, "schools": 22, "anganwadis": 4, "police": 0, "fire": 0, "public_toilets": 3, "toilet_cov_pct": 100.1, "lakes": 0, "ponds": 0, "flood_points": 0, "did_you_know_1": "Nearly all homes here are within a 15-minute walk of a bus stop.", "did_you_know_2": "This ward has 2 parks, and nearly all homes are within a 15-minute walk of one.", "did_you_know_3": "This ward has 22 schools and 4 anganwadi (child-care) centres.", "question_1": "Safety is a real worry in parts of this ward — how will you improve policing and make our streets safer, especially at night?", "question_2": "Our lakes and ponds are neglected or polluted — how will you clean up and protect the water bodies in this ward?", "question_3": "How will you make sure emergency services like fire response can reach every corner of this ward quickly?", "question_4": "Getting across the city from this ward takes too long — how will you push for better public-transport and metro connectivity?", "question_5": "Many of us walk far or wait too long for a bus — what will you do to bring frequent, reliable bus service closer to every part of this ward?"}, "geometry": {"type": "MultiPolygon", "coordinates": [[[[77.61859, 13.00114], [77.61213, 13.0016], [77.61238, 13.00612], [77.61622, 13.00822], [77.61657, 13.00939], [77.61471, 13.01005], [77.61534, 13.01076], [77.62266, 13.00827], [77.61859, 13.00114]]]]}}, {"type": "Feature", "properties": {"ward_name": "Cheluvadi Palya", "ward_id": "46", "zone": "Gandhinagara", "assembly": "168 - Chamrajapet", "parliamentary": "Bangalore Central", "bus_stops": 2, "bus_cov_pct": 100.1, "metro": 0, "metro_cov_pct": 88.5, "parks": 0, "parks_cov_pct": 100.1, "playgrounds": 0, "schools": 10, "anganwadis": 11, "police": 0, "fire": 0, "public_toilets": 0, "toilet_cov_pct": 99.6, "lakes": 0, "ponds": 0, "flood_points": 2, "did_you_know_1": "Nearly all homes here are within a 15-minute walk of a bus stop.", "did_you_know_2": "This ward has 10 schools and 11 anganwadi (child-care) centres.", "did_you_know_3": "This ward has 2 spots known to be prone to flooding.", "question_1": "Children here have few safe places to play — will you commit to creating and maintaining playgrounds in this ward?", "question_2": "Safety is a real worry in parts of this ward — how will you improve policing and make our streets safer, especially at night?", "question_3": "Our lakes and ponds are neglected or polluted — how will you clean up and protect the water bodies in this ward?", "question_4": "How will you make sure emergency services like fire response can reach every corner of this ward quickly?", "question_5": "Getting across the city from this ward takes too long — how will you push for better public-transport and metro connectivity?"}, "geometry": {"type": "MultiPolygon", "coordinates": [[[[77.56617, 12.96284], [77.56549, 12.96674], [77.56775, 12.96698], [77.56787, 12.96821], [77.57022, 12.96796], [77.57003, 12.96419], [77.56617, 12.96284]]]]}}, {"type": "Feature", "properties": {"ward_name": "Kamalanagara", "ward_id": "46", "zone": "Rajarajeshwarinagar", "assembly": "156 - Mahalakshmi Layout", "parliamentary": "Bangalore North", "bus_stops": 3, "bus_cov_pct": 100.1, "metro": 0, "metro_cov_pct": null, "parks": 1, "parks_cov_pct": 100.1, "playgrounds": 0, "schools": 6, "anganwadis": 9, "police": 0, "fire": 0, "public_toilets": 1, "toilet_cov_pct": 100.1, "lakes": 0, "ponds": 0, "flood_points": 0, "did_you_know_1": "Nearly all homes here are within a 15-minute walk of a bus stop.", "did_you_know_2": "This ward has 1 park, and nearly all homes are within a 15-minute walk of one.", "did_you_know_3": "This ward has 6 schools and 9 anganwadi (child-care) centres.", "question_1": "Children here have few safe places to play — will you commit to creating and maintaining playgrounds in this ward?", "question_2": "Safety is a real worry in parts of this ward — how will you improve policing and make our streets safer, especially at night?", "question_3": "Our lakes and ponds are neglected or polluted — how will you clean up and protect the water bodies in this ward?", "question_4": "How will you make sure emergency services like fire response can reach every corner of this ward quickly?", "question_5": "Getting across the city from this ward takes too long — how will you push for better public-transport and metro connectivity?"}, "geometry": {"type": "MultiPolygon", "coordinates": [[[[77.52449, 12.9914], [77.52243, 12.98996], [77.52317, 12.99123], [77.52158, 12.99178], [77.52524, 12.99793], [77.5282, 12.99676], [77.52681, 12.99447], [77.52728, 12.99298], [77.53159, 12.99217], [77.53119, 12.9897], [77.52449, 12.9914]]]]}}, {"type": "Feature", "properties": {"ward_name": "Pulakeshi Nagar", "ward_id": "47", "zone": "Byatarayanapura", "assembly": "159 - Pulakeshinagar", "parliamentary": "Bangalore North", "bus_stops": 21, "bus_cov_pct": 100.1, "metro": 0, "metro_cov_pct": null, "parks": 3, "parks_cov_pct": 100.1, "playgrounds": 6, "schools": 37, "anganwadis": 1, "police": 0, "fire": 0, "public_toilets": 6, "toilet_cov_pct": 100.1, "lakes": 0, "ponds": 1, "flood_points": 1, "did_you_know_1": "Nearly all homes here are within a 15-minute walk of a bus stop.", "did_you_know_2": "This ward has 3 parks, and nearly all homes are within a 15-minute walk of one.", "did_you_know_3": "This ward has 37 schools and 1 anganwadi (child-care) centre.", "question_1": "Safety is a real worry in parts of this ward — how will you improve policing and make our streets safer, especially at night?", "question_2": "How will you make sure emergency services like fire response can reach every corner of this ward quickly?", "question_3": "Young families need childcare and anganwadi centres close to home — how will you add and support more of them in this ward?", "question_4": "Our lakes and ponds are neglected or polluted — how will you clean up and protect the water bodies in this ward?", "question_5": "Getting across the city from this ward takes too long — how will you push for better public-transport and metro connectivity?"}, "geometry": {"type": "MultiPolygon", "coordinates": [[[[77.61931, 12.9872], [77.60782, 12.99445], [77.61213, 13.0016], [77.61859, 13.00114], [77.61955, 13.00374], [77.62073, 13.00232], [77.6203, 13.00012], [77.61678, 12.99575], [77.61936, 12.99169], [77.61931, 12.9872]]]]}}, {"type": "Feature", "properties": {"ward_name": "Chandranagara", "ward_id": "47", "zone": "Jayanagar", "assembly": "176 - Bangalore South", "parliamentary": "Bangalore Rural", "bus_stops": 5, "bus_cov_pct": 100.1, "metro": 0, "metro_cov_pct": 84.3, "parks": 2, "parks_cov_pct": 100.1, "playgrounds": 1, "schools": 13, "anganwadis": 5, "police": 0, "fire": 0, "public_toilets": 0, "toilet_cov_pct": 100.1, "lakes": 0, "ponds": 0, "flood_points": 0, "did_you_know_1": "Nearly all homes here are within a 15-minute walk of a bus stop.", "did_you_know_2": "This ward has 2 parks, and nearly all homes are within a 15-minute walk of one.", "did_you_know_3": "This ward has 13 schools and 5 anganwadi (child-care) centres.", "question_1": "Safety is a real worry in parts of this ward — how will you improve policing and make our streets safer, especially at night?", "question_2": "Our lakes and ponds are neglected or polluted — how will you clean up and protect the water bodies in this ward?", "question_3": "How will you make sure emergency services like fire response can reach every corner of this ward quickly?", "question_4": "Children here have few safe places to play — will you commit to creating and maintaining playgrounds in this ward?", "question_5": "Getting across the city from this ward takes too long — how will you push for better public-transport and metro connectivity?"}, "geometry": {"type": "MultiPolygon", "coordinates": [[[[77.56009, 12.90032], [77.57021, 12.90869], [77.57122, 12.90743], [77.56843, 12.90483], [77.56876, 12.90358], [77.56556, 12.90216], [77.56511, 12.89871], [77.56757, 12.89838], [77.56665, 12.89574], [77.56166, 12.89679], [77.56017, 12.89573], [77.56124, 12.89924], [77.56009, 12.90032]]]]}}, {"type": "Feature", "properties": {"ward_name": "Bellanduru", "ward_id": "47", "zone": "Mahadevapura", "assembly": "174 - Mahadevapura", "parliamentary": "Bangalore Central", "bus_stops": 10, "bus_cov_pct": 88.6, "metro": 0, "metro_cov_pct": null, "parks": 0, "parks_cov_pct": 15.8, "playgrounds": 0, "schools": 10, "anganwadis": 1, "police": 0, "fire": 0, "public_toilets": 2, "toilet_cov_pct": 56.0, "lakes": 0, "ponds": 2, "flood_points": 0, "did_you_know_1": "About 9 in 10 homes here are within a 15-minute walk of a bus stop.", "did_you_know_2": "This ward has 10 schools and 1 anganwadi (child-care) centre.", "did_you_know_3": "This ward has 2 public toilets, and about 6 in 10 homes are within a 15-minute walk of one.", "question_1": "Families here struggle to find a park or open ground to relax in or for children to play — how will you create and maintain more green, open spaces in this ward?", "question_2": "Children here have few safe places to play — will you commit to creating and maintaining playgrounds in this ward?", "question_3": "Safety is a real worry in parts of this ward — how will you improve policing and make our streets safer, especially at night?", "question_4": "How will you make sure emergency services like fire response can reach every corner of this ward quickly?", "question_5": "Young families need childcare and anganwadi centres close to home — how will you add and support more of them in this ward?"}, "geometry": {"type": "MultiPolygon", "coordinates": [[[[77.68982, 12.93949], [77.68607, 12.93709], [77.69048, 12.9349], [77.68572, 12.93059], [77.67617, 12.9258], [77.67557, 12.92259], [77.66887, 12.92335], [77.66804, 12.93124], [77.67558, 12.93195], [77.67624, 12.93001], [77.68034, 12.93096], [77.68123, 12.93215], [77.6791, 12.93615], [77.67971, 12.93848], [77.68409, 12.93894], [77.68927, 12.94143], [77.68982, 12.93949]]]]}}, {"type": "Feature", "properties": {"ward_name": "Vrishabhavathi Nagar", "ward_id": "47", "zone": "Rajarajeshwarinagar", "assembly": "156 - Mahalakshmi Layout", "parliamentary": "Bangalore North", "bus_stops": 1, "bus_cov_pct": 100.1, "metro": 0, "metro_cov_pct": null, "parks": 0, "parks_cov_pct": 94.9, "playgrounds": 0, "schools": 12, "anganwadis": 6, "police": 0, "fire": 0, "public_toilets": 0, "toilet_cov_pct": 100.1, "lakes": 0, "ponds": 0, "flood_points": 2, "did_you_know_1": "Nearly all homes here are within a 15-minute walk of a bus stop.", "did_you_know_2": "This ward has 12 schools and 6 anganwadi (child-care) centres.", "did_you_know_3": "This ward has 2 spots known to be prone to flooding.", "question_1": "Children here have few safe places to play — will you commit to creating and maintaining playgrounds in this ward?", "question_2": "Safety is a real worry in parts of this ward — how will you improve policing and make our streets safer, especially at night?", "question_3": "Our lakes and ponds are neglected or polluted — how will you clean up and protect the water bodies in this ward?", "question_4": "How will you make sure emergency services like fire response can reach every corner of this ward quickly?", "question_5": "Getting across the city from this ward takes too long — how will you push for better public-transport and metro connectivity?"}, "geometry": {"type": "MultiPolygon", "coordinates": [[[[77.52266, 12.99037], [77.52405, 12.98996], [77.52449, 12.9914], [77.53119, 12.9897], [77.52874, 12.98383], [77.52641, 12.98589], [77.5237, 12.98501], [77.52031, 12.9869], [77.52152, 12.99146], [77.52317, 12.99123], [77.52266, 12.99037]]]]}}, {"type": "Feature", "properties": {"ward_name": "IPD Salappa Ward", "ward_id": "47", "zone": "Gandhinagara", "assembly": "168 - Chamrajapet", "parliamentary": "Bangalore Central", "bus_stops": 7, "bus_cov_pct": 100.1, "metro": 0, "metro_cov_pct": 2.2, "parks": 2, "parks_cov_pct": 100.1, "playgrounds": 1, "schools": 6, "anganwadis": 6, "police": 0, "fire": 1, "public_toilets": 0, "toilet_cov_pct": 46.9, "lakes": 0, "ponds": 0, "flood_points": 1, "did_you_know_1": "Nearly all homes here are within a 15-minute walk of a bus stop.", "did_you_know_2": "This ward has 2 parks, and nearly all homes are within a 15-minute walk of one.", "did_you_know_3": "This ward has 6 schools and 6 anganwadi (child-care) centres.", "question_1": "Safety is a real worry in parts of this ward — how will you improve policing and make our streets safer, especially at night?", "question_2": "Our lakes and ponds are neglected or polluted — how will you clean up and protect the water bodies in this ward?", "question_3": "Clean, safe public toilets are hard to find in parts of this ward — what will you do to provide and maintain them?", "question_4": "Children here have few safe places to play — will you commit to creating and maintaining playgrounds in this ward?", "question_5": "Getting across the city from this ward takes too long — how will you push for better public-transport and metro connectivity?"}, "geometry": {"type": "MultiPolygon", "coordinates": [[[[77.56618, 12.96283], [77.5571, 12.96044], [77.55514, 12.96438], [77.55823, 12.96336], [77.55974, 12.96656], [77.56183, 12.9647], [77.56501, 12.96795], [77.56618, 12.96283]]]]}}, {"type": "Feature", "properties": {"ward_name": "Vasanthapura", "ward_id": "48", "zone": "Jayanagar", "assembly": "176 - Bangalore South", "parliamentary": "Bangalore Rural", "bus_stops": 13, "bus_cov_pct": 100.1, "metro": 2, "metro_cov_pct": 79.4, "parks": 1, "parks_cov_pct": 98.2, "playgrounds": 2, "schools": 23, "anganwadis": 4, "police": 0, "fire": 0, "public_toilets": 3, "toilet_cov_pct": 96.8, "lakes": 2, "ponds": 0, "flood_points": 0, "did_you_know_1": "Nearly all homes here are within a 15-minute walk of a bus stop.", "did_you_know_2": "This ward has 1 park, and nearly all homes are within a 15-minute walk of one.", "did_you_know_3": "This ward has 23 schools and 4 anganwadi (child-care) centres.", "question_1": "Safety is a real worry in parts of this ward — how will you improve policing and make our streets safer, especially at night?", "question_2": "How will you make sure emergency services like fire response can reach every corner of this ward quickly?", "question_3": "Children here have few safe places to play — will you commit to creating and maintaining playgrounds in this ward?", "question_4": "Our lakes and ponds are neglected or polluted — how will you clean up and protect the water bodies in this ward?", "question_5": "Getting across the city from this ward takes too long — how will you push for better public-transport and metro connectivity?"}, "geometry": {"type": "MultiPolygon", "coordinates": [[[[77.54899, 12.89761], [77.55254, 12.89628], [77.55301, 12.89494], [77.55621, 12.89609], [77.55971, 12.89413], [77.56012, 12.89614], [77.56172, 12.89536], [77.56148, 12.89393], [77.56816, 12.89384], [77.55733, 12.88377], [77.55677, 12.88138], [77.55531, 12.88151], [77.55462, 12.88372], [77.5509, 12.88412], [77.55666, 12.88591], [77.55746, 12.88896], [77.55524, 12.88948], [77.55458, 12.8869], [77.55188, 12.88755], [77.55235, 12.88951], [77.55093, 12.88996], [77.55305, 12.89241], [77.55014, 12.89176], [77.54968, 12.89359], [77.54834, 12.8926], [77.5468, 12.89325], [77.54899, 12.89761]]]]}}, {"type": "Feature", "properties": {"ward_name": "S.K Garden", "ward_id": "48", "zone": "Byatarayanapura", "assembly": "159 - Pulakeshinagar", "parliamentary": "Bangalore North", "bus_stops": 5, "bus_cov_pct": 100.1, "metro": 0, "metro_cov_pct": null, "parks": 4, "parks_cov_pct": 100.1, "playgrounds": 3, "schools": 7, "anganwadis": 2, "police": 0, "fire": 0, "public_toilets": 3, "toilet_cov_pct": 100.1, "lakes": 0, "ponds": 1, "flood_points": 0, "did_you_know_1": "Nearly all homes here are within a 15-minute walk of a bus stop.", "did_you_know_2": "This ward has 4 parks, and nearly all homes are within a 15-minute walk of one.", "did_you_know_3": "This ward has 7 schools and 2 anganwadi (child-care) centres.", "question_1": "Safety is a real worry in parts of this ward — how will you improve policing and make our streets safer, especially at night?", "question_2": "How will you make sure emergency services like fire response can reach every corner of this ward quickly?", "question_3": "Our lakes and ponds are neglected or polluted — how will you clean up and protect the water bodies in this ward?", "question_4": "Getting across the city from this ward takes too long — how will you push for better public-transport and metro connectivity?", "question_5": "Young families need childcare and anganwadi centres close to home — how will you add and support more of them in this ward?"}, "geometry": {"type": "MultiPolygon", "coordinates": [[[[77.60721, 12.99119], [77.60536, 12.99015], [77.60387, 12.99273], [77.59658, 12.99454], [77.60068, 12.9957], [77.60563, 12.99424], [77.60877, 12.99897], [77.60685, 12.99949], [77.60647, 12.99782], [77.60509, 12.99779], [77.60185, 12.99988], [77.60152, 13.00144], [77.60259, 13.00156], [77.60524, 13.00667], [77.60846, 13.0051], [77.61002, 13.00082], [77.61213, 13.0016], [77.60782, 12.99445], [77.60895, 12.99338], [77.6074, 12.99348], [77.60721, 12.99119]]]]}}, {"type": "Feature", "properties": {"ward_name": "Mathikere", "ward_id": "48", "zone": "Malleshwaram", "assembly": "157 - Malleshwaram", "parliamentary": "Bangalore North", "bus_stops": 3, "bus_cov_pct": 100.1, "metro": 0, "metro_cov_pct": null, "parks": 2, "parks_cov_pct": 100.1, "playgrounds": 0, "schools": 10, "anganwadis": 4, "police": 0, "fire": 0, "public_toilets": 0, "toilet_cov_pct": 98.1, "lakes": 0, "ponds": 0, "flood_points": 1, "did_you_know_1": "Nearly all homes here are within a 15-minute walk of a bus stop.", "did_you_know_2": "This ward has 2 parks, and nearly all homes are within a 15-minute walk of one.", "did_you_know_3": "This ward has 10 schools and 4 anganwadi (child-care) centres.", "question_1": "Children here have few safe places to play — will you commit to creating and maintaining playgrounds in this ward?", "question_2": "Safety is a real worry in parts of this ward — how will you improve policing and make our streets safer, especially at night?", "question_3": "Our lakes and ponds are neglected or polluted — how will you clean up and protect the water bodies in this ward?", "question_4": "How will you make sure emergency services like fire response can reach every corner of this ward quickly?", "question_5": "Getting across the city from this ward takes too long — how will you push for better public-transport and metro connectivity?"}, "geometry": {"type": "MultiPolygon", "coordinates": [[[[77.56387, 13.03196], [77.56235, 13.03207], [77.56162, 13.02866], [77.55738, 13.03468], [77.5573, 13.03858], [77.56008, 13.03922], [77.56211, 13.04198], [77.56498, 13.03828], [77.56319, 13.03562], [77.56427, 13.03468], [77.56387, 13.03196]]]]}}, {"type": "Feature", "properties": {"ward_name": "Panathur", "ward_id": "48", "zone": "Mahadevapura", "assembly": "174 - Mahadevapura", "parliamentary": "Bangalore Central", "bus_stops": 24, "bus_cov_pct": 79.8, "metro": 0, "metro_cov_pct": null, "parks": 0, "parks_cov_pct": null, "playgrounds": 6, "schools": 16, "anganwadis": 5, "police": 1, "fire": 0, "public_toilets": 0, "toilet_cov_pct": 9.3, "lakes": 3, "ponds": 4, "flood_points": 3, "did_you_know_1": "About 8 in 10 homes here are within a 15-minute walk of a bus stop.", "did_you_know_2": "This ward has 16 schools and 5 anganwadi (child-care) centres.", "did_you_know_3": "This ward has 3 lakes and 4 ponds.", "question_1": "Families here struggle to find a park or open ground to relax in or for children to play — how will you create and maintain more green, open spaces in this ward?", "question_2": "Clean, safe public toilets are hard to find in parts of this ward — what will you do to provide and maintain them?", "question_3": "How will you make sure emergency services like fire response can reach every corner of this ward quickly?", "question_4": "Getting across the city from this ward takes too long — how will you push for better public-transport and metro connectivity?", "question_5": "Every monsoon, the same spots in this ward flood — what concrete steps will you take to fix the drains and stop the flooding?"}, "geometry": {"type": "MultiPolygon", "coordinates": [[[[77.70203, 12.91516], [77.69873, 12.91554], [77.69909, 12.9167], [77.6955, 12.9213], [77.69507, 12.93132], [77.69175, 12.93216], [77.69004, 12.93567], [77.68607, 12.93709], [77.68982, 12.93949], [77.68927, 12.94143], [77.69286, 12.94475], [77.69624, 12.94564], [77.69805, 12.95434], [77.70031, 12.95388], [77.69842, 12.94595], [77.70342, 12.94516], [77.7051, 12.94225], [77.70768, 12.94103], [77.72035, 12.94341], [77.72862, 12.94358], [77.73227, 12.94194], [77.73399, 12.93704], [77.73033, 12.93543], [77.72999, 12.93037], [77.72523, 12.93139], [77.71879, 12.9294], [77.71804, 12.92799], [77.71424, 12.92847], [77.70793, 12.93253], [77.70496, 12.91699], [77.70203, 12.91516]]]]}}, {"type": "Feature", "properties": {"ward_name": "Azad Nagar", "ward_id": "48", "zone": "Gandhinagara", "assembly": "168 - Chamrajapet", "parliamentary": "Bangalore Central", "bus_stops": 8, "bus_cov_pct": 100.1, "metro": 0, "metro_cov_pct": null, "parks": 2, "parks_cov_pct": 100.1, "playgrounds": 1, "schools": 11, "anganwadis": 4, "police": 0, "fire": 0, "public_toilets": 0, "toilet_cov_pct": 93.2, "lakes": 0, "ponds": 0, "flood_points": 0, "did_you_know_1": "Nearly all homes here are within a 15-minute walk of a bus stop.", "did_you_know_2": "This ward has 2 parks, and nearly all homes are within a 15-minute walk of one.", "did_you_know_3": "This ward has 11 schools and 4 anganwadi (child-care) centres.", "question_1": "Safety is a real worry in parts of this ward — how will you improve policing and make our streets safer, especially at night?", "question_2": "Our lakes and ponds are neglected or polluted — how will you clean up and protect the water bodies in this ward?", "question_3": "How will you make sure emergency services like fire response can reach every corner of this ward quickly?", "question_4": "Children here have few safe places to play — will you commit to creating and maintaining playgrounds in this ward?", "question_5": "Getting across the city from this ward takes too long — how will you push for better public-transport and metro connectivity?"}, "geometry": {"type": "MultiPolygon", "coordinates": [[[[77.555, 12.9568], [77.55212, 12.95735], [77.55769, 12.96079], [77.56326, 12.96182], [77.56328, 12.96079], [77.55922, 12.96072], [77.55929, 12.95688], [77.55565, 12.95166], [77.55807, 12.95014], [77.55427, 12.95179], [77.55624, 12.95469], [77.5551, 12.95504], [77.555, 12.9568]]]]}}, {"type": "Feature", "properties": {"ward_name": "Uttarahalli", "ward_id": "49", "zone": "Jayanagar", "assembly": "176 - Bangalore South", "parliamentary": "Bangalore Rural", "bus_stops": 20, "bus_cov_pct": 97.7, "metro": 0, "metro_cov_pct": 8.8, "parks": 1, "parks_cov_pct": 91.8, "playgrounds": 0, "schools": 16, "anganwadis": 5, "police": 1, "fire": 0, "public_toilets": 1, "toilet_cov_pct": 85.2, "lakes": 2, "ponds": 1, "flood_points": 0, "did_you_know_1": "Nearly all homes here are within a 15-minute walk of a bus stop.", "did_you_know_2": "This ward has 1 park, and about 9 in 10 homes are within a 15-minute walk of one.", "did_you_know_3": "This ward has 16 schools and 5 anganwadi (child-care) centres.", "question_1": "Children here have few safe places to play — will you commit to creating and maintaining playgrounds in this ward?", "question_2": "How will you make sure emergency services like fire response can reach every corner of this ward quickly?", "question_3": "Getting across the city from this ward takes too long — how will you push for better public-transport and metro connectivity?", "question_4": "Clean, safe public toilets are hard to find in parts of this ward — what will you do to provide and maintain them?", "question_5": "Safety is a real worry in parts of this ward — how will you improve policing and make our streets safer, especially at night?"}, "geometry": {"type": "MultiPolygon", "coordinates": [[[[77.5499, 12.89183], [77.54752, 12.88828], [77.54873, 12.88762], [77.54533, 12.88482], [77.54562, 12.88937], [77.54408, 12.88997], [77.54312, 12.893], [77.54398, 12.89763], [77.54127, 12.89712], [77.53908, 12.89934], [77.54135, 12.90147], [77.54198, 12.90588], [77.54806, 12.90821], [77.54925, 12.90771], [77.5484, 12.90345], [77.55025, 12.90447], [77.55651, 12.9025], [77.55525, 12.89502], [77.55301, 12.89494], [77.55254, 12.89628], [77.54899, 12.89761], [77.5468, 12.89325], [77.54834, 12.8926], [77.54968, 12.89359], [77.5499, 12.89183]]]]}}, {"type": "Feature", "properties": {"ward_name": "Aramane Nagara", "ward_id": "49", "zone": "Malleshwaram", "assembly": "157 - Malleshwaram", "parliamentary": "Bangalore North", "bus_stops": 8, "bus_cov_pct": 100.1, "metro": 0, "metro_cov_pct": null, "parks": 3, "parks_cov_pct": 100.1, "playgrounds": 1, "schools": 6, "anganwadis": 4, "police": 0, "fire": 0, "public_toilets": 0, "toilet_cov_pct": 100.1, "lakes": 0, "ponds": 0, "flood_points": 0, "did_you_know_1": "Nearly all homes here are within a 15-minute walk of a bus stop.", "did_you_know_2": "This ward has 3 parks, and nearly all homes are within a 15-minute walk of one.", "did_you_know_3": "This ward has 6 schools and 4 anganwadi (child-care) centres.", "question_1": "Safety is a real worry in parts of this ward — how will you improve policing and make our streets safer, especially at night?", "question_2": "Our lakes and ponds are neglected or polluted — how will you clean up and protect the water bodies in this ward?", "question_3": "How will you make sure emergency services like fire response can reach every corner of this ward quickly?", "question_4": "Children here have few safe places to play — will you commit to creating and maintaining playgrounds in this ward?", "question_5": "Getting across the city from this ward takes too long — how will you push for better public-transport and metro connectivity?"}, "geometry": {"type": "MultiPolygon", "coordinates": [[[[77.5618, 13.02734], [77.56312, 13.02249], [77.56149, 13.02143], [77.55894, 13.02202], [77.56066, 13.02634], [77.55841, 13.02724], [77.55998, 13.03093], [77.56162, 13.02866], [77.56235, 13.03207], [77.56387, 13.03196], [77.56427, 13.03468], [77.56319, 13.03562], [77.56498, 13.03828], [77.56948, 13.03288], [77.5715, 13.02759], [77.56271, 13.03005], [77.5618, 13.02734]]]]}}, {"type": "Feature", "properties": {"ward_name": "Kasturbha Nagar", "ward_id": "49", "zone": "Gandhinagara", "assembly": "168 - Chamrajapet", "parliamentary": "Bangalore Central", "bus_stops": 0, "bus_cov_pct": 100.1, "metro": 0, "metro_cov_pct": null, "parks": 0, "parks_cov_pct": 100.1, "playgrounds": 1, "schools": 10, "anganwadis": 6, "police": 0, "fire": 0, "public_toilets": 0, "toilet_cov_pct": 100.1, "lakes": 0, "ponds": 0, "flood_points": 0, "did_you_know_1": "Nearly all homes here are within a 15-minute walk of a bus stop.", "did_you_know_2": "This ward has 10 schools and 6 anganwadi (child-care) centres.", "did_you_know_3": "There are 1 playground in this ward.", "question_1": "Safety is a real worry in parts of this ward — how will you improve policing and make our streets safer, especially at night?", "question_2": "Our lakes and ponds are neglected or polluted — how will you clean up and protect the water bodies in this ward?", "question_3": "How will you make sure emergency services like fire response can reach every corner of this ward quickly?", "question_4": "Children here have few safe places to play — will you commit to creating and maintaining playgrounds in this ward?", "question_5": "Getting across the city from this ward takes too long — how will you push for better public-transport and metro connectivity?"}, "geometry": {"type": "MultiPolygon", "coordinates": [[[[77.54841, 12.95657], [77.555, 12.9568], [77.5551, 12.95504], [77.55624, 12.95469], [77.55277, 12.95056], [77.55158, 12.95207], [77.54912, 12.95235], [77.54958, 12.95471], [77.54841, 12.95657]]]]}}, {"type": "Feature", "properties": {"ward_name": "Jaya Chamarajendra Nagara", "ward_id": "49", "zone": "Yelahanka", "assembly": "158 - Hebbal", "parliamentary": "Bangalore North", "bus_stops": 8, "bus_cov_pct": 100.1, "metro": 0, "metro_cov_pct": null, "parks": 3, "parks_cov_pct": 100.1, "playgrounds": 0, "schools": 16, "anganwadis": 5, "police": 0, "fire": 0, "public_toilets": 6, "toilet_cov_pct": 100.1, "lakes": 0, "ponds": 0, "flood_points": 0, "did_you_know_1": "Nearly all homes here are within a 15-minute walk of a bus stop.", "did_you_know_2": "This ward has 3 parks, and nearly all homes are within a 15-minute walk of one.", "did_you_know_3": "This ward has 16 schools and 5 anganwadi (child-care) centres.", "question_1": "Children here have few safe places to play — will you commit to creating and maintaining playgrounds in this ward?", "question_2": "Safety is a real worry in parts of this ward — how will you improve policing and make our streets safer, especially at night?", "question_3": "Our lakes and ponds are neglected or polluted — how will you clean up and protect the water bodies in this ward?", "question_4": "How will you make sure emergency services like fire response can reach every corner of this ward quickly?", "question_5": "Getting across the city from this ward takes too long — how will you push for better public-transport and metro connectivity?"}, "geometry": {"type": "MultiPolygon", "coordinates": [[[[77.60094, 13.02299], [77.59333, 13.00559], [77.5906, 13.01002], [77.59389, 13.01229], [77.59263, 13.01506], [77.5951, 13.01672], [77.59441, 13.02025], [77.59689, 13.01961], [77.59978, 13.02357], [77.60094, 13.02299]]]]}}, {"type": "Feature", "properties": {"ward_name": "Shivanasamudra Ward", "ward_id": "49", "zone": "Mahadevapura", "assembly": "174 - Mahadevapura", "parliamentary": "Bangalore Central", "bus_stops": 14, "bus_cov_pct": 92.0, "metro": 0, "metro_cov_pct": null, "parks": 0, "parks_cov_pct": 5.2, "playgrounds": 5, "schools": 7, "anganwadis": 2, "police": 0, "fire": 1, "public_toilets": 1, "toilet_cov_pct": 34.7, "lakes": 2, "ponds": 0, "flood_points": 1, "did_you_know_1": "About 9 in 10 homes here are within a 15-minute walk of a bus stop.", "did_you_know_2": "This ward has 7 schools and 2 anganwadi (child-care) centres.", "did_you_know_3": "This ward has 1 public toilet, and about 3 in 10 homes are within a 15-minute walk of one.", "question_1": "Families here struggle to find a park or open ground to relax in or for children to play — how will you create and maintain more green, open spaces in this ward?", "question_2": "Clean, safe public toilets are hard to find in parts of this ward — what will you do to provide and maintain them?", "question_3": "Safety is a real worry in parts of this ward — how will you improve policing and make our streets safer, especially at night?", "question_4": "Getting across the city from this ward takes too long — how will you push for better public-transport and metro connectivity?", "question_5": "Young families need childcare and anganwadi centres close to home — how will you add and support more of them in this ward?"}, "geometry": {"type": "MultiPolygon", "coordinates": [[[[77.69871, 12.91549], [77.68849, 12.91544], [77.68635, 12.91003], [77.66498, 12.9206], [77.66778, 12.92166], [77.66808, 12.9233], [77.67557, 12.92259], [77.67617, 12.9258], [77.68469, 12.92986], [77.69036, 12.9348], [77.69175, 12.93216], [77.69507, 12.93132], [77.6955, 12.9213], [77.69909, 12.9167], [77.69871, 12.91549]]]]}}, {"type": "Feature", "properties": {"ward_name": "Dinnur", "ward_id": "50", "zone": "Yelahanka", "assembly": "158 - Hebbal", "parliamentary": "Bangalore North", "bus_stops": 4, "bus_cov_pct": 100.1, "metro": 0, "metro_cov_pct": null, "parks": 3, "parks_cov_pct": 100.1, "playgrounds": 0, "schools": 14, "anganwadis": 3, "police": 0, "fire": 0, "public_toilets": 1, "toilet_cov_pct": 100.1, "lakes": 0, "ponds": 0, "flood_points": 0, "did_you_know_1": "Nearly all homes here are within a 15-minute walk of a bus stop.", "did_you_know_2": "This ward has 3 parks, and nearly all homes are within a 15-minute walk of one.", "did_you_know_3": "This ward has 14 schools and 3 anganwadi (child-care) centres.", "question_1": "Children here have few safe places to play — will you commit to creating and maintaining playgrounds in this ward?", "question_2": "Safety is a real worry in parts of this ward — how will you improve policing and make our streets safer, especially at night?", "question_3": "Our lakes and ponds are neglected or polluted — how will you clean up and protect the water bodies in this ward?", "question_4": "How will you make sure emergency services like fire response can reach every corner of this ward quickly?", "question_5": "Getting across the city from this ward takes too long — how will you push for better public-transport and metro connectivity?"}, "geometry": {"type": "MultiPolygon", "coordinates": [[[[77.59926, 13.03326], [77.60466, 13.03399], [77.60479, 13.03219], [77.60019, 13.03278], [77.5999, 13.02351], [77.59811, 13.02255], [77.59689, 13.01961], [77.5936, 13.02046], [77.59452, 13.02376], [77.59687, 13.02355], [77.59678, 13.0289], [77.59864, 13.03001], [77.59926, 13.03326]]]]}}, {"type": "Feature", "properties": {"ward_name": "Sarvabhouma Nagar", "ward_id": "50", "zone": "Jayanagar", "assembly": "176 - Bangalore South", "parliamentary": "Bangalore Rural", "bus_stops": 12, "bus_cov_pct": 100.1, "metro": 0, "metro_cov_pct": null, "parks": 1, "parks_cov_pct": 100.1, "playgrounds": 1, "schools": 8, "anganwadis": 5, "police": 0, "fire": 0, "public_toilets": 0, "toilet_cov_pct": 100.0, "lakes": 0, "ponds": 0, "flood_points": 0, "did_you_know_1": "Nearly all homes here are within a 15-minute walk of a bus stop.", "did_you_know_2": "This ward has 1 park, and nearly all homes are within a 15-minute walk of one.", "did_you_know_3": "This ward has 8 schools and 5 anganwadi (child-care) centres.", "question_1": "Safety is a real worry in parts of this ward — how will you improve policing and make our streets safer, especially at night?", "question_2": "Our lakes and ponds are neglected or polluted — how will you clean up and protect the water bodies in this ward?", "question_3": "How will you make sure emergency services like fire response can reach every corner of this ward quickly?", "question_4": "Children here have few safe places to play — will you commit to creating and maintaining playgrounds in this ward?", "question_5": "Getting across the city from this ward takes too long — how will you push for better public-transport and metro connectivity?"}, "geometry": {"type": "MultiPolygon", "coordinates": [[[[77.54299, 12.90878], [77.53846, 12.90853], [77.53954, 12.91169], [77.54237, 12.91082], [77.54481, 12.91613], [77.54247, 12.91707], [77.54476, 12.91829], [77.54862, 12.91803], [77.54804, 12.91649], [77.55364, 12.91436], [77.55221, 12.91184], [77.5504, 12.9131], [77.55005, 12.91159], [77.55582, 12.91146], [77.55444, 12.90867], [77.55128, 12.91001], [77.54677, 12.90983], [77.54685, 12.91077], [77.54438, 12.90988], [77.54341, 12.90647], [77.54382, 12.90891], [77.54208, 12.90739], [77.54299, 12.90878]]]]}}, {"type": "Feature", "properties": {"ward_name": "JJR Nagara", "ward_id": "50", "zone": "Gandhinagara", "assembly": "168 - Chamrajapet", "parliamentary": "Bangalore Central", "bus_stops": 5, "bus_cov_pct": 100.1, "metro": 0, "metro_cov_pct": null, "parks": 0, "parks_cov_pct": 100.1, "playgrounds": 1, "schools": 16, "anganwadis": 18, "police": 1, "fire": 0, "public_toilets": 0, "toilet_cov_pct": 81.0, "lakes": 0, "ponds": 0, "flood_points": 0, "did_you_know_1": "Nearly all homes here are within a 15-minute walk of a bus stop.", "did_you_know_2": "This ward has 16 schools and 18 anganwadi (child-care) centres.", "did_you_know_3": "This ward has 1 police station.", "question_1": "Our lakes and ponds are neglected or polluted — how will you clean up and protect the water bodies in this ward?", "question_2": "How will you make sure emergency services like fire response can reach every corner of this ward quickly?", "question_3": "Children here have few safe places to play — will you commit to creating and maintaining playgrounds in this ward?", "question_4": "Getting across the city from this ward takes too long — how will you push for better public-transport and metro connectivity?", "question_5": "Clean, safe public toilets are hard to find in parts of this ward — what will you do to provide and maintain them?"}, "geometry": {"type": "MultiPolygon", "coordinates": [[[[77.55468, 12.96478], [77.5571, 12.96044], [77.55489, 12.95831], [77.54841, 12.95657], [77.54637, 12.9603], [77.55068, 12.96089], [77.55231, 12.96448], [77.55468, 12.96478]]]]}}, {"type": "Feature", "properties": {"ward_name": "Gunjur", "ward_id": "50", "zone": "Mahadevapura", "assembly": "174 - Mahadevapura", "parliamentary": "Bangalore Central", "bus_stops": 29, "bus_cov_pct": 62.9, "metro": 0, "metro_cov_pct": null, "parks": 0, "parks_cov_pct": null, "playgrounds": 4, "schools": 26, "anganwadis": 5, "police": 0, "fire": 0, "public_toilets": 0, "toilet_cov_pct": null, "lakes": 5, "ponds": 27, "flood_points": 1, "did_you_know_1": "About 6 in 10 homes here are within a 15-minute walk of a bus stop.", "did_you_know_2": "This ward has 26 schools and 5 anganwadi (child-care) centres.", "did_you_know_3": "This ward has 5 lakes and 27 ponds.", "question_1": "Families here struggle to find a park or open ground to relax in or for children to play — how will you create and maintain more green, open spaces in this ward?", "question_2": "Clean, safe public toilets are hard to find in parts of this ward — what will you do to provide and maintain them?", "question_3": "Safety is a real worry in parts of this ward — how will you improve policing and make our streets safer, especially at night?", "question_4": "How will you make sure emergency services like fire response can reach every corner of this ward quickly?", "question_5": "Getting across the city from this ward takes too long — how will you push for better public-transport and metro connectivity?"}, "geometry": {"type": "MultiPolygon", "coordinates": [[[[77.69656, 12.91612], [77.70172, 12.91446], [77.70496, 12.91699], [77.70793, 12.93253], [77.71424, 12.92847], [77.73718, 12.92518], [77.74395, 12.93577], [77.7466, 12.93801], [77.76506, 12.93014], [77.76484, 12.92878], [77.75227, 12.9253], [77.75134, 12.92201], [77.74579, 12.91977], [77.74467, 12.91363], [77.73802, 12.91482], [77.7374, 12.91349], [77.73445, 12.9132], [77.73437, 12.91404], [77.72778, 12.9145], [77.72628, 12.90657], [77.7208, 12.90882], [77.71971, 12.90799], [77.71764, 12.90897], [77.71612, 12.90739], [77.70835, 12.90806], [77.70687, 12.90203], [77.69883, 12.90628], [77.68635, 12.91003], [77.68849, 12.91544], [77.69656, 12.91612]]]]}}, {"type": "Feature", "properties": {"ward_name": "Sadashiva Nagara", "ward_id": "50", "zone": "Malleshwaram", "assembly": "157 - Malleshwaram", "parliamentary": "Bangalore North", "bus_stops": 28, "bus_cov_pct": 92.3, "metro": 0, "metro_cov_pct": null, "parks": 9, "parks_cov_pct": 74.7, "playgrounds": 6, "schools": 10, "anganwadis": 0, "police": 1, "fire": 0, "public_toilets": 0, "toilet_cov_pct": 64.7, "lakes": 1, "ponds": 0, "flood_points": 1, "did_you_know_1": "About 9 in 10 homes here are within a 15-minute walk of a bus stop.", "did_you_know_2": "This ward has 9 parks, and about 7 in 10 homes are within a 15-minute walk of one.", "did_you_know_3": "This ward has 10 schools.", "question_1": "Young families need childcare and anganwadi centres close to home — how will you add and support more of them in this ward?", "question_2": "How will you make sure emergency services like fire response can reach every corner of this ward quickly?", "question_3": "Our lakes and ponds are neglected or polluted — how will you clean up and protect the water bodies in this ward?", "question_4": "Getting across the city from this ward takes too long — how will you push for better public-transport and metro connectivity?", "question_5": "Clean, safe public toilets are hard to find in parts of this ward — what will you do to provide and maintain them?"}, "geometry": {"type": "MultiPolygon", "coordinates": [[[[77.57638, 13.00775], [77.57233, 13.00788], [77.57392, 13.00634], [77.56925, 13.00646], [77.56898, 13.0121], [77.56057, 13.01708], [77.56319, 13.0218], [77.56178, 13.02678], [77.56271, 13.03005], [77.56694, 13.02809], [77.5715, 13.02759], [77.57144, 13.02845], [77.5801, 13.02651], [77.58466, 13.02291], [77.58406, 13.00295], [77.57638, 13.00775]]]]}}, {"type": "Feature", "properties": {"ward_name": "Old Guddadahalli", "ward_id": "51", "zone": "Gandhinagara", "assembly": "168 - Chamrajapet", "parliamentary": "Bangalore Central", "bus_stops": 1, "bus_cov_pct": 100.1, "metro": 0, "metro_cov_pct": null, "parks": 0, "parks_cov_pct": 100.1, "playgrounds": 0, "schools": 7, "anganwadis": 6, "police": 0, "fire": 0, "public_toilets": 0, "toilet_cov_pct": 100.1, "lakes": 0, "ponds": 0, "flood_points": 0, "did_you_know_1": "Nearly all homes here are within a 15-minute walk of a bus stop.", "did_you_know_2": "This ward has 7 schools and 6 anganwadi (child-care) centres.", "did_you_know_3": "This ward is served by 1 bus stop.", "question_1": "Children here have few safe places to play — will you commit to creating and maintaining playgrounds in this ward?", "question_2": "Safety is a real worry in parts of this ward — how will you improve policing and make our streets safer, especially at night?", "question_3": "Our lakes and ponds are neglected or polluted — how will you clean up and protect the water bodies in this ward?", "question_4": "How will you make sure emergency services like fire response can reach every corner of this ward quickly?", "question_5": "Getting across the city from this ward takes too long — how will you push for better public-transport and metro connectivity?"}, "geometry": {"type": "MultiPolygon", "coordinates": [[[[77.54638, 12.9603], [77.54386, 12.96399], [77.5485, 12.96515], [77.54862, 12.96248], [77.55094, 12.96125], [77.54638, 12.9603]]]]}}, {"type": "Feature", "properties": {"ward_name": "Subramanyapura", "ward_id": "51", "zone": "Jayanagar", "assembly": "176 - Bangalore South", "parliamentary": "Bangalore Rural", "bus_stops": 38, "bus_cov_pct": 87.4, "metro": 0, "metro_cov_pct": 3.9, "parks": 6, "parks_cov_pct": 72.3, "playgrounds": 0, "schools": 22, "anganwadis": 3, "police": 0, "fire": 0, "public_toilets": 2, "toilet_cov_pct": 25.3, "lakes": 3, "ponds": 4, "flood_points": 0, "did_you_know_1": "About 9 in 10 homes here are within a 15-minute walk of a bus stop.", "did_you_know_2": "This ward has 6 parks, and about 7 in 10 homes are within a 15-minute walk of one.", "did_you_know_3": "This ward has 22 schools and 3 anganwadi (child-care) centres.", "question_1": "Clean, safe public toilets are hard to find in parts of this ward — what will you do to provide and maintain them?", "question_2": "Children here have few safe places to play — will you commit to creating and maintaining playgrounds in this ward?", "question_3": "Safety is a real worry in parts of this ward — how will you improve policing and make our streets safer, especially at night?", "question_4": "How will you make sure emergency services like fire response can reach every corner of this ward quickly?", "question_5": "Getting across the city from this ward takes too long — how will you push for better public-transport and metro connectivity?"}, "geometry": {"type": "MultiPolygon", "coordinates": [[[[77.54925, 12.90771], [77.54198, 12.90588], [77.54135, 12.90147], [77.53927, 12.90001], [77.54, 12.89772], [77.54398, 12.89763], [77.54312, 12.893], [77.53705, 12.89541], [77.53645, 12.89417], [77.54267, 12.89202], [77.54126, 12.88877], [77.5413, 12.88397], [77.54379, 12.8792], [77.53752, 12.88026], [77.53756, 12.88328], [77.53258, 12.8853], [77.51903, 12.88319], [77.51572, 12.89006], [77.51588, 12.89381], [77.51982, 12.89306], [77.52099, 12.89384], [77.52113, 12.89784], [77.52476, 12.89802], [77.52587, 12.9043], [77.53109, 12.9131], [77.53178, 12.91779], [77.53643, 12.91925], [77.53931, 12.91752], [77.54199, 12.9188], [77.54294, 12.91608], [77.54481, 12.91613], [77.54237, 12.91082], [77.53954, 12.91169], [77.53846, 12.90853], [77.54254, 12.90915], [77.54251, 12.90723], [77.54382, 12.90891], [77.54341, 12.90647], [77.54438, 12.90988], [77.54685, 12.91077], [77.54677, 12.90983], [77.55128, 12.91001], [77.55444, 12.90867], [77.55356, 12.90633], [77.54925, 12.90771]]]]}}, {"type": "Feature", "properties": {"ward_name": "Manorayanapalya", "ward_id": "51", "zone": "Yelahanka", "assembly": "158 - Hebbal", "parliamentary": "Bangalore North", "bus_stops": 8, "bus_cov_pct": 100.1, "metro": 0, "metro_cov_pct": null, "parks": 0, "parks_cov_pct": 100.1, "playgrounds": 1, "schools": 13, "anganwadis": 3, "police": 0, "fire": 0, "public_toilets": 0, "toilet_cov_pct": 100.1, "lakes": 0, "ponds": 0, "flood_points": 1, "did_you_know_1": "Nearly all homes here are within a 15-minute walk of a bus stop.", "did_you_know_2": "This ward has 13 schools and 3 anganwadi (child-care) centres.", "did_you_know_3": "There are 1 playground in this ward.", "question_1": "Safety is a real worry in parts of this ward — how will you improve policing and make our streets safer, especially at night?", "question_2": "Our lakes and ponds are neglected or polluted — how will you clean up and protect the water bodies in this ward?", "question_3": "How will you make sure emergency services like fire response can reach every corner of this ward quickly?", "question_4": "Children here have few safe places to play — will you commit to creating and maintaining playgrounds in this ward?", "question_5": "Getting across the city from this ward takes too long — how will you push for better public-transport and metro connectivity?"}, "geometry": {"type": "MultiPolygon", "coordinates": [[[[77.59939, 13.02869], [77.60019, 13.03278], [77.60479, 13.03219], [77.60466, 13.03483], [77.60642, 13.03479], [77.6065, 13.03284], [77.60864, 13.03228], [77.60645, 13.02685], [77.59939, 13.02869]]]]}}, {"type": "Feature", "properties": {"ward_name": "Rajamahal", "ward_id": "51", "zone": "Malleshwaram", "assembly": "157 - Malleshwaram", "parliamentary": "Bangalore North", "bus_stops": 16, "bus_cov_pct": 72.4, "metro": 0, "metro_cov_pct": 0.0, "parks": 5, "parks_cov_pct": 48.9, "playgrounds": 4, "schools": 7, "anganwadis": 8, "police": 1, "fire": 0, "public_toilets": 3, "toilet_cov_pct": 46.3, "lakes": 0, "ponds": 0, "flood_points": 1, "did_you_know_1": "About 7 in 10 homes here are within a 15-minute walk of a bus stop.", "did_you_know_2": "This ward has 5 parks, and about 5 in 10 homes are within a 15-minute walk of one.", "did_you_know_3": "This ward has 7 schools and 8 anganwadi (child-care) centres.", "question_1": "Our lakes and ponds are neglected or polluted — how will you clean up and protect the water bodies in this ward?", "question_2": "Clean, safe public toilets are hard to find in parts of this ward — what will you do to provide and maintain them?", "question_3": "Families here struggle to find a park or open ground to relax in or for children to play — how will you create and maintain more green, open spaces in this ward?", "question_4": "How will you make sure emergency services like fire response can reach every corner of this ward quickly?", "question_5": "Getting across the city from this ward takes too long — how will you push for better public-transport and metro connectivity?"}, "geometry": {"type": "MultiPolygon", "coordinates": [[[[77.57514, 12.99891], [77.57506, 13.00187], [77.5757, 13.00103], [77.57708, 13.00283], [77.57847, 13.00185], [77.57864, 13.00577], [77.58406, 13.00295], [77.58404, 13.01451], [77.58652, 13.01433], [77.59296, 13.00634], [77.59625, 12.99497], [77.58968, 12.99533], [77.58436, 12.99783], [77.58419, 12.99946], [77.58084, 12.99724], [77.57832, 12.9975], [77.57834, 12.99916], [77.57514, 12.99891]]]]}}, {"type": "Feature", "properties": {"ward_name": "Talagattapura", "ward_id": "52", "zone": "Jayanagar", "assembly": "153 - Yeshwanthapura", "parliamentary": "Bangalore North", "bus_stops": 51, "bus_cov_pct": 58.2, "metro": 3, "metro_cov_pct": 24.6, "parks": 2, "parks_cov_pct": 14.7, "playgrounds": 4, "schools": 28, "anganwadis": 11, "police": 1, "fire": 0, "public_toilets": 2, "toilet_cov_pct": 14.7, "lakes": 8, "ponds": 5, "flood_points": 4, "did_you_know_1": "About 6 in 10 homes here are within a 15-minute walk of a bus stop.", "did_you_know_2": "This ward has 2 parks, and about 1 in 10 homes are within a 15-minute walk of one.", "did_you_know_3": "This ward has 28 schools and 11 anganwadi (child-care) centres.", "question_1": "Families here struggle to find a park or open ground to relax in or for children to play — how will you create and maintain more green, open spaces in this ward?", "question_2": "Clean, safe public toilets are hard to find in parts of this ward — what will you do to provide and maintain them?", "question_3": "How will you make sure emergency services like fire response can reach every corner of this ward quickly?", "question_4": "Many of us walk far or wait too long for a bus — what will you do to bring frequent, reliable bus service closer to every part of this ward?", "question_5": "Every monsoon, the same spots in this ward flood — what concrete steps will you take to fix the drains and stop the flooding?"}, "geometry": {"type": "MultiPolygon", "coordinates": [[[[77.51424, 12.89407], [77.51402, 12.8929], [77.51574, 12.8924], [77.51588, 12.89381], [77.51572, 12.89006], [77.51903, 12.88319], [77.53258, 12.8853], [77.53756, 12.88328], [77.53752, 12.88026], [77.54371, 12.87919], [77.5469, 12.88455], [77.55089, 12.88112], [77.55202, 12.87661], [77.55002, 12.87167], [77.55054, 12.86844], [77.54826, 12.86693], [77.54831, 12.86439], [77.54508, 12.85972], [77.54641, 12.85817], [77.54478, 12.85108], [77.54566, 12.84969], [77.54432, 12.84852], [77.54431, 12.84437], [77.54277, 12.84337], [77.53835, 12.8453], [77.53757, 12.84174], [77.53343, 12.8397], [77.52352, 12.83995], [77.51841, 12.86117], [77.52309, 12.87058], [77.52021, 12.87215], [77.51549, 12.86788], [77.51159, 12.86806], [77.50455, 12.87701], [77.49703, 12.87238], [77.49271, 12.87227], [77.49178, 12.87082], [77.4893, 12.87199], [77.49599, 12.87976], [77.50973, 12.88854], [77.51424, 12.89407]]]]}}, {"type": "Feature", "properties": {"ward_name": "Padarayanapura", "ward_id": "52", "zone": "Gandhinagara", "assembly": "168 - Chamrajapet", "parliamentary": "Bangalore Central", "bus_stops": 1, "bus_cov_pct": 100.1, "metro": 0, "metro_cov_pct": null, "parks": 0, "parks_cov_pct": 100.1, "playgrounds": 0, "schools": 11, "anganwadis": 5, "police": 0, "fire": 0, "public_toilets": 0, "toilet_cov_pct": 100.1, "lakes": 0, "ponds": 0, "flood_points": 3, "did_you_know_1": "Nearly all homes here are within a 15-minute walk of a bus stop.", "did_you_know_2": "This ward has 11 schools and 5 anganwadi (child-care) centres.", "did_you_know_3": "This ward has 3 spots known to be prone to flooding.", "question_1": "Children here have few safe places to play — will you commit to creating and maintaining playgrounds in this ward?", "question_2": "Safety is a real worry in parts of this ward — how will you improve policing and make our streets safer, especially at night?", "question_3": "Our lakes and ponds are neglected or polluted — how will you clean up and protect the water bodies in this ward?", "question_4": "How will you make sure emergency services like fire response can reach every corner of this ward quickly?", "question_5": "Getting across the city from this ward takes too long — how will you push for better public-transport and metro connectivity?"}, "geometry": {"type": "MultiPolygon", "coordinates": [[[[77.55169, 12.96666], [77.55485, 12.96535], [77.55463, 12.96422], [77.55231, 12.96448], [77.5515, 12.9615], [77.54862, 12.96248], [77.5485, 12.96515], [77.55147, 12.96797], [77.55169, 12.96666]]]]}}, {"type": "Feature", "properties": {"ward_name": "Vishwanatha Nagenahalli", "ward_id": "52", "zone": "Yelahanka", "assembly": "158 - Hebbal", "parliamentary": "Bangalore North", "bus_stops": 4, "bus_cov_pct": 100.1, "metro": 0, "metro_cov_pct": null, "parks": 0, "parks_cov_pct": 81.8, "playgrounds": 7, "schools": 22, "anganwadis": 4, "police": 0, "fire": 0, "public_toilets": 0, "toilet_cov_pct": 47.9, "lakes": 0, "ponds": 0, "flood_points": 0, "did_you_know_1": "Nearly all homes here are within a 15-minute walk of a bus stop.", "did_you_know_2": "This ward has 22 schools and 4 anganwadi (child-care) centres.", "did_you_know_3": "There are 7 playgrounds in this ward.", "question_1": "Safety is a real worry in parts of this ward — how will you improve policing and make our streets safer, especially at night?", "question_2": "Our lakes and ponds are neglected or polluted — how will you clean up and protect the water bodies in this ward?", "question_3": "Clean, safe public toilets are hard to find in parts of this ward — what will you do to provide and maintain them?", "question_4": "How will you make sure emergency services like fire response can reach every corner of this ward quickly?", "question_5": "Getting across the city from this ward takes too long — how will you push for better public-transport and metro connectivity?"}, "geometry": {"type": "MultiPolygon", "coordinates": [[[[77.59689, 13.04012], [77.59826, 13.04], [77.59805, 13.04121], [77.60884, 13.04017], [77.61028, 13.03821], [77.60864, 13.03228], [77.6065, 13.03284], [77.60642, 13.03479], [77.59706, 13.03579], [77.59689, 13.04012]]]]}}, {"type": "Feature", "properties": {"ward_name": "Kodandarampura", "ward_id": "52", "zone": "Malleshwaram", "assembly": "157 - Malleshwaram", "parliamentary": "Bangalore North", "bus_stops": 5, "bus_cov_pct": 100.1, "metro": 0, "metro_cov_pct": 1.6, "parks": 2, "parks_cov_pct": 100.1, "playgrounds": 0, "schools": 8, "anganwadis": 1, "police": 0, "fire": 0, "public_toilets": 3, "toilet_cov_pct": 100.1, "lakes": 0, "ponds": 0, "flood_points": 0, "did_you_know_1": "Nearly all homes here are within a 15-minute walk of a bus stop.", "did_you_know_2": "This ward has 2 parks, and nearly all homes are within a 15-minute walk of one.", "did_you_know_3": "This ward has 8 schools and 1 anganwadi (child-care) centre.", "question_1": "Children here have few safe places to play — will you commit to creating and maintaining playgrounds in this ward?", "question_2": "Safety is a real worry in parts of this ward — how will you improve policing and make our streets safer, especially at night?", "question_3": "Our lakes and ponds are neglected or polluted — how will you clean up and protect the water bodies in this ward?", "question_4": "How will you make sure emergency services like fire response can reach every corner of this ward quickly?", "question_5": "Young families need childcare and anganwadi centres close to home — how will you add and support more of them in this ward?"}, "geometry": {"type": "MultiPolygon", "coordinates": [[[[77.57397, 12.99891], [77.57121, 13.00637], [77.57392, 13.00634], [77.57243, 13.00807], [77.57638, 13.00775], [77.5788, 13.00647], [77.57847, 13.00185], [77.57621, 13.00281], [77.5757, 13.00103], [77.57506, 13.00187], [77.57514, 12.99891], [77.57397, 12.99891]]]]}}, {"type": "Feature", "properties": {"ward_name": "Rayapuram", "ward_id": "53", "zone": "Gandhinagara", "assembly": "168 - Chamrajapet", "parliamentary": "Bangalore Central", "bus_stops": 0, "bus_cov_pct": 100.1, "metro": 0, "metro_cov_pct": null, "parks": 1, "parks_cov_pct": 100.1, "playgrounds": 0, "schools": 14, "anganwadis": 9, "police": 0, "fire": 0, "public_toilets": 0, "toilet_cov_pct": 41.1, "lakes": 0, "ponds": 0, "flood_points": 0, "did_you_know_1": "Nearly all homes here are within a 15-minute walk of a bus stop.", "did_you_know_2": "This ward has 1 park, and nearly all homes are within a 15-minute walk of one.", "did_you_know_3": "This ward has 14 schools and 9 anganwadi (child-care) centres.", "question_1": "Children here have few safe places to play — will you commit to creating and maintaining playgrounds in this ward?", "question_2": "Safety is a real worry in parts of this ward — how will you improve policing and make our streets safer, especially at night?", "question_3": "Our lakes and ponds are neglected or polluted — how will you clean up and protect the water bodies in this ward?", "question_4": "Clean, safe public toilets are hard to find in parts of this ward — what will you do to provide and maintain them?", "question_5": "How will you make sure emergency services like fire response can reach every corner of this ward quickly?"}, "geometry": {"type": "MultiPolygon", "coordinates": [[[[77.55156, 12.96803], [77.55558, 12.96918], [77.55484, 12.96724], [77.55852, 12.96509], [77.55823, 12.96336], [77.55169, 12.96637], [77.55156, 12.96803]]]]}}, {"type": "Feature", "properties": {"ward_name": "R.T Nagar", "ward_id": "53", "zone": "Yelahanka", "assembly": "158 - Hebbal", "parliamentary": "Bangalore North", "bus_stops": 8, "bus_cov_pct": 100.1, "metro": 0, "metro_cov_pct": null, "parks": 0, "parks_cov_pct": 100.1, "playgrounds": 1, "schools": 25, "anganwadis": 3, "police": 1, "fire": 0, "public_toilets": 1, "toilet_cov_pct": 99.0, "lakes": 0, "ponds": 0, "flood_points": 2, "did_you_know_1": "Nearly all homes here are within a 15-minute walk of a bus stop.", "did_you_know_2": "This ward has 25 schools and 3 anganwadi (child-care) centres.", "did_you_know_3": "This ward has 1 public toilet, and nearly all homes are within a 15-minute walk of one.", "question_1": "Our lakes and ponds are neglected or polluted — how will you clean up and protect the water bodies in this ward?", "question_2": "How will you make sure emergency services like fire response can reach every corner of this ward quickly?", "question_3": "Children here have few safe places to play — will you commit to creating and maintaining playgrounds in this ward?", "question_4": "Getting across the city from this ward takes too long — how will you push for better public-transport and metro connectivity?", "question_5": "Every monsoon, the same spots in this ward flood — what concrete steps will you take to fix the drains and stop the flooding?"}, "geometry": {"type": "MultiPolygon", "coordinates": [[[[77.60347, 13.03329], [77.6017, 13.03414], [77.59926, 13.03326], [77.59864, 13.03001], [77.59678, 13.0289], [77.59687, 13.02355], [77.59452, 13.02376], [77.5936, 13.02046], [77.5951, 13.01672], [77.59263, 13.01506], [77.59152, 13.01562], [77.59297, 13.02492], [77.59477, 13.02475], [77.59706, 13.03579], [77.60466, 13.03483], [77.60347, 13.03329]]]]}}, {"type": "Feature", "properties": {"ward_name": "Jaraganahalli", "ward_id": "53", "zone": "Bommanahalli", "assembly": "175 - Bommanahalli", "parliamentary": "Bangalore South", "bus_stops": 4, "bus_cov_pct": 100.1, "metro": 0, "metro_cov_pct": 50.3, "parks": 0, "parks_cov_pct": 52.6, "playgrounds": 2, "schools": 9, "anganwadis": 2, "police": 0, "fire": 0, "public_toilets": 2, "toilet_cov_pct": 92.9, "lakes": 1, "ponds": 0, "flood_points": 0, "did_you_know_1": "Nearly all homes here are within a 15-minute walk of a bus stop.", "did_you_know_2": "This ward has 9 schools and 2 anganwadi (child-care) centres.", "did_you_know_3": "This ward has 2 public toilets, and about 9 in 10 homes are within a 15-minute walk of one.", "question_1": "Safety is a real worry in parts of this ward — how will you improve policing and make our streets safer, especially at night?", "question_2": "How will you make sure emergency services like fire response can reach every corner of this ward quickly?", "question_3": "Families here struggle to find a park or open ground to relax in or for children to play — how will you create and maintain more green, open spaces in this ward?", "question_4": "Our lakes and ponds are neglected or polluted — how will you clean up and protect the water bodies in this ward?", "question_5": "Getting across the city from this ward takes too long — how will you push for better public-transport and metro connectivity?"}, "geometry": {"type": "MultiPolygon", "coordinates": [[[[77.57323, 12.90343], [77.58274, 12.90191], [77.58265, 12.89788], [77.57328, 12.89425], [77.56841, 12.89412], [77.57275, 12.89938], [77.57323, 12.90343]]]]}}, {"type": "Feature", "properties": {"ward_name": "Malleshwaram", "ward_id": "53", "zone": "Malleshwaram", "assembly": "157 - Malleshwaram", "parliamentary": "Bangalore North", "bus_stops": 34, "bus_cov_pct": 100.1, "metro": 0, "metro_cov_pct": 10.7, "parks": 5, "parks_cov_pct": 99.3, "playgrounds": 1, "schools": 37, "anganwadis": 2, "police": 2, "fire": 0, "public_toilets": 10, "toilet_cov_pct": 100.1, "lakes": 0, "ponds": 0, "flood_points": 2, "did_you_know_1": "Nearly all homes here are within a 15-minute walk of a bus stop.", "did_you_know_2": "This ward has 5 parks, and nearly all homes are within a 15-minute walk of one.", "did_you_know_3": "This ward has 37 schools and 2 anganwadi (child-care) centres.", "question_1": "Our lakes and ponds are neglected or polluted — how will you clean up and protect the water bodies in this ward?", "question_2": "How will you make sure emergency services like fire response can reach every corner of this ward quickly?", "question_3": "Children here have few safe places to play — will you commit to creating and maintaining playgrounds in this ward?", "question_4": "Getting across the city from this ward takes too long — how will you push for better public-transport and metro connectivity?", "question_5": "Young families need childcare and anganwadi centres close to home — how will you add and support more of them in this ward?"}, "geometry": {"type": "MultiPolygon", "coordinates": [[[[77.57121, 13.00637], [77.57146, 12.99686], [77.56605, 12.99663], [77.56144, 13.00396], [77.55837, 13.01244], [77.55561, 13.01566], [77.55771, 13.01862], [77.56898, 13.0121], [77.56925, 13.00646], [77.57121, 13.00637]]]]}}, {"type": "Feature", "properties": {"ward_name": "Gangenahalli", "ward_id": "54", "zone": "Yelahanka", "assembly": "158 - Hebbal", "parliamentary": "Bangalore North", "bus_stops": 10, "bus_cov_pct": 100.1, "metro": 0, "metro_cov_pct": null, "parks": 0, "parks_cov_pct": 100.1, "playgrounds": 3, "schools": 11, "anganwadis": 2, "police": 0, "fire": 0, "public_toilets": 2, "toilet_cov_pct": 100.1, "lakes": 0, "ponds": 0, "flood_points": 0, "did_you_know_1": "Nearly all homes here are within a 15-minute walk of a bus stop.", "did_you_know_2": "This ward has 11 schools and 2 anganwadi (child-care) centres.", "did_you_know_3": "This ward has 2 public toilets, and nearly all homes are within a 15-minute walk of one.", "question_1": "Safety is a real worry in parts of this ward — how will you improve policing and make our streets safer, especially at night?", "question_2": "Our lakes and ponds are neglected or polluted — how will you clean up and protect the water bodies in this ward?", "question_3": "How will you make sure emergency services like fire response can reach every corner of this ward quickly?", "question_4": "Getting across the city from this ward takes too long — how will you push for better public-transport and metro connectivity?", "question_5": "Young families need childcare and anganwadi centres close to home — how will you add and support more of them in this ward?"}, "geometry": {"type": "MultiPolygon", "coordinates": [[[[77.58397, 13.01451], [77.58472, 13.02329], [77.59041, 13.0226], [77.59047, 13.02382], [77.593, 13.02499], [77.59141, 13.01575], [77.59389, 13.01229], [77.5906, 13.01002], [77.5878, 13.01379], [77.58397, 13.01451]]]]}}, {"type": "Feature", "properties": {"ward_name": "Kengal Hanumanthaiah South", "ward_id": "54", "zone": "Bommanahalli", "assembly": "175 - Bommanahalli", "parliamentary": "Bangalore South", "bus_stops": 9, "bus_cov_pct": 100.1, "metro": 0, "metro_cov_pct": 31.0, "parks": 0, "parks_cov_pct": 92.7, "playgrounds": 1, "schools": 8, "anganwadis": 0, "police": 1, "fire": 0, "public_toilets": 0, "toilet_cov_pct": 97.0, "lakes": 0, "ponds": 0, "flood_points": 0, "did_you_know_1": "Nearly all homes here are within a 15-minute walk of a bus stop.", "did_you_know_2": "This ward has 8 schools.", "did_you_know_3": "This ward has 1 police station.", "question_1": "Young families need childcare and anganwadi centres close to home — how will you add and support more of them in this ward?", "question_2": "Our lakes and ponds are neglected or polluted — how will you clean up and protect the water bodies in this ward?", "question_3": "How will you make sure emergency services like fire response can reach every corner of this ward quickly?", "question_4": "Children here have few safe places to play — will you commit to creating and maintaining playgrounds in this ward?", "question_5": "Getting across the city from this ward takes too long — how will you push for better public-transport and metro connectivity?"}, "geometry": {"type": "MultiPolygon", "coordinates": [[[[77.58933, 12.90113], [77.58611, 12.89697], [77.58315, 12.89687], [77.58274, 12.90191], [77.57323, 12.90343], [77.57326, 12.90648], [77.57549, 12.90646], [77.577, 12.90383], [77.57691, 12.90532], [77.58175, 12.90374], [77.58173, 12.90557], [77.58644, 12.90464], [77.58645, 12.90558], [77.58805, 12.90555], [77.58933, 12.90113]]]]}}, {"type": "Feature", "properties": {"ward_name": "Subedarpalya", "ward_id": "54", "zone": "Malleshwaram", "assembly": "157 - Malleshwaram", "parliamentary": "Bangalore North", "bus_stops": 6, "bus_cov_pct": 100.1, "metro": 0, "metro_cov_pct": 2.6, "parks": 0, "parks_cov_pct": 98.3, "playgrounds": 1, "schools": 22, "anganwadis": 5, "police": 0, "fire": 0, "public_toilets": 1, "toilet_cov_pct": 100.1, "lakes": 0, "ponds": 0, "flood_points": 0, "did_you_know_1": "Nearly all homes here are within a 15-minute walk of a bus stop.", "did_you_know_2": "This ward has 22 schools and 5 anganwadi (child-care) centres.", "did_you_know_3": "This ward has 1 public toilet, and nearly all homes are within a 15-minute walk of one.", "question_1": "Safety is a real worry in parts of this ward — how will you improve policing and make our streets safer, especially at night?", "question_2": "Our lakes and ponds are neglected or polluted — how will you clean up and protect the water bodies in this ward?", "question_3": "How will you make sure emergency services like fire response can reach every corner of this ward quickly?", "question_4": "Children here have few safe places to play — will you commit to creating and maintaining playgrounds in this ward?", "question_5": "Getting across the city from this ward takes too long — how will you push for better public-transport and metro connectivity?"}, "geometry": {"type": "MultiPolygon", "coordinates": [[[[77.55894, 13.02202], [77.56312, 13.02249], [77.56057, 13.01708], [77.55771, 13.01862], [77.55587, 13.0158], [77.55389, 13.01919], [77.55549, 13.01984], [77.55841, 13.02724], [77.56066, 13.02634], [77.55894, 13.02202]]]]}}, {"type": "Feature", "properties": {"ward_name": "Binnypete", "ward_id": "54", "zone": "Gandhinagara", "assembly": "164 - Gandhinagara", "parliamentary": "Bangalore Central", "bus_stops": 1, "bus_cov_pct": 100.1, "metro": 0, "metro_cov_pct": 28.4, "parks": 0, "parks_cov_pct": 100.1, "playgrounds": 0, "schools": 5, "anganwadis": 5, "police": 0, "fire": 0, "public_toilets": 0, "toilet_cov_pct": 77.5, "lakes": 0, "ponds": 0, "flood_points": 0, "did_you_know_1": "Nearly all homes here are within a 15-minute walk of a bus stop.", "did_you_know_2": "This ward has 5 schools and 5 anganwadi (child-care) centres.", "did_you_know_3": "This ward is served by 1 bus stop.", "question_1": "Children here have few safe places to play — will you commit to creating and maintaining playgrounds in this ward?", "question_2": "Safety is a real worry in parts of this ward — how will you improve policing and make our streets safer, especially at night?", "question_3": "Our lakes and ponds are neglected or polluted — how will you clean up and protect the water bodies in this ward?", "question_4": "How will you make sure emergency services like fire response can reach every corner of this ward quickly?", "question_5": "Getting across the city from this ward takes too long — how will you push for better public-transport and metro connectivity?"}, "geometry": {"type": "MultiPolygon", "coordinates": [[[[77.56602, 12.97074], [77.56183, 12.9647], [77.55992, 12.96651], [77.55884, 12.96476], [77.5548, 12.96735], [77.55653, 12.9694], [77.5603, 12.96842], [77.56152, 12.97195], [77.56602, 12.97074]]]]}}, {"type": "Feature", "properties": {"ward_name": "Ganganagar", "ward_id": "55", "zone": "Yelahanka", "assembly": "158 - Hebbal", "parliamentary": "Bangalore North", "bus_stops": 10, "bus_cov_pct": 100.1, "metro": 0, "metro_cov_pct": null, "parks": 3, "parks_cov_pct": 100.1, "playgrounds": 4, "schools": 16, "anganwadis": 4, "police": 0, "fire": 0, "public_toilets": 2, "toilet_cov_pct": 100.1, "lakes": 0, "ponds": 0, "flood_points": 1, "did_you_know_1": "Nearly all homes here are within a 15-minute walk of a bus stop.", "did_you_know_2": "This ward has 3 parks, and nearly all homes are within a 15-minute walk of one.", "did_you_know_3": "This ward has 16 schools and 4 anganwadi (child-care) centres.", "question_1": "Safety is a real worry in parts of this ward — how will you improve policing and make our streets safer, especially at night?", "question_2": "Our lakes and ponds are neglected or polluted — how will you clean up and protect the water bodies in this ward?", "question_3": "How will you make sure emergency services like fire response can reach every corner of this ward quickly?", "question_4": "Getting across the city from this ward takes too long — how will you push for better public-transport and metro connectivity?", "question_5": "Every monsoon, the same spots in this ward flood — what concrete steps will you take to fix the drains and stop the flooding?"}, "geometry": {"type": "MultiPolygon", "coordinates": [[[[77.59376, 13.03025], [77.59429, 13.03257], [77.59645, 13.03251], [77.59477, 13.02475], [77.592, 13.02506], [77.59033, 13.02259], [77.58472, 13.02329], [77.58618, 13.02855], [77.59376, 13.03025]]]]}}, {"type": "Feature", "properties": {"ward_name": "Puttenahalli", "ward_id": "55", "zone": "Bommanahalli", "assembly": "175 - Bommanahalli", "parliamentary": "Bangalore South", "bus_stops": 6, "bus_cov_pct": 100.1, "metro": 0, "metro_cov_pct": null, "parks": 0, "parks_cov_pct": 100.0, "playgrounds": 1, "schools": 11, "anganwadis": 4, "police": 0, "fire": 0, "public_toilets": 1, "toilet_cov_pct": 97.6, "lakes": 1, "ponds": 0, "flood_points": 0, "did_you_know_1": "Nearly all homes here are within a 15-minute walk of a bus stop.", "did_you_know_2": "This ward has 11 schools and 4 anganwadi (child-care) centres.", "did_you_know_3": "This ward has 1 public toilet, and nearly all homes are within a 15-minute walk of one.", "question_1": "Safety is a real worry in parts of this ward — how will you improve policing and make our streets safer, especially at night?", "question_2": "How will you make sure emergency services like fire response can reach every corner of this ward quickly?", "question_3": "Children here have few safe places to play — will you commit to creating and maintaining playgrounds in this ward?", "question_4": "Our lakes and ponds are neglected or polluted — how will you clean up and protect the water bodies in this ward?", "question_5": "Getting across the city from this ward takes too long — how will you push for better public-transport and metro connectivity?"}, "geometry": {"type": "MultiPolygon", "coordinates": [[[[77.59159, 12.88987], [77.58252, 12.89051], [77.57955, 12.89682], [77.58107, 12.89784], [77.58611, 12.89697], [77.58875, 12.90107], [77.58955, 12.89958], [77.59132, 12.8998], [77.5898, 12.89439], [77.59008, 12.89234], [77.59206, 12.89144], [77.59159, 12.88987]]]]}}, {"type": "Feature", "properties": {"ward_name": "Bhuvaneshwari Nagar", "ward_id": "55", "zone": "Gandhinagara", "assembly": "164 - Gandhinagara", "parliamentary": "Bangalore Central", "bus_stops": 2, "bus_cov_pct": 100.1, "metro": 0, "metro_cov_pct": 49.4, "parks": 1, "parks_cov_pct": 100.1, "playgrounds": 0, "schools": 9, "anganwadis": 4, "police": 1, "fire": 0, "public_toilets": 0, "toilet_cov_pct": 100.1, "lakes": 0, "ponds": 0, "flood_points": 0, "did_you_know_1": "Nearly all homes here are within a 15-minute walk of a bus stop.", "did_you_know_2": "This ward has 1 park, and nearly all homes are within a 15-minute walk of one.", "did_you_know_3": "This ward has 9 schools and 4 anganwadi (child-care) centres.", "question_1": "Children here have few safe places to play — will you commit to creating and maintaining playgrounds in this ward?", "question_2": "Our lakes and ponds are neglected or polluted — how will you clean up and protect the water bodies in this ward?", "question_3": "How will you make sure emergency services like fire response can reach every corner of this ward quickly?", "question_4": "Getting across the city from this ward takes too long — how will you push for better public-transport and metro connectivity?", "question_5": "Safety is a real worry in parts of this ward — how will you improve policing and make our streets safer, especially at night?"}, "geometry": {"type": "MultiPolygon", "coordinates": [[[[77.55714, 12.96978], [77.55839, 12.9746], [77.55976, 12.97322], [77.56272, 12.97363], [77.5603, 12.96842], [77.55714, 12.96978]]]]}}, {"type": "Feature", "properties": {"ward_name": "Subramanyanagara", "ward_id": "55", "zone": "Malleshwaram", "assembly": "157 - Malleshwaram", "parliamentary": "Bangalore North", "bus_stops": 12, "bus_cov_pct": 100.1, "metro": 0, "metro_cov_pct": 13.2, "parks": 3, "parks_cov_pct": 100.1, "playgrounds": 1, "schools": 14, "anganwadis": 1, "police": 1, "fire": 0, "public_toilets": 1, "toilet_cov_pct": 100.1, "lakes": 0, "ponds": 0, "flood_points": 0, "did_you_know_1": "Nearly all homes here are within a 15-minute walk of a bus stop.", "did_you_know_2": "This ward has 3 parks, and nearly all homes are within a 15-minute walk of one.", "did_you_know_3": "This ward has 14 schools and 1 anganwadi (child-care) centre.", "question_1": "Our lakes and ponds are neglected or polluted — how will you clean up and protect the water bodies in this ward?", "question_2": "How will you make sure emergency services like fire response can reach every corner of this ward quickly?", "question_3": "Young families need childcare and anganwadi centres close to home — how will you add and support more of them in this ward?", "question_4": "Children here have few safe places to play — will you commit to creating and maintaining playgrounds in this ward?", "question_5": "Getting across the city from this ward takes too long — how will you push for better public-transport and metro connectivity?"}, "geometry": {"type": "MultiPolygon", "coordinates": [[[[77.55437, 13.00679], [77.55402, 13.01488], [77.55561, 13.01566], [77.55881, 13.0116], [77.56142, 13.00402], [77.55831, 13.00335], [77.55679, 13.00126], [77.55323, 13.00186], [77.55437, 13.00679]]]]}}, {"type": "Feature", "properties": {"ward_name": "Hebbal", "ward_id": "56", "zone": "Yelahanka", "assembly": "158 - Hebbal", "parliamentary": "Bangalore North", "bus_stops": 7, "bus_cov_pct": 100.1, "metro": 0, "metro_cov_pct": null, "parks": 0, "parks_cov_pct": 67.5, "playgrounds": 2, "schools": 10, "anganwadis": 7, "police": 1, "fire": 0, "public_toilets": 2, "toilet_cov_pct": 100.1, "lakes": 0, "ponds": 0, "flood_points": 2, "did_you_know_1": "Nearly all homes here are within a 15-minute walk of a bus stop.", "did_you_know_2": "This ward has 10 schools and 7 anganwadi (child-care) centres.", "did_you_know_3": "This ward has 2 public toilets, and nearly all homes are within a 15-minute walk of one.", "question_1": "Our lakes and ponds are neglected or polluted — how will you clean up and protect the water bodies in this ward?", "question_2": "How will you make sure emergency services like fire response can reach every corner of this ward quickly?", "question_3": "Getting across the city from this ward takes too long — how will you push for better public-transport and metro connectivity?", "question_4": "Families here struggle to find a park or open ground to relax in or for children to play — how will you create and maintain more green, open spaces in this ward?", "question_5": "Children here have few safe places to play — will you commit to creating and maintaining playgrounds in this ward?"}, "geometry": {"type": "MultiPolygon", "coordinates": [[[[77.59689, 13.04012], [77.59645, 13.03251], [77.59429, 13.03257], [77.5938, 13.02971], [77.58847, 13.02982], [77.58826, 13.02823], [77.58661, 13.02809], [77.5899, 13.04163], [77.59805, 13.04121], [77.59826, 13.04], [77.59689, 13.04012]]]]}}, {"type": "Feature", "properties": {"ward_name": "Doresanipalya", "ward_id": "56", "zone": "Bommanahalli", "assembly": "175 - Bommanahalli", "parliamentary": "Bangalore South", "bus_stops": 18, "bus_cov_pct": 100.1, "metro": 0, "metro_cov_pct": null, "parks": 3, "parks_cov_pct": 76.4, "playgrounds": 1, "schools": 8, "anganwadis": 1, "police": 0, "fire": 0, "public_toilets": 1, "toilet_cov_pct": 60.5, "lakes": 0, "ponds": 1, "flood_points": 0, "did_you_know_1": "Nearly all homes here are within a 15-minute walk of a bus stop.", "did_you_know_2": "This ward has 3 parks, and about 8 in 10 homes are within a 15-minute walk of one.", "did_you_know_3": "This ward has 8 schools and 1 anganwadi (child-care) centre.", "question_1": "Safety is a real worry in parts of this ward — how will you improve policing and make our streets safer, especially at night?", "question_2": "How will you make sure emergency services like fire response can reach every corner of this ward quickly?", "question_3": "Young families need childcare and anganwadi centres close to home — how will you add and support more of them in this ward?", "question_4": "Children here have few safe places to play — will you commit to creating and maintaining playgrounds in this ward?", "question_5": "Our lakes and ponds are neglected or polluted — how will you clean up and protect the water bodies in this ward?"}, "geometry": {"type": "MultiPolygon", "coordinates": [[[[77.58828, 12.88902], [77.59159, 12.88987], [77.59206, 12.89144], [77.59008, 12.89234], [77.59001, 12.89757], [77.59157, 12.89802], [77.59132, 12.8998], [77.58947, 12.89973], [77.58876, 12.90499], [77.59356, 12.90557], [77.59399, 12.90266], [77.59491, 12.90264], [77.59453, 12.89748], [77.59984, 12.89644], [77.59428, 12.87314], [77.58889, 12.86984], [77.58883, 12.87265], [77.58608, 12.87404], [77.58959, 12.87693], [77.59019, 12.87918], [77.5918, 12.8883], [77.58828, 12.88902]]]]}}, {"type": "Feature", "properties": {"ward_name": "Gayathri Nagara", "ward_id": "56", "zone": "Malleshwaram", "assembly": "157 - Malleshwaram", "parliamentary": "Bangalore North", "bus_stops": 8, "bus_cov_pct": 100.1, "metro": 1, "metro_cov_pct": 42.8, "parks": 0, "parks_cov_pct": 100.1, "playgrounds": 0, "schools": 5, "anganwadis": 4, "police": 0, "fire": 0, "public_toilets": 0, "toilet_cov_pct": 100.1, "lakes": 0, "ponds": 0, "flood_points": 0, "did_you_know_1": "Nearly all homes here are within a 15-minute walk of a bus stop.", "did_you_know_2": "This ward has 5 schools and 4 anganwadi (child-care) centres.", "did_you_know_3": "This ward has 1 metro station.", "question_1": "Children here have few safe places to play — will you commit to creating and maintaining playgrounds in this ward?", "question_2": "Safety is a real worry in parts of this ward — how will you improve policing and make our streets safer, especially at night?", "question_3": "Our lakes and ponds are neglected or polluted — how will you clean up and protect the water bodies in this ward?", "question_4": "How will you make sure emergency services like fire response can reach every corner of this ward quickly?", "question_5": "Do children in this ward have good government schools within easy reach — and what will you do to improve the ones we have?"}, "geometry": {"type": "MultiPolygon", "coordinates": [[[[77.56072, 13.00114], [77.56232, 13.00084], [77.56058, 12.99718], [77.55636, 12.9986], [77.55308, 12.99819], [77.55273, 12.99915], [77.55323, 13.00186], [77.55679, 13.00126], [77.56067, 13.00413], [77.56072, 13.00114]]]]}}, {"type": "Feature", "properties": {"ward_name": "Gopalpura", "ward_id": "56", "zone": "Gandhinagara", "assembly": "164 - Gandhinagara", "parliamentary": "Bangalore Central", "bus_stops": 13, "bus_cov_pct": 100.1, "metro": 2, "metro_cov_pct": 88.3, "parks": 2, "parks_cov_pct": 96.0, "playgrounds": 1, "schools": 24, "anganwadis": 9, "police": 0, "fire": 0, "public_toilets": 3, "toilet_cov_pct": 100.1, "lakes": 0, "ponds": 0, "flood_points": 6, "did_you_know_1": "Nearly all homes here are within a 15-minute walk of a bus stop.", "did_you_know_2": "This ward has 2 parks, and nearly all homes are within a 15-minute walk of one.", "did_you_know_3": "This ward has 24 schools and 9 anganwadi (child-care) centres.", "question_1": "Safety is a real worry in parts of this ward — how will you improve policing and make our streets safer, especially at night?", "question_2": "Every monsoon, the same spots in this ward flood — what concrete steps will you take to fix the drains and stop the flooding?", "question_3": "Our lakes and ponds are neglected or polluted — how will you clean up and protect the water bodies in this ward?", "question_4": "How will you make sure emergency services like fire response can reach every corner of this ward quickly?", "question_5": "Children here have few safe places to play — will you commit to creating and maintaining playgrounds in this ward?"}, "geometry": {"type": "MultiPolygon", "coordinates": [[[[77.56611, 12.97086], [77.56261, 12.97165], [77.56272, 12.97363], [77.55976, 12.97322], [77.55871, 12.97574], [77.55449, 12.97557], [77.55545, 12.97748], [77.56076, 12.98046], [77.56157, 12.9827], [77.56814, 12.98254], [77.56805, 12.98489], [77.56965, 12.98704], [77.57271, 12.98343], [77.57054, 12.98135], [77.569, 12.98248], [77.56611, 12.97086]]]]}}, {"type": "Feature", "properties": {"ward_name": "Bhoopasandra", "ward_id": "57", "zone": "Yelahanka", "assembly": "158 - Hebbal", "parliamentary": "Bangalore North", "bus_stops": 21, "bus_cov_pct": 97.5, "metro": 0, "metro_cov_pct": null, "parks": 9, "parks_cov_pct": 93.8, "playgrounds": 6, "schools": 16, "anganwadis": 2, "police": 0, "fire": 0, "public_toilets": 1, "toilet_cov_pct": 80.6, "lakes": 0, "ponds": 0, "flood_points": 2, "did_you_know_1": "Nearly all homes here are within a 15-minute walk of a bus stop.", "did_you_know_2": "This ward has 9 parks, and about 9 in 10 homes are within a 15-minute walk of one.", "did_you_know_3": "This ward has 16 schools and 2 anganwadi (child-care) centres.", "question_1": "Safety is a real worry in parts of this ward — how will you improve policing and make our streets safer, especially at night?", "question_2": "Our lakes and ponds are neglected or polluted — how will you clean up and protect the water bodies in this ward?", "question_3": "How will you make sure emergency services like fire response can reach every corner of this ward quickly?", "question_4": "Getting across the city from this ward takes too long — how will you push for better public-transport and metro connectivity?", "question_5": "Young families need childcare and anganwadi centres close to home — how will you add and support more of them in this ward?"}, "geometry": {"type": "MultiPolygon", "coordinates": [[[[77.58066, 13.02593], [77.57527, 13.03523], [77.57893, 13.03574], [77.57902, 13.03692], [77.57852, 13.03911], [77.57641, 13.03879], [77.577, 13.04267], [77.57478, 13.04243], [77.57584, 13.04743], [77.5793, 13.04742], [77.58568, 13.0431], [77.59057, 13.04311], [77.58466, 13.02291], [77.58066, 13.02593]]]]}}, {"type": "Feature", "properties": {"ward_name": "Hulimavu", "ward_id": "57", "zone": "Bommanahalli", "assembly": "175 - Bommanahalli", "parliamentary": "Bangalore South", "bus_stops": 6, "bus_cov_pct": 100.1, "metro": 0, "metro_cov_pct": null, "parks": 1, "parks_cov_pct": 93.7, "playgrounds": 1, "schools": 12, "anganwadis": 2, "police": 1, "fire": 1, "public_toilets": 1, "toilet_cov_pct": 84.6, "lakes": 0, "ponds": 1, "flood_points": 3, "did_you_know_1": "Nearly all homes here are within a 15-minute walk of a bus stop.", "did_you_know_2": "This ward has 1 park, and about 9 in 10 homes are within a 15-minute walk of one.", "did_you_know_3": "This ward has 12 schools and 2 anganwadi (child-care) centres.", "question_1": "Children here have few safe places to play — will you commit to creating and maintaining playgrounds in this ward?", "question_2": "Our lakes and ponds are neglected or polluted — how will you clean up and protect the water bodies in this ward?", "question_3": "Getting across the city from this ward takes too long — how will you push for better public-transport and metro connectivity?", "question_4": "Every monsoon, the same spots in this ward flood — what concrete steps will you take to fix the drains and stop the flooding?", "question_5": "Young families need childcare and anganwadi centres close to home — how will you add and support more of them in this ward?"}, "geometry": {"type": "MultiPolygon", "coordinates": [[[[77.60951, 12.88095], [77.60891, 12.87673], [77.60291, 12.87439], [77.60218, 12.87177], [77.59637, 12.87195], [77.59428, 12.87314], [77.59602, 12.88162], [77.60108, 12.88072], [77.60127, 12.88267], [77.60951, 12.88095]]]]}}, {"type": "Feature", "properties": {"ward_name": "Kuvempu Ward", "ward_id": "57", "zone": "Malleshwaram", "assembly": "157 - Malleshwaram", "parliamentary": "Bangalore North", "bus_stops": 8, "bus_cov_pct": 100.1, "metro": 1, "metro_cov_pct": 47.2, "parks": 1, "parks_cov_pct": 100.1, "playgrounds": 0, "schools": 13, "anganwadis": 1, "police": 0, "fire": 0, "public_toilets": 2, "toilet_cov_pct": 100.1, "lakes": 0, "ponds": 0, "flood_points": 0, "did_you_know_1": "Nearly all homes here are within a 15-minute walk of a bus stop.", "did_you_know_2": "This ward has 1 park, and nearly all homes are within a 15-minute walk of one.", "did_you_know_3": "This ward has 13 schools and 1 anganwadi (child-care) centre.", "question_1": "Children here have few safe places to play — will you commit to creating and maintaining playgrounds in this ward?", "question_2": "Safety is a real worry in parts of this ward — how will you improve policing and make our streets safer, especially at night?", "question_3": "Our lakes and ponds are neglected or polluted — how will you clean up and protect the water bodies in this ward?", "question_4": "How will you make sure emergency services like fire response can reach every corner of this ward quickly?", "question_5": "Young families need childcare and anganwadi centres close to home — how will you add and support more of them in this ward?"}, "geometry": {"type": "MultiPolygon", "coordinates": [[[[77.55935, 12.9958], [77.56232, 13.00084], [77.56071, 13.00108], [77.56144, 13.00396], [77.56833, 12.99337], [77.56012, 12.99393], [77.55935, 12.9958]]]]}}, {"type": "Feature", "properties": {"ward_name": "Cottonpete", "ward_id": "57", "zone": "Gandhinagara", "assembly": "164 - Gandhinagara", "parliamentary": "Bangalore Central", "bus_stops": 3, "bus_cov_pct": 95.0, "metro": 0, "metro_cov_pct": 91.8, "parks": 2, "parks_cov_pct": 93.4, "playgrounds": 0, "schools": 11, "anganwadis": 0, "police": 1, "fire": 0, "public_toilets": 1, "toilet_cov_pct": 91.8, "lakes": 0, "ponds": 0, "flood_points": 4, "did_you_know_1": "Nearly all homes here are within a 15-minute walk of a bus stop.", "did_you_know_2": "This ward has 2 parks, and about 9 in 10 homes are within a 15-minute walk of one.", "did_you_know_3": "This ward has 11 schools.", "question_1": "Young families need childcare and anganwadi centres close to home — how will you add and support more of them in this ward?", "question_2": "Children here have few safe places to play — will you commit to creating and maintaining playgrounds in this ward?", "question_3": "Our lakes and ponds are neglected or polluted — how will you clean up and protect the water bodies in this ward?", "question_4": "How will you make sure emergency services like fire response can reach every corner of this ward quickly?", "question_5": "Every monsoon, the same spots in this ward flood — what concrete steps will you take to fix the drains and stop the flooding?"}, "geometry": {"type": "MultiPolygon", "coordinates": [[[[77.57543, 12.96936], [77.57386, 12.96639], [77.56787, 12.96821], [77.56775, 12.96698], [77.56549, 12.96674], [77.56426, 12.96824], [77.56722, 12.9728], [77.569, 12.98248], [77.57098, 12.98031], [77.57076, 12.97465], [77.57416, 12.97432], [77.5723, 12.97251], [77.57331, 12.9701], [77.57543, 12.96936]]]]}}, {"type": "Feature", "properties": {"ward_name": "Nagashettyhalli", "ward_id": "58", "zone": "Yelahanka", "assembly": "158 - Hebbal", "parliamentary": "Bangalore North", "bus_stops": 10, "bus_cov_pct": 100.1, "metro": 0, "metro_cov_pct": null, "parks": 0, "parks_cov_pct": 100.1, "playgrounds": 0, "schools": 29, "anganwadis": 0, "police": 0, "fire": 0, "public_toilets": 3, "toilet_cov_pct": 100.1, "lakes": 0, "ponds": 0, "flood_points": 0, "did_you_know_1": "Nearly all homes here are within a 15-minute walk of a bus stop.", "did_you_know_2": "This ward has 29 schools.", "did_you_know_3": "This ward has 3 public toilets, and nearly all homes are within a 15-minute walk of one.", "question_1": "Young families need childcare and anganwadi centres close to home — how will you add and support more of them in this ward?", "question_2": "Children here have few safe places to play — will you commit to creating and maintaining playgrounds in this ward?", "question_3": "Safety is a real worry in parts of this ward — how will you improve policing and make our streets safer, especially at night?", "question_4": "Our lakes and ponds are neglected or polluted — how will you clean up and protect the water bodies in this ward?", "question_5": "How will you make sure emergency services like fire response can reach every corner of this ward quickly?"}, "geometry": {"type": "MultiPolygon", "coordinates": [[[[77.56897, 13.03653], [77.57139, 13.04657], [77.57584, 13.04743], [77.57478, 13.04243], [77.577, 13.04267], [77.57641, 13.03879], [77.57901, 13.03867], [77.57893, 13.03574], [77.57492, 13.03456], [77.5717, 13.03512], [77.57192, 13.03339], [77.56897, 13.03653]]]]}}, {"type": "Feature", "properties": {"ward_name": "Dayanand Nagara", "ward_id": "58", "zone": "Malleshwaram", "assembly": "165 - Rajajinagar", "parliamentary": "Bangalore Central", "bus_stops": 7, "bus_cov_pct": 100.1, "metro": 0, "metro_cov_pct": 69.1, "parks": 1, "parks_cov_pct": 100.1, "playgrounds": 1, "schools": 16, "anganwadis": 7, "police": 1, "fire": 0, "public_toilets": 0, "toilet_cov_pct": 100.1, "lakes": 0, "ponds": 0, "flood_points": 0, "did_you_know_1": "Nearly all homes here are within a 15-minute walk of a bus stop.", "did_you_know_2": "This ward has 1 park, and nearly all homes are within a 15-minute walk of one.", "did_you_know_3": "This ward has 16 schools and 7 anganwadi (child-care) centres.", "question_1": "Our lakes and ponds are neglected or polluted — how will you clean up and protect the water bodies in this ward?", "question_2": "How will you make sure emergency services like fire response can reach every corner of this ward quickly?", "question_3": "Children here have few safe places to play — will you commit to creating and maintaining playgrounds in this ward?", "question_4": "Getting across the city from this ward takes too long — how will you push for better public-transport and metro connectivity?", "question_5": "Safety is a real worry in parts of this ward — how will you improve policing and make our streets safer, especially at night?"}, "geometry": {"type": "MultiPolygon", "coordinates": [[[[77.56793, 12.9884], [77.56196, 12.98929], [77.56518, 12.991], [77.5631, 12.99186], [77.56346, 12.99368], [77.56781, 12.99338], [77.56793, 12.9884]]]]}}, {"type": "Feature", "properties": {"ward_name": "Arakere", "ward_id": "58", "zone": "Bommanahalli", "assembly": "175 - Bommanahalli", "parliamentary": "Bangalore South", "bus_stops": 7, "bus_cov_pct": 100.1, "metro": 0, "metro_cov_pct": null, "parks": 4, "parks_cov_pct": 99.4, "playgrounds": 1, "schools": 12, "anganwadis": 1, "police": 0, "fire": 0, "public_toilets": 0, "toilet_cov_pct": 95.1, "lakes": 1, "ponds": 0, "flood_points": 2, "did_you_know_1": "Nearly all homes here are within a 15-minute walk of a bus stop.", "did_you_know_2": "This ward has 4 parks, and nearly all homes are within a 15-minute walk of one.", "did_you_know_3": "This ward has 12 schools and 1 anganwadi (child-care) centre.", "question_1": "Safety is a real worry in parts of this ward — how will you improve policing and make our streets safer, especially at night?", "question_2": "How will you make sure emergency services like fire response can reach every corner of this ward quickly?", "question_3": "Young families need childcare and anganwadi centres close to home — how will you add and support more of them in this ward?", "question_4": "Children here have few safe places to play — will you commit to creating and maintaining playgrounds in this ward?", "question_5": "Our lakes and ponds are neglected or polluted — how will you clean up and protect the water bodies in this ward?"}, "geometry": {"type": "MultiPolygon", "coordinates": [[[[77.60947, 12.88042], [77.60533, 12.88237], [77.60518, 12.88135], [77.60127, 12.88267], [77.60108, 12.88072], [77.59602, 12.88162], [77.59816, 12.89057], [77.60182, 12.88938], [77.602, 12.89049], [77.60329, 12.89026], [77.61051, 12.88685], [77.60947, 12.88042]]]]}}, {"type": "Feature", "properties": {"ward_name": "Chickpete", "ward_id": "58", "zone": "Gandhinagara", "assembly": "164 - Gandhinagara", "parliamentary": "Bangalore Central", "bus_stops": 2, "bus_cov_pct": 100.1, "metro": 0, "metro_cov_pct": 100.1, "parks": 0, "parks_cov_pct": 100.1, "playgrounds": 0, "schools": 20, "anganwadis": 4, "police": 0, "fire": 0, "public_toilets": 0, "toilet_cov_pct": 100.1, "lakes": 0, "ponds": 0, "flood_points": 0, "did_you_know_1": "Nearly all homes here are within a 15-minute walk of a bus stop.", "did_you_know_2": "This ward has 20 schools and 4 anganwadi (child-care) centres.", "did_you_know_3": "This ward is served by 2 bus stops.", "question_1": "Children here have few safe places to play — will you commit to creating and maintaining playgrounds in this ward?", "question_2": "Safety is a real worry in parts of this ward — how will you improve policing and make our streets safer, especially at night?", "question_3": "Our lakes and ponds are neglected or polluted — how will you clean up and protect the water bodies in this ward?", "question_4": "How will you make sure emergency services like fire response can reach every corner of this ward quickly?", "question_5": "Getting across the city from this ward takes too long — how will you push for better public-transport and metro connectivity?"}, "geometry": {"type": "MultiPolygon", "coordinates": [[[[77.57707, 12.96718], [77.5723, 12.97251], [77.57446, 12.97235], [77.5754, 12.974], [77.57706, 12.97249], [77.57822, 12.97432], [77.58287, 12.97184], [77.5813, 12.96651], [77.57868, 12.96798], [77.57805, 12.96674], [77.57707, 12.96718]]]]}}, {"type": "Feature", "properties": {"ward_name": "Vijaya Bank Layout", "ward_id": "59", "zone": "Bommanahalli", "assembly": "175 - Bommanahalli", "parliamentary": "Bangalore South", "bus_stops": 31, "bus_cov_pct": 94.2, "metro": 0, "metro_cov_pct": null, "parks": 6, "parks_cov_pct": 62.9, "playgrounds": 4, "schools": 12, "anganwadis": 4, "police": 0, "fire": 0, "public_toilets": 1, "toilet_cov_pct": 48.0, "lakes": 2, "ponds": 0, "flood_points": 0, "did_you_know_1": "About 9 in 10 homes here are within a 15-minute walk of a bus stop.", "did_you_know_2": "This ward has 6 parks, and about 6 in 10 homes are within a 15-minute walk of one.", "did_you_know_3": "This ward has 12 schools and 4 anganwadi (child-care) centres.", "question_1": "Safety is a real worry in parts of this ward — how will you improve policing and make our streets safer, especially at night?", "question_2": "Clean, safe public toilets are hard to find in parts of this ward — what will you do to provide and maintain them?", "question_3": "How will you make sure emergency services like fire response can reach every corner of this ward quickly?", "question_4": "Getting across the city from this ward takes too long — how will you push for better public-transport and metro connectivity?", "question_5": "Families here struggle to find a park or open ground to relax in or for children to play — how will you create and maintain more green, open spaces in this ward?"}, "geometry": {"type": "MultiPolygon", "coordinates": [[[[77.60526, 12.89814], [77.60533, 12.89436], [77.60732, 12.89392], [77.60785, 12.89553], [77.60921, 12.89491], [77.60973, 12.89593], [77.61101, 12.89482], [77.61464, 12.89511], [77.61436, 12.89334], [77.61605, 12.89296], [77.61569, 12.88895], [77.61932, 12.88822], [77.61776, 12.88412], [77.61762, 12.88169], [77.61871, 12.88123], [77.61768, 12.87637], [77.61492, 12.87626], [77.61528, 12.87162], [77.61358, 12.8713], [77.6128, 12.86541], [77.61111, 12.86742], [77.60838, 12.867], [77.60714, 12.86993], [77.6052, 12.86812], [77.60429, 12.86478], [77.60263, 12.86665], [77.59806, 12.86677], [77.59637, 12.87195], [77.60218, 12.87177], [77.60291, 12.87439], [77.60728, 12.87533], [77.6097, 12.87871], [77.61051, 12.88685], [77.60329, 12.89026], [77.602, 12.89049], [77.60182, 12.88938], [77.59812, 12.89058], [77.6009, 12.89981], [77.60526, 12.89814]]]]}}, {"type": "Feature", "properties": {"ward_name": "Geddalahalli", "ward_id": "59", "zone": "Yelahanka", "assembly": "158 - Hebbal", "parliamentary": "Bangalore North", "bus_stops": 11, "bus_cov_pct": 100.1, "metro": 0, "metro_cov_pct": null, "parks": 8, "parks_cov_pct": 95.5, "playgrounds": 0, "schools": 11, "anganwadis": 2, "police": 1, "fire": 0, "public_toilets": 7, "toilet_cov_pct": 99.7, "lakes": 0, "ponds": 0, "flood_points": 1, "did_you_know_1": "Nearly all homes here are within a 15-minute walk of a bus stop.", "did_you_know_2": "This ward has 8 parks, and nearly all homes are within a 15-minute walk of one.", "did_you_know_3": "This ward has 11 schools and 2 anganwadi (child-care) centres.", "question_1": "Children here have few safe places to play — will you commit to creating and maintaining playgrounds in this ward?", "question_2": "Our lakes and ponds are neglected or polluted — how will you clean up and protect the water bodies in this ward?", "question_3": "How will you make sure emergency services like fire response can reach every corner of this ward quickly?", "question_4": "Getting across the city from this ward takes too long — how will you push for better public-transport and metro connectivity?", "question_5": "Young families need childcare and anganwadi centres close to home — how will you add and support more of them in this ward?"}, "geometry": {"type": "MultiPolygon", "coordinates": [[[[77.57144, 13.02845], [77.56948, 13.03288], [77.56211, 13.04198], [77.56575, 13.04651], [77.57276, 13.04724], [77.57139, 13.04657], [77.56902, 13.03604], [77.57192, 13.03339], [77.5717, 13.03512], [77.5755, 13.03466], [77.5801, 13.02651], [77.57144, 13.02845]]]]}}, {"type": "Feature", "properties": {"ward_name": "Bandi Reddy Circle Ward", "ward_id": "59", "zone": "Malleshwaram", "assembly": "165 - Rajajinagar", "parliamentary": "Bangalore Central", "bus_stops": 3, "bus_cov_pct": 100.1, "metro": 0, "metro_cov_pct": 7.4, "parks": 0, "parks_cov_pct": 100.1, "playgrounds": 0, "schools": 3, "anganwadis": 5, "police": 0, "fire": 0, "public_toilets": 2, "toilet_cov_pct": 100.1, "lakes": 0, "ponds": 0, "flood_points": 0, "did_you_know_1": "Nearly all homes here are within a 15-minute walk of a bus stop.", "did_you_know_2": "This ward has 3 schools and 5 anganwadi (child-care) centres.", "did_you_know_3": "This ward has 2 public toilets, and nearly all homes are within a 15-minute walk of one.", "question_1": "Children here have few safe places to play — will you commit to creating and maintaining playgrounds in this ward?", "question_2": "Safety is a real worry in parts of this ward — how will you improve policing and make our streets safer, especially at night?", "question_3": "Our lakes and ponds are neglected or polluted — how will you clean up and protect the water bodies in this ward?", "question_4": "How will you make sure emergency services like fire response can reach every corner of this ward quickly?", "question_5": "Do children in this ward have good government schools within easy reach — and what will you do to improve the ones we have?"}, "geometry": {"type": "MultiPolygon", "coordinates": [[[[77.56096, 12.9892], [77.5604, 12.992], [77.55791, 12.99102], [77.5569, 12.99237], [77.55912, 12.99278], [77.55875, 12.99533], [77.56012, 12.99393], [77.56346, 12.99368], [77.5631, 12.99186], [77.56518, 12.99133], [77.56209, 12.99023], [77.56396, 12.98818], [77.56096, 12.9892]]]]}}, {"type": "Feature", "properties": {"ward_name": "Nehru Nagar", "ward_id": "59", "zone": "Gandhinagara", "assembly": "164 - Gandhinagara", "parliamentary": "Bangalore Central", "bus_stops": 18, "bus_cov_pct": 100.1, "metro": 1, "metro_cov_pct": 94.0, "parks": 9, "parks_cov_pct": 100.1, "playgrounds": 2, "schools": 30, "anganwadis": 5, "police": 2, "fire": 0, "public_toilets": 0, "toilet_cov_pct": 96.5, "lakes": 0, "ponds": 0, "flood_points": 2, "did_you_know_1": "Nearly all homes here are within a 15-minute walk of a bus stop.", "did_you_know_2": "This ward has 9 parks, and nearly all homes are within a 15-minute walk of one.", "did_you_know_3": "This ward has 30 schools and 5 anganwadi (child-care) centres.", "question_1": "Our lakes and ponds are neglected or polluted — how will you clean up and protect the water bodies in this ward?", "question_2": "How will you make sure emergency services like fire response can reach every corner of this ward quickly?", "question_3": "Children here have few safe places to play — will you commit to creating and maintaining playgrounds in this ward?", "question_4": "Every monsoon, the same spots in this ward flood — what concrete steps will you take to fix the drains and stop the flooding?", "question_5": "Safety is a real worry in parts of this ward — how will you improve policing and make our streets safer, especially at night?"}, "geometry": {"type": "MultiPolygon", "coordinates": [[[[77.57891, 12.97403], [77.57706, 12.97249], [77.5754, 12.974], [77.57446, 12.97235], [77.5726, 12.97301], [77.57416, 12.97432], [77.57076, 12.97465], [77.57054, 12.98135], [77.57271, 12.98343], [77.57148, 12.99342], [77.57393, 12.99391], [77.57541, 12.99191], [77.57624, 12.99277], [77.5799, 12.99099], [77.57479, 12.98414], [77.57759, 12.98365], [77.57658, 12.98207], [77.57725, 12.98067], [77.58109, 12.9801], [77.58445, 12.97793], [77.58109, 12.97307], [77.57891, 12.97403]]]]}}, {"type": "Feature", "properties": {"ward_name": "Jalahalli", "ward_id": "60", "zone": "Yelahanka", "assembly": "154 - Rajarajeshwarinagar", "parliamentary": "Bangalore Rural", "bus_stops": 15, "bus_cov_pct": 100.0, "metro": 0, "metro_cov_pct": 2.4, "parks": 0, "parks_cov_pct": 38.7, "playgrounds": 4, "schools": 6, "anganwadis": 5, "police": 1, "fire": 0, "public_toilets": 1, "toilet_cov_pct": 93.0, "lakes": 0, "ponds": 0, "flood_points": 0, "did_you_know_1": "Nearly all homes here are within a 15-minute walk of a bus stop.", "did_you_know_2": "This ward has 6 schools and 5 anganwadi (child-care) centres.", "did_you_know_3": "This ward has 1 public toilet, and about 9 in 10 homes are within a 15-minute walk of one.", "question_1": "Families here struggle to find a park or open ground to relax in or for children to play — how will you create and maintain more green, open spaces in this ward?", "question_2": "Our lakes and ponds are neglected or polluted — how will you clean up and protect the water bodies in this ward?", "question_3": "How will you make sure emergency services like fire response can reach every corner of this ward quickly?", "question_4": "Getting across the city from this ward takes too long — how will you push for better public-transport and metro connectivity?", "question_5": "Do children in this ward have good government schools within easy reach — and what will you do to improve the ones we have?"}, "geometry": {"type": "MultiPolygon", "coordinates": [[[[77.54439, 13.04544], [77.54376, 13.04431], [77.54165, 13.0464], [77.53969, 13.04402], [77.53643, 13.04905], [77.52998, 13.04655], [77.53122, 13.04425], [77.52692, 13.04511], [77.52531, 13.04376], [77.52219, 13.0459], [77.52397, 13.04917], [77.53128, 13.05443], [77.53484, 13.05488], [77.53754, 13.05449], [77.53762, 13.04958], [77.54257, 13.05075], [77.54269, 13.04925], [77.55015, 13.04885], [77.5523, 13.0454], [77.5519, 13.04426], [77.55016, 13.04458], [77.55091, 13.04291], [77.54722, 13.04168], [77.54749, 13.04358], [77.54439, 13.04544]]]]}}, {"type": "Feature", "properties": {"ward_name": "Bilekahalli", "ward_id": "60", "zone": "Bommanahalli", "assembly": "175 - Bommanahalli", "parliamentary": "Bangalore South", "bus_stops": 8, "bus_cov_pct": 78.1, "metro": 0, "metro_cov_pct": null, "parks": 1, "parks_cov_pct": 73.8, "playgrounds": 2, "schools": 15, "anganwadis": 2, "police": 0, "fire": 0, "public_toilets": 2, "toilet_cov_pct": 50.2, "lakes": 2, "ponds": 0, "flood_points": 3, "did_you_know_1": "About 8 in 10 homes here are within a 15-minute walk of a bus stop.", "did_you_know_2": "This ward has 1 park, and about 7 in 10 homes are within a 15-minute walk of one.", "did_you_know_3": "This ward has 15 schools and 2 anganwadi (child-care) centres.", "question_1": "Safety is a real worry in parts of this ward — how will you improve policing and make our streets safer, especially at night?", "question_2": "How will you make sure emergency services like fire response can reach every corner of this ward quickly?", "question_3": "Clean, safe public toilets are hard to find in parts of this ward — what will you do to provide and maintain them?", "question_4": "Getting across the city from this ward takes too long — how will you push for better public-transport and metro connectivity?", "question_5": "Every monsoon, the same spots in this ward flood — what concrete steps will you take to fix the drains and stop the flooding?"}, "geometry": {"type": "MultiPolygon", "coordinates": [[[[77.60543, 12.89495], [77.60526, 12.89814], [77.6009, 12.89981], [77.5995, 12.89626], [77.59453, 12.89748], [77.59491, 12.90264], [77.59948, 12.90111], [77.59894, 12.9035], [77.60146, 12.90351], [77.60185, 12.90513], [77.60023, 12.90853], [77.60402, 12.9087], [77.60385, 12.90581], [77.61264, 12.90461], [77.61656, 12.91532], [77.61895, 12.91284], [77.62114, 12.91267], [77.62075, 12.90798], [77.61825, 12.90259], [77.61278, 12.89795], [77.60894, 12.89895], [77.60921, 12.89491], [77.60785, 12.89553], [77.60732, 12.89392], [77.60543, 12.89495]]]]}}, {"type": "Feature", "properties": {"ward_name": "Prakash Nagara", "ward_id": "60", "zone": "Malleshwaram", "assembly": "165 - Rajajinagar", "parliamentary": "Bangalore Central", "bus_stops": 3, "bus_cov_pct": 100.1, "metro": 0, "metro_cov_pct": 54.2, "parks": 2, "parks_cov_pct": 100.1, "playgrounds": 0, "schools": 15, "anganwadis": 4, "police": 0, "fire": 0, "public_toilets": 2, "toilet_cov_pct": 100.1, "lakes": 0, "ponds": 0, "flood_points": 1, "did_you_know_1": "Nearly all homes here are within a 15-minute walk of a bus stop.", "did_you_know_2": "This ward has 2 parks, and nearly all homes are within a 15-minute walk of one.", "did_you_know_3": "This ward has 15 schools and 4 anganwadi (child-care) centres.", "question_1": "Children here have few safe places to play — will you commit to creating and maintaining playgrounds in this ward?", "question_2": "Safety is a real worry in parts of this ward — how will you improve policing and make our streets safer, especially at night?", "question_3": "Our lakes and ponds are neglected or polluted — how will you clean up and protect the water bodies in this ward?", "question_4": "How will you make sure emergency services like fire response can reach every corner of this ward quickly?", "question_5": "Getting across the city from this ward takes too long — how will you push for better public-transport and metro connectivity?"}, "geometry": {"type": "MultiPolygon", "coordinates": [[[[77.5544, 12.98996], [77.5555, 12.99432], [77.55305, 12.99818], [77.55636, 12.9986], [77.56057, 12.99718], [77.55875, 12.99533], [77.55912, 12.99278], [77.5569, 12.99237], [77.55791, 12.99102], [77.5544, 12.98996]]]]}}, {"type": "Feature", "properties": {"ward_name": "Seshadripuram", "ward_id": "60", "zone": "Gandhinagara", "assembly": "164 - Gandhinagara", "parliamentary": "Bangalore Central", "bus_stops": 3, "bus_cov_pct": 100.1, "metro": 0, "metro_cov_pct": 94.0, "parks": 1, "parks_cov_pct": 100.1, "playgrounds": 0, "schools": 5, "anganwadis": 1, "police": 0, "fire": 0, "public_toilets": 3, "toilet_cov_pct": 100.1, "lakes": 0, "ponds": 0, "flood_points": 3, "did_you_know_1": "Nearly all homes here are within a 15-minute walk of a bus stop.", "did_you_know_2": "This ward has 1 park, and nearly all homes are within a 15-minute walk of one.", "did_you_know_3": "This ward has 5 schools and 1 anganwadi (child-care) centre.", "question_1": "Children here have few safe places to play — will you commit to creating and maintaining playgrounds in this ward?", "question_2": "Safety is a real worry in parts of this ward — how will you improve policing and make our streets safer, especially at night?", "question_3": "Our lakes and ponds are neglected or polluted — how will you clean up and protect the water bodies in this ward?", "question_4": "How will you make sure emergency services like fire response can reach every corner of this ward quickly?", "question_5": "Young families need childcare and anganwadi centres close to home — how will you add and support more of them in this ward?"}, "geometry": {"type": "MultiPolygon", "coordinates": [[[[77.57102, 12.99631], [77.58084, 12.99724], [77.57711, 12.99366], [77.57757, 12.99174], [77.57624, 12.99277], [77.57541, 12.99191], [77.57393, 12.99391], [77.57106, 12.99338], [77.57102, 12.99631]]]]}}, {"type": "Feature", "properties": {"ward_name": "HMT Ward", "ward_id": "61", "zone": "Yelahanka", "assembly": "154 - Rajarajeshwarinagar", "parliamentary": "Bangalore Rural", "bus_stops": 32, "bus_cov_pct": 95.8, "metro": 0, "metro_cov_pct": 17.6, "parks": 3, "parks_cov_pct": 54.4, "playgrounds": 3, "schools": 18, "anganwadis": 1, "police": 0, "fire": 0, "public_toilets": 3, "toilet_cov_pct": 59.7, "lakes": 0, "ponds": 0, "flood_points": 0, "did_you_know_1": "Nearly all homes here are within a 15-minute walk of a bus stop.", "did_you_know_2": "This ward has 3 parks, and about 5 in 10 homes are within a 15-minute walk of one.", "did_you_know_3": "This ward has 18 schools and 1 anganwadi (child-care) centre.", "question_1": "Safety is a real worry in parts of this ward — how will you improve policing and make our streets safer, especially at night?", "question_2": "Our lakes and ponds are neglected or polluted — how will you clean up and protect the water bodies in this ward?", "question_3": "How will you make sure emergency services like fire response can reach every corner of this ward quickly?", "question_4": "Young families need childcare and anganwadi centres close to home — how will you add and support more of them in this ward?", "question_5": "Families here struggle to find a park or open ground to relax in or for children to play — how will you create and maintain more green, open spaces in this ward?"}, "geometry": {"type": "MultiPolygon", "coordinates": [[[[77.54695, 13.0329], [77.54295, 13.03929], [77.54075, 13.0325], [77.52531, 13.04376], [77.52692, 13.04511], [77.53122, 13.04425], [77.52998, 13.04655], [77.53643, 13.04905], [77.53969, 13.04402], [77.54165, 13.0464], [77.54376, 13.04431], [77.54447, 13.04572], [77.54651, 13.04481], [77.54722, 13.04168], [77.55091, 13.04291], [77.55016, 13.04458], [77.5519, 13.04426], [77.5523, 13.0454], [77.55015, 13.04885], [77.54269, 13.04925], [77.54257, 13.05075], [77.53762, 13.04958], [77.53754, 13.05449], [77.54486, 13.05498], [77.54679, 13.05673], [77.55393, 13.04942], [77.5571, 13.04267], [77.56096, 13.04], [77.5573, 13.03854], [77.55005, 13.03966], [77.55004, 13.03684], [77.54695, 13.0329]]]]}}, {"type": "Feature", "properties": {"ward_name": "Kodi Chikkanahalli", "ward_id": "61", "zone": "Bommanahalli", "assembly": "175 - Bommanahalli", "parliamentary": "Bangalore South", "bus_stops": 9, "bus_cov_pct": 100.1, "metro": 0, "metro_cov_pct": null, "parks": 1, "parks_cov_pct": 100.1, "playgrounds": 0, "schools": 4, "anganwadis": 5, "police": 1, "fire": 0, "public_toilets": 1, "toilet_cov_pct": 93.1, "lakes": 0, "ponds": 0, "flood_points": 2, "did_you_know_1": "Nearly all homes here are within a 15-minute walk of a bus stop.", "did_you_know_2": "This ward has 1 park, and nearly all homes are within a 15-minute walk of one.", "did_you_know_3": "This ward has 4 schools and 5 anganwadi (child-care) centres.", "question_1": "Children here have few safe places to play — will you commit to creating and maintaining playgrounds in this ward?", "question_2": "Our lakes and ponds are neglected or polluted — how will you clean up and protect the water bodies in this ward?", "question_3": "How will you make sure emergency services like fire response can reach every corner of this ward quickly?", "question_4": "Getting across the city from this ward takes too long — how will you push for better public-transport and metro connectivity?", "question_5": "Do children in this ward have good government schools within easy reach — and what will you do to improve the ones we have?"}, "geometry": {"type": "MultiPolygon", "coordinates": [[[[77.62541, 12.9088], [77.62156, 12.90674], [77.62165, 12.90463], [77.62052, 12.90484], [77.61975, 12.89828], [77.61808, 12.898], [77.6172, 12.89441], [77.60851, 12.8959], [77.60894, 12.89895], [77.61278, 12.89795], [77.6184, 12.90276], [77.62264, 12.9173], [77.62674, 12.91057], [77.62541, 12.9088]]]]}}, {"type": "Feature", "properties": {"ward_name": "Dattatreya Ward", "ward_id": "61", "zone": "Gandhinagara", "assembly": "164 - Gandhinagara", "parliamentary": "Bangalore Central", "bus_stops": 6, "bus_cov_pct": 100.1, "metro": 0, "metro_cov_pct": 89.1, "parks": 0, "parks_cov_pct": 100.1, "playgrounds": 0, "schools": 7, "anganwadis": 6, "police": 1, "fire": 0, "public_toilets": 5, "toilet_cov_pct": 100.1, "lakes": 0, "ponds": 0, "flood_points": 2, "did_you_know_1": "Nearly all homes here are within a 15-minute walk of a bus stop.", "did_you_know_2": "This ward has 7 schools and 6 anganwadi (child-care) centres.", "did_you_know_3": "This ward has 5 public toilets, and nearly all homes are within a 15-minute walk of one.", "question_1": "Children here have few safe places to play — will you commit to creating and maintaining playgrounds in this ward?", "question_2": "Our lakes and ponds are neglected or polluted — how will you clean up and protect the water bodies in this ward?", "question_3": "How will you make sure emergency services like fire response can reach every corner of this ward quickly?", "question_4": "Getting across the city from this ward takes too long — how will you push for better public-transport and metro connectivity?", "question_5": "Every monsoon, the same spots in this ward flood — what concrete steps will you take to fix the drains and stop the flooding?"}, "geometry": {"type": "MultiPolygon", "coordinates": [[[[77.57832, 12.99758], [77.57102, 12.99631], [77.57151, 12.98948], [77.5661, 12.99661], [77.57146, 12.99686], [77.5713, 13.00332], [77.57217, 13.00337], [77.57225, 13.00101], [77.5738, 13.00096], [77.57397, 12.99891], [77.57843, 12.99913], [77.57832, 12.99758]]]]}}, {"type": "Feature", "properties": {"ward_name": "Da.Ra. Bendre Ward", "ward_id": "61", "zone": "Malleshwaram", "assembly": "165 - Rajajinagar", "parliamentary": "Bangalore Central", "bus_stops": 3, "bus_cov_pct": 100.1, "metro": 0, "metro_cov_pct": 45.2, "parks": 0, "parks_cov_pct": 100.1, "playgrounds": 0, "schools": 15, "anganwadis": 1, "police": 0, "fire": 0, "public_toilets": 4, "toilet_cov_pct": 100.1, "lakes": 0, "ponds": 0, "flood_points": 1, "did_you_know_1": "Nearly all homes here are within a 15-minute walk of a bus stop.", "did_you_know_2": "This ward has 15 schools and 1 anganwadi (child-care) centre.", "did_you_know_3": "This ward has 4 public toilets, and nearly all homes are within a 15-minute walk of one.", "question_1": "Children here have few safe places to play — will you commit to creating and maintaining playgrounds in this ward?", "question_2": "Safety is a real worry in parts of this ward — how will you improve policing and make our streets safer, especially at night?", "question_3": "Our lakes and ponds are neglected or polluted — how will you clean up and protect the water bodies in this ward?", "question_4": "How will you make sure emergency services like fire response can reach every corner of this ward quickly?", "question_5": "Young families need childcare and anganwadi centres close to home — how will you add and support more of them in this ward?"}, "geometry": {"type": "MultiPolygon", "coordinates": [[[[77.5604, 12.992], [77.56173, 12.98192], [77.55894, 12.97889], [77.5546, 12.97729], [77.55581, 12.98498], [77.56025, 12.98342], [77.55982, 12.98777], [77.55791, 12.99102], [77.5604, 12.992]]]]}}, {"type": "Feature", "properties": {"ward_name": "Brundavana Nagara", "ward_id": "62", "zone": "Yelahanka", "assembly": "154 - Rajarajeshwarinagar", "parliamentary": "Bangalore Rural", "bus_stops": 7, "bus_cov_pct": 100.1, "metro": 0, "metro_cov_pct": null, "parks": 2, "parks_cov_pct": 100.1, "playgrounds": 1, "schools": 18, "anganwadis": 1, "police": 0, "fire": 0, "public_toilets": 0, "toilet_cov_pct": 100.1, "lakes": 0, "ponds": 0, "flood_points": 2, "did_you_know_1": "Nearly all homes here are within a 15-minute walk of a bus stop.", "did_you_know_2": "This ward has 2 parks, and nearly all homes are within a 15-minute walk of one.", "did_you_know_3": "This ward has 18 schools and 1 anganwadi (child-care) centre.", "question_1": "Safety is a real worry in parts of this ward — how will you improve policing and make our streets safer, especially at night?", "question_2": "Our lakes and ponds are neglected or polluted — how will you clean up and protect the water bodies in this ward?", "question_3": "How will you make sure emergency services like fire response can reach every corner of this ward quickly?", "question_4": "Young families need childcare and anganwadi centres close to home — how will you add and support more of them in this ward?", "question_5": "Children here have few safe places to play — will you commit to creating and maintaining playgrounds in this ward?"}, "geometry": {"type": "MultiPolygon", "coordinates": [[[[77.55477, 13.02753], [77.55509, 13.02939], [77.55163, 13.03073], [77.55428, 13.03271], [77.55342, 13.03871], [77.5573, 13.03854], [77.55738, 13.03468], [77.55998, 13.03093], [77.55751, 13.02497], [77.55477, 13.02753]]]]}}, {"type": "Feature", "properties": {"ward_name": "Swatantra Palya Ward", "ward_id": "62", "zone": "Gandhinagara", "assembly": "164 - Gandhinagara", "parliamentary": "Bangalore Central", "bus_stops": 5, "bus_cov_pct": 100.1, "metro": 1, "metro_cov_pct": 73.0, "parks": 1, "parks_cov_pct": 100.1, "playgrounds": 0, "schools": 6, "anganwadis": 15, "police": 0, "fire": 0, "public_toilets": 15, "toilet_cov_pct": 100.1, "lakes": 0, "ponds": 0, "flood_points": 0, "did_you_know_1": "Nearly all homes here are within a 15-minute walk of a bus stop.", "did_you_know_2": "This ward has 1 park, and nearly all homes are within a 15-minute walk of one.", "did_you_know_3": "This ward has 6 schools and 15 anganwadi (child-care) centres.", "question_1": "Children here have few safe places to play — will you commit to creating and maintaining playgrounds in this ward?", "question_2": "Safety is a real worry in parts of this ward — how will you improve policing and make our streets safer, especially at night?", "question_3": "Our lakes and ponds are neglected or polluted — how will you clean up and protect the water bodies in this ward?", "question_4": "How will you make sure emergency services like fire response can reach every corner of this ward quickly?", "question_5": "Do children in this ward have good government schools within easy reach — and what will you do to improve the ones we have?"}, "geometry": {"type": "MultiPolygon", "coordinates": [[[[77.56509, 12.9874], [77.56511, 12.98854], [77.56793, 12.9884], [77.56857, 12.99339], [77.5719, 12.98958], [77.57229, 12.98479], [77.56981, 12.98583], [77.56965, 12.98704], [77.56805, 12.98489], [77.56697, 12.98703], [77.56509, 12.9874]]]]}}, {"type": "Feature", "properties": {"ward_name": "Devarachikkanahalli", "ward_id": "62", "zone": "Bommanahalli", "assembly": "175 - Bommanahalli", "parliamentary": "Bangalore South", "bus_stops": 10, "bus_cov_pct": 100.1, "metro": 0, "metro_cov_pct": null, "parks": 2, "parks_cov_pct": 85.5, "playgrounds": 2, "schools": 17, "anganwadis": 1, "police": 0, "fire": 0, "public_toilets": 0, "toilet_cov_pct": 79.3, "lakes": 0, "ponds": 0, "flood_points": 0, "did_you_know_1": "Nearly all homes here are within a 15-minute walk of a bus stop.", "did_you_know_2": "This ward has 2 parks, and about 9 in 10 homes are within a 15-minute walk of one.", "did_you_know_3": "This ward has 17 schools and 1 anganwadi (child-care) centre.", "question_1": "Safety is a real worry in parts of this ward — how will you improve policing and make our streets safer, especially at night?", "question_2": "Our lakes and ponds are neglected or polluted — how will you clean up and protect the water bodies in this ward?", "question_3": "How will you make sure emergency services like fire response can reach every corner of this ward quickly?", "question_4": "Young families need childcare and anganwadi centres close to home — how will you add and support more of them in this ward?", "question_5": "Getting across the city from this ward takes too long — how will you push for better public-transport and metro connectivity?"}, "geometry": {"type": "MultiPolygon", "coordinates": [[[[77.62297, 12.89455], [77.62274, 12.89346], [77.6286, 12.89373], [77.6302, 12.89265], [77.62863, 12.88812], [77.61569, 12.88895], [77.61605, 12.89296], [77.61436, 12.89334], [77.61465, 12.89489], [77.6172, 12.89441], [77.61808, 12.898], [77.62612, 12.89661], [77.62532, 12.8946], [77.62297, 12.89455]]]]}}, {"type": "Feature", "properties": {"ward_name": "Rama Mandira", "ward_id": "62", "zone": "Malleshwaram", "assembly": "165 - Rajajinagar", "parliamentary": "Bangalore Central", "bus_stops": 6, "bus_cov_pct": 100.1, "metro": 0, "metro_cov_pct": 27.8, "parks": 6, "parks_cov_pct": 100.1, "playgrounds": 1, "schools": 13, "anganwadis": 3, "police": 0, "fire": 0, "public_toilets": 4, "toilet_cov_pct": 100.1, "lakes": 0, "ponds": 0, "flood_points": 1, "did_you_know_1": "Nearly all homes here are within a 15-minute walk of a bus stop.", "did_you_know_2": "This ward has 6 parks, and nearly all homes are within a 15-minute walk of one.", "did_you_know_3": "This ward has 13 schools and 3 anganwadi (child-care) centres.", "question_1": "Safety is a real worry in parts of this ward — how will you improve policing and make our streets safer, especially at night?", "question_2": "Our lakes and ponds are neglected or polluted — how will you clean up and protect the water bodies in this ward?", "question_3": "How will you make sure emergency services like fire response can reach every corner of this ward quickly?", "question_4": "Children here have few safe places to play — will you commit to creating and maintaining playgrounds in this ward?", "question_5": "Getting across the city from this ward takes too long — how will you push for better public-transport and metro connectivity?"}, "geometry": {"type": "MultiPolygon", "coordinates": [[[[77.55791, 12.99102], [77.56025, 12.98342], [77.55613, 12.98506], [77.55508, 12.98008], [77.54902, 12.98081], [77.5492, 12.98509], [77.55416, 12.98435], [77.55432, 12.98752], [77.55595, 12.9875], [77.55606, 12.98991], [77.55791, 12.99102]]]]}}, {"type": "Feature", "properties": {"ward_name": "J.P PARK", "ward_id": "63", "zone": "Yelahanka", "assembly": "154 - Rajarajeshwarinagar", "parliamentary": "Bangalore Rural", "bus_stops": 4, "bus_cov_pct": 100.1, "metro": 0, "metro_cov_pct": 9.9, "parks": 3, "parks_cov_pct": 98.6, "playgrounds": 2, "schools": 2, "anganwadis": 5, "police": 0, "fire": 0, "public_toilets": 1, "toilet_cov_pct": 98.7, "lakes": 1, "ponds": 0, "flood_points": 0, "did_you_know_1": "Nearly all homes here are within a 15-minute walk of a bus stop.", "did_you_know_2": "This ward has 3 parks, and nearly all homes are within a 15-minute walk of one.", "did_you_know_3": "This ward has 2 schools and 5 anganwadi (child-care) centres.", "question_1": "Safety is a real worry in parts of this ward — how will you improve policing and make our streets safer, especially at night?", "question_2": "Do children in this ward have good government schools within easy reach — and what will you do to improve the ones we have?", "question_3": "How will you make sure emergency services like fire response can reach every corner of this ward quickly?", "question_4": "Our lakes and ponds are neglected or polluted — how will you clean up and protect the water bodies in this ward?", "question_5": "Getting across the city from this ward takes too long — how will you push for better public-transport and metro connectivity?"}, "geometry": {"type": "MultiPolygon", "coordinates": [[[[77.54989, 13.03909], [77.55342, 13.03871], [77.55428, 13.03271], [77.55163, 13.03073], [77.55358, 13.03066], [77.55353, 13.02942], [77.55559, 13.02839], [77.55363, 13.02721], [77.55403, 13.02476], [77.55286, 13.02416], [77.55077, 13.02471], [77.54687, 13.03326], [77.55004, 13.03684], [77.54989, 13.03909]]]]}}, {"type": "Feature", "properties": {"ward_name": "Okalipuram", "ward_id": "63", "zone": "Gandhinagara", "assembly": "164 - Gandhinagara", "parliamentary": "Bangalore Central", "bus_stops": 2, "bus_cov_pct": 100.1, "metro": 0, "metro_cov_pct": 9.0, "parks": 1, "parks_cov_pct": 100.1, "playgrounds": 0, "schools": 11, "anganwadis": 7, "police": 0, "fire": 0, "public_toilets": 6, "toilet_cov_pct": 100.1, "lakes": 0, "ponds": 0, "flood_points": 1, "did_you_know_1": "Nearly all homes here are within a 15-minute walk of a bus stop.", "did_you_know_2": "This ward has 1 park, and nearly all homes are within a 15-minute walk of one.", "did_you_know_3": "This ward has 11 schools and 7 anganwadi (child-care) centres.", "question_1": "Children here have few safe places to play — will you commit to creating and maintaining playgrounds in this ward?", "question_2": "Safety is a real worry in parts of this ward — how will you improve policing and make our streets safer, especially at night?", "question_3": "Our lakes and ponds are neglected or polluted — how will you clean up and protect the water bodies in this ward?", "question_4": "How will you make sure emergency services like fire response can reach every corner of this ward quickly?", "question_5": "Getting across the city from this ward takes too long — how will you push for better public-transport and metro connectivity?"}, "geometry": {"type": "MultiPolygon", "coordinates": [[[[77.56507, 12.98778], [77.56803, 12.98529], [77.56814, 12.98254], [77.56157, 12.9827], [77.56145, 12.98828], [77.56507, 12.98778]]]]}}, {"type": "Feature", "properties": {"ward_name": "Bommanahalli", "ward_id": "63", "zone": "Bommanahalli", "assembly": "175 - Bommanahalli", "parliamentary": "Bangalore South", "bus_stops": 12, "bus_cov_pct": 100.1, "metro": 0, "metro_cov_pct": null, "parks": 1, "parks_cov_pct": 99.7, "playgrounds": 0, "schools": 16, "anganwadis": 1, "police": 0, "fire": 0, "public_toilets": 0, "toilet_cov_pct": 100.1, "lakes": 0, "ponds": 0, "flood_points": 1, "did_you_know_1": "Nearly all homes here are within a 15-minute walk of a bus stop.", "did_you_know_2": "This ward has 1 park, and nearly all homes are within a 15-minute walk of one.", "did_you_know_3": "This ward has 16 schools and 1 anganwadi (child-care) centre.", "question_1": "Children here have few safe places to play — will you commit to creating and maintaining playgrounds in this ward?", "question_2": "Safety is a real worry in parts of this ward — how will you improve policing and make our streets safer, especially at night?", "question_3": "Our lakes and ponds are neglected or polluted — how will you clean up and protect the water bodies in this ward?", "question_4": "How will you make sure emergency services like fire response can reach every corner of this ward quickly?", "question_5": "Young families need childcare and anganwadi centres close to home — how will you add and support more of them in this ward?"}, "geometry": {"type": "MultiPolygon", "coordinates": [[[[77.62748, 12.90436], [77.6254, 12.90332], [77.62448, 12.89991], [77.62427, 12.89901], [77.62586, 12.89897], [77.62548, 12.89671], [77.62312, 12.89633], [77.6231, 12.89732], [77.61975, 12.89828], [77.61959, 12.9028], [77.62052, 12.90484], [77.62165, 12.90463], [77.62156, 12.90674], [77.62674, 12.91057], [77.63114, 12.90342], [77.62748, 12.90436]]]]}}, {"type": "Feature", "properties": {"ward_name": "Rajajinagara", "ward_id": "63", "zone": "Malleshwaram", "assembly": "165 - Rajajinagar", "parliamentary": "Bangalore Central", "bus_stops": 18, "bus_cov_pct": 100.1, "metro": 0, "metro_cov_pct": 40.3, "parks": 7, "parks_cov_pct": 100.1, "playgrounds": 0, "schools": 19, "anganwadis": 1, "police": 1, "fire": 0, "public_toilets": 9, "toilet_cov_pct": 100.1, "lakes": 0, "ponds": 0, "flood_points": 0, "did_you_know_1": "Nearly all homes here are within a 15-minute walk of a bus stop.", "did_you_know_2": "This ward has 7 parks, and nearly all homes are within a 15-minute walk of one.", "did_you_know_3": "This ward has 19 schools and 1 anganwadi (child-care) centre.", "question_1": "Children here have few safe places to play — will you commit to creating and maintaining playgrounds in this ward?", "question_2": "Our lakes and ponds are neglected or polluted — how will you clean up and protect the water bodies in this ward?", "question_3": "How will you make sure emergency services like fire response can reach every corner of this ward quickly?", "question_4": "Young families need childcare and anganwadi centres close to home — how will you add and support more of them in this ward?", "question_5": "Getting across the city from this ward takes too long — how will you push for better public-transport and metro connectivity?"}, "geometry": {"type": "MultiPolygon", "coordinates": [[[[77.54713, 12.98884], [77.55005, 12.98831], [77.55097, 12.99139], [77.55028, 12.99759], [77.55305, 12.99818], [77.5555, 12.99432], [77.5544, 12.98996], [77.55606, 12.98991], [77.55595, 12.9875], [77.55432, 12.98752], [77.55416, 12.98435], [77.54517, 12.98501], [77.54546, 12.98677], [77.5472, 12.98637], [77.54713, 12.98884]]]]}}, {"type": "Feature", "properties": {"ward_name": "Yeshwanthpura", "ward_id": "64", "zone": "Yelahanka", "assembly": "154 - Rajarajeshwarinagar", "parliamentary": "Bangalore Rural", "bus_stops": 4, "bus_cov_pct": 100.1, "metro": 0, "metro_cov_pct": 9.6, "parks": 2, "parks_cov_pct": 100.1, "playgrounds": 0, "schools": 15, "anganwadis": 7, "police": 0, "fire": 0, "public_toilets": 2, "toilet_cov_pct": 100.1, "lakes": 0, "ponds": 0, "flood_points": 0, "did_you_know_1": "Nearly all homes here are within a 15-minute walk of a bus stop.", "did_you_know_2": "This ward has 2 parks, and nearly all homes are within a 15-minute walk of one.", "did_you_know_3": "This ward has 15 schools and 7 anganwadi (child-care) centres.", "question_1": "Children here have few safe places to play — will you commit to creating and maintaining playgrounds in this ward?", "question_2": "Safety is a real worry in parts of this ward — how will you improve policing and make our streets safer, especially at night?", "question_3": "Our lakes and ponds are neglected or polluted — how will you clean up and protect the water bodies in this ward?", "question_4": "How will you make sure emergency services like fire response can reach every corner of this ward quickly?", "question_5": "Getting across the city from this ward takes too long — how will you push for better public-transport and metro connectivity?"}, "geometry": {"type": "MultiPolygon", "coordinates": [[[[77.55605, 13.02107], [77.55389, 13.01919], [77.55077, 13.02471], [77.55403, 13.02476], [77.55443, 13.02781], [77.55751, 13.02497], [77.55605, 13.02107]]]]}}, {"type": "Feature", "properties": {"ward_name": "Hongasandra", "ward_id": "64", "zone": "Bommanahalli", "assembly": "175 - Bommanahalli", "parliamentary": "Bangalore South", "bus_stops": 9, "bus_cov_pct": 100.1, "metro": 0, "metro_cov_pct": null, "parks": 0, "parks_cov_pct": 48.7, "playgrounds": 0, "schools": 7, "anganwadis": 1, "police": 0, "fire": 0, "public_toilets": 1, "toilet_cov_pct": 96.2, "lakes": 0, "ponds": 0, "flood_points": 0, "did_you_know_1": "Nearly all homes here are within a 15-minute walk of a bus stop.", "did_you_know_2": "This ward has 7 schools and 1 anganwadi (child-care) centre.", "did_you_know_3": "This ward has 1 public toilet, and nearly all homes are within a 15-minute walk of one.", "question_1": "Children here have few safe places to play — will you commit to creating and maintaining playgrounds in this ward?", "question_2": "Safety is a real worry in parts of this ward — how will you improve policing and make our streets safer, especially at night?", "question_3": "Our lakes and ponds are neglected or polluted — how will you clean up and protect the water bodies in this ward?", "question_4": "Families here struggle to find a park or open ground to relax in or for children to play — how will you create and maintain more green, open spaces in this ward?", "question_5": "How will you make sure emergency services like fire response can reach every corner of this ward quickly?"}, "geometry": {"type": "MultiPolygon", "coordinates": [[[[77.62642, 12.90443], [77.62748, 12.90436], [77.62647, 12.89828], [77.62971, 12.89942], [77.63257, 12.89589], [77.62959, 12.89369], [77.62274, 12.89346], [77.62277, 12.89501], [77.62532, 12.8946], [77.62605, 12.89583], [77.62586, 12.89897], [77.62427, 12.89901], [77.62642, 12.90443]]]]}}, {"type": "Feature", "properties": {"ward_name": "Shivanagara", "ward_id": "64", "zone": "Malleshwaram", "assembly": "165 - Rajajinagar", "parliamentary": "Bangalore Central", "bus_stops": 5, "bus_cov_pct": 100.1, "metro": 0, "metro_cov_pct": 58.3, "parks": 2, "parks_cov_pct": 100.1, "playgrounds": 0, "schools": 10, "anganwadis": 4, "police": 0, "fire": 0, "public_toilets": 0, "toilet_cov_pct": 100.1, "lakes": 0, "ponds": 0, "flood_points": 0, "did_you_know_1": "Nearly all homes here are within a 15-minute walk of a bus stop.", "did_you_know_2": "This ward has 2 parks, and nearly all homes are within a 15-minute walk of one.", "did_you_know_3": "This ward has 10 schools and 4 anganwadi (child-care) centres.", "question_1": "Children here have few safe places to play — will you commit to creating and maintaining playgrounds in this ward?", "question_2": "Safety is a real worry in parts of this ward — how will you improve policing and make our streets safer, especially at night?", "question_3": "Our lakes and ponds are neglected or polluted — how will you clean up and protect the water bodies in this ward?", "question_4": "How will you make sure emergency services like fire response can reach every corner of this ward quickly?", "question_5": "Getting across the city from this ward takes too long — how will you push for better public-transport and metro connectivity?"}, "geometry": {"type": "MultiPolygon", "coordinates": [[[[77.55108, 12.99346], [77.55005, 12.98831], [77.54713, 12.98884], [77.5472, 12.98637], [77.54546, 12.98677], [77.54724, 12.99342], [77.55108, 12.99346]]]]}}, {"type": "Feature", "properties": {"ward_name": "Abbigere", "ward_id": "65", "zone": "Yelahanka", "assembly": "155 - Dasarahalli", "parliamentary": "Bangalore North", "bus_stops": 24, "bus_cov_pct": 67.6, "metro": 0, "metro_cov_pct": null, "parks": 3, "parks_cov_pct": 52.7, "playgrounds": 6, "schools": 22, "anganwadis": 9, "police": 0, "fire": 0, "public_toilets": 0, "toilet_cov_pct": 10.3, "lakes": 2, "ponds": 1, "flood_points": 0, "did_you_know_1": "About 7 in 10 homes here are within a 15-minute walk of a bus stop.", "did_you_know_2": "This ward has 3 parks, and about 5 in 10 homes are within a 15-minute walk of one.", "did_you_know_3": "This ward has 22 schools and 9 anganwadi (child-care) centres.", "question_1": "Clean, safe public toilets are hard to find in parts of this ward — what will you do to provide and maintain them?", "question_2": "Safety is a real worry in parts of this ward — how will you improve policing and make our streets safer, especially at night?", "question_3": "How will you make sure emergency services like fire response can reach every corner of this ward quickly?", "question_4": "Families here struggle to find a park or open ground to relax in or for children to play — how will you create and maintain more green, open spaces in this ward?", "question_5": "Getting across the city from this ward takes too long — how will you push for better public-transport and metro connectivity?"}, "geometry": {"type": "MultiPolygon", "coordinates": [[[[77.51591, 13.06755], [77.51106, 13.06963], [77.51004, 13.06783], [77.50921, 13.06376], [77.50522, 13.06357], [77.4996, 13.07203], [77.50718, 13.07801], [77.51113, 13.07572], [77.51796, 13.07418], [77.51898, 13.07967], [77.52088, 13.07915], [77.5232, 13.08087], [77.52378, 13.09307], [77.53439, 13.09214], [77.53545, 13.09017], [77.54071, 13.08997], [77.53688, 13.08379], [77.52995, 13.08213], [77.5301, 13.07612], [77.52657, 13.07659], [77.52545, 13.07348], [77.52417, 13.07481], [77.5236, 13.07251], [77.52549, 13.07118], [77.51842, 13.07159], [77.51591, 13.06755]]]]}}, {"type": "Feature", "properties": {"ward_name": "Garvebavi Palya", "ward_id": "65", "zone": "Bommanahalli", "assembly": "175 - Bommanahalli", "parliamentary": "Bangalore South", "bus_stops": 4, "bus_cov_pct": 98.3, "metro": 0, "metro_cov_pct": null, "parks": 0, "parks_cov_pct": 13.6, "playgrounds": 0, "schools": 13, "anganwadis": 0, "police": 0, "fire": 0, "public_toilets": 0, "toilet_cov_pct": 44.0, "lakes": 0, "ponds": 0, "flood_points": 1, "did_you_know_1": "Nearly all homes here are within a 15-minute walk of a bus stop.", "did_you_know_2": "This ward has 13 schools.", "did_you_know_3": "This ward has 1 spot known to be prone to flooding.", "question_1": "Families here struggle to find a park or open ground to relax in or for children to play — how will you create and maintain more green, open spaces in this ward?", "question_2": "Young families need childcare and anganwadi centres close to home — how will you add and support more of them in this ward?", "question_3": "Children here have few safe places to play — will you commit to creating and maintaining playgrounds in this ward?", "question_4": "Safety is a real worry in parts of this ward — how will you improve policing and make our streets safer, especially at night?", "question_5": "Our lakes and ponds are neglected or polluted — how will you clean up and protect the water bodies in this ward?"}, "geometry": {"type": "MultiPolygon", "coordinates": [[[[77.64104, 12.88707], [77.63893, 12.88522], [77.63517, 12.88782], [77.6352, 12.88638], [77.63233, 12.8861], [77.63147, 12.88926], [77.63287, 12.88941], [77.6328, 12.89241], [77.62858, 12.89331], [77.63257, 12.89589], [77.62971, 12.89942], [77.62647, 12.89828], [77.62748, 12.90436], [77.63204, 12.90228], [77.64104, 12.88707]]]]}}, {"type": "Feature", "properties": {"ward_name": "Manjunath Nagara", "ward_id": "65", "zone": "Malleshwaram", "assembly": "165 - Rajajinagar", "parliamentary": "Bangalore Central", "bus_stops": 3, "bus_cov_pct": 100.1, "metro": 0, "metro_cov_pct": 100.1, "parks": 0, "parks_cov_pct": 100.1, "playgrounds": 0, "schools": 12, "anganwadis": 5, "police": 0, "fire": 0, "public_toilets": 1, "toilet_cov_pct": 100.1, "lakes": 0, "ponds": 0, "flood_points": 0, "did_you_know_1": "Nearly all homes here are within a 15-minute walk of a bus stop.", "did_you_know_2": "This ward has 12 schools and 5 anganwadi (child-care) centres.", "did_you_know_3": "This ward has 1 public toilet, and nearly all homes are within a 15-minute walk of one.", "question_1": "Children here have few safe places to play — will you commit to creating and maintaining playgrounds in this ward?", "question_2": "Safety is a real worry in parts of this ward — how will you improve policing and make our streets safer, especially at night?", "question_3": "Our lakes and ponds are neglected or polluted — how will you clean up and protect the water bodies in this ward?", "question_4": "How will you make sure emergency services like fire response can reach every corner of this ward quickly?", "question_5": "Getting across the city from this ward takes too long — how will you push for better public-transport and metro connectivity?"}, "geometry": {"type": "MultiPolygon", "coordinates": [[[[77.54394, 12.99722], [77.55028, 12.99759], [77.55108, 12.99346], [77.54578, 12.99338], [77.54394, 12.99722]]]]}}, {"type": "Feature", "properties": {"ward_name": "Kammagondanahalli", "ward_id": "66", "zone": "Yelahanka", "assembly": "155 - Dasarahalli", "parliamentary": "Bangalore North", "bus_stops": 11, "bus_cov_pct": 99.1, "metro": 0, "metro_cov_pct": null, "parks": 3, "parks_cov_pct": 91.8, "playgrounds": 1, "schools": 10, "anganwadis": 3, "police": 1, "fire": 0, "public_toilets": 1, "toilet_cov_pct": 98.5, "lakes": 0, "ponds": 0, "flood_points": 0, "did_you_know_1": "Nearly all homes here are within a 15-minute walk of a bus stop.", "did_you_know_2": "This ward has 3 parks, and about 9 in 10 homes are within a 15-minute walk of one.", "did_you_know_3": "This ward has 10 schools and 3 anganwadi (child-care) centres.", "question_1": "Our lakes and ponds are neglected or polluted — how will you clean up and protect the water bodies in this ward?", "question_2": "How will you make sure emergency services like fire response can reach every corner of this ward quickly?", "question_3": "Children here have few safe places to play — will you commit to creating and maintaining playgrounds in this ward?", "question_4": "Getting across the city from this ward takes too long — how will you push for better public-transport and metro connectivity?", "question_5": "Safety is a real worry in parts of this ward — how will you improve policing and make our streets safer, especially at night?"}, "geometry": {"type": "MultiPolygon", "coordinates": [[[[77.5245, 13.06439], [77.52571, 13.06928], [77.52344, 13.07009], [77.52558, 13.07172], [77.5236, 13.07251], [77.52417, 13.07481], [77.52545, 13.07348], [77.52657, 13.07659], [77.5301, 13.07612], [77.53078, 13.07787], [77.53183, 13.07248], [77.53098, 13.06977], [77.53396, 13.06732], [77.5352, 13.06325], [77.53445, 13.05913], [77.53269, 13.05973], [77.53225, 13.05817], [77.53107, 13.06179], [77.5245, 13.06439]]]]}}, {"type": "Feature", "properties": {"ward_name": "Singasandra", "ward_id": "66", "zone": "Bommanahalli", "assembly": "175 - Bommanahalli", "parliamentary": "Bangalore South", "bus_stops": 8, "bus_cov_pct": 100.1, "metro": 0, "metro_cov_pct": null, "parks": 1, "parks_cov_pct": 34.3, "playgrounds": 0, "schools": 6, "anganwadis": 2, "police": 0, "fire": 0, "public_toilets": 2, "toilet_cov_pct": 66.7, "lakes": 2, "ponds": 2, "flood_points": 0, "did_you_know_1": "Nearly all homes here are within a 15-minute walk of a bus stop.", "did_you_know_2": "This ward has 1 park, and about 3 in 10 homes are within a 15-minute walk of one.", "did_you_know_3": "This ward has 6 schools and 2 anganwadi (child-care) centres.", "question_1": "Children here have few safe places to play — will you commit to creating and maintaining playgrounds in this ward?", "question_2": "Families here struggle to find a park or open ground to relax in or for children to play — how will you create and maintain more green, open spaces in this ward?", "question_3": "Safety is a real worry in parts of this ward — how will you improve policing and make our streets safer, especially at night?", "question_4": "How will you make sure emergency services like fire response can reach every corner of this ward quickly?", "question_5": "Getting across the city from this ward takes too long — how will you push for better public-transport and metro connectivity?"}, "geometry": {"type": "MultiPolygon", "coordinates": [[[[77.63961, 12.88667], [77.64122, 12.88706], [77.65009, 12.87427], [77.65421, 12.87566], [77.65296, 12.88044], [77.65501, 12.88057], [77.65415, 12.87366], [77.65766, 12.87081], [77.65767, 12.86898], [77.64024, 12.8725], [77.6397, 12.87602], [77.63696, 12.87996], [77.63756, 12.8837], [77.63961, 12.88667]]]]}}, {"type": "Feature", "properties": {"ward_name": "Sane Guruvana Halli", "ward_id": "66", "zone": "Malleshwaram", "assembly": "165 - Rajajinagar", "parliamentary": "Bangalore Central", "bus_stops": 4, "bus_cov_pct": 100.1, "metro": 0, "metro_cov_pct": 22.0, "parks": 1, "parks_cov_pct": 100.1, "playgrounds": 2, "schools": 6, "anganwadis": 3, "police": 0, "fire": 0, "public_toilets": 2, "toilet_cov_pct": 100.1, "lakes": 1, "ponds": 0, "flood_points": 1, "did_you_know_1": "Nearly all homes here are within a 15-minute walk of a bus stop.", "did_you_know_2": "This ward has 1 park, and nearly all homes are within a 15-minute walk of one.", "did_you_know_3": "This ward has 6 schools and 3 anganwadi (child-care) centres.", "question_1": "Safety is a real worry in parts of this ward — how will you improve policing and make our streets safer, especially at night?", "question_2": "How will you make sure emergency services like fire response can reach every corner of this ward quickly?", "question_3": "Our lakes and ponds are neglected or polluted — how will you clean up and protect the water bodies in this ward?", "question_4": "Getting across the city from this ward takes too long — how will you push for better public-transport and metro connectivity?", "question_5": "Children here have few safe places to play — will you commit to creating and maintaining playgrounds in this ward?"}, "geometry": {"type": "MultiPolygon", "coordinates": [[[[77.54054, 12.98929], [77.54251, 12.99509], [77.54724, 12.99342], [77.54562, 12.98871], [77.54252, 12.98893], [77.54229, 12.98738], [77.54054, 12.98929]]]]}}, {"type": "Feature", "properties": {"ward_name": "Shettihalli", "ward_id": "67", "zone": "Yelahanka", "assembly": "155 - Dasarahalli", "parliamentary": "Bangalore North", "bus_stops": 20, "bus_cov_pct": 93.3, "metro": 0, "metro_cov_pct": null, "parks": 0, "parks_cov_pct": 50.2, "playgrounds": 7, "schools": 16, "anganwadis": 6, "police": 0, "fire": 0, "public_toilets": 1, "toilet_cov_pct": 51.4, "lakes": 1, "ponds": 0, "flood_points": 2, "did_you_know_1": "About 9 in 10 homes here are within a 15-minute walk of a bus stop.", "did_you_know_2": "This ward has 16 schools and 6 anganwadi (child-care) centres.", "did_you_know_3": "This ward has 1 public toilet, and about 5 in 10 homes are within a 15-minute walk of one.", "question_1": "Safety is a real worry in parts of this ward — how will you improve policing and make our streets safer, especially at night?", "question_2": "How will you make sure emergency services like fire response can reach every corner of this ward quickly?", "question_3": "Families here struggle to find a park or open ground to relax in or for children to play — how will you create and maintain more green, open spaces in this ward?", "question_4": "Clean, safe public toilets are hard to find in parts of this ward — what will you do to provide and maintain them?", "question_5": "Our lakes and ponds are neglected or polluted — how will you clean up and protect the water bodies in this ward?"}, "geometry": {"type": "MultiPolygon", "coordinates": [[[[77.52571, 13.06928], [77.5245, 13.06439], [77.53107, 13.06179], [77.53225, 13.05817], [77.53269, 13.05973], [77.53445, 13.05913], [77.5353, 13.05483], [77.53128, 13.05443], [77.52397, 13.04917], [77.5222, 13.04591], [77.5187, 13.04838], [77.52054, 13.05921], [77.51424, 13.06123], [77.51125, 13.05883], [77.50799, 13.05946], [77.50522, 13.06357], [77.50921, 13.06376], [77.51106, 13.06963], [77.51591, 13.06755], [77.51842, 13.07159], [77.52355, 13.07087], [77.52352, 13.06987], [77.52571, 13.06928]]]]}}, {"type": "Feature", "properties": {"ward_name": "Bandepalya", "ward_id": "67", "zone": "Bommanahalli", "assembly": "175 - Bommanahalli", "parliamentary": "Bangalore South", "bus_stops": 8, "bus_cov_pct": 100.1, "metro": 0, "metro_cov_pct": null, "parks": 2, "parks_cov_pct": 70.9, "playgrounds": 0, "schools": 11, "anganwadis": 6, "police": 0, "fire": 0, "public_toilets": 2, "toilet_cov_pct": 45.8, "lakes": 2, "ponds": 0, "flood_points": 1, "did_you_know_1": "Nearly all homes here are within a 15-minute walk of a bus stop.", "did_you_know_2": "This ward has 2 parks, and about 7 in 10 homes are within a 15-minute walk of one.", "did_you_know_3": "This ward has 11 schools and 6 anganwadi (child-care) centres.", "question_1": "Children here have few safe places to play — will you commit to creating and maintaining playgrounds in this ward?", "question_2": "Safety is a real worry in parts of this ward — how will you improve policing and make our streets safer, especially at night?", "question_3": "Clean, safe public toilets are hard to find in parts of this ward — what will you do to provide and maintain them?", "question_4": "How will you make sure emergency services like fire response can reach every corner of this ward quickly?", "question_5": "Getting across the city from this ward takes too long — how will you push for better public-transport and metro connectivity?"}, "geometry": {"type": "MultiPolygon", "coordinates": [[[[77.65401, 12.87648], [77.65184, 12.87415], [77.65009, 12.87427], [77.64266, 12.88471], [77.64489, 12.8867], [77.64616, 12.88551], [77.64939, 12.88618], [77.64933, 12.88371], [77.65224, 12.88205], [77.65401, 12.87648]]], [[[77.64201, 12.89133], [77.6439, 12.89126], [77.64361, 12.88764], [77.64125, 12.88706], [77.63204, 12.90228], [77.63386, 12.90691], [77.63573, 12.9071], [77.63484, 12.9054], [77.63487, 12.90352], [77.63602, 12.90346], [77.63564, 12.89997], [77.63917, 12.89936], [77.63854, 12.8954], [77.64228, 12.8963], [77.64074, 12.89445], [77.64201, 12.89133]]]]}}, {"type": "Feature", "properties": {"ward_name": "Basaveshwara Nagara", "ward_id": "67", "zone": "Malleshwaram", "assembly": "165 - Rajajinagar", "parliamentary": "Bangalore Central", "bus_stops": 9, "bus_cov_pct": 100.1, "metro": 0, "metro_cov_pct": 11.0, "parks": 7, "parks_cov_pct": 100.1, "playgrounds": 1, "schools": 11, "anganwadis": 3, "police": 0, "fire": 0, "public_toilets": 4, "toilet_cov_pct": 100.1, "lakes": 0, "ponds": 0, "flood_points": 0, "did_you_know_1": "Nearly all homes here are within a 15-minute walk of a bus stop.", "did_you_know_2": "This ward has 7 parks, and nearly all homes are within a 15-minute walk of one.", "did_you_know_3": "This ward has 11 schools and 3 anganwadi (child-care) centres.", "question_1": "Safety is a real worry in parts of this ward — how will you improve policing and make our streets safer, especially at night?", "question_2": "Our lakes and ponds are neglected or polluted — how will you clean up and protect the water bodies in this ward?", "question_3": "How will you make sure emergency services like fire response can reach every corner of this ward quickly?", "question_4": "Children here have few safe places to play — will you commit to creating and maintaining playgrounds in this ward?", "question_5": "Getting across the city from this ward takes too long — how will you push for better public-transport and metro connectivity?"}, "geometry": {"type": "MultiPolygon", "coordinates": [[[[77.54457, 12.99732], [77.5443, 12.99543], [77.54579, 12.99456], [77.54251, 12.99509], [77.54052, 12.98829], [77.54229, 12.98738], [77.54252, 12.98893], [77.54562, 12.98871], [77.54517, 12.98501], [77.53446, 12.98844], [77.53301, 12.9891], [77.53292, 12.99096], [77.53148, 12.99111], [77.53165, 12.99258], [77.53845, 12.99158], [77.54116, 12.99939], [77.54457, 12.99732]]]]}}, {"type": "Feature", "properties": {"ward_name": "Mallasandra", "ward_id": "68", "zone": "Yelahanka", "assembly": "155 - Dasarahalli", "parliamentary": "Bangalore North", "bus_stops": 5, "bus_cov_pct": 100.1, "metro": 0, "metro_cov_pct": null, "parks": 2, "parks_cov_pct": 100.1, "playgrounds": 1, "schools": 17, "anganwadis": 5, "police": 0, "fire": 0, "public_toilets": 2, "toilet_cov_pct": 94.3, "lakes": 0, "ponds": 0, "flood_points": 0, "did_you_know_1": "Nearly all homes here are within a 15-minute walk of a bus stop.", "did_you_know_2": "This ward has 2 parks, and nearly all homes are within a 15-minute walk of one.", "did_you_know_3": "This ward has 17 schools and 5 anganwadi (child-care) centres.", "question_1": "Safety is a real worry in parts of this ward — how will you improve policing and make our streets safer, especially at night?", "question_2": "Our lakes and ponds are neglected or polluted — how will you clean up and protect the water bodies in this ward?", "question_3": "How will you make sure emergency services like fire response can reach every corner of this ward quickly?", "question_4": "Children here have few safe places to play — will you commit to creating and maintaining playgrounds in this ward?", "question_5": "Getting across the city from this ward takes too long — how will you push for better public-transport and metro connectivity?"}, "geometry": {"type": "MultiPolygon", "coordinates": [[[[77.50926, 13.05708], [77.50725, 13.05678], [77.50686, 13.06102], [77.50799, 13.05946], [77.51125, 13.05883], [77.51411, 13.06123], [77.52054, 13.05921], [77.5187, 13.04838], [77.5116, 13.05348], [77.50926, 13.05708]]]]}}, {"type": "Feature", "properties": {"ward_name": "Mangammana Palya", "ward_id": "68", "zone": "Bommanahalli", "assembly": "175 - Bommanahalli", "parliamentary": "Bangalore South", "bus_stops": 0, "bus_cov_pct": 100.1, "metro": 0, "metro_cov_pct": null, "parks": 0, "parks_cov_pct": 80.5, "playgrounds": 0, "schools": 12, "anganwadis": 5, "police": 0, "fire": 0, "public_toilets": 0, "toilet_cov_pct": 99.2, "lakes": 1, "ponds": 0, "flood_points": 0, "did_you_know_1": "Nearly all homes here are within a 15-minute walk of a bus stop.", "did_you_know_2": "This ward has 12 schools and 5 anganwadi (child-care) centres.", "did_you_know_3": "This ward has 1 lake.", "question_1": "Children here have few safe places to play — will you commit to creating and maintaining playgrounds in this ward?", "question_2": "Safety is a real worry in parts of this ward — how will you improve policing and make our streets safer, especially at night?", "question_3": "How will you make sure emergency services like fire response can reach every corner of this ward quickly?", "question_4": "Our lakes and ponds are neglected or polluted — how will you clean up and protect the water bodies in this ward?", "question_5": "Getting across the city from this ward takes too long — how will you push for better public-transport and metro connectivity?"}, "geometry": {"type": "MultiPolygon", "coordinates": [[[[77.64132, 12.90406], [77.64023, 12.89963], [77.64418, 12.89916], [77.64409, 12.89737], [77.63854, 12.8954], [77.63917, 12.89936], [77.63564, 12.89997], [77.63602, 12.90346], [77.63487, 12.90352], [77.63484, 12.9054], [77.63573, 12.9071], [77.64132, 12.90406]]]]}}, {"type": "Feature", "properties": {"ward_name": "Kamakshipalya", "ward_id": "68", "zone": "Malleshwaram", "assembly": "165 - Rajajinagar", "parliamentary": "Bangalore Central", "bus_stops": 5, "bus_cov_pct": 100.1, "metro": 0, "metro_cov_pct": 0.0, "parks": 3, "parks_cov_pct": 100.1, "playgrounds": 0, "schools": 8, "anganwadis": 3, "police": 1, "fire": 0, "public_toilets": 2, "toilet_cov_pct": 100.1, "lakes": 1, "ponds": 0, "flood_points": 0, "did_you_know_1": "Nearly all homes here are within a 15-minute walk of a bus stop.", "did_you_know_2": "This ward has 3 parks, and nearly all homes are within a 15-minute walk of one.", "did_you_know_3": "This ward has 8 schools and 3 anganwadi (child-care) centres.", "question_1": "Children here have few safe places to play — will you commit to creating and maintaining playgrounds in this ward?", "question_2": "How will you make sure emergency services like fire response can reach every corner of this ward quickly?", "question_3": "Our lakes and ponds are neglected or polluted — how will you clean up and protect the water bodies in this ward?", "question_4": "Getting across the city from this ward takes too long — how will you push for better public-transport and metro connectivity?", "question_5": "Safety is a real worry in parts of this ward — how will you improve policing and make our streets safer, especially at night?"}, "geometry": {"type": "MultiPolygon", "coordinates": [[[[77.53292, 12.99096], [77.53301, 12.9891], [77.53751, 12.98792], [77.53679, 12.98065], [77.52874, 12.98383], [77.53148, 12.99111], [77.53292, 12.99096]]]]}}, {"type": "Feature", "properties": {"ward_name": "Bagalagunte", "ward_id": "69", "zone": "Yelahanka", "assembly": "155 - Dasarahalli", "parliamentary": "Bangalore North", "bus_stops": 27, "bus_cov_pct": 97.5, "metro": 0, "metro_cov_pct": null, "parks": 4, "parks_cov_pct": 91.3, "playgrounds": 5, "schools": 27, "anganwadis": 5, "police": 1, "fire": 0, "public_toilets": 3, "toilet_cov_pct": 83.3, "lakes": 1, "ponds": 4, "flood_points": 3, "did_you_know_1": "Nearly all homes here are within a 15-minute walk of a bus stop.", "did_you_know_2": "This ward has 4 parks, and about 9 in 10 homes are within a 15-minute walk of one.", "did_you_know_3": "This ward has 27 schools and 5 anganwadi (child-care) centres.", "question_1": "How will you make sure emergency services like fire response can reach every corner of this ward quickly?", "question_2": "Getting across the city from this ward takes too long — how will you push for better public-transport and metro connectivity?", "question_3": "Every monsoon, the same spots in this ward flood — what concrete steps will you take to fix the drains and stop the flooding?", "question_4": "Clean, safe public toilets are hard to find in parts of this ward — what will you do to provide and maintain them?", "question_5": "Safety is a real worry in parts of this ward — how will you improve policing and make our streets safer, especially at night?"}, "geometry": {"type": "MultiPolygon", "coordinates": [[[[77.50869, 13.05286], [77.50825, 13.05154], [77.50523, 13.05237], [77.50569, 13.05396], [77.5036, 13.05429], [77.50364, 13.05534], [77.49578, 13.05744], [77.49197, 13.06001], [77.49304, 13.06225], [77.49297, 13.07353], [77.49834, 13.07329], [77.4996, 13.07203], [77.50682, 13.06114], [77.50725, 13.05678], [77.50936, 13.05714], [77.51143, 13.05376], [77.50869, 13.05286]]]]}}, {"type": "Feature", "properties": {"ward_name": "Hosapalya", "ward_id": "69", "zone": "Bommanahalli", "assembly": "175 - Bommanahalli", "parliamentary": "Bangalore South", "bus_stops": 3, "bus_cov_pct": 99.5, "metro": 0, "metro_cov_pct": null, "parks": 0, "parks_cov_pct": 63.3, "playgrounds": 0, "schools": 10, "anganwadis": 1, "police": 0, "fire": 0, "public_toilets": 0, "toilet_cov_pct": 44.0, "lakes": 1, "ponds": 0, "flood_points": 0, "did_you_know_1": "Nearly all homes here are within a 15-minute walk of a bus stop.", "did_you_know_2": "This ward has 10 schools and 1 anganwadi (child-care) centre.", "did_you_know_3": "This ward has 1 lake.", "question_1": "Children here have few safe places to play — will you commit to creating and maintaining playgrounds in this ward?", "question_2": "Safety is a real worry in parts of this ward — how will you improve policing and make our streets safer, especially at night?", "question_3": "Clean, safe public toilets are hard to find in parts of this ward — what will you do to provide and maintain them?", "question_4": "How will you make sure emergency services like fire response can reach every corner of this ward quickly?", "question_5": "Young families need childcare and anganwadi centres close to home — how will you add and support more of them in this ward?"}, "geometry": {"type": "MultiPolygon", "coordinates": [[[[77.64023, 12.89963], [77.64132, 12.90406], [77.64741, 12.89946], [77.6512, 12.89886], [77.65179, 12.90118], [77.65698, 12.89868], [77.6545, 12.89665], [77.6539, 12.89444], [77.65039, 12.89328], [77.64903, 12.89092], [77.64468, 12.89172], [77.64235, 12.8908], [77.64084, 12.89512], [77.64409, 12.89737], [77.64418, 12.89916], [77.64023, 12.89963]]]]}}, {"type": "Feature", "properties": {"ward_name": "Agrahara Dasarahalli", "ward_id": "69", "zone": "Malleshwaram", "assembly": "166 - Govindraj Nagar", "parliamentary": "Bangalore South", "bus_stops": 4, "bus_cov_pct": 100.1, "metro": 0, "metro_cov_pct": 23.3, "parks": 6, "parks_cov_pct": 100.1, "playgrounds": 0, "schools": 5, "anganwadis": 4, "police": 0, "fire": 0, "public_toilets": 0, "toilet_cov_pct": 100.1, "lakes": 0, "ponds": 0, "flood_points": 0, "did_you_know_1": "Nearly all homes here are within a 15-minute walk of a bus stop.", "did_you_know_2": "This ward has 6 parks, and nearly all homes are within a 15-minute walk of one.", "did_you_know_3": "This ward has 5 schools and 4 anganwadi (child-care) centres.", "question_1": "Children here have few safe places to play — will you commit to creating and maintaining playgrounds in this ward?", "question_2": "Safety is a real worry in parts of this ward — how will you improve policing and make our streets safer, especially at night?", "question_3": "Our lakes and ponds are neglected or polluted — how will you clean up and protect the water bodies in this ward?", "question_4": "How will you make sure emergency services like fire response can reach every corner of this ward quickly?", "question_5": "Getting across the city from this ward takes too long — how will you push for better public-transport and metro connectivity?"}, "geometry": {"type": "MultiPolygon", "coordinates": [[[[77.54203, 12.98317], [77.54438, 12.9808], [77.54407, 12.97823], [77.5368, 12.98068], [77.53751, 12.98792], [77.54243, 12.9857], [77.54203, 12.98317]]]]}}, {"type": "Feature", "properties": {"ward_name": "Manjunatha Nagar", "ward_id": "70", "zone": "Yelahanka", "assembly": "155 - Dasarahalli", "parliamentary": "Bangalore North", "bus_stops": 7, "bus_cov_pct": 100.1, "metro": 1, "metro_cov_pct": 19.9, "parks": 2, "parks_cov_pct": 100.1, "playgrounds": 4, "schools": 12, "anganwadis": 4, "police": 0, "fire": 0, "public_toilets": 2, "toilet_cov_pct": 100.0, "lakes": 0, "ponds": 0, "flood_points": 0, "did_you_know_1": "Nearly all homes here are within a 15-minute walk of a bus stop.", "did_you_know_2": "This ward has 2 parks, and nearly all homes are within a 15-minute walk of one.", "did_you_know_3": "This ward has 12 schools and 4 anganwadi (child-care) centres.", "question_1": "Safety is a real worry in parts of this ward — how will you improve policing and make our streets safer, especially at night?", "question_2": "Our lakes and ponds are neglected or polluted — how will you clean up and protect the water bodies in this ward?", "question_3": "How will you make sure emergency services like fire response can reach every corner of this ward quickly?", "question_4": "Getting across the city from this ward takes too long — how will you push for better public-transport and metro connectivity?", "question_5": "Many of us walk far or wait too long for a bus — what will you do to bring frequent, reliable bus service closer to every part of this ward?"}, "geometry": {"type": "MultiPolygon", "coordinates": [[[[77.49578, 13.05744], [77.50364, 13.05534], [77.5036, 13.05429], [77.50569, 13.05396], [77.50523, 13.05237], [77.50788, 13.05191], [77.5073, 13.04533], [77.49657, 13.04899], [77.49722, 13.05064], [77.49247, 13.05158], [77.49096, 13.05696], [77.49197, 13.06001], [77.49578, 13.05744]]]]}}, {"type": "Feature", "properties": {"ward_name": "Iblur", "ward_id": "70", "zone": "Bommanahalli", "assembly": "175 - Bommanahalli", "parliamentary": "Bangalore South", "bus_stops": 13, "bus_cov_pct": 71.9, "metro": 0, "metro_cov_pct": null, "parks": 7, "parks_cov_pct": 70.7, "playgrounds": 1, "schools": 8, "anganwadis": 2, "police": 1, "fire": 0, "public_toilets": 2, "toilet_cov_pct": 54.2, "lakes": 1, "ponds": 0, "flood_points": 0, "did_you_know_1": "About 7 in 10 homes here are within a 15-minute walk of a bus stop.", "did_you_know_2": "This ward has 7 parks, and about 7 in 10 homes are within a 15-minute walk of one.", "did_you_know_3": "This ward has 8 schools and 2 anganwadi (child-care) centres.", "question_1": "How will you make sure emergency services like fire response can reach every corner of this ward quickly?", "question_2": "Children here have few safe places to play — will you commit to creating and maintaining playgrounds in this ward?", "question_3": "Clean, safe public toilets are hard to find in parts of this ward — what will you do to provide and maintain them?", "question_4": "Our lakes and ponds are neglected or polluted — how will you clean up and protect the water bodies in this ward?", "question_5": "Getting across the city from this ward takes too long — how will you push for better public-transport and metro connectivity?"}, "geometry": {"type": "MultiPolygon", "coordinates": [[[[77.65169, 12.91974], [77.64495, 12.91898], [77.6451, 12.92199], [77.6482, 12.9242], [77.65174, 12.92422], [77.6515, 12.92118], [77.65466, 12.92045], [77.66035, 12.91634], [77.66279, 12.9212], [77.66116, 12.92161], [77.66221, 12.92794], [77.66493, 12.92814], [77.6664, 12.93101], [77.66804, 12.93124], [77.66887, 12.92323], [77.66004, 12.91515], [77.65995, 12.9099], [77.65655, 12.90919], [77.6547, 12.9018], [77.6566, 12.89898], [77.65402, 12.89941], [77.65071, 12.90177], [77.65027, 12.90366], [77.64873, 12.90353], [77.64903, 12.91195], [77.6519, 12.91199], [77.65169, 12.91974]]]]}}, {"type": "Feature", "properties": {"ward_name": "Dr Rajkumar Ward", "ward_id": "70", "zone": "Malleshwaram", "assembly": "166 - Govindraj Nagar", "parliamentary": "Bangalore South", "bus_stops": 11, "bus_cov_pct": 100.1, "metro": 0, "metro_cov_pct": 78.5, "parks": 3, "parks_cov_pct": 100.1, "playgrounds": 0, "schools": 10, "anganwadis": 4, "police": 3, "fire": 1, "public_toilets": 0, "toilet_cov_pct": 100.1, "lakes": 1, "ponds": 0, "flood_points": 2, "did_you_know_1": "Nearly all homes here are within a 15-minute walk of a bus stop.", "did_you_know_2": "This ward has 3 parks, and nearly all homes are within a 15-minute walk of one.", "did_you_know_3": "This ward has 10 schools and 4 anganwadi (child-care) centres.", "question_1": "Children here have few safe places to play — will you commit to creating and maintaining playgrounds in this ward?", "question_2": "Our lakes and ponds are neglected or polluted — how will you clean up and protect the water bodies in this ward?", "question_3": "Getting across the city from this ward takes too long — how will you push for better public-transport and metro connectivity?", "question_4": "Every monsoon, the same spots in this ward flood — what concrete steps will you take to fix the drains and stop the flooding?", "question_5": "Safety is a real worry in parts of this ward — how will you improve policing and make our streets safer, especially at night?"}, "geometry": {"type": "MultiPolygon", "coordinates": [[[[77.54434, 12.97976], [77.54203, 12.98317], [77.54243, 12.9857], [77.54908, 12.98442], [77.54902, 12.98081], [77.55527, 12.98012], [77.55516, 12.97703], [77.55449, 12.97557], [77.54998, 12.97377], [77.54407, 12.97823], [77.54434, 12.97976]]]]}}, {"type": "Feature", "properties": {"ward_name": "Nele Maheshwaramma Temple Ward", "ward_id": "71", "zone": "Yelahanka", "assembly": "155 - Dasarahalli", "parliamentary": "Bangalore North", "bus_stops": 3, "bus_cov_pct": 100.1, "metro": 1, "metro_cov_pct": 23.2, "parks": 0, "parks_cov_pct": 39.8, "playgrounds": 0, "schools": 11, "anganwadis": 2, "police": 0, "fire": 0, "public_toilets": 1, "toilet_cov_pct": 100.1, "lakes": 0, "ponds": 0, "flood_points": 0, "did_you_know_1": "Nearly all homes here are within a 15-minute walk of a bus stop.", "did_you_know_2": "This ward has 11 schools and 2 anganwadi (child-care) centres.", "did_you_know_3": "This ward has 1 public toilet, and nearly all homes are within a 15-minute walk of one.", "question_1": "Children here have few safe places to play — will you commit to creating and maintaining playgrounds in this ward?", "question_2": "Safety is a real worry in parts of this ward — how will you improve policing and make our streets safer, especially at night?", "question_3": "Families here struggle to find a park or open ground to relax in or for children to play — how will you create and maintain more green, open spaces in this ward?", "question_4": "Our lakes and ponds are neglected or polluted — how will you clean up and protect the water bodies in this ward?", "question_5": "How will you make sure emergency services like fire response can reach every corner of this ward quickly?"}, "geometry": {"type": "MultiPolygon", "coordinates": [[[[77.50783, 13.05157], [77.50924, 13.05383], [77.51143, 13.05376], [77.51081, 13.05104], [77.51496, 13.04926], [77.51298, 13.04293], [77.5073, 13.04533], [77.50783, 13.05157]]]]}}, {"type": "Feature", "properties": {"ward_name": "Agara", "ward_id": "71", "zone": "Bommanahalli", "assembly": "175 - Bommanahalli", "parliamentary": "Bangalore South", "bus_stops": 24, "bus_cov_pct": 100.1, "metro": 0, "metro_cov_pct": null, "parks": 8, "parks_cov_pct": 100.1, "playgrounds": 1, "schools": 9, "anganwadis": 1, "police": 1, "fire": 0, "public_toilets": 1, "toilet_cov_pct": 99.4, "lakes": 0, "ponds": 0, "flood_points": 3, "did_you_know_1": "Nearly all homes here are within a 15-minute walk of a bus stop.", "did_you_know_2": "This ward has 8 parks, and nearly all homes are within a 15-minute walk of one.", "did_you_know_3": "This ward has 9 schools and 1 anganwadi (child-care) centre.", "question_1": "Our lakes and ponds are neglected or polluted — how will you clean up and protect the water bodies in this ward?", "question_2": "How will you make sure emergency services like fire response can reach every corner of this ward quickly?", "question_3": "Young families need childcare and anganwadi centres close to home — how will you add and support more of them in this ward?", "question_4": "Children here have few safe places to play — will you commit to creating and maintaining playgrounds in this ward?", "question_5": "Getting across the city from this ward takes too long — how will you push for better public-transport and metro connectivity?"}, "geometry": {"type": "MultiPolygon", "coordinates": [[[[77.64495, 12.91898], [77.65169, 12.91974], [77.6519, 12.91199], [77.64903, 12.91195], [77.64873, 12.90353], [77.65027, 12.90366], [77.65178, 12.90113], [77.6512, 12.89886], [77.64741, 12.89946], [77.63863, 12.9059], [77.63804, 12.90984], [77.6416, 12.90971], [77.64169, 12.91219], [77.64465, 12.91206], [77.64495, 12.91898]]]]}}, {"type": "Feature", "properties": {"ward_name": "Thimmenahalli", "ward_id": "71", "zone": "Malleshwaram", "assembly": "166 - Govindraj Nagar", "parliamentary": "Bangalore South", "bus_stops": 7, "bus_cov_pct": 100.1, "metro": 1, "metro_cov_pct": 96.4, "parks": 3, "parks_cov_pct": 100.1, "playgrounds": 1, "schools": 17, "anganwadis": 3, "police": 0, "fire": 0, "public_toilets": 0, "toilet_cov_pct": 79.8, "lakes": 0, "ponds": 0, "flood_points": 0, "did_you_know_1": "Nearly all homes here are within a 15-minute walk of a bus stop.", "did_you_know_2": "This ward has 3 parks, and nearly all homes are within a 15-minute walk of one.", "did_you_know_3": "This ward has 17 schools and 3 anganwadi (child-care) centres.", "question_1": "Safety is a real worry in parts of this ward — how will you improve policing and make our streets safer, especially at night?", "question_2": "Our lakes and ponds are neglected or polluted — how will you clean up and protect the water bodies in this ward?", "question_3": "How will you make sure emergency services like fire response can reach every corner of this ward quickly?", "question_4": "Children here have few safe places to play — will you commit to creating and maintaining playgrounds in this ward?", "question_5": "Clean, safe public toilets are hard to find in parts of this ward — what will you do to provide and maintain them?"}, "geometry": {"type": "MultiPolygon", "coordinates": [[[[77.54836, 12.97507], [77.54029, 12.97429], [77.54043, 12.97555], [77.5334, 12.97581], [77.53485, 12.98138], [77.54533, 12.97776], [77.54836, 12.97507]]]]}}, {"type": "Feature", "properties": {"ward_name": "Dasarahalli", "ward_id": "72", "zone": "Yelahanka", "assembly": "155 - Dasarahalli", "parliamentary": "Bangalore North", "bus_stops": 4, "bus_cov_pct": 100.1, "metro": 0, "metro_cov_pct": 12.4, "parks": 0, "parks_cov_pct": 30.2, "playgrounds": 1, "schools": 12, "anganwadis": 5, "police": 0, "fire": 0, "public_toilets": 3, "toilet_cov_pct": 100.1, "lakes": 0, "ponds": 0, "flood_points": 0, "did_you_know_1": "Nearly all homes here are within a 15-minute walk of a bus stop.", "did_you_know_2": "This ward has 12 schools and 5 anganwadi (child-care) centres.", "did_you_know_3": "This ward has 3 public toilets, and nearly all homes are within a 15-minute walk of one.", "question_1": "Families here struggle to find a park or open ground to relax in or for children to play — how will you create and maintain more green, open spaces in this ward?", "question_2": "Safety is a real worry in parts of this ward — how will you improve policing and make our streets safer, especially at night?", "question_3": "Our lakes and ponds are neglected or polluted — how will you clean up and protect the water bodies in this ward?", "question_4": "How will you make sure emergency services like fire response can reach every corner of this ward quickly?", "question_5": "Children here have few safe places to play — will you commit to creating and maintaining playgrounds in this ward?"}, "geometry": {"type": "MultiPolygon", "coordinates": [[[[77.51496, 13.04926], [77.51081, 13.05104], [77.5116, 13.05348], [77.5222, 13.04591], [77.51844, 13.03989], [77.51298, 13.04293], [77.51496, 13.04926]]]]}}, {"type": "Feature", "properties": {"ward_name": "HSR Layout", "ward_id": "72", "zone": "Bommanahalli", "assembly": "175 - Bommanahalli", "parliamentary": "Bangalore South", "bus_stops": 31, "bus_cov_pct": 96.1, "metro": 0, "metro_cov_pct": null, "parks": 12, "parks_cov_pct": 94.5, "playgrounds": 0, "schools": 11, "anganwadis": 1, "police": 0, "fire": 0, "public_toilets": 10, "toilet_cov_pct": 100.1, "lakes": 1, "ponds": 0, "flood_points": 2, "did_you_know_1": "Nearly all homes here are within a 15-minute walk of a bus stop.", "did_you_know_2": "This ward has 12 parks, and about 9 in 10 homes are within a 15-minute walk of one.", "did_you_know_3": "This ward has 11 schools and 1 anganwadi (child-care) centre.", "question_1": "Children here have few safe places to play — will you commit to creating and maintaining playgrounds in this ward?", "question_2": "Safety is a real worry in parts of this ward — how will you improve policing and make our streets safer, especially at night?", "question_3": "How will you make sure emergency services like fire response can reach every corner of this ward quickly?", "question_4": "Young families need childcare and anganwadi centres close to home — how will you add and support more of them in this ward?", "question_5": "Our lakes and ponds are neglected or polluted — how will you clean up and protect the water bodies in this ward?"}, "geometry": {"type": "MultiPolygon", "coordinates": [[[[77.63804, 12.90984], [77.63863, 12.9059], [77.63386, 12.90691], [77.63189, 12.9022], [77.62274, 12.9173], [77.63817, 12.91595], [77.63992, 12.92383], [77.65019, 12.92442], [77.6451, 12.92199], [77.64465, 12.91206], [77.64169, 12.91219], [77.6416, 12.90971], [77.63804, 12.90984]]]]}}, {"type": "Feature", "properties": {"ward_name": "Kaveripura", "ward_id": "72", "zone": "Malleshwaram", "assembly": "166 - Govindraj Nagar", "parliamentary": "Bangalore South", "bus_stops": 1, "bus_cov_pct": 97.7, "metro": 0, "metro_cov_pct": null, "parks": 0, "parks_cov_pct": 90.7, "playgrounds": 0, "schools": 7, "anganwadis": 3, "police": 0, "fire": 0, "public_toilets": 0, "toilet_cov_pct": 96.9, "lakes": 0, "ponds": 0, "flood_points": 0, "did_you_know_1": "Nearly all homes here are within a 15-minute walk of a bus stop.", "did_you_know_2": "This ward has 7 schools and 3 anganwadi (child-care) centres.", "did_you_know_3": "This ward is served by 1 bus stop.", "question_1": "Children here have few safe places to play — will you commit to creating and maintaining playgrounds in this ward?", "question_2": "Safety is a real worry in parts of this ward — how will you improve policing and make our streets safer, especially at night?", "question_3": "Our lakes and ponds are neglected or polluted — how will you clean up and protect the water bodies in this ward?", "question_4": "How will you make sure emergency services like fire response can reach every corner of this ward quickly?", "question_5": "Getting across the city from this ward takes too long — how will you push for better public-transport and metro connectivity?"}, "geometry": {"type": "MultiPolygon", "coordinates": [[[[77.52455, 12.97792], [77.5227, 12.97775], [77.52266, 12.97656], [77.51869, 12.97727], [77.51973, 12.97959], [77.51823, 12.98238], [77.52031, 12.9869], [77.5237, 12.98501], [77.52641, 12.98589], [77.5314, 12.98211], [77.53485, 12.98138], [77.53418, 12.97926], [77.5272, 12.9808], [77.52455, 12.97792]]]]}}, {"type": "Feature", "properties": {"ward_name": "Dr. Vishnuvardhan Ward", "ward_id": "73", "zone": "Malleshwaram", "assembly": "166 - Govindraj Nagar", "parliamentary": "Bangalore South", "bus_stops": 10, "bus_cov_pct": 100.1, "metro": 1, "metro_cov_pct": 73.2, "parks": 10, "parks_cov_pct": 100.1, "playgrounds": 1, "schools": 18, "anganwadis": 2, "police": 0, "fire": 0, "public_toilets": 0, "toilet_cov_pct": 58.2, "lakes": 0, "ponds": 0, "flood_points": 0, "did_you_know_1": "Nearly all homes here are within a 15-minute walk of a bus stop.", "did_you_know_2": "This ward has 10 parks, and nearly all homes are within a 15-minute walk of one.", "did_you_know_3": "This ward has 18 schools and 2 anganwadi (child-care) centres.", "question_1": "Safety is a real worry in parts of this ward — how will you improve policing and make our streets safer, especially at night?", "question_2": "Our lakes and ponds are neglected or polluted — how will you clean up and protect the water bodies in this ward?", "question_3": "How will you make sure emergency services like fire response can reach every corner of this ward quickly?", "question_4": "Children here have few safe places to play — will you commit to creating and maintaining playgrounds in this ward?", "question_5": "Clean, safe public toilets are hard to find in parts of this ward — what will you do to provide and maintain them?"}, "geometry": {"type": "MultiPolygon", "coordinates": [[[[77.53578, 12.96957], [77.53278, 12.97042], [77.5338, 12.97209], [77.52706, 12.97292], [77.52658, 12.97625], [77.52872, 12.97632], [77.5306, 12.98055], [77.53418, 12.97926], [77.5334, 12.97581], [77.54207, 12.97465], [77.53801, 12.97241], [77.53619, 12.96752], [77.53578, 12.96957]]]]}}, {"type": "Feature", "properties": {"ward_name": "Pattegar Palya", "ward_id": "74", "zone": "Malleshwaram", "assembly": "166 - Govindraj Nagar", "parliamentary": "Bangalore South", "bus_stops": 5, "bus_cov_pct": 100.1, "metro": 0, "metro_cov_pct": null, "parks": 1, "parks_cov_pct": 100.1, "playgrounds": 0, "schools": 11, "anganwadis": 4, "police": 0, "fire": 0, "public_toilets": 1, "toilet_cov_pct": 100.1, "lakes": 1, "ponds": 0, "flood_points": 0, "did_you_know_1": "Nearly all homes here are within a 15-minute walk of a bus stop.", "did_you_know_2": "This ward has 1 park, and nearly all homes are within a 15-minute walk of one.", "did_you_know_3": "This ward has 11 schools and 4 anganwadi (child-care) centres.", "question_1": "Children here have few safe places to play — will you commit to creating and maintaining playgrounds in this ward?", "question_2": "Safety is a real worry in parts of this ward — how will you improve policing and make our streets safer, especially at night?", "question_3": "How will you make sure emergency services like fire response can reach every corner of this ward quickly?", "question_4": "Our lakes and ponds are neglected or polluted — how will you clean up and protect the water bodies in this ward?", "question_5": "Getting across the city from this ward takes too long — how will you push for better public-transport and metro connectivity?"}, "geometry": {"type": "MultiPolygon", "coordinates": [[[[77.52266, 12.97656], [77.52686, 12.9793], [77.5272, 12.9808], [77.53049, 12.9803], [77.52872, 12.97632], [77.52427, 12.9764], [77.52352, 12.97391], [77.51821, 12.97535], [77.51869, 12.97727], [77.52266, 12.97656]]]]}}, {"type": "Feature", "properties": {"ward_name": "Marenahalli West", "ward_id": "75", "zone": "Malleshwaram", "assembly": "166 - Govindraj Nagar", "parliamentary": "Bangalore South", "bus_stops": 7, "bus_cov_pct": 100.1, "metro": 0, "metro_cov_pct": 45.1, "parks": 2, "parks_cov_pct": 100.1, "playgrounds": 0, "schools": 5, "anganwadis": 3, "police": 1, "fire": 0, "public_toilets": 0, "toilet_cov_pct": 62.1, "lakes": 0, "ponds": 0, "flood_points": 0, "did_you_know_1": "Nearly all homes here are within a 15-minute walk of a bus stop.", "did_you_know_2": "This ward has 2 parks, and nearly all homes are within a 15-minute walk of one.", "did_you_know_3": "This ward has 5 schools and 3 anganwadi (child-care) centres.", "question_1": "Children here have few safe places to play — will you commit to creating and maintaining playgrounds in this ward?", "question_2": "Our lakes and ponds are neglected or polluted — how will you clean up and protect the water bodies in this ward?", "question_3": "How will you make sure emergency services like fire response can reach every corner of this ward quickly?", "question_4": "Getting across the city from this ward takes too long — how will you push for better public-transport and metro connectivity?", "question_5": "Clean, safe public toilets are hard to find in parts of this ward — what will you do to provide and maintain them?"}, "geometry": {"type": "MultiPolygon", "coordinates": [[[[77.52853, 12.96998], [77.52352, 12.97391], [77.52427, 12.9764], [77.52656, 12.97593], [77.52706, 12.97292], [77.5338, 12.97209], [77.53278, 12.97042], [77.53623, 12.96944], [77.53555, 12.9677], [77.53057, 12.96868], [77.52973, 12.96992], [77.52939, 12.96827], [77.52827, 12.96822], [77.52853, 12.96998]]]]}}, {"type": "Feature", "properties": {"ward_name": "Moodalapalya", "ward_id": "76", "zone": "Malleshwaram", "assembly": "166 - Govindraj Nagar", "parliamentary": "Bangalore South", "bus_stops": 3, "bus_cov_pct": 100.1, "metro": 0, "metro_cov_pct": null, "parks": 1, "parks_cov_pct": 100.1, "playgrounds": 0, "schools": 8, "anganwadis": 2, "police": 0, "fire": 0, "public_toilets": 0, "toilet_cov_pct": 100.1, "lakes": 0, "ponds": 0, "flood_points": 1, "did_you_know_1": "Nearly all homes here are within a 15-minute walk of a bus stop.", "did_you_know_2": "This ward has 1 park, and nearly all homes are within a 15-minute walk of one.", "did_you_know_3": "This ward has 8 schools and 2 anganwadi (child-care) centres.", "question_1": "Children here have few safe places to play — will you commit to creating and maintaining playgrounds in this ward?", "question_2": "Safety is a real worry in parts of this ward — how will you improve policing and make our streets safer, especially at night?", "question_3": "Our lakes and ponds are neglected or polluted — how will you clean up and protect the water bodies in this ward?", "question_4": "How will you make sure emergency services like fire response can reach every corner of this ward quickly?", "question_5": "Getting across the city from this ward takes too long — how will you push for better public-transport and metro connectivity?"}, "geometry": {"type": "MultiPolygon", "coordinates": [[[[77.51772, 12.9697], [77.51821, 12.97535], [77.52534, 12.9727], [77.52462, 12.96936], [77.51772, 12.9697]]]]}}, {"type": "Feature", "properties": {"ward_name": "Maruthi Mandira Ward", "ward_id": "77", "zone": "Malleshwaram", "assembly": "166 - Govindraj Nagar", "parliamentary": "Bangalore South", "bus_stops": 7, "bus_cov_pct": 100.1, "metro": 0, "metro_cov_pct": 72.5, "parks": 6, "parks_cov_pct": 100.1, "playgrounds": 0, "schools": 7, "anganwadis": 2, "police": 0, "fire": 0, "public_toilets": 0, "toilet_cov_pct": 86.8, "lakes": 0, "ponds": 0, "flood_points": 0, "did_you_know_1": "Nearly all homes here are within a 15-minute walk of a bus stop.", "did_you_know_2": "This ward has 6 parks, and nearly all homes are within a 15-minute walk of one.", "did_you_know_3": "This ward has 7 schools and 2 anganwadi (child-care) centres.", "question_1": "Children here have few safe places to play — will you commit to creating and maintaining playgrounds in this ward?", "question_2": "Safety is a real worry in parts of this ward — how will you improve policing and make our streets safer, especially at night?", "question_3": "Our lakes and ponds are neglected or polluted — how will you clean up and protect the water bodies in this ward?", "question_4": "How will you make sure emergency services like fire response can reach every corner of this ward quickly?", "question_5": "Getting across the city from this ward takes too long — how will you push for better public-transport and metro connectivity?"}, "geometry": {"type": "MultiPolygon", "coordinates": [[[[77.52643, 12.9646], [77.52564, 12.96565], [77.52648, 12.9666], [77.52388, 12.96758], [77.52496, 12.97076], [77.52853, 12.96998], [77.52827, 12.96822], [77.52939, 12.96827], [77.52973, 12.96992], [77.53057, 12.96868], [77.53619, 12.96752], [77.53469, 12.96438], [77.52643, 12.9646]]]]}}, {"type": "Feature", "properties": {"ward_name": "Anubhava Nagara", "ward_id": "78", "zone": "Malleshwaram", "assembly": "166 - Govindraj Nagar", "parliamentary": "Bangalore South", "bus_stops": 9, "bus_cov_pct": 100.1, "metro": 0, "metro_cov_pct": 15.2, "parks": 5, "parks_cov_pct": 100.1, "playgrounds": 0, "schools": 11, "anganwadis": 2, "police": 0, "fire": 0, "public_toilets": 2, "toilet_cov_pct": 100.1, "lakes": 0, "ponds": 0, "flood_points": 0, "did_you_know_1": "Nearly all homes here are within a 15-minute walk of a bus stop.", "did_you_know_2": "This ward has 5 parks, and nearly all homes are within a 15-minute walk of one.", "did_you_know_3": "This ward has 11 schools and 2 anganwadi (child-care) centres.", "question_1": "Children here have few safe places to play — will you commit to creating and maintaining playgrounds in this ward?", "question_2": "Safety is a real worry in parts of this ward — how will you improve policing and make our streets safer, especially at night?", "question_3": "Our lakes and ponds are neglected or polluted — how will you clean up and protect the water bodies in this ward?", "question_4": "How will you make sure emergency services like fire response can reach every corner of this ward quickly?", "question_5": "Getting across the city from this ward takes too long — how will you push for better public-transport and metro connectivity?"}, "geometry": {"type": "MultiPolygon", "coordinates": [[[[77.51925, 12.96462], [77.51954, 12.96662], [77.51761, 12.96662], [77.51749, 12.96924], [77.52462, 12.96936], [77.52388, 12.96758], [77.52648, 12.9666], [77.52564, 12.96565], [77.52671, 12.96199], [77.52064, 12.96179], [77.52085, 12.9634], [77.51925, 12.96462]]]]}}, {"type": "Feature", "properties": {"ward_name": "Nagarbhavi", "ward_id": "79", "zone": "Malleshwaram", "assembly": "166 - Govindraj Nagar", "parliamentary": "Bangalore South", "bus_stops": 17, "bus_cov_pct": 85.6, "metro": 0, "metro_cov_pct": 16.7, "parks": 4, "parks_cov_pct": 81.8, "playgrounds": 0, "schools": 15, "anganwadis": 6, "police": 0, "fire": 0, "public_toilets": 0, "toilet_cov_pct": 48.9, "lakes": 0, "ponds": 0, "flood_points": 1, "did_you_know_1": "About 9 in 10 homes here are within a 15-minute walk of a bus stop.", "did_you_know_2": "This ward has 4 parks, and about 8 in 10 homes are within a 15-minute walk of one.", "did_you_know_3": "This ward has 15 schools and 6 anganwadi (child-care) centres.", "question_1": "Children here have few safe places to play — will you commit to creating and maintaining playgrounds in this ward?", "question_2": "Safety is a real worry in parts of this ward — how will you improve policing and make our streets safer, especially at night?", "question_3": "Our lakes and ponds are neglected or polluted — how will you clean up and protect the water bodies in this ward?", "question_4": "Clean, safe public toilets are hard to find in parts of this ward — what will you do to provide and maintain them?", "question_5": "How will you make sure emergency services like fire response can reach every corner of this ward quickly?"}, "geometry": {"type": "MultiPolygon", "coordinates": [[[[77.51869, 12.94491], [77.52143, 12.94183], [77.51849, 12.94064], [77.51811, 12.93638], [77.51333, 12.93563], [77.51272, 12.93821], [77.51701, 12.94449], [77.51106, 12.95004], [77.51219, 12.95466], [77.51156, 12.959], [77.51448, 12.95771], [77.51606, 12.9618], [77.51776, 12.96196], [77.51847, 12.96534], [77.5174, 12.96648], [77.51823, 12.96669], [77.51954, 12.96662], [77.51925, 12.96462], [77.52085, 12.9634], [77.51887, 12.95815], [77.51996, 12.95321], [77.52704, 12.9512], [77.52666, 12.94855], [77.52058, 12.94957], [77.51869, 12.94491]]]]}}, {"type": "Feature", "properties": {"ward_name": "Chandra Layout", "ward_id": "80", "zone": "Malleshwaram", "assembly": "166 - Govindraj Nagar", "parliamentary": "Bangalore South", "bus_stops": 7, "bus_cov_pct": 100.1, "metro": 0, "metro_cov_pct": 13.6, "parks": 6, "parks_cov_pct": 100.1, "playgrounds": 1, "schools": 14, "anganwadis": 7, "police": 0, "fire": 0, "public_toilets": 0, "toilet_cov_pct": 100.1, "lakes": 1, "ponds": 0, "flood_points": 0, "did_you_know_1": "Nearly all homes here are within a 15-minute walk of a bus stop.", "did_you_know_2": "This ward has 6 parks, and nearly all homes are within a 15-minute walk of one.", "did_you_know_3": "This ward has 14 schools and 7 anganwadi (child-care) centres.", "question_1": "Safety is a real worry in parts of this ward — how will you improve policing and make our streets safer, especially at night?", "question_2": "How will you make sure emergency services like fire response can reach every corner of this ward quickly?", "question_3": "Children here have few safe places to play — will you commit to creating and maintaining playgrounds in this ward?", "question_4": "Our lakes and ponds are neglected or polluted — how will you clean up and protect the water bodies in this ward?", "question_5": "Getting across the city from this ward takes too long — how will you push for better public-transport and metro connectivity?"}, "geometry": {"type": "MultiPolygon", "coordinates": [[[[77.51996, 12.95321], [77.51937, 12.95965], [77.52527, 12.95873], [77.52863, 12.95682], [77.52704, 12.9512], [77.51996, 12.95321]]]]}}, {"type": "Feature", "properties": {"ward_name": "Nayanda Halli", "ward_id": "81", "zone": "Malleshwaram", "assembly": "166 - Govindraj Nagar", "parliamentary": "Bangalore South", "bus_stops": 6, "bus_cov_pct": 99.3, "metro": 0, "metro_cov_pct": 68.6, "parks": 6, "parks_cov_pct": 98.4, "playgrounds": 0, "schools": 8, "anganwadis": 7, "police": 0, "fire": 0, "public_toilets": 0, "toilet_cov_pct": 72.3, "lakes": 1, "ponds": 0, "flood_points": 1, "did_you_know_1": "Nearly all homes here are within a 15-minute walk of a bus stop.", "did_you_know_2": "This ward has 6 parks, and nearly all homes are within a 15-minute walk of one.", "did_you_know_3": "This ward has 8 schools and 7 anganwadi (child-care) centres.", "question_1": "Children here have few safe places to play — will you commit to creating and maintaining playgrounds in this ward?", "question_2": "Safety is a real worry in parts of this ward — how will you improve policing and make our streets safer, especially at night?", "question_3": "How will you make sure emergency services like fire response can reach every corner of this ward quickly?", "question_4": "Our lakes and ponds are neglected or polluted — how will you clean up and protect the water bodies in this ward?", "question_5": "Getting across the city from this ward takes too long — how will you push for better public-transport and metro connectivity?"}, "geometry": {"type": "MultiPolygon", "coordinates": [[[[77.51841, 12.94418], [77.52058, 12.94957], [77.52218, 12.9499], [77.52666, 12.94855], [77.52638, 12.94581], [77.52802, 12.94532], [77.52288, 12.93899], [77.51779, 12.93638], [77.51849, 12.94064], [77.52143, 12.94183], [77.51841, 12.94418]]]]}}, {"type": "Feature", "properties": {"ward_name": "Attigupe", "ward_id": "82", "zone": "Malleshwaram", "assembly": "167 - Vijayanagar", "parliamentary": "Bangalore South", "bus_stops": 15, "bus_cov_pct": 100.1, "metro": 0, "metro_cov_pct": 82.2, "parks": 24, "parks_cov_pct": 100.1, "playgrounds": 0, "schools": 13, "anganwadis": 2, "police": 1, "fire": 0, "public_toilets": 2, "toilet_cov_pct": 100.1, "lakes": 0, "ponds": 0, "flood_points": 0, "did_you_know_1": "Nearly all homes here are within a 15-minute walk of a bus stop.", "did_you_know_2": "This ward has 24 parks, and nearly all homes are within a 15-minute walk of one.", "did_you_know_3": "This ward has 13 schools and 2 anganwadi (child-care) centres.", "question_1": "Children here have few safe places to play — will you commit to creating and maintaining playgrounds in this ward?", "question_2": "Our lakes and ponds are neglected or polluted — how will you clean up and protect the water bodies in this ward?", "question_3": "How will you make sure emergency services like fire response can reach every corner of this ward quickly?", "question_4": "Getting across the city from this ward takes too long — how will you push for better public-transport and metro connectivity?", "question_5": "Young families need childcare and anganwadi centres close to home — how will you add and support more of them in this ward?"}, "geometry": {"type": "MultiPolygon", "coordinates": [[[[77.52715, 12.95179], [77.52841, 12.95708], [77.51932, 12.95966], [77.52064, 12.96179], [77.52671, 12.96199], [77.52643, 12.9646], [77.5295, 12.96494], [77.53042, 12.96425], [77.52964, 12.96054], [77.53308, 12.96003], [77.53453, 12.95621], [77.5327, 12.95659], [77.53264, 12.95533], [77.5299, 12.95496], [77.52881, 12.95223], [77.52715, 12.95179]]]]}}, {"type": "Feature", "properties": {"ward_name": "Hampi Nagar", "ward_id": "83", "zone": "Malleshwaram", "assembly": "167 - Vijayanagar", "parliamentary": "Bangalore South", "bus_stops": 16, "bus_cov_pct": 100.1, "metro": 1, "metro_cov_pct": 76.1, "parks": 12, "parks_cov_pct": 100.1, "playgrounds": 0, "schools": 12, "anganwadis": 0, "police": 0, "fire": 0, "public_toilets": 3, "toilet_cov_pct": 100.1, "lakes": 0, "ponds": 0, "flood_points": 0, "did_you_know_1": "Nearly all homes here are within a 15-minute walk of a bus stop.", "did_you_know_2": "This ward has 12 parks, and nearly all homes are within a 15-minute walk of one.", "did_you_know_3": "This ward has 12 schools.", "question_1": "Young families need childcare and anganwadi centres close to home — how will you add and support more of them in this ward?", "question_2": "Children here have few safe places to play — will you commit to creating and maintaining playgrounds in this ward?", "question_3": "Safety is a real worry in parts of this ward — how will you improve policing and make our streets safer, especially at night?", "question_4": "Our lakes and ponds are neglected or polluted — how will you clean up and protect the water bodies in this ward?", "question_5": "How will you make sure emergency services like fire response can reach every corner of this ward quickly?"}, "geometry": {"type": "MultiPolygon", "coordinates": [[[[77.53747, 12.96333], [77.53577, 12.96385], [77.53494, 12.96166], [77.53608, 12.96098], [77.53444, 12.96], [77.53587, 12.95405], [77.52995, 12.95122], [77.52638, 12.94582], [77.52708, 12.95143], [77.52881, 12.95223], [77.5299, 12.95496], [77.53264, 12.95533], [77.5327, 12.95659], [77.53453, 12.95621], [77.53308, 12.96003], [77.52964, 12.96054], [77.53039, 12.9647], [77.53469, 12.96438], [77.53683, 12.96876], [77.54074, 12.96577], [77.54055, 12.96435], [77.53757, 12.96532], [77.53747, 12.96333]]]]}}, {"type": "Feature", "properties": {"ward_name": "Hosahalli", "ward_id": "84", "zone": "Malleshwaram", "assembly": "167 - Vijayanagar", "parliamentary": "Bangalore South", "bus_stops": 3, "bus_cov_pct": 100.1, "metro": 0, "metro_cov_pct": 17.2, "parks": 6, "parks_cov_pct": 100.1, "playgrounds": 1, "schools": 15, "anganwadis": 4, "police": 1, "fire": 0, "public_toilets": 4, "toilet_cov_pct": 100.1, "lakes": 0, "ponds": 0, "flood_points": 0, "did_you_know_1": "Nearly all homes here are within a 15-minute walk of a bus stop.", "did_you_know_2": "This ward has 6 parks, and nearly all homes are within a 15-minute walk of one.", "did_you_know_3": "This ward has 15 schools and 4 anganwadi (child-care) centres.", "question_1": "Our lakes and ponds are neglected or polluted — how will you clean up and protect the water bodies in this ward?", "question_2": "How will you make sure emergency services like fire response can reach every corner of this ward quickly?", "question_3": "Children here have few safe places to play — will you commit to creating and maintaining playgrounds in this ward?", "question_4": "Getting across the city from this ward takes too long — how will you push for better public-transport and metro connectivity?", "question_5": "Safety is a real worry in parts of this ward — how will you improve policing and make our streets safer, especially at night?"}, "geometry": {"type": "MultiPolygon", "coordinates": [[[[77.54397, 12.95945], [77.54159, 12.95849], [77.54074, 12.96577], [77.53667, 12.96879], [77.53894, 12.97307], [77.54133, 12.97363], [77.54103, 12.97258], [77.5426, 12.97204], [77.54213, 12.97013], [77.54365, 12.96965], [77.54239, 12.96772], [77.54385, 12.96758], [77.54285, 12.96563], [77.54424, 12.96587], [77.54238, 12.96426], [77.54209, 12.9621], [77.54403, 12.96107], [77.54397, 12.95945]]]]}}, {"type": "Feature", "properties": {"ward_name": "Adi Chunchanagiri Ward", "ward_id": "85", "zone": "Malleshwaram", "assembly": "167 - Vijayanagar", "parliamentary": "Bangalore South", "bus_stops": 7, "bus_cov_pct": 100.1, "metro": 0, "metro_cov_pct": 54.6, "parks": 10, "parks_cov_pct": 100.1, "playgrounds": 0, "schools": 13, "anganwadis": 2, "police": 0, "fire": 0, "public_toilets": 3, "toilet_cov_pct": 100.1, "lakes": 0, "ponds": 0, "flood_points": 1, "did_you_know_1": "Nearly all homes here are within a 15-minute walk of a bus stop.", "did_you_know_2": "This ward has 10 parks, and nearly all homes are within a 15-minute walk of one.", "did_you_know_3": "This ward has 13 schools and 2 anganwadi (child-care) centres.", "question_1": "Children here have few safe places to play — will you commit to creating and maintaining playgrounds in this ward?", "question_2": "Safety is a real worry in parts of this ward — how will you improve policing and make our streets safer, especially at night?", "question_3": "Our lakes and ponds are neglected or polluted — how will you clean up and protect the water bodies in this ward?", "question_4": "How will you make sure emergency services like fire response can reach every corner of this ward quickly?", "question_5": "Getting across the city from this ward takes too long — how will you push for better public-transport and metro connectivity?"}, "geometry": {"type": "MultiPolygon", "coordinates": [[[[77.54574, 12.96083], [77.54209, 12.9621], [77.54238, 12.96426], [77.54424, 12.96587], [77.54285, 12.96563], [77.54385, 12.96758], [77.54239, 12.96772], [77.54365, 12.96965], [77.54213, 12.97013], [77.5426, 12.97204], [77.54103, 12.97258], [77.54133, 12.97363], [77.54804, 12.97462], [77.54598, 12.96938], [77.54846, 12.96868], [77.54934, 12.96712], [77.55021, 12.9683], [77.55116, 12.96775], [77.54849, 12.96514], [77.54386, 12.96399], [77.54574, 12.96083]]]]}}, {"type": "Feature", "properties": {"ward_name": "Vidyaranyanagara", "ward_id": "86", "zone": "Malleshwaram", "assembly": "167 - Vijayanagar", "parliamentary": "Bangalore South", "bus_stops": 0, "bus_cov_pct": 100.1, "metro": 0, "metro_cov_pct": 85.8, "parks": 0, "parks_cov_pct": 100.1, "playgrounds": 0, "schools": 6, "anganwadis": 3, "police": 0, "fire": 0, "public_toilets": 0, "toilet_cov_pct": 100.1, "lakes": 0, "ponds": 0, "flood_points": 2, "did_you_know_1": "Nearly all homes here are within a 15-minute walk of a bus stop.", "did_you_know_2": "This ward has 6 schools and 3 anganwadi (child-care) centres.", "did_you_know_3": "This ward has 2 spots known to be prone to flooding.", "question_1": "Children here have few safe places to play — will you commit to creating and maintaining playgrounds in this ward?", "question_2": "Safety is a real worry in parts of this ward — how will you improve policing and make our streets safer, especially at night?", "question_3": "Our lakes and ponds are neglected or polluted — how will you clean up and protect the water bodies in this ward?", "question_4": "How will you make sure emergency services like fire response can reach every corner of this ward quickly?", "question_5": "Getting across the city from this ward takes too long — how will you push for better public-transport and metro connectivity?"}, "geometry": {"type": "MultiPolygon", "coordinates": [[[[77.55458, 12.96891], [77.54934, 12.96712], [77.54846, 12.96868], [77.54598, 12.96938], [77.54715, 12.97242], [77.55218, 12.97169], [77.55158, 12.96997], [77.55458, 12.96891]]]]}}, {"type": "Feature", "properties": {"ward_name": "K.P Agrahara", "ward_id": "87", "zone": "Malleshwaram", "assembly": "167 - Vijayanagar", "parliamentary": "Bangalore South", "bus_stops": 3, "bus_cov_pct": 100.1, "metro": 0, "metro_cov_pct": 89.3, "parks": 4, "parks_cov_pct": 100.1, "playgrounds": 0, "schools": 20, "anganwadis": 2, "police": 0, "fire": 0, "public_toilets": 2, "toilet_cov_pct": 100.1, "lakes": 0, "ponds": 0, "flood_points": 0, "did_you_know_1": "Nearly all homes here are within a 15-minute walk of a bus stop.", "did_you_know_2": "This ward has 4 parks, and nearly all homes are within a 15-minute walk of one.", "did_you_know_3": "This ward has 20 schools and 2 anganwadi (child-care) centres.", "question_1": "Children here have few safe places to play — will you commit to creating and maintaining playgrounds in this ward?", "question_2": "Safety is a real worry in parts of this ward — how will you improve policing and make our streets safer, especially at night?", "question_3": "Our lakes and ponds are neglected or polluted — how will you clean up and protect the water bodies in this ward?", "question_4": "How will you make sure emergency services like fire response can reach every corner of this ward quickly?", "question_5": "Getting across the city from this ward takes too long — how will you push for better public-transport and metro connectivity?"}, "geometry": {"type": "MultiPolygon", "coordinates": [[[[77.54998, 12.97377], [77.55331, 12.97547], [77.55871, 12.97574], [77.5578, 12.9723], [77.55559, 12.97317], [77.55548, 12.97213], [77.55338, 12.97253], [77.55287, 12.97134], [77.54978, 12.97278], [77.54715, 12.97242], [77.54836, 12.97507], [77.54998, 12.97377]]]]}}, {"type": "Feature", "properties": {"ward_name": "Sangolli Rayanna Ward", "ward_id": "88", "zone": "Malleshwaram", "assembly": "167 - Vijayanagar", "parliamentary": "Bangalore South", "bus_stops": 2, "bus_cov_pct": 100.1, "metro": 0, "metro_cov_pct": 53.6, "parks": 0, "parks_cov_pct": 100.1, "playgrounds": 0, "schools": 11, "anganwadis": 6, "police": 0, "fire": 0, "public_toilets": 0, "toilet_cov_pct": 100.1, "lakes": 0, "ponds": 0, "flood_points": 1, "did_you_know_1": "Nearly all homes here are within a 15-minute walk of a bus stop.", "did_you_know_2": "This ward has 11 schools and 6 anganwadi (child-care) centres.", "did_you_know_3": "This ward has 1 spot known to be prone to flooding.", "question_1": "Children here have few safe places to play — will you commit to creating and maintaining playgrounds in this ward?", "question_2": "Safety is a real worry in parts of this ward — how will you improve policing and make our streets safer, especially at night?", "question_3": "Our lakes and ponds are neglected or polluted — how will you clean up and protect the water bodies in this ward?", "question_4": "How will you make sure emergency services like fire response can reach every corner of this ward quickly?", "question_5": "Getting across the city from this ward takes too long — how will you push for better public-transport and metro connectivity?"}, "geometry": {"type": "MultiPolygon", "coordinates": [[[[77.5578, 12.9723], [77.55711, 12.96938], [77.55158, 12.96997], [77.55338, 12.97253], [77.55548, 12.97213], [77.55559, 12.97317], [77.5578, 12.9723]]]]}}, {"type": "Feature", "properties": {"ward_name": "Bapuji Nagara", "ward_id": "89", "zone": "Malleshwaram", "assembly": "167 - Vijayanagar", "parliamentary": "Bangalore South", "bus_stops": 2, "bus_cov_pct": 100.1, "metro": 0, "metro_cov_pct": 24.9, "parks": 0, "parks_cov_pct": 100.1, "playgrounds": 0, "schools": 14, "anganwadis": 3, "police": 0, "fire": 0, "public_toilets": 2, "toilet_cov_pct": 100.1, "lakes": 0, "ponds": 0, "flood_points": 1, "did_you_know_1": "Nearly all homes here are within a 15-minute walk of a bus stop.", "did_you_know_2": "This ward has 14 schools and 3 anganwadi (child-care) centres.", "did_you_know_3": "This ward has 2 public toilets, and nearly all homes are within a 15-minute walk of one.", "question_1": "Children here have few safe places to play — will you commit to creating and maintaining playgrounds in this ward?", "question_2": "Safety is a real worry in parts of this ward — how will you improve policing and make our streets safer, especially at night?", "question_3": "Our lakes and ponds are neglected or polluted — how will you clean up and protect the water bodies in this ward?", "question_4": "How will you make sure emergency services like fire response can reach every corner of this ward quickly?", "question_5": "Getting across the city from this ward takes too long — how will you push for better public-transport and metro connectivity?"}, "geometry": {"type": "MultiPolygon", "coordinates": [[[[77.54839, 12.9566], [77.54081, 12.9533], [77.54135, 12.95708], [77.54281, 12.95709], [77.54403, 12.96111], [77.54608, 12.96083], [77.54839, 12.9566]]]]}}, {"type": "Feature", "properties": {"ward_name": "Krishnadevaraya ward", "ward_id": "90", "zone": "Malleshwaram", "assembly": "167 - Vijayanagar", "parliamentary": "Bangalore South", "bus_stops": 1, "bus_cov_pct": 100.1, "metro": 0, "metro_cov_pct": 22.8, "parks": 3, "parks_cov_pct": 100.1, "playgrounds": 0, "schools": 12, "anganwadis": 4, "police": 0, "fire": 0, "public_toilets": 2, "toilet_cov_pct": 100.1, "lakes": 0, "ponds": 0, "flood_points": 2, "did_you_know_1": "Nearly all homes here are within a 15-minute walk of a bus stop.", "did_you_know_2": "This ward has 3 parks, and nearly all homes are within a 15-minute walk of one.", "did_you_know_3": "This ward has 12 schools and 4 anganwadi (child-care) centres.", "question_1": "Children here have few safe places to play — will you commit to creating and maintaining playgrounds in this ward?", "question_2": "Safety is a real worry in parts of this ward — how will you improve policing and make our streets safer, especially at night?", "question_3": "Our lakes and ponds are neglected or polluted — how will you clean up and protect the water bodies in this ward?", "question_4": "How will you make sure emergency services like fire response can reach every corner of this ward quickly?", "question_5": "Getting across the city from this ward takes too long — how will you push for better public-transport and metro connectivity?"}, "geometry": {"type": "MultiPolygon", "coordinates": [[[[77.53773, 12.95431], [77.53735, 12.95796], [77.53828, 12.95892], [77.53655, 12.95967], [77.53757, 12.96532], [77.54103, 12.96427], [77.54066, 12.96064], [77.54159, 12.95849], [77.5435, 12.9585], [77.54135, 12.95708], [77.54082, 12.954], [77.53773, 12.95431]]]]}}, {"type": "Feature", "properties": {"ward_name": "Gali Anjaneya Temple Ward", "ward_id": "91", "zone": "Malleshwaram", "assembly": "167 - Vijayanagar", "parliamentary": "Bangalore South", "bus_stops": 6, "bus_cov_pct": 100.1, "metro": 0, "metro_cov_pct": 65.5, "parks": 6, "parks_cov_pct": 100.1, "playgrounds": 0, "schools": 16, "anganwadis": 6, "police": 1, "fire": 0, "public_toilets": 2, "toilet_cov_pct": 100.1, "lakes": 0, "ponds": 0, "flood_points": 3, "did_you_know_1": "Nearly all homes here are within a 15-minute walk of a bus stop.", "did_you_know_2": "This ward has 6 parks, and nearly all homes are within a 15-minute walk of one.", "did_you_know_3": "This ward has 16 schools and 6 anganwadi (child-care) centres.", "question_1": "Children here have few safe places to play — will you commit to creating and maintaining playgrounds in this ward?", "question_2": "Our lakes and ponds are neglected or polluted — how will you clean up and protect the water bodies in this ward?", "question_3": "How will you make sure emergency services like fire response can reach every corner of this ward quickly?", "question_4": "Getting across the city from this ward takes too long — how will you push for better public-transport and metro connectivity?", "question_5": "Every monsoon, the same spots in this ward flood — what concrete steps will you take to fix the drains and stop the flooding?"}, "geometry": {"type": "MultiPolygon", "coordinates": [[[[77.53773, 12.95431], [77.5417, 12.95305], [77.5463, 12.95604], [77.54622, 12.95191], [77.54448, 12.95221], [77.54301, 12.94794], [77.5385, 12.94873], [77.53841, 12.95086], [77.53768, 12.95044], [77.53565, 12.95426], [77.53444, 12.96], [77.53608, 12.96098], [77.53494, 12.96166], [77.53577, 12.96385], [77.53747, 12.96333], [77.53655, 12.95967], [77.53828, 12.95892], [77.53735, 12.95796], [77.53826, 12.9573], [77.53773, 12.95431]]]]}}, {"type": "Feature", "properties": {"ward_name": "Muneshwara Block", "ward_id": "92", "zone": "Malleshwaram", "assembly": "167 - Vijayanagar", "parliamentary": "Bangalore South", "bus_stops": 8, "bus_cov_pct": 100.1, "metro": 0, "metro_cov_pct": 4.4, "parks": 3, "parks_cov_pct": 100.1, "playgrounds": 0, "schools": 14, "anganwadis": 5, "police": 0, "fire": 0, "public_toilets": 4, "toilet_cov_pct": 100.1, "lakes": 0, "ponds": 0, "flood_points": 0, "did_you_know_1": "Nearly all homes here are within a 15-minute walk of a bus stop.", "did_you_know_2": "This ward has 3 parks, and nearly all homes are within a 15-minute walk of one.", "did_you_know_3": "This ward has 14 schools and 5 anganwadi (child-care) centres.", "question_1": "Children here have few safe places to play — will you commit to creating and maintaining playgrounds in this ward?", "question_2": "Safety is a real worry in parts of this ward — how will you improve policing and make our streets safer, especially at night?", "question_3": "Our lakes and ponds are neglected or polluted — how will you clean up and protect the water bodies in this ward?", "question_4": "How will you make sure emergency services like fire response can reach every corner of this ward quickly?", "question_5": "Getting across the city from this ward takes too long — how will you push for better public-transport and metro connectivity?"}, "geometry": {"type": "MultiPolygon", "coordinates": [[[[77.54869, 12.94419], [77.54418, 12.94569], [77.54466, 12.947], [77.54301, 12.94794], [77.54448, 12.95221], [77.54622, 12.95191], [77.5463, 12.95604], [77.54839, 12.9566], [77.55007, 12.95033], [77.54869, 12.94419]]]]}}, {"type": "Feature", "properties": {"ward_name": "Avalahalli", "ward_id": "93", "zone": "Malleshwaram", "assembly": "167 - Vijayanagar", "parliamentary": "Bangalore South", "bus_stops": 2, "bus_cov_pct": 100.1, "metro": 0, "metro_cov_pct": 37.4, "parks": 0, "parks_cov_pct": 100.1, "playgrounds": 0, "schools": 8, "anganwadis": 6, "police": 0, "fire": 0, "public_toilets": 0, "toilet_cov_pct": 100.1, "lakes": 0, "ponds": 0, "flood_points": 0, "did_you_know_1": "Nearly all homes here are within a 15-minute walk of a bus stop.", "did_you_know_2": "This ward has 8 schools and 6 anganwadi (child-care) centres.", "did_you_know_3": "This ward is served by 2 bus stops.", "question_1": "Children here have few safe places to play — will you commit to creating and maintaining playgrounds in this ward?", "question_2": "Safety is a real worry in parts of this ward — how will you improve policing and make our streets safer, especially at night?", "question_3": "Our lakes and ponds are neglected or polluted — how will you clean up and protect the water bodies in this ward?", "question_4": "How will you make sure emergency services like fire response can reach every corner of this ward quickly?", "question_5": "Getting across the city from this ward takes too long — how will you push for better public-transport and metro connectivity?"}, "geometry": {"type": "MultiPolygon", "coordinates": [[[[77.54336, 12.94327], [77.54296, 12.94475], [77.53742, 12.94545], [77.53747, 12.94954], [77.54419, 12.94733], [77.54531, 12.94507], [77.54869, 12.94419], [77.54946, 12.94501], [77.55029, 12.94283], [77.54336, 12.94327]]]]}}, {"type": "Feature", "properties": {"ward_name": "Deepanjali Nagara", "ward_id": "94", "zone": "Malleshwaram", "assembly": "167 - Vijayanagar", "parliamentary": "Bangalore South", "bus_stops": 16, "bus_cov_pct": 100.1, "metro": 2, "metro_cov_pct": 63.4, "parks": 2, "parks_cov_pct": 82.1, "playgrounds": 1, "schools": 20, "anganwadis": 12, "police": 0, "fire": 0, "public_toilets": 7, "toilet_cov_pct": 100.1, "lakes": 1, "ponds": 0, "flood_points": 2, "did_you_know_1": "Nearly all homes here are within a 15-minute walk of a bus stop.", "did_you_know_2": "This ward has 2 parks, and about 8 in 10 homes are within a 15-minute walk of one.", "did_you_know_3": "This ward has 20 schools and 12 anganwadi (child-care) centres.", "question_1": "Safety is a real worry in parts of this ward — how will you improve policing and make our streets safer, especially at night?", "question_2": "How will you make sure emergency services like fire response can reach every corner of this ward quickly?", "question_3": "Children here have few safe places to play — will you commit to creating and maintaining playgrounds in this ward?", "question_4": "Our lakes and ponds are neglected or polluted — how will you clean up and protect the water bodies in this ward?", "question_5": "Every monsoon, the same spots in this ward flood — what concrete steps will you take to fix the drains and stop the flooding?"}, "geometry": {"type": "MultiPolygon", "coordinates": [[[[77.5381, 12.94991], [77.53742, 12.94545], [77.54339, 12.94439], [77.54336, 12.94327], [77.53865, 12.94352], [77.53933, 12.93794], [77.54058, 12.93761], [77.53925, 12.93366], [77.53425, 12.93651], [77.52951, 12.94463], [77.52638, 12.94581], [77.52995, 12.95122], [77.53587, 12.95405], [77.5381, 12.94991]]]]}}, {"type": "Feature", "properties": {"ward_name": "Swamy Vivekananda Ward", "ward_id": "95", "zone": "Malleshwaram", "assembly": "170 - Basavanagudi", "parliamentary": "Bangalore South", "bus_stops": 18, "bus_cov_pct": 100.1, "metro": 0, "metro_cov_pct": 0.0, "parks": 6, "parks_cov_pct": 100.1, "playgrounds": 2, "schools": 18, "anganwadis": 2, "police": 1, "fire": 0, "public_toilets": 5, "toilet_cov_pct": 100.1, "lakes": 0, "ponds": 0, "flood_points": 0, "did_you_know_1": "Nearly all homes here are within a 15-minute walk of a bus stop.", "did_you_know_2": "This ward has 6 parks, and nearly all homes are within a 15-minute walk of one.", "did_you_know_3": "This ward has 18 schools and 2 anganwadi (child-care) centres.", "question_1": "Our lakes and ponds are neglected or polluted — how will you clean up and protect the water bodies in this ward?", "question_2": "How will you make sure emergency services like fire response can reach every corner of this ward quickly?", "question_3": "Getting across the city from this ward takes too long — how will you push for better public-transport and metro connectivity?", "question_4": "Young families need childcare and anganwadi centres close to home — how will you add and support more of them in this ward?", "question_5": "Children here have few safe places to play — will you commit to creating and maintaining playgrounds in this ward?"}, "geometry": {"type": "MultiPolygon", "coordinates": [[[[77.54555, 12.92863], [77.53925, 12.93366], [77.54058, 12.93761], [77.53933, 12.93794], [77.53865, 12.94352], [77.54641, 12.94276], [77.5463, 12.94114], [77.54876, 12.94037], [77.54973, 12.93799], [77.55321, 12.93859], [77.55216, 12.93556], [77.55104, 12.93576], [77.54555, 12.92863]]]]}}, {"type": "Feature", "properties": {"ward_name": "Kathriguppe", "ward_id": "96", "zone": "Malleshwaram", "assembly": "170 - Basavanagudi", "parliamentary": "Bangalore South", "bus_stops": 20, "bus_cov_pct": 100.1, "metro": 0, "metro_cov_pct": null, "parks": 4, "parks_cov_pct": 100.1, "playgrounds": 4, "schools": 9, "anganwadis": 2, "police": 1, "fire": 0, "public_toilets": 4, "toilet_cov_pct": 100.1, "lakes": 0, "ponds": 0, "flood_points": 0, "did_you_know_1": "Nearly all homes here are within a 15-minute walk of a bus stop.", "did_you_know_2": "This ward has 4 parks, and nearly all homes are within a 15-minute walk of one.", "did_you_know_3": "This ward has 9 schools and 2 anganwadi (child-care) centres.", "question_1": "Our lakes and ponds are neglected or polluted — how will you clean up and protect the water bodies in this ward?", "question_2": "How will you make sure emergency services like fire response can reach every corner of this ward quickly?", "question_3": "Getting across the city from this ward takes too long — how will you push for better public-transport and metro connectivity?", "question_4": "Young families need childcare and anganwadi centres close to home — how will you add and support more of them in this ward?", "question_5": "Safety is a real worry in parts of this ward — how will you improve policing and make our streets safer, especially at night?"}, "geometry": {"type": "MultiPolygon", "coordinates": [[[[77.55064, 12.93443], [77.55287, 12.9321], [77.55331, 12.9334], [77.55479, 12.93284], [77.55653, 12.93451], [77.55661, 12.93278], [77.55328, 12.92907], [77.55631, 12.92869], [77.55651, 12.93139], [77.55964, 12.93274], [77.56095, 12.93005], [77.55514, 12.92551], [77.55447, 12.92359], [77.54555, 12.92863], [77.55064, 12.93443]]]]}}, {"type": "Feature", "properties": {"ward_name": "Srinivasa Nagara", "ward_id": "97", "zone": "Malleshwaram", "assembly": "170 - Basavanagudi", "parliamentary": "Bangalore South", "bus_stops": 5, "bus_cov_pct": 100.1, "metro": 0, "metro_cov_pct": null, "parks": 1, "parks_cov_pct": 100.1, "playgrounds": 2, "schools": 9, "anganwadis": 1, "police": 0, "fire": 0, "public_toilets": 1, "toilet_cov_pct": 100.1, "lakes": 0, "ponds": 0, "flood_points": 1, "did_you_know_1": "Nearly all homes here are within a 15-minute walk of a bus stop.", "did_you_know_2": "This ward has 1 park, and nearly all homes are within a 15-minute walk of one.", "did_you_know_3": "This ward has 9 schools and 1 anganwadi (child-care) centre.", "question_1": "Safety is a real worry in parts of this ward — how will you improve policing and make our streets safer, especially at night?", "question_2": "Our lakes and ponds are neglected or polluted — how will you clean up and protect the water bodies in this ward?", "question_3": "How will you make sure emergency services like fire response can reach every corner of this ward quickly?", "question_4": "Young families need childcare and anganwadi centres close to home — how will you add and support more of them in this ward?", "question_5": "Getting across the city from this ward takes too long — how will you push for better public-transport and metro connectivity?"}, "geometry": {"type": "MultiPolygon", "coordinates": [[[[77.55479, 12.93284], [77.55035, 12.93362], [77.55321, 12.93859], [77.55999, 12.93827], [77.55982, 12.93582], [77.55757, 12.93581], [77.55802, 12.93358], [77.55661, 12.93278], [77.55653, 12.93451], [77.5555, 12.93458], [77.55479, 12.93284]]]]}}, {"type": "Feature", "properties": {"ward_name": "Ashoka Nagara", "ward_id": "98", "zone": "Malleshwaram", "assembly": "170 - Basavanagudi", "parliamentary": "Bangalore South", "bus_stops": 12, "bus_cov_pct": 100.1, "metro": 0, "metro_cov_pct": null, "parks": 2, "parks_cov_pct": 100.1, "playgrounds": 1, "schools": 12, "anganwadis": 1, "police": 1, "fire": 0, "public_toilets": 2, "toilet_cov_pct": 100.1, "lakes": 0, "ponds": 0, "flood_points": 1, "did_you_know_1": "Nearly all homes here are within a 15-minute walk of a bus stop.", "did_you_know_2": "This ward has 2 parks, and nearly all homes are within a 15-minute walk of one.", "did_you_know_3": "This ward has 12 schools and 1 anganwadi (child-care) centre.", "question_1": "Our lakes and ponds are neglected or polluted — how will you clean up and protect the water bodies in this ward?", "question_2": "How will you make sure emergency services like fire response can reach every corner of this ward quickly?", "question_3": "Young families need childcare and anganwadi centres close to home — how will you add and support more of them in this ward?", "question_4": "Children here have few safe places to play — will you commit to creating and maintaining playgrounds in this ward?", "question_5": "Getting across the city from this ward takes too long — how will you push for better public-transport and metro connectivity?"}, "geometry": {"type": "MultiPolygon", "coordinates": [[[[77.55533, 12.94101], [77.56453, 12.93893], [77.56169, 12.93277], [77.56007, 12.933], [77.56032, 12.93457], [77.55887, 12.93518], [77.55999, 12.93827], [77.5515, 12.93907], [77.54973, 12.93799], [77.54876, 12.94037], [77.54602, 12.94176], [77.54641, 12.94276], [77.55, 12.94215], [77.55079, 12.94309], [77.55083, 12.94209], [77.55502, 12.94186], [77.55479, 12.93971], [77.55533, 12.94101]]]]}}, {"type": "Feature", "properties": {"ward_name": "T.R Shamanna Nagar", "ward_id": "99", "zone": "Malleshwaram", "assembly": "170 - Basavanagudi", "parliamentary": "Bangalore South", "bus_stops": 1, "bus_cov_pct": 100.1, "metro": 0, "metro_cov_pct": null, "parks": 1, "parks_cov_pct": 100.1, "playgrounds": 0, "schools": 2, "anganwadis": 3, "police": 0, "fire": 0, "public_toilets": 0, "toilet_cov_pct": 100.1, "lakes": 0, "ponds": 0, "flood_points": 0, "did_you_know_1": "Nearly all homes here are within a 15-minute walk of a bus stop.", "did_you_know_2": "This ward has 1 park, and nearly all homes are within a 15-minute walk of one.", "did_you_know_3": "This ward has 2 schools and 3 anganwadi (child-care) centres.", "question_1": "Children here have few safe places to play — will you commit to creating and maintaining playgrounds in this ward?", "question_2": "Safety is a real worry in parts of this ward — how will you improve policing and make our streets safer, especially at night?", "question_3": "Our lakes and ponds are neglected or polluted — how will you clean up and protect the water bodies in this ward?", "question_4": "Do children in this ward have good government schools within easy reach — and what will you do to improve the ones we have?", "question_5": "How will you make sure emergency services like fire response can reach every corner of this ward quickly?"}, "geometry": {"type": "MultiPolygon", "coordinates": [[[[77.56424, 12.94575], [77.56321, 12.94388], [77.56191, 12.94568], [77.55842, 12.94454], [77.55852, 12.94541], [77.55726, 12.94486], [77.55495, 12.94636], [77.55348, 12.94589], [77.55241, 12.94198], [77.55026, 12.94263], [77.54946, 12.94501], [77.55243, 12.94464], [77.55323, 12.94861], [77.55686, 12.94791], [77.55662, 12.94635], [77.55953, 12.946], [77.56128, 12.94715], [77.56424, 12.94575]]]]}}, {"type": "Feature", "properties": {"ward_name": "Srinagar", "ward_id": "100", "zone": "Malleshwaram", "assembly": "170 - Basavanagudi", "parliamentary": "Bangalore South", "bus_stops": 2, "bus_cov_pct": 100.1, "metro": 0, "metro_cov_pct": null, "parks": 0, "parks_cov_pct": 100.1, "playgrounds": 0, "schools": 8, "anganwadis": 3, "police": 0, "fire": 0, "public_toilets": 0, "toilet_cov_pct": 100.1, "lakes": 0, "ponds": 0, "flood_points": 0, "did_you_know_1": "Nearly all homes here are within a 15-minute walk of a bus stop.", "did_you_know_2": "This ward has 8 schools and 3 anganwadi (child-care) centres.", "did_you_know_3": "This ward is served by 2 bus stops.", "question_1": "Children here have few safe places to play — will you commit to creating and maintaining playgrounds in this ward?", "question_2": "Safety is a real worry in parts of this ward — how will you improve policing and make our streets safer, especially at night?", "question_3": "Our lakes and ponds are neglected or polluted — how will you clean up and protect the water bodies in this ward?", "question_4": "How will you make sure emergency services like fire response can reach every corner of this ward quickly?", "question_5": "Getting across the city from this ward takes too long — how will you push for better public-transport and metro connectivity?"}, "geometry": {"type": "MultiPolygon", "coordinates": [[[[77.54947, 12.94541], [77.5495, 12.95228], [77.55158, 12.95207], [77.5545, 12.94836], [77.55293, 12.94837], [77.55243, 12.94464], [77.54947, 12.94541]]]]}}, {"type": "Feature", "properties": {"ward_name": "Kempambudhi Ward", "ward_id": "101", "zone": "Malleshwaram", "assembly": "170 - Basavanagudi", "parliamentary": "Bangalore South", "bus_stops": 6, "bus_cov_pct": 100.1, "metro": 0, "metro_cov_pct": null, "parks": 8, "parks_cov_pct": 100.1, "playgrounds": 2, "schools": 10, "anganwadis": 6, "police": 0, "fire": 0, "public_toilets": 0, "toilet_cov_pct": 98.4, "lakes": 1, "ponds": 0, "flood_points": 2, "did_you_know_1": "Nearly all homes here are within a 15-minute walk of a bus stop.", "did_you_know_2": "This ward has 8 parks, and nearly all homes are within a 15-minute walk of one.", "did_you_know_3": "This ward has 10 schools and 6 anganwadi (child-care) centres.", "question_1": "Safety is a real worry in parts of this ward — how will you improve policing and make our streets safer, especially at night?", "question_2": "How will you make sure emergency services like fire response can reach every corner of this ward quickly?", "question_3": "Our lakes and ponds are neglected or polluted — how will you clean up and protect the water bodies in this ward?", "question_4": "Getting across the city from this ward takes too long — how will you push for better public-transport and metro connectivity?", "question_5": "Children here have few safe places to play — will you commit to creating and maintaining playgrounds in this ward?"}, "geometry": {"type": "MultiPolygon", "coordinates": [[[[77.56424, 12.9462], [77.55662, 12.94635], [77.55686, 12.94791], [77.55523, 12.94746], [77.55339, 12.95067], [77.55493, 12.95183], [77.55539, 12.95046], [77.55807, 12.95014], [77.55565, 12.95166], [77.55653, 12.95326], [77.56169, 12.95337], [77.5615, 12.94926], [77.56424, 12.94852], [77.56424, 12.9462]]]]}}, {"type": "Feature", "properties": {"ward_name": "Hanumanthanagar", "ward_id": "102", "zone": "Malleshwaram", "assembly": "170 - Basavanagudi", "parliamentary": "Bangalore South", "bus_stops": 9, "bus_cov_pct": 100.1, "metro": 0, "metro_cov_pct": null, "parks": 2, "parks_cov_pct": 100.1, "playgrounds": 1, "schools": 9, "anganwadis": 0, "police": 0, "fire": 0, "public_toilets": 2, "toilet_cov_pct": 100.1, "lakes": 0, "ponds": 0, "flood_points": 0, "did_you_know_1": "Nearly all homes here are within a 15-minute walk of a bus stop.", "did_you_know_2": "This ward has 2 parks, and nearly all homes are within a 15-minute walk of one.", "did_you_know_3": "This ward has 9 schools.", "question_1": "Young families need childcare and anganwadi centres close to home — how will you add and support more of them in this ward?", "question_2": "Safety is a real worry in parts of this ward — how will you improve policing and make our streets safer, especially at night?", "question_3": "Our lakes and ponds are neglected or polluted — how will you clean up and protect the water bodies in this ward?", "question_4": "How will you make sure emergency services like fire response can reach every corner of this ward quickly?", "question_5": "Children here have few safe places to play — will you commit to creating and maintaining playgrounds in this ward?"}, "geometry": {"type": "MultiPolygon", "coordinates": [[[[77.56453, 12.93893], [77.55533, 12.94101], [77.55479, 12.93971], [77.55502, 12.94186], [77.55241, 12.94198], [77.55348, 12.94589], [77.55605, 12.94633], [77.55842, 12.94454], [77.56191, 12.94568], [77.56202, 12.94422], [77.56425, 12.94425], [77.5651, 12.94175], [77.56453, 12.93893]]]]}}, {"type": "Feature", "properties": {"ward_name": "N.R Colony", "ward_id": "103", "zone": "Malleshwaram", "assembly": "170 - Basavanagudi", "parliamentary": "Bangalore South", "bus_stops": 14, "bus_cov_pct": 100.1, "metro": 0, "metro_cov_pct": 39.9, "parks": 6, "parks_cov_pct": 100.1, "playgrounds": 2, "schools": 17, "anganwadis": 1, "police": 0, "fire": 0, "public_toilets": 7, "toilet_cov_pct": 100.1, "lakes": 0, "ponds": 0, "flood_points": 0, "did_you_know_1": "Nearly all homes here are within a 15-minute walk of a bus stop.", "did_you_know_2": "This ward has 6 parks, and nearly all homes are within a 15-minute walk of one.", "did_you_know_3": "This ward has 17 schools and 1 anganwadi (child-care) centre.", "question_1": "Safety is a real worry in parts of this ward — how will you improve policing and make our streets safer, especially at night?", "question_2": "Our lakes and ponds are neglected or polluted — how will you clean up and protect the water bodies in this ward?", "question_3": "How will you make sure emergency services like fire response can reach every corner of this ward quickly?", "question_4": "Young families need childcare and anganwadi centres close to home — how will you add and support more of them in this ward?", "question_5": "Getting across the city from this ward takes too long — how will you push for better public-transport and metro connectivity?"}, "geometry": {"type": "MultiPolygon", "coordinates": [[[[77.56452, 12.9393], [77.56783, 12.9436], [77.57378, 12.94368], [77.57382, 12.93477], [77.57167, 12.93496], [77.57151, 12.93337], [77.56547, 12.93355], [77.56488, 12.93218], [77.5618, 12.93317], [77.56452, 12.9393]]]]}}, {"type": "Feature", "properties": {"ward_name": "Thyagarajnagar", "ward_id": "104", "zone": "Malleshwaram", "assembly": "170 - Basavanagudi", "parliamentary": "Bangalore South", "bus_stops": 2, "bus_cov_pct": 100.1, "metro": 0, "metro_cov_pct": null, "parks": 1, "parks_cov_pct": 100.1, "playgrounds": 2, "schools": 3, "anganwadis": 5, "police": 0, "fire": 0, "public_toilets": 1, "toilet_cov_pct": 100.1, "lakes": 0, "ponds": 0, "flood_points": 0, "did_you_know_1": "Nearly all homes here are within a 15-minute walk of a bus stop.", "did_you_know_2": "This ward has 1 park, and nearly all homes are within a 15-minute walk of one.", "did_you_know_3": "This ward has 3 schools and 5 anganwadi (child-care) centres.", "question_1": "Safety is a real worry in parts of this ward — how will you improve policing and make our streets safer, especially at night?", "question_2": "Our lakes and ponds are neglected or polluted — how will you clean up and protect the water bodies in this ward?", "question_3": "How will you make sure emergency services like fire response can reach every corner of this ward quickly?", "question_4": "Do children in this ward have good government schools within easy reach — and what will you do to improve the ones we have?", "question_5": "Getting across the city from this ward takes too long — how will you push for better public-transport and metro connectivity?"}, "geometry": {"type": "MultiPolygon", "coordinates": [[[[77.56807, 12.93335], [77.56668, 12.92995], [77.56092, 12.92996], [77.55964, 12.93274], [77.55651, 12.93139], [77.55631, 12.92869], [77.55328, 12.92907], [77.55354, 12.93047], [77.55802, 12.93358], [77.55757, 12.93581], [77.56032, 12.93457], [77.56007, 12.933], [77.56488, 12.93218], [77.56547, 12.93355], [77.56807, 12.93335]]]]}}, {"type": "Feature", "properties": {"ward_name": "Yediyuru", "ward_id": "105", "zone": "Rajarajeshwarinagar", "assembly": "171 - Padmanabanagar", "parliamentary": "Bangalore South", "bus_stops": 9, "bus_cov_pct": 100.1, "metro": 0, "metro_cov_pct": 82.3, "parks": 5, "parks_cov_pct": 100.1, "playgrounds": 2, "schools": 22, "anganwadis": 1, "police": 1, "fire": 0, "public_toilets": 6, "toilet_cov_pct": 100.1, "lakes": 1, "ponds": 0, "flood_points": 0, "did_you_know_1": "Nearly all homes here are within a 15-minute walk of a bus stop.", "did_you_know_2": "This ward has 5 parks, and nearly all homes are within a 15-minute walk of one.", "did_you_know_3": "This ward has 22 schools and 1 anganwadi (child-care) centre.", "question_1": "How will you make sure emergency services like fire response can reach every corner of this ward quickly?", "question_2": "Young families need childcare and anganwadi centres close to home — how will you add and support more of them in this ward?", "question_3": "Our lakes and ponds are neglected or polluted — how will you clean up and protect the water bodies in this ward?", "question_4": "Getting across the city from this ward takes too long — how will you push for better public-transport and metro connectivity?", "question_5": "Children here have few safe places to play — will you commit to creating and maintaining playgrounds in this ward?"}, "geometry": {"type": "MultiPolygon", "coordinates": [[[[77.58486, 12.9329], [77.57706, 12.93244], [77.57708, 12.93087], [77.57504, 12.92921], [77.57117, 12.93028], [77.5714, 12.9325], [77.56786, 12.9327], [77.56815, 12.93374], [77.57151, 12.93337], [77.57167, 12.93496], [77.57382, 12.93477], [77.57384, 12.94063], [77.57776, 12.9406], [77.58004, 12.93677], [77.58491, 12.93663], [77.58486, 12.9329]]]]}}, {"type": "Feature", "properties": {"ward_name": "Devagiri Temple Ward", "ward_id": "106", "zone": "Rajarajeshwarinagar", "assembly": "171 - Padmanabanagar", "parliamentary": "Bangalore South", "bus_stops": 12, "bus_cov_pct": 100.1, "metro": 0, "metro_cov_pct": 24.7, "parks": 2, "parks_cov_pct": 100.1, "playgrounds": 2, "schools": 18, "anganwadis": 1, "police": 0, "fire": 0, "public_toilets": 3, "toilet_cov_pct": 100.1, "lakes": 0, "ponds": 0, "flood_points": 0, "did_you_know_1": "Nearly all homes here are within a 15-minute walk of a bus stop.", "did_you_know_2": "This ward has 2 parks, and nearly all homes are within a 15-minute walk of one.", "did_you_know_3": "This ward has 18 schools and 1 anganwadi (child-care) centre.", "question_1": "Safety is a real worry in parts of this ward — how will you improve policing and make our streets safer, especially at night?", "question_2": "Our lakes and ponds are neglected or polluted — how will you clean up and protect the water bodies in this ward?", "question_3": "How will you make sure emergency services like fire response can reach every corner of this ward quickly?", "question_4": "Young families need childcare and anganwadi centres close to home — how will you add and support more of them in this ward?", "question_5": "Getting across the city from this ward takes too long — how will you push for better public-transport and metro connectivity?"}, "geometry": {"type": "MultiPolygon", "coordinates": [[[[77.57113, 12.92984], [77.56668, 12.92996], [77.56786, 12.9327], [77.5714, 12.9325], [77.57117, 12.93028], [77.57504, 12.92921], [77.57708, 12.93087], [77.57706, 12.93244], [77.57962, 12.93306], [77.5797, 12.92344], [77.5736, 12.92356], [77.57357, 12.9253], [77.5714, 12.92561], [77.57143, 12.92436], [77.57047, 12.92461], [77.56954, 12.92645], [77.57075, 12.92647], [77.57113, 12.92984]]]]}}, {"type": "Feature", "properties": {"ward_name": "Dharmagiri Ward", "ward_id": "107", "zone": "Rajarajeshwarinagar", "assembly": "171 - Padmanabanagar", "parliamentary": "Bangalore South", "bus_stops": 11, "bus_cov_pct": 100.1, "metro": 0, "metro_cov_pct": 7.9, "parks": 0, "parks_cov_pct": 91.8, "playgrounds": 0, "schools": 11, "anganwadis": 9, "police": 0, "fire": 0, "public_toilets": 2, "toilet_cov_pct": 100.1, "lakes": 1, "ponds": 0, "flood_points": 0, "did_you_know_1": "Nearly all homes here are within a 15-minute walk of a bus stop.", "did_you_know_2": "This ward has 11 schools and 9 anganwadi (child-care) centres.", "did_you_know_3": "This ward has 2 public toilets, and nearly all homes are within a 15-minute walk of one.", "question_1": "Children here have few safe places to play — will you commit to creating and maintaining playgrounds in this ward?", "question_2": "Safety is a real worry in parts of this ward — how will you improve policing and make our streets safer, especially at night?", "question_3": "How will you make sure emergency services like fire response can reach every corner of this ward quickly?", "question_4": "Our lakes and ponds are neglected or polluted — how will you clean up and protect the water bodies in this ward?", "question_5": "Getting across the city from this ward takes too long — how will you push for better public-transport and metro connectivity?"}, "geometry": {"type": "MultiPolygon", "coordinates": [[[[77.56485, 12.91676], [77.56565, 12.92259], [77.56958, 12.92105], [77.5714, 12.92561], [77.57357, 12.9253], [77.5744, 12.92084], [77.57353, 12.91698], [77.56957, 12.9155], [77.56871, 12.91815], [77.56607, 12.9188], [77.56485, 12.91676]]]]}}, {"type": "Feature", "properties": {"ward_name": "Ganesh Mandira Ward", "ward_id": "108", "zone": "Rajarajeshwarinagar", "assembly": "171 - Padmanabanagar", "parliamentary": "Bangalore South", "bus_stops": 12, "bus_cov_pct": 100.1, "metro": 0, "metro_cov_pct": null, "parks": 5, "parks_cov_pct": 100.1, "playgrounds": 1, "schools": 7, "anganwadis": 2, "police": 2, "fire": 1, "public_toilets": 4, "toilet_cov_pct": 100.1, "lakes": 0, "ponds": 0, "flood_points": 0, "did_you_know_1": "Nearly all homes here are within a 15-minute walk of a bus stop.", "did_you_know_2": "This ward has 5 parks, and nearly all homes are within a 15-minute walk of one.", "did_you_know_3": "This ward has 7 schools and 2 anganwadi (child-care) centres.", "question_1": "Our lakes and ponds are neglected or polluted — how will you clean up and protect the water bodies in this ward?", "question_2": "Children here have few safe places to play — will you commit to creating and maintaining playgrounds in this ward?", "question_3": "Getting across the city from this ward takes too long — how will you push for better public-transport and metro connectivity?", "question_4": "Young families need childcare and anganwadi centres close to home — how will you add and support more of them in this ward?", "question_5": "Safety is a real worry in parts of this ward — how will you improve policing and make our streets safer, especially at night?"}, "geometry": {"type": "MultiPolygon", "coordinates": [[[[77.56549, 12.92214], [77.56447, 12.9177], [77.56152, 12.92161], [77.55451, 12.9239], [77.56191, 12.93059], [77.57113, 12.92984], [77.57075, 12.92647], [77.56954, 12.92645], [77.57055, 12.92498], [77.56958, 12.92105], [77.56549, 12.92214]]]]}}, {"type": "Feature", "properties": {"ward_name": "Kamakya Layout", "ward_id": "109", "zone": "Rajarajeshwarinagar", "assembly": "171 - Padmanabanagar", "parliamentary": "Bangalore South", "bus_stops": 10, "bus_cov_pct": 100.1, "metro": 0, "metro_cov_pct": null, "parks": 6, "parks_cov_pct": 100.1, "playgrounds": 0, "schools": 9, "anganwadis": 1, "police": 0, "fire": 0, "public_toilets": 5, "toilet_cov_pct": 100.1, "lakes": 0, "ponds": 0, "flood_points": 0, "did_you_know_1": "Nearly all homes here are within a 15-minute walk of a bus stop.", "did_you_know_2": "This ward has 6 parks, and nearly all homes are within a 15-minute walk of one.", "did_you_know_3": "This ward has 9 schools and 1 anganwadi (child-care) centre.", "question_1": "Children here have few safe places to play — will you commit to creating and maintaining playgrounds in this ward?", "question_2": "Safety is a real worry in parts of this ward — how will you improve policing and make our streets safer, especially at night?", "question_3": "Our lakes and ponds are neglected or polluted — how will you clean up and protect the water bodies in this ward?", "question_4": "How will you make sure emergency services like fire response can reach every corner of this ward quickly?", "question_5": "Young families need childcare and anganwadi centres close to home — how will you add and support more of them in this ward?"}, "geometry": {"type": "MultiPolygon", "coordinates": [[[[77.5498, 12.91942], [77.54751, 12.92057], [77.54864, 12.92138], [77.54895, 12.92296], [77.54853, 12.92197], [77.54511, 12.92266], [77.54513, 12.92576], [77.54172, 12.9263], [77.54159, 12.92907], [77.54002, 12.92861], [77.54142, 12.93215], [77.54927, 12.92579], [77.55626, 12.92299], [77.5557, 12.92102], [77.55215, 12.91975], [77.5506, 12.91578], [77.54804, 12.91649], [77.5498, 12.91942]]]]}}, {"type": "Feature", "properties": {"ward_name": "Chikkalasandra", "ward_id": "110", "zone": "Rajarajeshwarinagar", "assembly": "171 - Padmanabanagar", "parliamentary": "Bangalore South", "bus_stops": 4, "bus_cov_pct": 100.1, "metro": 0, "metro_cov_pct": null, "parks": 0, "parks_cov_pct": 100.1, "playgrounds": 1, "schools": 7, "anganwadis": 2, "police": 0, "fire": 0, "public_toilets": 0, "toilet_cov_pct": 100.1, "lakes": 1, "ponds": 0, "flood_points": 0, "did_you_know_1": "Nearly all homes here are within a 15-minute walk of a bus stop.", "did_you_know_2": "This ward has 7 schools and 2 anganwadi (child-care) centres.", "did_you_know_3": "This ward has 1 lake.", "question_1": "Safety is a real worry in parts of this ward — how will you improve policing and make our streets safer, especially at night?", "question_2": "How will you make sure emergency services like fire response can reach every corner of this ward quickly?", "question_3": "Children here have few safe places to play — will you commit to creating and maintaining playgrounds in this ward?", "question_4": "Our lakes and ponds are neglected or polluted — how will you clean up and protect the water bodies in this ward?", "question_5": "Getting across the city from this ward takes too long — how will you push for better public-transport and metro connectivity?"}, "geometry": {"type": "MultiPolygon", "coordinates": [[[[77.54751, 12.92057], [77.5498, 12.91942], [77.54933, 12.91762], [77.54193, 12.91822], [77.54438, 12.92605], [77.54538, 12.92536], [77.54511, 12.92266], [77.54853, 12.92197], [77.54895, 12.92296], [77.54864, 12.92138], [77.54751, 12.92057]]]]}}, {"type": "Feature", "properties": {"ward_name": "Ittamadu", "ward_id": "111", "zone": "Rajarajeshwarinagar", "assembly": "171 - Padmanabanagar", "parliamentary": "Bangalore South", "bus_stops": 6, "bus_cov_pct": 100.1, "metro": 0, "metro_cov_pct": null, "parks": 0, "parks_cov_pct": 100.1, "playgrounds": 0, "schools": 5, "anganwadis": 4, "police": 0, "fire": 0, "public_toilets": 0, "toilet_cov_pct": 92.0, "lakes": 0, "ponds": 0, "flood_points": 1, "did_you_know_1": "Nearly all homes here are within a 15-minute walk of a bus stop.", "did_you_know_2": "This ward has 5 schools and 4 anganwadi (child-care) centres.", "did_you_know_3": "This ward has 1 spot known to be prone to flooding.", "question_1": "Children here have few safe places to play — will you commit to creating and maintaining playgrounds in this ward?", "question_2": "Safety is a real worry in parts of this ward — how will you improve policing and make our streets safer, especially at night?", "question_3": "Our lakes and ponds are neglected or polluted — how will you clean up and protect the water bodies in this ward?", "question_4": "How will you make sure emergency services like fire response can reach every corner of this ward quickly?", "question_5": "Getting across the city from this ward takes too long — how will you push for better public-transport and metro connectivity?"}, "geometry": {"type": "MultiPolygon", "coordinates": [[[[77.54148, 12.92853], [77.54115, 12.92669], [77.54438, 12.92605], [77.542, 12.9188], [77.53931, 12.91752], [77.53832, 12.91828], [77.54028, 12.92405], [77.53857, 12.9245], [77.53871, 12.92616], [77.53947, 12.92874], [77.54148, 12.92853]]]]}}, {"type": "Feature", "properties": {"ward_name": "Hosakerehalli", "ward_id": "112", "zone": "Rajarajeshwarinagar", "assembly": "171 - Padmanabanagar", "parliamentary": "Bangalore South", "bus_stops": 7, "bus_cov_pct": 100.1, "metro": 0, "metro_cov_pct": null, "parks": 1, "parks_cov_pct": 100.0, "playgrounds": 1, "schools": 11, "anganwadis": 4, "police": 0, "fire": 0, "public_toilets": 1, "toilet_cov_pct": 100.1, "lakes": 0, "ponds": 0, "flood_points": 1, "did_you_know_1": "Nearly all homes here are within a 15-minute walk of a bus stop.", "did_you_know_2": "This ward has 1 park, and nearly all homes are within a 15-minute walk of one.", "did_you_know_3": "This ward has 11 schools and 4 anganwadi (child-care) centres.", "question_1": "Safety is a real worry in parts of this ward — how will you improve policing and make our streets safer, especially at night?", "question_2": "Our lakes and ponds are neglected or polluted — how will you clean up and protect the water bodies in this ward?", "question_3": "How will you make sure emergency services like fire response can reach every corner of this ward quickly?", "question_4": "Children here have few safe places to play — will you commit to creating and maintaining playgrounds in this ward?", "question_5": "Getting across the city from this ward takes too long — how will you push for better public-transport and metro connectivity?"}, "geometry": {"type": "MultiPolygon", "coordinates": [[[[77.53729, 12.9234], [77.53689, 12.92677], [77.53507, 12.92732], [77.5331, 12.93509], [77.5343, 12.93647], [77.54142, 12.93215], [77.53894, 12.92484], [77.53729, 12.9234]]]]}}]}